/kerneler/starter-marking-of-the-students-of-c062632e-f,5119010
/kerneler/starter-50klinks-c6f179dc-0,5118843
/rihadv/data-cleaning-challenge-parsing-dates,7773827
/kerneler/starter-meteorologicaldata-hoelstein-01bcf109-5,5118386
/jannatulmauakanan007/take-home-exam-1-ipe-205,5118285
/kerneler/starter-dataknight-terror-data-981fe6af-7,5118239
/kerneler/starter-take-home-exam-1-201736035-faf736c0-0,5118156
/kerneler/starter-grading-of-the-students-26fb7860-0,5117536
/rafsanrahat9/take-home-exam-1-ipe-205-98411a,5117646
/kerneler/starter-50k-articles-ce93138c-c,5117462
/noshintasnimtuli/python-beginner-tutorial-draft-90f285,5117374
/kerneler/starter-list-of-all-indian-collges-fcc451af-b,5117364
/kerneler/starter-the-wonderful-wizard-of-oz-34fa5b1f-f,5117348
/kerneler/starter-dataknight-terror-data-3b85ee7e-5,5117256
/kerneler/starter-image-classification-2000-9171c8e6-8,5117168
/kerneler/starter-dataknight-terror-data-5b70b8d8-8,5116967
/kerneler/starter-sf-full-time-employees-by-job-563f7da2-9,5116820
/kerneler/starter-sf-fppc-803-behested-payment-57565921-e,5116777
/kerneler/starter-expanded-data-set-with-50k-70cfb0a2-4,5116142
/kerneler/starter-gun-violence-data-with-50k-f7a6ac22-2,5115859
/kerneler/starter-train1-6c6c0270-f,5115830
/saimajesika/starter-marking-of-the-students-in-the-31383b8f-a,5116037
/kerneler/starter-red-vs-blue-states-938d794c-9,5115175
/amol120586/end-to-end-project-with-python-477ac0,5114837
/abhimanyuaryan/exercise-explore-your-data,6812610
/kerneler/starter-meta-kaggle-b8713ee5-f,5113056
/kerneler/starter-datasets-cats-dogs-classificat-2b95835d-6,5112619
/kerneler/starter-datasets-cats-dogs-34ac932f-9,5111999
/kerneler/starter-english-to-french-eb9d2b0d-3,5111618
/sujoychakma/exploratory-data-analysis-eda-517e2d,5111609
/kerneler/starter-take-home-exam-1-roll-no-5bf0f313-1,5110780
/kerneler/starter-take-home-exam-1-roll-81d704e6-b,5110701
/kerneler/starter-pattern-found-d1b545ac-e,5110459
/kerneler/starter-patterns-8364bee0-3,5109926
/kerneler/starter-air-quality-prediction-eeb148d5-2,5109698
/kashyapdas/fashion-mnist,5110044
/kerneler/starter-marking-of-the-students-in-the-b68f483f-b,5109236
/kerneler/starter-take-home-exam-1-roll-aaf6acac-7,5109151
/sujoychakma/exploratory-data-analysis-eda-983db5,5109392
/kerneler/starter-simhei-9874df1f-0,5107933
/kerneler/starter-fifa-world-cup-2018-tweets-bb9d3377-2,5107370
/mbarkow23/getting-started-in-r-load-data-into-r,5106560
/kerneler/starter-fifa-world-cup-2018-tweets-d41b7a56-c,5106053
/jdutta1993/exercise-explore-your-data-ed2482,5105779
/kerneler/starter-home-credit-leaderboard-47720751-0,5105182
/kerneler/starter-japan-trade-statistics-aab06376-3,5104901
/jamiesawyer/data-cleaning-challenge-character-encoding-1342a2,5104697
/foxtrotoscar/eda-clustering-predicting-churn,5421552
/gsoster/exercise-loops-and-list-comprehensions,5197303
/kerneler/starter-mnist-dataset-43fd3743-9,5103215
/kerneler/starter-xception-weights-8d1bff09-7,5103169
/nick2logan/tidy-xgb-import-nikhil,5120744
/kerneler/starter-quarterly-foreign-tourist-8b7152f1-1,5101231
/kerneler/starter-dataset-for-web-club-49ca5897-d,5100433
/kashyapdas/dropout-and-strides-for-larger-models,5100320
/kashyapdas/deep-learning-from-scratch,5100160
/kerneler/starter-sf-filers-with-unpaid-late-56e83167-b,5099867
/kerneler/starter-sf-field-profiles-2671b29e-b,5099852
/kerneler/starter-expenditure-lobbyists-5431bfad-a,5099823
/kerneler/starter-sf-commercial-wireless-telecom-b49a7698-2,5099762
/kerneler/starter-sf-ethics-commission-a6fc4f2b-9,5099720
/kerneler/starter-sf-developers-of-major-city-67b96ac9-8,5099707
/mmmarco/safely-analyzing-github-projects-popular-l-dc57d9,5107471
/jamiesawyer/data-cleaning-challenge-character-encodings,5099657
/kerneler/starter-sf-departmental-review-of-fsr-168c7e80-a,5099612
/kerneler/starter-sf-curb-ramps-7034a74b-3,5099588
/kerneler/starter-sf-compensated-advocacy-ban-6fab351a-8,5099550
/kerneler/starter-sf-community-resiliency-ab2f66ed-1,5099490
/kerneler/starter-sf-community-development-4d23d778-8,5099417
/kerneler/starter-sf-certificate-of-lobbyist-f684d222-3,5099367
/kerneler/starter-sf-buyout-agreements-65e8f380-0,5099337
/kerneler/starter-sf-appeals-to-the-rent-board-92c48fae-e,5099274
/kerneler/starter-sf-statement-of-economic-21427fc6-a,5099026
/kerneler/starter-sf-airport-sfo-monthly-a51b201e-8,5099020
/kerneler/starter-sf-affordable-housing-pipeline-af999405-8,5099016
/kerneler/starter-sf-gifts-of-travel-data-1b659029-2,5099010
/kerneler/starter-sf-dataset-alerts-inventory-b08b7a42-1,5099008
/kerneler/starter-sf-city-facilities-and-sub-70f2bf21-c,5099004
/kerneler/starter-sf-campaign-finance-data-67dd134f-0,5099001
/kerneler/starter-sf-air-traffic-passenger-and-e7e6b150-a,5098993
/sanjeevgaut/exercise-machine-learning-competitions,5269113
/kerneler/starter-nutrient-deficient-leaves-b8725e95-d,5098788
/kerneler/starter-nashville-nighborhoods-fa4e72ad-9,5098420
/kerneler/starter-grading-of-the-students-in-the-ab686c7b-e,5098038
/kashyapdas/transfer-learning,5098029
/kerneler/starter-kpp-training-data-ebb90f5c-3,5097759
/kerneler/starter-bristol-open-data-03d8dc4b-2,5096980
/rihadv/exercise-working-with-external-libraries,7773915
/rihadv/exercise-strings-and-dictionaries,7773973
/princeashburton/fast-ai-lesson-1,5135761
/kerneler/starter-automated-insights-baseball-584ee4fd-8,5095602
/kerneler/starter-automated-insights-stock-f9ee7559-4,5095317
/malaygoel/feature-engineering-xgboost,5094207
/rihadv/strings-and-dictionaries,7774154
/kerneler/starter-flight-delays-2b4dee9d-e,5093791
/kerneler/starter-meta-kaggle-45510afb-6,5091783
/kerneler/starter-hcdr-5-prediction-for-train-1bbd9713-2,5091139
/kerneler/starter-mercedes-greener-manufacturing-582bdf5d-b,5090882
/kerneler/starter-uk-road-safety-accidents-and-0d6341d9-0,5090318
/kerneler/starter-complementary-dataset-fifa-c4c4d454-d,5090154
/rihadv/data-cleaning-challenge-scale-and-normalize-data,5090922
/kerneler/starter-world-aluminium-production-d1389216-4,5090032
/dmitriytarasov/exercise-random-forests,5089807
/sanaahuja/mark5826-week-3-28a213,5237908
/kerneler/starter-unimib-shar-c2f509b4-b,5087910
/kerneler/starter-nagpur-district-2011-census-79dda894-c,5087455
/atwine/home-credit-default-risk-using-tpot,5093729
/kerneler/starter-test-result-e32c8da9-8,5086651
/kerneler/starter-real-result-56d8fe89-c,5086536
/rhombuslab/pandas-tutorial-1-a09eec,5085403
/wood0pecker1/logistic-regression,5085505
/rhombuslab/predicting-fraud-with-tensorflow,5085356
/kerneler/starter-sf-crime-unsw-77cfafa1-6,5085238
/rhombuslab/predicting-employee-kernelover,5084964
/s4sarath/starter-word2vec-unigram-bigrams-c77df7bd-8,5085381
/kerneler/starter-word2vec-unigram-bigrams-c77df7bd-8,5084682
/kerneler/starter-prouni-brazilian-private-e453d646-e,5084674
/kerneler/starter-olympics-logo-a38d681e-c,5084557
/kerneler/starter-numtadb-bengali-handwritten-f63d9679-d,5084248
/rhombuslab/pandas-tutorial-1,5084231
/rhombuslab/machine-learning-tutorial-for-beginners,5084196
/rhombuslab/data-sciencetutorial-for-beginners,5084069
/rhombuslab/bike-sharing-exploratory-analysis,5083978
/kerneler/starter-grading-of-the-students-in-the-319caffa-7,5082918
/fish417913/exercise-model-validation-4f6bd1,5082874
/kerneler/starter-trackml-model-ca6ebc09-f,5082577
/kerneler/starter-restaurants-in-nyc-michelin-cfa64dd3-2,5082516
/kerneler/starter-world-cup-2018-tweets-0341af7c-1,5082434
/jamiesawyer/data-cleaning-challenge-parsing-dates,5082624
/kerneler/starter-words-authors-8ead82ee-f,5082354
/kerneler/starter-world-cup-2018-tweets-e5d62e2a-d,5082191
/kerneler/starter-starbuck-eda-316e8017-6,5081994
/kerneler/starter-nyc-restaurant-week-2018-e0f858ab-2,5081524
/kerneler/starter-iris-flowers-bfeb8110-1,5080679
/shridhar111/kernel6cfd0e50a0,5080432
/kerneler/starter-13c-5glutamine-metabolomic-d86a0cd4-8,5077308
/kerneler/starter-losses-in-thousands-ebed6bc6-3,5074944
/kerneler/starter-url-classification-dataset-1117e512-5,5074470
/dmitriytarasov/exercise-underfitting-and-overfitting,5073994
/ankitjaadoo/data-leakage,5073929
/ankitjaadoo/cross-validation-875419,5073797
/ankitjaadoo/cross-validation,5073973
/ankitjaadoo/pipelines,5073211
/ankitjaadoo/partial-dependence-plots,5073153
/ankitjaadoo/xgboost,5073026
/rihadv/lists,7774205
/ankitjaadoo/using-categorical-data-with-one-hot-encoding,5072914
/kerneler/starter-or-50-rf-new-02db1d8c-b,5072806
/ankitjaadoo/handling-missing-values,5072859
/barrkirel/fork-of-superheroes-and-comics-stats-and-info,5119866
/sharmila94/titanic-svc-rf-dt-using-cross-validation,5072111
/kerneler/starter-grand-slam-winners-ee692215-8,5071821
/kerneler/starter-dt75-new-a405be3d-5,5071791
/kerneler/starter-dt60-new-1e979ae3-6,5071750
/kerneler/starter-meta-kaggle-c820a817-d,5071378
/kerneler/starter-workers-performance-before-and-12e4d64b-f,5071073
/kerneler/starter-quantum-keystone-08a037fc-6,5070707
/michelblaauw/h2o-deeplearning-starting-template,5070635
/kerneler/starter-usd-try-exchange-rate-484e7db6-c,5069929
/jackyourdata/titanic-random-forest-and-hyperparameter-search,5069719
/kerneler/starter-list-of-country-by-gdp-3c9371d5-8,5069372
/kerneler/starter-usd-try-exchange-rate-ade76663-f,5068747
/kerneler/starter-marking-of-the-students-in-the-31383b8f-a,5068631
/kerneler/starter-usd-try-exchange-rate-ff6fcd54-f,5067199
/kerneler/starter-shp-files-a80885b7-1,5065482
/kerneler/starter-sf-crime-cd380983-a,5065048
/kerneler/starter-world-development-indicators-aad97bcf-7,5064483
/kerneler/starter-world-bank-projects-527f5a9f-f,5064414
/kerneler/starter-sustainable-development-goals-45e71f77-f,5064359
/kerneler/starter-poverty-and-equity-database-0de9f68c-3,5064333
/kerneler/starter-257k-gaia-dr2-stars-0ba90db9-b,5064305
/kerneler/starter-govdata360-81e97ca0-3,5064280
/kerneler/starter-ida-results-measurement-system-774f65e8-7,5064263
/kerneler/starter-global-financial-inclusion-52d495b5-c,5064253
/kerneler/starter-education-statistics-35b6ba03-1,5064247
/kerneler/starter-global-financial-development-39b42b7c-e,5064246
/kerneler/starter-global-economic-monitor-400bbcee-2,5064238
/kerneler/starter-doing-business-f5e6e925-a,5064195
/kerneler/starter-data-on-statistical-capacity-063e5465-0,5064188
/kerneler/starter-country-policy-and-65856946-0,5064172
/kerneler/starter-world-bank-trade-costs-and-2f61bdea-b,5064121
/kerneler/starter-world-bank-quarterly-external-b9443606-4,5064110
/kerneler/starter-world-bank-population-dfdbce24-d,5064102
/kerneler/starter-world-bank-millennium-e6938f61-3,5064085
/kerneler/starter-world-bank-health-nutrition-6d780627-b,5064083
/kerneler/starter-world-bank-international-debt-4c2636f5-0,5064082
/kerneler/starter-world-bank-gni-ranking-atlas-13c6ed03-b,5064067
/kerneler/starter-world-bank-gdp-ranking-f688ed63-0,5064056
/kerneler/starter-hacker-earth-6-merged-65462448-9,5063955
/kerneler/starter-world-development-indicators-be1ddca5-c,5063889
/kerneler/starter-world-bank-projects-eef2333d-1,5063840
/kerneler/starter-world-bank-procurement-notices-f79d6efb-1,5063810
/kerneler/starter-world-bank-policy-research-9673a30a-4,5063807
/kerneler/starter-world-bank-contract-awards-92150a10-e,5063806
/kerneler/starter-sustainable-development-goals-29298ff5-1,5063763
/kerneler/starter-remittance-prices-worldwide-3da3e2ec-c,5063715
/kerneler/starter-poverty-and-equity-database-64e39317-b,5063703
/kerneler/starter-miga-project-portfolio-58ab5693-c,5063697
/kerneler/starter-surabaya-high-school-instagram-6bc93349-9,5063664
/kerneler/starter-joint-external-debt-hub-c93b8529-1,5063639
