/prasanth97/alcohol-consumption-and-average-grades,771230
/attilatamask/a-journey-through-titanic-9ff25718,771110
/remirajao/full-preprocessing-tutorial-copy,771068
/amanray/notebook21a4e22ac2,771064
/daoudchahor/notebook773df5d9ed,770972
/kmunson/a-journey-through-titanic,806315
/fouillededonnees/notebooke0cea6655f,770833
/cjd1989/notebook399d7a97d8,771171
/mailanilkamath/different-classification-models-learning,770754
/marcelobn/notebook7ed8562c89,770644
/celiopassos/notebook34ac4154d0,770437
/andreibalandin/feb-23-comb,972759
/jbcollins4/empty-notebook-0002,1457441
/cyriljoly/catdognet-keras-convnet-starter,770577
/csxleakbrain/a-journey-through-titanic-cd5b9488,769550
/edgedetector/full-preprocessing-tutorial,791312
/aiswaryaramachandran/notebook55b6ca6a63,769351
/berkkarahan/predicting-housing-prices-true-false-parameters,770776
/ezhilvelme/titanic-neural-network-c-4-2,797534
/careeryangli/a-journey-through-titanic,768865
/mguzmann/notebookd30531ef18,768838
/shravanumn/create-dataset-with-tensorflow,769044
/janepratt/random-forest-benchmark-r,769109
/kaggleray/notebook1a1a867d38,770293
/javiermares/full-preprocessing-tutorial-d378e9a4,768335
/datafordays/notebook99f9586783,768230
/datacanary/3-ways-to-leave-your-employer,767523
/babdebuba/full-preprocessing-tutorial,766650
/chaotong/trueskill-for-kitefoil-rankings-by-race,766608
/trqj999/fork-of-notebook62669b6fd6,766580
/premshah/a-journey-through-titanic,766468
/kingaza/deep-learning-in-the-deep-blue-lb-1-279,766180
/blaiz91/a-journey-through-titanic,766081
/gtrimarc/interactive-intro-to-dimensionality-reduction,766040
/codingma/a-journey-through-titanic-test-by-coding,765693
/bubu89/notebookf01b336cf0,765390
/sathyaan/notebooke691c449d3,765385
/gurofagerhaug/an-interactive-data-science-tutorial-040f7031,765271
/akshaykumarj/a-journey-through-titanic,765264
/dmacwilliams/a-journey-through-titanic,979889
/harholck/an-interactive-data-science-tutorial,765083
/usharma/notebook650054f45a,765074
/gurofagerhaug/an-interactive-data-science-tutorial,765067
/jonnypuma/an-interactive-data-science-tutorial,765286
/evenoo/an-interactive-data-science-tutorial,765060
/nytodd/an-interactive-data-science-tutorial,765270
/ornulfth/an-interactive-data-science-tutorial,765057
/arildnys/an-interactive-data-science-tutorial,765056
/aledahl/an-interactive-data-science-tutorial-81912c5d,765055
/terje72/an-interactive-data-science-tutorial,765054
/andiamo/an-interactive-data-science-tutorial-ce3ad49d,765053
/mortenhaavi/an-interactive-data-science-tutorial,765038
/ci1111/an-interactive-data-science-tutorial,765290
/kajayst/an-interactive-data-science-tutorial-ddec93f0,765031
/sessa7/an-interactive-data-science-tutorial,765027
/mjuell/an-interactive-data-science-tutorial,765276
/milad121/notebookf23d22a4ce,764913
/jinhlee/randomforest-feature-eng-imputation-titanic,764893
/rahulrajias/tutorial,764860
/olzhasnu/titanic-best-working-classifier,764904
/mohamadosama/notebooka3a6570c04,764738
/andr3a/notebook97dfa188b4,782306
/amandavinci/titanic,764575
/intelpen/a-journey-through-titanic,764710
/narine9126/notebooke863890c06,764338
/briantrewlee/random-forest-benchmark-r-vh,803541
/harishap/notebooke8b4b578b9,763874
/davidmichael/notebook502244bd16,763864
/edwardckw/tensorflow-deep-nn,763430
/acewhite/10-classifier-showdown-in-scikit-learn,763416
/wenqingfu/a-journey-through-titanic,763357
/ropoctl/notebook205b257ef8,785823
/jahchaisang/regularized-linear-models,781400
/jiahee/10-classifier-showdown-in-scikit-learn,763315
/brirush/notebooka4006e8e92,762974
/datafordays/notebook3f7901acc4,762914
/datafordays/notebookfb454fb3f6,762903
/datafordays/notebookcbcece2e46,762852
/datafordays/notebookb72a81934a,762842
/datafordays/notebook4c72600c0f,762812
/datafordays/notebookb9e8542122,762803
/dcdanko/a-journey-through-titanic,762792
/hectoranadon/a-journey-through-titanic,762588
/jackzzj/notebook29761fe904,762251
/jbcollins4/kidnapping-incidents-in-south-america,770254
/jbcollins4/empty-notebook-0001,1457444
/yimyamer/notebookf1dc715690,762031
/vucko83/basic-data-visualization-use-ggplot2,761870
/har33sh/a-journey-through-titanic,764830
/ivanl1/full-pipeline-demo-poly-pixels-ml-poly,761660
/theamwat/notebook287c7a4040,761633
/jyqxzmlbb/notebook3d058c9885,1851157
/adambricknell/notebookc00019fa2c,761259
/greenrmp/the-console-wars-ps-vs-xbox-vs-wii-a503d7ba,761165
/jinjin1006/titanic-data-visualization-ml,761101
/greenrmp/the-console-wars-ps-vs-xbox-vs-wii,761078
/ingunn/an-interactive-data-science-tutorial,761890
/rabben/an-interactive-data-science-tutorial,760729
/kajayst/an-interactive-data-science-tutorial,760728
/hansie/an-interactive-data-science-tutorial,760726
/jinhlee/notebooka9d3a6011a,1076102
/beginnerpuneet/notebookc7a9bf54dd,797370
/csaavs/notebookc925e53761,760316
/ubsingh9/deep-learning-in-the-deep-blue-lb-1-279,759932
/tfpauley/titanic-best-working-classifier,759900
/akoeltri/predicting-survival-on-the-titanic,759811
/sakuracc/exploring-craft-brewery-data,759561
/edwardckw/an-interactive-data-science-tutorial,759556
/hgpark914/hello-with-fcnn,759712
/charan19/predicting-housing-prices-regularized-regression,759500
/anuragiitr/notebook9cf56ec702,759480
/stefanooo/notebook341b5d6564,760137
/anuragiitr/fork-of-word-cloud-and-data-analysis,759405
/holic1219/titanic-survival-prediction-end-to-end-ml-pipeline,759441
/lordvoldersloth/wordcloud-time-series-cluster-modelisation,759104
/afshaanmaz/determining-confusion-after-an-eeg-test,759082
/alice1994/time-based-data-exploration,759238
/eagles2f/full-preprocessing-tutorial,759066
/jamesji/a-journey-through-titanic,762744
/jasimcuh/analysing-ipl-data,758891
/rajiv1990/titanic-notebook,758814
/mitchellroberts/a-journey-through-titanic,762431
/torenunez/random-forest-benchmark-r-torenunez,780828
/torenunez/kaggle-titanic-001,758357
/basalto/explore-and-classify-birds-by-their-bones,758289
/madmlscientist/full-preprocessing-tutorial,758500
/carlosguia/notebookc41ae22bfb,803108
/kanabo/exploratory-analysis-visualization,757590
/kanabo/full-preprocessing-tutorial,757568
/mkapnick/movie-title-lengths-50067f28,757412
/gilreath20/the-console-wars-ps-vs-xbox-vs-wii,757086
/kkrehl/full-preprocessing-tutorial-82f202b4,756977
/dtstuart/explore-and-classify-birds-by-their-bones,756922
/kylexy999/notebookd47cf45454,757153
/james852/horses-are-shifted-awkwardly-and-immediately,756589
/aniruddha16293/notebook3670e9a5e7,756587
/harshit158/detailed-data-exploration-in-python-65f0b941,756574
/uditsaini/support-vector-machine-detail-analysis,756489
/rsmith851/full-preprocessing-tutorial,756389
/rmanghani/in-depth-skewed-data-classif-93-recall-acc-now,756364
/vivekawasthiml/notebook89790c8c69,756257
/bofill/notebook90e175005c,1060104
/vishnu001/a-journey-through-titanic-f8b8e656,770144
/sabridemirel/notebook3f6db3a666,755737
/rodneycat/notebook7116e2e846,757253
/cdavid/first-dabbling,755683
/cteant/titanic-survival-prediction-end-to-end-ml-pipeline,755628
/mritunjay/notebook27c7fff451,755559
/autred/notebook2b6c86b1c4,755519
/zenagian/notebookb9857b5dac,755439
/alihaddadi/classifying-techniques-by-impact,755417
/zhangxuangu/titanic-survival-prediction-end-to-end-ml-pipeline,755411
/ahallo/full-preprocessing-tutorial,755346
/zhangxuangu/a-journey-through-titanic,755329
/babdebuba/exploratory-study-on-feature-selection,770255
/junfenggao/pixels-classifications,755319
/junfenggao/a-journey-through-titanic,755303
/dineshsellathamby/lung-segmentation,755276
/junfenggao/explore-and-classify-birds-by-their-bones-ff527ed6,755251
/propheciesforetold/notebook0ba503ccbb,755129
/neboduus/regularized-linear-models,755052
/xuqiang050/explore-and-classify-birds-by-their-bones,754999
/lakshya90/a-journey-through-titanic,769272
/sachindevt/notebookfa3a787010,754942
/kambizghoorchian/explore-and-classify-birds-by-their-bones,754743
/sandeep2010/hospital-admissions-attributable-to-smoking,754664
/billwang/a-journey-through-titanic-e67764ed,754491
/kzjeef/a-journey-through-titanic,754339
/jatinjansari/notebook74b108851f,754311
/raphiritv/traffic-fatalities-in-2015,754199
/rmurrish/full-pipeline-demo-poly-pixels-ml-poly,754111
/hadigharibi/data-exploration-and-visualization,753967
/nabanita18/interactive-booking-trends,754292
/chakriv88/notebook4a6771f312,754335
/puccaa/notebook4016ef79ad,753692
/madraziw/explore-and-classify-birds-by-their-bones-34685a3e,753589
/madraziw/explore-and-classify-birds-by-their-bones,753515
/pokharelsuresh/alcohol-consumption-and-average-grades,753489
/italyifori/notebook81ff141898,753525
/himako/text-mining-with-sklearn-keras-mlp-lstm-cnn,755232
/sneskaggle/notebooka07ec180df,753312
/xag105/notebook4f5e18e0e5,758117
/hfef7ui2/a-journey-through-titanic,804402
/brillliantz/a-journey-through-titanic,753083
/brirush/titanic-nearest-neighbor-using-squared-correlation,817992
/naveenmolleti/notebookfcff6e9099,752009
/ataurani/exploring-survival-on-the-titanic,752308
/ahmedzak/notebookdad0671a24,751932
/vivipengpeng/digit-recognizer-bagging-classifier,756648
/gomesbruna/titanic-survival-prediction-end-to-end-ml-pipeline,751371
/ionox0/full-preprocessing-tutorial,751287
/leiberl/a-journey-through-titanic,751204
/zakkum42/notebook10d26ae640,751019
/amirpupko/a-journey-through-titanic,750929
/redwanhuq/notebook6c38523035,750754
/kenjikamimoto/regularized-linear-models,750162
/sderaco/generation-unemployed-interactive-plotly-visuals,750104
/ideaway/a-journey-through-titanic,750056
/pierretisseur/notebookc89aaac040,750039
/varopilia/detailed-cleaning-visualization-python,749975
