/rjesteban/notebookcd1bbe966a,335668
/jigardafda/notebook061f42f47c,335625
/hjartar/notebookab7a8edd18,335607
/bzmccarthy/notebookb069710359,335600
/odedbarz/notebookac966f3a73,335560
/rohitbora/notebook0558a33bab,335552
/y4suyuki/notebookf45797f3cc,335543
/linganesan/exploring-products,335558
/vivek0/notebookc5998e7e9e,335511
/nickseagull/notebook0d5e432348,335491
/kaneca/notebook9338952e36,335488
/sumit9/notebooked15c834c0,335473
/nickseagull/notebookd76765e7a3,335454
/viccalexander/a-journey-through-titanic-ace5b5dd,335396
/raufbht/notebooke9098c485f,335379
/jtrpinto/notebookb2f87b54e4,335377
/vrbala/brand-and-model-based-benchmarks-d3d87831,342821
/viccalexander/a-journey-through-titanic,335395
/jeromesonnet/notebookf92722dd26,335369
/ashutosh153/notebook2a34ea5518,335358
/luokai/brand-and-model-based-benchmarks,335356
/daryadedik/notebook85733fad7d,335354
/daryadedik/notebookac96219276,335352
/daryadedik/notebook948e5b51c4,335350
/datacanary/notebookc3ec19e21e,335336
/datamagic/notebook6c85dd22a7,335326
/jiamin0329/notebooke3016ac473,335319
/luokai/geolocation-visualisations,335314
/teaorcoffee/notebookff82b6339d,335292
/luokai/exploring-features-44c90370,335278
/grozeille/notebook29aea148cf,335277
/lkx621/exploring-features,335274
/lkx621/python-data-visualizations,335273
/pradeepr28/notebookc861fd1dc8,335271
/zhaozhiyong1989/notebook6854418628,335270
/bjlgds/notebook6c1572fad0,335243
/rohitbora/time-travel-eda,335240
/beitta/trends-in-dc-metro-crime-data,377165
/ruining/a-journey-through-titanic-2f0a358d,335229
/salvadordali/analysis-of-time-distribution-subreddits,335228
/theone10211024/exploring-features-5c8e3fdf,335220
/gpellis/exploring-survival-on-the-titanic-with-r-notebook,335739
/nsnilay/exploratory-analysis-and-predictions,335215
/seattletcp/notebook16376c457b,335213
/freddieyuyi/notebook4284d3d243,335291
/seattletcp/notebook04dcf73be3,335209
/seattletcp/notebook1601f91782,1717369
/antimage/sylar-test,335185
/antimage/notebook92d477c789,335158
/lee2894/notebookd721b1df1a,335153
/luokai/exploring-features,335152
/benhamner/notebookbfafe5cff7,335148
/satchmaus/notebookbe4add1304,335146
/luokai/tensorflow-deep-nn,335137
/ccuulinay/psychology-of-a-professional-athlete,335129
/lemmallama/isis-tweets-exploration,335124
/mohangundappa/notebook3b5dd06bc9,335122
/edwardyun/python-data-visualizations,335119
/pkscary/notebookbc4d867ca2,335117
/dreamworld/notebook6b65200fa4,335102
/chrome787/notebook91cbb2d008,335098
/ruining/a-journey-through-titanic,335221
/dlcarey88/notebook06dd8ead72,335082
/phuocd/notebook73eeabb406,335068
/archaia/notebook1fc77c833f,335034
/snigdhendu/notebook4449574123,335026
/csbao7/digit-recognizer-in-python-using-cnn,335019
/david1977/investigating-the-home-advantage,335008
/seamus/notebooke8ddc6c16f,335011
/rvguha/notebooka9211e2d20,334999
/jeffmoser/notebookefa41c6ea2,335156
/ajayaprakash/notebook41b6247578,334996
/ajayaprakash/notebook5e4110efe2,334993
/ghaddad/notebookcac6721fee,334988
/thomashoracesmith/brand-and-model-based-benchmarks,334969
/gzgzgz/notebook90f1f01eeb,334922
/rombuk74/notebookd5849db93f,334889
/rahulchem/recurrence-relation,334877
/milkingcows4u/random-forests-ii,334834
/amitkumarjaiswal/python-ver-of-group-1-and-date-trick,334815
/sramaj/dataset-walk-through-911,334798
/seshuthota/notebook62bcd21b53,989254
/ay1011/recurrence-relation,334790
/rrr4747/notebook5873644961,334771
/rrr4747/notebook420c938f78,334743
/rrr4747/python-data-visualizations,334740
/chanchan/notebook05b869a008,334738
/aaronsmith/notebook7a4da78a2c,334723
/monotoneoff/notebook21bb6a55f7,334700
/therealnoahwhereman/notebook038c3b4ce2,334694
/semwaldeepali/a-linear-model-on-apps-and-labels,334693
/muffinhughes/notebook0357ec005f,334687
/xzvtt0611/evaluating-svm-vs-knn-on-iris-data,334683
/sagar35/notebook6c09334970,334682
/sroose/titanic-test2,334643
/silviuganea/random-forest-benchmark-r,334632
/selektamk/notebookb80aa7256d,334626
/kamendula/geolocation-visualisations,334625
/lifepreserver/uns-1-v5-jayjay1-foooork,334692
/almondhive/a-journey-through-titanic,334704
/sbutty/tensorflow-deep-nn,334584
/mabnote/a-journey-through-titanic,334590
/kamendula/a-linear-model-on-apps-and-labels-e1828b08,334562
/kokkalo4/my-sf-salaries-script,335453
/binyi10/notebookda36d6f284,334510
/reinforce/notebookcd90331848,334497
/jaredchung/notebookfde9bcdcb3,334464
/gurupanda/notebook5e61bc333b,334431
/gurupanda/bnp-correlation-predictions,334426
/pradyumna1/notebook1bcb7db24c,334407
/pandits/tensorflow-deep-nn-c2db5351,334400
/chessklok/notebooke72ec5bd8e,334379
/hendrikhrr/notebookb233b6f788,334354
/maktheo/notebookd5ab8906ba,334353
/berkerkozan/notebookbd174be8f7,334347
/fehiepsi/notebook4d43e25a78,334346
/zseder/the-most-predictable-league,334345
/ledaduelo/isis-tweets-exploration,334339
/codeninja007/notebook9b74b553b7,334329
/caesium/random-forest-benchmark-r,334301
/tonytantxx/python-data-visualizations,334206
/harlfoxem/kobe-shots-show-me-your-best-model,334193
/gdshen/notebookdc163636bf,334187
/alexandrasmoloiu/notebookc6520f2f62,334167
/pandits/tensorflow-deep-nn,334156
/sendel/exploring-player-stats-5524ea2b,334155
/progressor/notebook54bdfd909d,334139
/sweetsyrup/notebook1f46597be5,334146
/twisniewski/python-data-visualizations,334112
/langzhining/notebook11eba2a827,334058
/xiaotomtom/notebookfede019e58,334004
/hellothere0113/notebook46cf36e97a,334002
/luokai/is-please-really-the-magic-word,334010
/rocklee/notebook441e4334df,333968
/ny2292000/democratic-prediction-using-randomforest,333957
/kehbest16/python-data-visualizations,333955
/aiijoe/notebook2816982a52,333948
/rangerdata/python-data-visualizations,333947
/geomack/notebook4ae53578b0,333941
/georgeingle/knn-from-scratch-in-python-at-97-1,333932
/samedelstein/notebook417f6ea129,333922
/chaoji23/notebookdde046c364,333907
/kylesykes/notebookc7692f8300,333905
/kylesykes/notebooke09ad979c4,333902
/kylesykes/notebook372e2b7d06,333899
/llhthinker/digit-recognizer-in-python-using-cnn,333896
/cheezentoasted/notebookb8b270b977,333895
/skxsephiroth/python-data-visualizations,333888
/llhthinker/tensorflow-deep-nn,333887
/akashansari/a-journey-through-titanic,333885
/skxsephiroth/notebookfbe18f1cb2,333881
/miker2016/notebook382967de79,333877
/farahfaize/notebook81291dd290,333876
/raingo/notebookaa4b56c05c,333872
/antgoldbloom/notebookc923c887db,333869
/pjl414/python-data-visualizations,333858
/goelhardik/keras-starter,333909
/michaelerasmus/notebook95b2399fb2,333791
/fhasbani/notebook0d21c0a5aa,333785
/willettk/notebook58e2fde2a2,333780
/xzvtt0611/notebook56b85bbad7,333776
/bar0cl33/kobe-shots-show-me-your-best-model,333773
/datacanary/exploring-the-data,333751
/roxyshuwang/notebook26641e9196,333744
/nrivera/notebookb57787c5c4,333743
/kabsky/fork-of-data-preprocessing,333937
/shgidi/notebook93900bbb6a,333726
/lunaticmarsupial/tensorflow-deep-nn,333712
/sanesanjay/a-journey-through-titanic-bbc4d094,334970
/michaelerasmus/time-travel-eda,333702
/supradeep/notebook8320392b55,333697
/waqasm86/notebook45583a9f1d,333694
/shirleyli00/notebook7aee646946,333636
/prinar/notebook911facb1a1,333634
/siokcronin/notebook9b7b3f61fa,333632
/thammegowda/who-not-to-fly-with,333631
/jensonjoy/notebook7ef522ef4b,333592
/miker2016/notebook89d8a6999f,333586
/qaz1wsx2edc3/python-data-visualizations,333583
/metti231/notebook9f69ba0226,333520
/f19009/notebook597d8b1a1a,333504
/dcarmody/notebookab148daca0,333491
/easybreezy/notebook76ccdf8959,333485
/mamday/notebook6d37062e80,333806
/kamendula/a-linear-model-on-apps-and-labels,333471
/jeanodoux/notebook54d86784f3,333467
/jsenseman/notebook16907ddf88,333465
/nolantj/notebook99360ced61,333509
/adamconverse/notebook8c837b2775,333427
/sendel/exploring-player-stats,333417
/chleonhart/notebookdd1206c894,333383
/qianws/notebook6e7a0b1f06,333382
/tom6esploratore/exploratory-analysis-and-predictions,333376
/wangzhen/notebook8b89bb0747,333372
/lippmann/notebook5a9a15cf47,333366
/lewuathe/python-data-visualizations,333363
/wilsonpowlous/notebook231fc47d2f,333350
/dariaei/notebook6527c8abda,333337
/samhashmi/notebookbe4df86823,333335
/hemant0591/notebook632c2b6cb6,333358
