/boleszek/exploration,1051965
/rajatraj97/notebook406f5d1048,1051935
/ronpatrick/notebook65d0daeb48,1051915
/kostanv/notebook62a5daf1de,1052308
/marksalacinski/sea-lion-coordinates,1051933
/shw210/notebookedcca90c48,1051813
/dashwieland/titanic-machine-learning-notebook,1051808
/madisonestabrook/notebookb8aeb866dd,1051785
/harshit886/deep-neural-network-keras-way-3ac8c1,1054358
/pangyuteng/holasenio,1051757
/amanrana20/test2-ar,1051648
/amanrana20/notebook486db776b5,1051580
/aeron92/notebookc026dfb862,1051568
/homath/notebooke41d427338,1051548
/vkyvikash/notebook7de497aed0,1051527
/riverqiu/notebook5ff9a348e1,1051525
/deardanielxd/digit-recognizer-in-python-using-cnn,1051516
/aghamchawla/notebook55d96a676d,1051504
/unityculture/detailed-exploratory-data-analysis-using-r,1051494
/czl1208/notebook4f501f52a5,1051493
/wenyi1992/stacking-starter,1051483
/kamaluddin13/notebooke927502022,1051481
/drmccleod/notebook2c62b654c5,1051478
/prateekparkash1/atp-analysis,1051475
/vikrant523/notebook3d8cc8b4dc,1051469
/mightymikee/mikeesea,1053795
/afrancoeur/notebook2d6e37ab82,1051460
/prateekparkash1/atp-tour-analysis,1051466
/gusooo/notebooka8c90adc54,1051436
/somiafiuni/noshowapp-sa1,1051435
/bemmerdinger/roberts-titanic-script,1051426
/cocacola1/try123,1051420
/jasonfox/test1,1051414
/guoskyhero/iris-test,1051410
/milenski/notebookd1a4a29695,1051387
/milenski/safe-or-not,1051377
/milenski/notebook050c9b8b73,1051376
/xinkou/notebook852c27e17d,1098625
/saurabh7390/competition1,1051332
/jurjenbraam/nn-keras,1051353
/jtattersall/teamattributes,1051288
/jtattersall/testing,1051255
/dandfly/test001,1051229
/imatrix/notebookedd7bbb642,1051188
/xiaoxing/notebook9276860102,1051187
/jeevanrachepalli/notebook4783598e4f,1051181
/glivon/exploratory-study-on-ml-algorithms,1051175
/ajaysrmcse/notebook4e155556e9,1051172
/flyingbryant/keras-cnn,1051199
/jeevanrachepalli/notebook0eee489b40,1051155
/gabrielfior/notebookc67547f95f,1051133
/bearkai/notebook0eeacc5577,1051119
/chenguanh14/notebooke94c4d2392,1051115
/shin2017/notebook5cc9c4a881,1051113
/armandjohn/notebookb25139ec64,1051112
/helahafsia/notebookcadc640d17,1750911
/zhangzhiquan/notebook013c9634eb,1051088
/fabioperrone/tdss-fabbook,1051069
/ivanscarcipino/scarcibook,1051060
/fabioperrone/fabook,1051059
/grabson/notebookd58ba93342,1051050
/baorave/notebookfd16c1a19c,1072538
/simpetre/notebookd0b72729e5,1050944
/luoyer/first-script,1050994
/dandfly/notebook083b102c91,1050939
/aakansh9/notebook9778ee1e6f,1050923
/krishnaganesh/kaggle-try-1,1050906
/ratkinson/notebook8e64c124a1,1050903
/baorave/exp-py,1050971
/baorave/notebookb5fca625f4,1050858
/kishoripawar/notebookc75e0caada,1050855
/prasanth04/notebook75e90d9b93,1050851
/tanakajp/notebook84dea05837,1050844
/carlosra/notebook092a15649c,1050840
/kenshinvag/notebook412d64549a,1050820
/tamannasangwan/notebooka11e525a9b,1050810
/openxxx/notebook22f39467df,1050797
/mina20/notebook31d67da310,1050787
/openxxx/openxxx-0,1050794
/datenkieker/xgb-starter-12357,1050780
/lukehong/titanic,1050776
/lovelyxihuan2017/notebooke72e3570b9,1051097
/hallootto1100/notebook5a87b18e09,1050744
/nahid44/notebook3c81c40ad2,1050741
/prateekgarbyal/notebook2cd2af0c57,1050621
/terryli/notebookb3c604e735,1050603
/kunlaotou/notebook7d331bb90e,1050571
/deevisha/notebook69d06ba303,1050560
/betty317/notebook4a806d9240,1050524
/ilove2dgirl/notebook386bb2be52,1050521
/brianle/notebook1bc13d68a6,1050518
/wuwuwuxxx/notebook86ba48250c,1050516
/zhouyangshen/20170331,1050477
/chenxu10/notebook1400aad545,1156885
/yadavsarthak/notebook07edb5856b,1050472
/serg10/notebookc92eda5f8b,1050426
/lspvic/notebookb770fa4869,1050398
/amruta123/notebook81d9bb696a,1050395
/davidmercury/notebookc881f8b1d2,1050384
/amruta123/notebookb05071d34d,1050379
/amruta123/notebook17b5a6680c,1050374
/tamar1/notebook8842b67dd7,1050360
/arvindn/script1,1050358
/pavansubhasht/employee-attrition,1050325
/serg10/notebook0cb1fafbaf,1050314
/countee/propocess,1050305
/chhatwal/notebookf826b8d3e7,1050233
/ashishjat/notebook4242fbf819,1050172
/mklim82/notebook8713c56274,1050168
/yow010/multinomial-logistic-lasso-regression1,1057262
/liuvict/notebookfa896c72da,1050141
/liuvict/notebookb6ebf4d55b,1050140
/stepzdjm/notebookd4589c4a20,1050133
/pujarirajkumar/notebooka31fc5fc14,1050131
/jhwjhw0123/resnet50-features-xgboost-v7,1050130
/yiming/test-123-py,1050087
/alamhanz/notebooke0ebec685b,1050085
/hongmeixie/notebook18350d558f,1050064
/abhishm/notebook96fa551173,1050058
/jhwjhw0123/resnet50-features-xgboost,1050033
/olivepark/test1,1050012
/diepdaocs/notebook8ecebf02d7,1050002
/addrian/notebook03ebf9d4e5,1049990
/connera/titanic-forecast,1147771
/yifuyang/notebookced5faa273,1049971
/libaier/notebook68fc5b45c2,1049952
/lzx1413/sea-lion-coordinates,1056342
/wookiecookie87/notebook37d546d930,1049940
/cmd197/notebook0cbdcf3a33,1049934
/oasiszrz/titanic-test,1049921
/ffttshow/zjay-ds-001,1049914
/bsheng/adasda,1049910
/edchen8/notebook3301365d11,1049904
/zhanglic/xgb05,1057062
/olgkad/notebooke261b55cfc,1049888
/seventhsense/notebookb02e0edaad,1049868
/zxw142830/notebook49bc99da7f,1049863
/zhouzhiguang/notebook464d1b4452,1049861
/chengzhan/xgb-initial,1049854
/doublsky/notebook94d70e8472,1049853
/howerj/notebook6f4804641a,1110946
/nigelc/notebookad2881da91,1049815
/adhara/tyopmd,1049812
/herodavidgu/kaggle-titanic,1049803
/wwright999/notebookdad086c288,1049791
/gsmzxc/notebook8149ea6f3e,1049789
/zhouyangshen/notebook2243bebad5,1049784
/netzsooc/notebook7ff0e9ba5b,1049774
/baruchg/notebook03a56c7276,1049765
/mdquigg/notebook067598e5eb,1049753
/aardace/notebook08b629c9ac,1049747
/gomoku/knn-of-hr-comma-sep,1049740
/ashwathrabindranath/notebook656ac05f1e,1049725
/deeksharamesh/notebook4b4f550b40,1049720
/catherinehata/notebook4c27efbadf,1049718
/naraquev/notebook362f9d25ee,1049695
/aparnaroy/notebook3d4f2778ac,1049692
/piyushdugar13/notebookfee156cf0b,3045833
/piyushdugar13/notebook3c38e56362,1049684
/zhoudaoyu/notebook5cc0d7f3b3,1049682
/izzysu/notebook22135efdea,1049674
/zekunxu/notebook21eae27a73,1049663
/ge3vqn/notebooke257633b57,1049654
/jingfeng/brains,1049735
/thomasjobin/notebookf015b553d8,1049610
/ryakayr/notebookdfb5a0aa14,1049586
/gbillmonk/notebook2a800f1ba2,1049580
/hallootto1100/testing,1049538
/hallootto1100/notebookc5ab5ec0e8,1049536
/ryakayr/notebook20227f96f3,1049530
/yliu87/03-0330,1049543
/artificialsherlock/yoyoy,1049527
/zekunxu/testpy3,1049491
/maniarias/notebookfeda863384,1049465
/ecosse/notebook37f7af6c24,1049461
/fresayuan/notebookafe038c662,1049431
/oysteijo/fixup-script-for-old-download-of-additional-files,1049408
/zekunxu/pytest,1049441
/jsennn/notebook42bbd890c0,1049405
/shatabdichoudhury/time-series-analysis,1049423
/ecosse/notebook4d818a1cb9,1049396
/juandoso/ith-features-extracted-with-a-pretrained-xception,1049384
/gowthamk63/notebook7c4139fb1c,1049380
/ecosse/notebook1db74e8321,1049378
/mina20/building-a-neural-net-to-predict-default,1049375
/benhamner/demo-asdf-5,1052490
/rtribone/notebook8ae9c17cd4,1049360
/czl1208/notebook07d7906c9e,1049350
/rockumvips/notebooka55b957b03,1049344
/ktsantinis/notebookbe38d26ea2,1049334
/ucablz2/notebookec23c7d4c1,1049314
/sreepriyankau/notebook6ead855c71,1049302
/fonnkwenti/notebook82f347ebcf,1049286
/zliang/notebook50a7780816,1049281
/ravindraut/notebookf2ec682ac5,1086276
/jinsheng/notebook8f6c183729,1049255
/shivagangachennnu/notebook5726e12781,1049244
/akumar93/notebook3ea7d67b89,1049238
/hinese/eda-p1,1049235
/grimmace/notebook2072132444,1051295
