/dcotter/notebook936450f98f,1115953
/markc1993/notebookf85de46ea9,1115933
/moutard/notebookf7789714a0,1115922
/amberved/creditcardanalysis,1116428
/ktik81/notebook313b02f67b,1115897
/vedantp26/notebook0ab2952e9a,1115884
/skybolt/notebookf0d379367b,1115882
/mt77pp/notebookf7c5d94f15,1115874
/skybolt/notebook528cb615cf,1122889
/reyuhi/notebook9b54b97adc,1115844
/rishabh1khurana/housing,1115806
/adriaanslechten/notebooka26b98a906,1115797
/tumbzilla/notebook23a51e271e,1115790
/wingoodbody/notebookde9288c7bc,1115773
/vbarbarosh/vbarbaros-titanic-model,1115760
/autumnwmc1995/notebook0634f7daf4,1115736
/kzhang8975/titanic,1115730
/panyang06231989/titanic-solution,1115726
/panyang06231989/notebookab3a44697c,1115716
/jbrasher6/data-exploration,1115710
/sknd97/notebook33755368ca,1580536
/yanimanov/notebookd77520773b,1115696
/jekrus/fork-of-rossmann-2b9461,1115688
/thanhgtran/abcde,1115690
/zelongq/notebook60e7f7fcaa,1115654
/shihyinchen/notebooke45df0269f,1115649
/karmaudel/notebook6cf38318ea,1115604
/gandhimaulik/notebook54810c2e43,1115592
/adrsta/notebookf53b6e81f8,1115571
/alexzu/notebookcc3bc8b456,1238923
/adityaradhakrishnan/notebookc576dfd152,1115503
/gabegal/notebookff83638393,1115493
/mparker3/notebook07123b942c,1115471
/hconner2/notebook183ba5c98c,1115461
/amotamed/notebook6e3f35ab98,1115460
/mparker3/notebook49becbd434,1115454
/rianaelferin/notebook213dab5773,1115453
/jpalatty/notebookf69ba3f420,1115418
/nikolaikopernik/notebookd2e6977730,1115397
/emarin/test01,1115389
/hbracho/notebook917db4a4a3,1115383
/olcina/notebook058a88f05f,1115375
/rojre1979/intel-mobileodt-script,1115366
/edwardhl/up-scaling-and-machine-learning-model-comparison,1115376
/manishsaraswat/data-analysis-in-r,1115250
/whutzsp/notebook57a91725da,1115249
/panser/notebooka009393e7e,1115245
/coyawa/notebooke6f6c5abb2,1115240
/ishiryish/notebooka857645e34,1115239
/harica/data-exploration,1115232
/s315l6/notebookd9df9c50d5,1115226
/stanli/notebook471c031922,1115223
/stanli/notebook62d02712aa,1115217
/nbelden/notebook23020ae31b,1115214
/adamlangley/notebookcc371324e1,1115213
/johnnymedhanie/notebook8f895b378e,1115211
/ishiryish/notebook0fdb9eeeb1,1115210
/powder5/notebook2ae0761362,1115205
/chzungolo/detailed-data-analysis-ensemble-modeling,1115203
/stanli/notebook0891f0dea3,1115197
/ishiryish/notebook27dd0e1505,1513451
/domenicod/notebook021ae06890,1115180
/rachelyou/fork-of-digital-recognizer-simulated-annealing,1115540
/icytempest/notebook4a7d80ec63,1115107
/rafapia/main-py,1115081
/hanqiu/artificial-intelligence-for-cc-screening,1115050
/sanarafiq/notebookf70e96aca3,1115044
/raviteja121/notebook2f4e22cafd,1115035
/leodisi/notebookdcce2b6578,1115033
/pawelwegrzyn/notebook376b017cb1,1115031
/ximozh/stacking-lasso-gbm-rf-stacking-0-118,1115009
/raviteja121/notebook8573bacd16,1115007
/raviteja121/notebook95db62ec01,1115005
/mamasinkgs/notebook940fcb6716,1115000
/rjcurio/notebook1f1b1c7b58,1114991
/caovannguyen/artificial-intelligence-for-cc-screening-37348f,1114984
/dangquanghieu/artificial-intelligence-for-cc-screening,1114977
/martingundersen/exploratory-study-on-ml-algorithms,1114971
/msanselme/notebook054dfde87d,1114965
/noelline/notebookd6d2036616,1114961
,None
,None
/arunnethi/titanic-1,1114933
/victorcoco/notebooke79b2451a5,1114919
/lauraniklas/notebookc2e66b6c50,1114885
/lingdai/notebook16ab53f5b0,1114841
/skutala1/lstm-with-word2vec-embeddings,1114840
/rita9596/test1,1114839
/marcoac/prova1-titanic,1116766
/fredrikgabrielsen/notebookf6b21326e2,1114811
/monisrir95/image-recognition-mnist,1116513
/zhxiangxyang/notebookabaf2d2d9f,1114782
/unsakhuwaja/notebook8e7afbf545,1114780
/deeksm/notebook23731ee4a3,1114766
/debuggermalhotra/notebookb02e935443,1114739
/amaliyahf/notebook41472e95fd,1114731
/anfro18/notebook3f28765323,1114772
/lrobinson/notebook59522708cf,1114714
/tkwadrat/notebookb332feeeb6,1114685
/prampampam/my-first-notebook,1114669
/rojre1979/noaa-sample-script,1114666
/shankarpandala/xgb-starter-r,1114790
/olimarina/notebookafae84d4cb,1114613
/masayoshikitagawa/notebook59e85b5a53,1114587
/antonsosnitzkij/notebookb5d9006429,1114547
/tratshidaho/testingtitanic,1114499
/tratshidaho/notebook888903a715,1114495
/mmaguero/titanic-majority-vote-of-ridge-rf-and-gbm,1114517
/pmigdal/notebookf8b7b85d9c,1114488
/christofer/lstm-with-word2vec-embeddings,1114465
/orlando23/orlando-titanic,1114449
/sujatar/notebookb20222a66e,1114438
/yimuge/notebook95eb186fca,1114426
/sunyantao/notebook03d759d48f,1114420
/kenleo/house,1114443
/hawk0125/notebook3b974e924a,1114393
/uzhzyang/notebook317c8575e5,1114361
/uzhzyang/notebookbd262635d0,1114359
/fanyouping/notebook2540b547b1,1114350
/qq1034616238/notebook80b31b009d,1114345
/boremalm/kaggle-test,1114322
/prashaku/notebookac18cb2450,1123029
/rojre1979/xgb-script123,1221429
/callemesunshine/notebookedb46228af,1114265
/jiehu15/optimize-metrics-of-ml-on-cc-fraud,1114261
/grafs50/test-of-time-series-k-nearest-neighbors-method,1114242
/narendrac/fork-of-simple-logistic-regression,1114208
/plarmuseau/fork-of-pure-tfidf-model-score-lb0-5-binary-answer,1117952
/agataeev/irisdata,1114203
/aashiq/notebookca6bff77ba,1114185
/amaniyazov/notebook26918ef45b,1114172
/binbinx/alpha,1114157
/mywatch/notebook0ec9a0f78c,1114145
/satadru5/notebookac9984ad8a,1114122
/bahurii/notebookb719eb264f,1114118
/kmaksat/mytitle,1114099
/abtrip/wordcloud-of-email-bodies,1114096
/bigdawg/test-script,1114095
/caovannguyen/artificial-intelligence-for-cc-screening,1114077
/fengyf/script-1,1114080
/soonenuff/notebook5397d7a558,1114065
/bauyrzhan/midterm,1114071
/archanasm/notebookbcb09afaa4,1114016
/satishjasthi/notebook9888278aad,1114013
/aidosik/mytitle,1114019
/zhaqe17/title,1114091
/aidosik/mid-2,1114104
/charlesalice/notebookf50453d5d9,1113959
/marcelpedroso/titaniclearningqi,1113955
/gauss102/notebooka9b7f0449c,1113927
/shreyaravihegde/notebookdb571fdd8c,1113916
/bryandaetz/notebook1c82b258b1,1113900
/hee760721/notebooke3d045c9b6,1113895
/cdurrans/notebook43c40ee00b,1113892
/juaguz/notebookef58dcd436,1113867
/taukee/iris-taukee,1113877
/yaroshevskiy/notebookdf8b2b148f,1113855
/zhxiangxyang/notebookf0007e1581,1113836
/aormsby/notebook86dd40cf89,1113813
/robinfivewords/exploring-survival-on-the-titanic,1113806
/fourone143/notebookadd9548af6,1113792
/akash29/notebook7457e160e0,1140726
/marcelpedroso/notebookddf486e2be,1113753
/doccccu/notebook1368db3649,1113746
/xsfree/test-py,1113744
/phanindrac/notebooka0bd701a56,1113741
/jbrajkumar/test-youtube8m,1113733
/nudroc/predict-score-from-text,1113700
/binbinx/notebook577ecb29a4,1113676
/zl2541/notebookef7b3afc16,1113622
/brookisme/notebook035022eef7,1113612
/sikaih/notebook6a2e427cf1,1113577
/shalva/notebook17e3ec685d,1113563
/bguberfain/notebooka24f36d951,1113556
/lakamp/classification-of-canines-and-felines,1113523
/aniyada/notebook508c127304,1113518
/bguberfain/notebookf1630622e9,1113498
/tanghaotommy/notebookc8e77dc5d1,1113475
/benhamner/notebookdcdacdaaca,1115275
/dragao12/notebook4e742ac8c5,1113415
/q2zhang/notebook044e10aef3,1113410
/mikikobazeley/notebookc997694dd9,1113355
/alphadoe/notebook0892133894,1113342
/tgquintela/exploratory-study-on-ml-algorithms,1113333
/arnaldog12/notebook703d385d09,1113280
/caximosi/titaniclearningqi,1114729
/paulorzp/notebookc4af67492f,1113138
/jekrus/notebookc5f30550be,1113097
/naveenkumaar/exploration-into-2014-population-data,1113066
/deepak91/notebook3e61629c9b,1113049
/sannikowaa/notebook426ff2736c,1113046
/ikmalpani/notebook75a037b0ba,1113044
/fourrtb/notebookd393c834e3,1113029
/luikna/notebook52f16b7876,1113014
/titusnkumara/smallnames,1112979
/sirgil/notebook1944b4358c,1112958
/annavictoria/notebook06ff8fefc8,1121778
/aneokoena/notebookc539697e52,1112937
/danrwalker/notebook56fded0384,1112931
/fzhu65/notebook8406b28fcf,1112922
