/isofew/ccpair-encoded,9936552
/kerneler/starter-chatterbot-corpus-fd2b8441-6,9919728
/valeriiaa/data-cleaning-challenge-inconsistent-data-entry,9920102
/kerneler/starter-la-mision-hotel-boutique-c555cc72-1,9919477
/kerneler/starter-nienaber-potholes-2-complex-08d7fc4a-7,9918309
/hn5311/rsna-pk2-tutorial-epoch-6-to-10,9918352
/kerneler/starter-facial-age-a752f300-0,9921081
/kerneler/starter-facial-age-30fc6ffd-e,9916434
/kerneler/starter-limitedjointmobility-b8490914-c,9916127
/kerneler/starter-punjabsettlements-16a0baf7-4,9916040
/hn5311/rsna-pk2-do-fine-search-sample-3,9915658
/hn5311/rsna-pk2-do-fine-search-sample-2,9915603
/hn5311/rsna-pk2-do-fine-search-sample-1,9915551
/kerneler/starter-reddit-aita-43cac09f-1,9915175
/kerneler/starter-test-dataset-fe5c39e8-f,9914535
/kerneler/starter-movielens-842678f1-d,9913259
/rishrk007/neural-network-sig-ai,9913101
/kerneler/starter-petitions-submitted-to-the-uk-d2bd4422-3,9910836
/ifsanjry/exercise-random-forests,9909074
/kerneler/starter-girls-dataset-3d5e3842-7,9908929
/kerneler/starter-cnn-cnn-without-new-whale-1cc7728c-1,9907692
/kerneler/starter-diabetic-add775ea-c,9979280
/kerneler/starter-music-label-dataset-c9d1c02e-6,9993658
/kerneler/starter-british-nhs-prescription-drugs-b455d385-8,9906082
/hn5311/rsna-pk2-tutorial-epoch-1-to-5,9905637
/kerneler/starter-healthcare-dataset-b88517c5-f,9900686
/kerneler/starter-healthcare-dataset-60862ece-4,9900387
/hanamaruko/reservoir-observer,10648139
/kerneler/starter-ireland-rugby-match-data-46a585c4-7,9899857
/kerneler/starter-all-black-match-data-d6814519-b,9899808
/kerneler/starter-zillow-zestimate-1e0846ee-c,9896003
/hn5311/rsna-pk2-do-search-sample-3,9905652
/hn5311/rsna-pk2-do-search-sample-2,9905571
/kerneler/starter-cyclegan-672322e2-5,9895198
/kerneler/starter-cashew-truck-arrivals-88a38373-3,9894978
/prashorstmeas/data-visualisation-lending-club-s-loans,9893480
/cicipoo/quora-first-pass,9918366
/sromani/bq-experiment,9892525
/kerneler/starter-country-codes-654a81de-1,9891135
/kerneler/starter-rossmann-store-sales-76d46555-1,9892741
/kerneler/starter-country-codes-325c83a6-c,9890980
/kerneler/starter-mini-pix2pix-e1e8e4eb-c,9890600
/kerneler/starter-regression-kernel-c4763a8e-a,9890552
/taartenbakker/hello,9889881
/kerneler/starter-shotchartdata-9aaaed57-0,10271280
/samdeeplearning/kernel6da40119ee,9888661
/kerneler/starter-economic-calendar-2014-2018-6f7c6bdd-a,9888326
/kerneler/starter-planos-de-governo-elei-es-1f585711-5,9886470
/kerneler/starter-news-dataset-without-category-a470779f-e,9884667
/wordroid/digit28-only-2-features-gkernel-bn-5-s10006,9883275
/wordroid/digit28-only-2-features-gkernel-bn-5-s10005,9883254
/wordroid/digit28-only-2-features-gkernel-bn-5-s10004,9883212
/wordroid/digit28-only-2-features-gkernel-bn-5-s10003,9882522
/wordroid/digit28-only-2-features-gkernel-bn-5-s10002,9882471
/ifsanjry/exercise-explore-your-data,9882168
/ankitsontakke/creating-reading-and-writing-workbook,9881023
/kerneler/starter-oldschool-runescape-polling-4ec2a68b-9,9880009
/ansu01/manipulating-data-with-the-tidyverse-workb-2eefca,9879257
/kerneler/starter-aclimdb-6f376636-6,9879170
/tarakcibrahim/km-to-miles-82226f,9878773
/hajekim/for-beginner,9878474
/kerneler/starter-ocde-pisa-e-gasto-c-educacao-1bd4e0fc-7,9876229
/tarakcibrahim/km-to-miles,9873527
/kerneler/starter-plantvillages-7f455c5c-0,9871122
/kerneler/starter-license-plates-for-yolov2-dde28ce8-6,9870874
/kerneler/starter-license-plates-for-yolo-26cfd7cc-e,9870192
/pankitajolapra/basic-operations-on-temp-data-ee55d0,9869562
/sitaramireddy1994/loan-defaulter,10681519
/acauveri/customer-churn-prediction,9868755
/man0007/predicting-the-given-image-is-cat-or-dog,9869784
/kerneler/starter-retail-product-checkout-9dcc2ab6-c,9867792
/solegaonkar/learn-ipl,9866981
/kerneler/starter-mcdonald-s-locations-2678722e-c,9865998
/kerneler/starter-http-xsmb-vn-41851178-e,9865841
/kerneler/starter-arxiv-nlp-papers-with-github-e021ac13-9,9865492
/timsikes/donors-choose-cleaned-up-working-version,9864176
/kerneler/starter-total-alcohol-consumption-1bbd4371-8,10009567
/mbailey13/cardio-exploration,9912259
/kerneler/starter-kinaracap-5b067cc9-4,9859944
/kerneler/starter-adnanahzam-80e3a03c-d,9859530
/kerneler/starter-santander-processed-bb7d5c1a-0,9858629
/kerneler/starter-dog-breed-identification-0c8eb184-8,9859900
/rajasekhar6057/eda-for-microsoft-malware-prediction,9858478
/kerneler/starter-idao-1-train-23a8252b-5,9854926
/kerneler/starter-idao-1-test-2a2ea677-a,9854920
/kerneler/starter-whale-competition-bounding-699cff55-2,9854906
/a2cerda/data-cleaning-challenge-handling-missing-values,9885395
/kerneler/starter-crowdai-plant-disease-dataset-ff7bac80-9,10289853
/temilolu/kernel1475f62f0a,9853055
/kerneler/starter-prosper-loan-0421676d-7,9852854
/sushmitapandit184/microsoft-malware-prediction-eda,9850725
/ahmedbaz/how-to-choose-cnn-architecture-mnist,9850025
/kerneler/starter-spam-mails-dataset-9b2c6b61-c,9845425
/kerneler/starter-quora-data-468667f0-0,9845017
/barkincavdaroglu/airbnb-content-based-recommendation-system,9844533
/kerneler/starter-potholes-f4bd7558-c,9884517
/kerneler/starter-world-shapefile-9f5f4b14-6,9842960
/kerneler/starter-global-populations-8217e86b-7,9842939
/sushmitapandit184/kernel8886310314,9840935
/kerneler/starter-email-spam-0d25db23-3,9840535
/kerneler/starter-doodle-classifier-948255d9-7,9838496
/anamalf/kernel36c3e325a9,9838260
/anaswaraelizabeth/kerneld73f93593a,10797622
/anamalf/kernelf16e394d8b,9884343
/kerneler/starter-categorical-505bddd4-2,9836636
/sushmitapandit184/eda-pet-finder-beginner,9836486
/kerneler/starter-whale-pytorch-weight-of-branch-704d7237-8,9834478
/kerneler/starter-newshack-datathon-b8a7e30f-8,9832841
/bhavesh98/my-lego-analysis,9832815
/kerneler/starter-world-happiness-report-2018-378d07e3-0,9831029
/anaswaraelizabeth/insincere-data,9998111
/emberlilly/textanalytics-quora,9899911
/kerneler/starter-face-images-13233-f2940271-3,9830384
/kerneler/starter-global-sustainable-development-3071d2a1-e,9827784
/kerneler/starter-home-data-for-ml-course-3588eefd-7,9826765
/alejandroguipe/analisis-exploratorio-de-datos-con-lenguaje-r,9940530
/profmohamed/an-attempt-to-predict-the-efficiency-of-the-fuel,9825994
/kerneler/starter-arizona-2018-general-election-83e6ca2a-6,9857686
/kmader/vgg-on-food-random-subset-torch,9835204
,None
/kerneler/starter-122-weather-stations-in-brazil-4d969474-3,9825113
,None
,None
,None
,None
,None
/kerneler/starter-test-creation-2-798779fa-a,9824690
,None
,None
,None
,None
,None
,None
,None
/kerneler/starter-test-dataset-jacky-c4071db8-c,9825333
,None
,None
,None
,None
,None
,None
,None
,None
,None
,None
,None
,None
,None
,None
,None
,None
,None
,None
,None
,None
,None
,None
,None
,None
,None
,None
,None
,None
,None
,None
,None
,None
,None
,None
,None
,None
,None
,None
,None
,None
,None
,None
,None
,None
,None
,None
/wguedes/kernel760865a3fc,10079414
,None
,None
,None
,None
,None
,None
,None
,None
,None
,None
,None
,None
,None
/kerneler/starter-malware-timestamps-b7cdcfb9-c,9818252
,None
,None
,None
,None
