/themlguy/pokemon-gotta-tensorflow-em-all,668982
/kagglemacx/notebook03484273c0,668963
/tsubuo/notebook79f35387df,668928
/yash29/notebook5dbb30581c,668909
/changseoklee/notebook92b58faf97,668901
/tizianascarna/dogvscat-test,686453
/tsubuo/a-journey-through-titanic,668852
/juliooliveira/notebook62e7d857b4,668839
/fatihyucel/titanic-best-working-classifier,668834
/wijnand/notebookbcfe531d2c,668776
/a1112111a/neural-network-example-using-titanic-dataset,669775
/qingnan/notebook7a26640af8,668764
/shuangwu/first-trial-1,722689
/shuangwu/have-a-try,668744
/shuangwu/notebookf1346c232a,668741
/sherafgan/lasso-model-for-regression-problem-fa22cb93,668644
/ticmacar/deep-learning-in-the-deep-blue-lb-1-279,668642
/ticmacar/svm-implementation-for-nature-conservatory,668640
/ticmacar/finding-boatids,668632
/ticmacar/fish-detection,668630
/nrupatunga/10-classifier-showdown-in-scikit-learn-03871d4b,668620
/lalthan/notebook468db23f6e,668598
/fuckcraft/notebook4c6a9dacdc,668596
/njindal17/exploratory-study-on-ml-algorithms,668594
/njindal17/visualizing-mean-loss-per-feature-value,668582
/cash0151/notebookb0adf78706,668568
/fuckcraft/notebook88212dcbc6,668552
/markmac/mc-first,668503
/shubam/notebook66cd4d61c7,668467
/dieden/notebooke1b69691a4,668462
/njindal17/all-state-eda-feature-importance,668438
/zanjibar/fork-of-sample-usa-china-korea-2adf5155,668381
/leonardo711/data-manipulation-visualization-cartier-auctions,668338
/taowenwu/notebook53b6fa7826,668236
/cnheider/can-we-improve-by-increasing-variance,668153
/tsyrendylykova/notebook1c697230de,668152
/osamaaref/notebook32041cd253,668099
/markoog/notebook61c8d8c708,668086
/nilkree/test2,668031
/teddian/tensorflow-deep-nn,667954
/teddian/tensorflow-dnnregressor,667946
/qingnan/notebook5c48b8dbed,667932
/ashishagg/roy-s-titanic-notebook,667905
/qingnan/notebookd4214f5cc3,667877
/bluesaturn/visualizing-pca-with-leaf-dataset,667844
/virzy7/visualizing-pca-with-leaf-dataset,667835
/krisuncy/solutions-house-prices-lasso-regression,667808
/jianguangg/notebookff1afb78bf,667781
/bhavnatp/notebook0f053930c4,667761
/technoapurva/notebook7223a108b9,667718
/hjhj21/test2,667713
/zqj127/principal-component-analysis-with-kmeans-visuals,667677
/hudetole/iris-data-with-ggplot-shiny,667673
/krisuncy/notebookb8bea61f9e,667670
/alanleefd/a-journey-through-titanic,667666
/gaggle123/home-advantage-by-country,667653
/qilishia/notebookf93493a04a,667620
/hjhj21/testtest,667600
/jacklongking/conv-net-on-only-2-features,667594
/mollyyyy/notebook8fc79801df,667574
/dxs0501/feature-ranking-w-randomforest-rfe-linear-models,667568
/ch11yx/deep-learning-in-the-deep-blue-lb-1-279,667564
/zhongtao93/tensorflow-s-mushroom-correlation-graph,667563
/tiramisu999/notebookaa592b30ec,667553
/cheral/predict-outcome-for-shelter-animals,668110
/siyidong41/notebooka99b5ac389,667529
/cheral/notebookaf9a8cf3d8,667524
/jaybob20/python-greedy-search,667561
/dmstkd7/notebook0f96dde943,667513
/dmstkd7/notebooka370c1c8e8,667494
/hjhj21/notebook939e2b3173,667489
/cheral/notebookd774918e35,667430
/hjhj21/notebooka39bc5c684,667405
/roger24/notebookf5c9ebff8c,667400
/jitesh2015/notebook5a9f09a0c0,667395
/yotohito/outbrain-eda,667361
/apoorvparmar007/notebook67b16b99b8,667333
/flippedbit/principal-component-analysis-with-kmeans-visuals,667210
/lazyjoe/a-journey-through-titanic-f954f5cc,672136
/chendan08/in-depth-skewed-data-classif-93-recall-acc-now,667194
/auygur/simple-keras-1d-cnn-features-split,667184
/nrupatunga/10-classifier-showdown-in-scikit-learn,667153
/jesusmarcano/notebooka06c6655fc,667125
/ilsetse/activity-prediction-v1,671076
/notaapple/notebook6057cd1c9a,667104
/markok7/notebook2bdf7186b3,667080
/rameshk/basic-ml-best-of-10-classifiers,667048
/qingnan/notebook2b3bd78c93,667042
/jituaswani/titanic-survivorship-analysis,667033
/qingnan/notebook59711e3ad0,667020
/rocen1108/a-journey-through-titanic-32241c2f,666935
/adashofsomething/notebook51fef47eca,666929
/adashofsomething/juststarting,666928
/bparra/notebookc22138cf25,666927
/jepson/panda,666917
/tahameco/step-by-step-house-price-prediction-r-2-0-77,666889
/scottlittle/tsne-pca-quick-and-dirty-visuals,666883
/lelezhang/detecting-night-photos,666871
/geek4002/house-prices-explore-features-and-xgboost,666854
/cocolombo/tsne-pca-quick-and-dirty-visuals,666792
/albertahero/feature-ranking-w-randomforest-rfe-linear-models,666749
/alimah/principal-component-analysis-with-kmeans-visuals,666727
/italiansadie/step-by-step-house-price-prediction-r-2-0-77,666718
/talentwaiting/unexpected-patterns,666709
/wfarah/notebook691a5591c3,666704
/famersbs/notebookc3369aba65,666700
/smackdemanding/have-we-become-more-polarized,666690
/timmyy/death-by-suicide,666689
/rojre1979/a-journey-through-titanic-9722ade4,666679
/diganth/notebook5719405a57,666650
/leashrosy/have-we-become-more-polarized,666635
/leashrosy/principal-component-analysis-with-kmeans-visuals,666625
/poolatte/test-tugas-kuliah,666589
/pankajb64/notebook9f70f68d30,666495
/thornhale/notebookaa33263bcf,666486
/melodiclantern/notebooka6d1846952,666469
/ericrlau/nature-conserv-nb1,666357
/mspakuru/mapping-global-terror-matplotlib-version-2,666353
/sjoly123/deep-learning-in-the-deep-blue-lb-1-279,666324
/nvvrajesh/notebookafc7225f0e,666300
/aqeelahayati/notebook15c9e8aac6,666285
/jfleisc2/prediction-with-seasonal-arima,666271
/akindolud/keras-convnet-lb-0-0052-w-visualization,672509
/prashant1423/comparing-various-ml-models-roc-curve-comparison,666254
/samlmolnar/notebook5d862f5de9,666252
/binilg/can-we-improve-by-increasing-variance,666251
/pcjung/titanic-test,666229
/antgoldbloom/us-college-sailing-rankings-d6ced7cf,666224
/veereshelango/word2vec,666182
/cocolombo/nips-analysis,666175
/akindolud/python-data-visualizations,666165
/gurtej/exploring-india-with-ggplot2,666164
/jfbuss/iris-classification,666163
/jfbuss/notebooke87cc855a2,666153
/cocolombo/notebook70f74d1595,666152
/dstromae/test-mcc,666154
/yelenagor/notebook28870b2c35,666140
/chendan08/exploratory-study-on-ml-algorithms-3fe586f4,666126
/moaahmad/look-at-stats-guess-position,666234
/takloonng/a-study-on-regression-applied-to-the-ames-dataset,666005
/aaasss/notebookd9a592061c,665987
/mathewsavage/notebookdd753985dc,665979
/chendan08/xgboost-with-optimized-offsets,665890
/yanbohuang/a-journey-through-titanic,665889
/yj7082126/tensorflow-deep-nn-83ff5038,665841
/sureshmahadevan/notebook6f91309386,665816
/toporischev/a-journey-through-titanic,665801
/sn7ghost/a-journey-through-titanic-forked-notebook,665831
/radhikak1/notebooka9a0cdd9ec,665750
/nohitwonder/have-we-become-more-polarized,665726
/sherafgan/lasso-model-for-regression-problem,665698
/spidermanxyz/a-cluster-of-colors-principal-component-analysis,665692
/samizdat/notebook0dda4f9953,665615
/armaniferrante/catdognet-keras-convnet-starter,665574
/domainsindex/second-level-domains,665567
/rjvalipour/notebookedac321d85,665557
/linzhu/notebook3634398737,665554
/lakshya1605/titanic,665545
/headliner/feature-ranking-w-randomforest-rfe-linear-models,665533
/shashis/notebookb9afc90906,665525
/azhariz/a-journey-through-titanic,665425
/sebastianljs/tensorflow-deep-nn,665420
/nvvrajesh/notebooka8476f2aa6,665405
/davidzw/notebook7854121b86,665268
/surajrusc/notebookc2901e220b,665251
/p0nyque/var-1-0,665249
/sandeep8530/feature-importance-v1,665189
/dataion/notebook6403404b3d,665106
/tlakatlekutl/notebook017a1451f5,665097
/tlakatlekutl/notebook0134ee9d65,665075
/tlakatlekutl/notebook9c7084c76d,665052
/dtsinis/notebook82a5a1f1b0,665040
/gtrimarc/outbrain-eda-c9f29910,665037
/bjsimonett/notebook2d1bff9994,664969
/arjoonn/notebookabadacaba5,664925
/jinrui/script9375-12500,664938
/ruveyda/notebooke50a9786ad,664903
/csvreel/notebook0ed9d1ad4a,664841
/csvreel/notebook548a1feca7,664832
/sn7ghost/notebook8d2f418d7a,664801
/vimal1083/celebrity-death-analysis,664763
/jurrienembrechts/neurohacking-in-r-week2-lecture1-data-structures,664719
/ryutek/is-landing-access-for-ad-clicks-in-page-views-csv,664604
/gtrimarc/notebook135f66be2b,664487
/ghdeng/notebook85f7a24e3e,664458
/tdurchde/notebook59439f6884,664451
/rnmoran2/notebook85ee96b06f,664450
/andreybazhan/a-journey-through-titanic,664397
/tdurchde/house-prices-advanced-regression-techniques,664370
/arnawldo/notebook69a1976abe,664308
/lingyuzhu/a-journey-through-titanic,664293
/impulpfree/notebook6cc828a3f1,664284
/baharr/surviving-random-forest-and-logistic-regression,664233
/ayaseeli/random-forest-mushroom,664211
/elmiramb/python-data-visualizations-ea6d88f3,664188
/baharr/titanic-best-working-classifier-7a5368ee,664164
/rajeshwargaini/a-journey-through-titanic,664147
/howardhuo/notebookb0c1c226c4,664141
/erikxiang/notebook66f5fff030,664114
/nnjam2/notebooke487cd3e52,664103
