/ingridlai/wow0-0,131941
/martijn/test1,131928
/niranjansonachalam/airbnb,132976
/dsj529/quotepredictor2,139715
/swiggityswooty/testtt,131474
/dlsiii/an-initial-look-at-the-variables,131419
/dgamelin/djg12,131060
/jhereztaylor/data-exploration,133193
/konjunyiha/working-with-pandas-and-scikit-learn,131290
/skoblikova/trial-version,130518
/tomrod/categoricals-categoricals-everywhere,130309
/geledek/test1234,130301
/mdasadul/homesite,130226
/damiengo/tests,136912
/naiveadam/titanic-attemp-datasci-course,129549
/jgcasatejada/primero,129447
/naiveadam/titanic-attempt-in-r-datasci-course,129451
/lavinei/santa,129238
/trizzzat/test1,129164
/astikg/xgb-v1,129062
/pchitta/krls-try,135741
/jeffmoser/soundex-playground,129242
/dionhagan/airbnb-classify,128767
/damiengo/data-exploring,3420022
/prakashanand/first-model,128558
/briantcs/santas,128282
/sunnymarius/best-way,134468
/ryannroach/original,128213
/zhaoy6/hillary-clinton-emails,128480
/syroejka/prudential-new,128115
/ajcarts/testscript2-r,128079
/gshs27/dsadsa,127789
/profversaggi/new-titanic-script,127535
/davidsl83/cuaderno,127695
/syroejka/prudential-xgboost,127131
/karthikeya/test123,126837
/etherqua/feature-study,126836
/benhamner/playground-4,219456
/sleepbag/xgb-test,127118
/tysontrotter/digit-recognizer-tt,126527
/theiya/votingccript,126419
/ldw4678/preproceing-py,128411
/kelzha/hello-py,126090
/xchen78/randomf,126011
/gsubramanian/randomforest,128584
/jalywu/test01,125850
/xchen78/fit-lm,125738
/xchen78/simp1,125702
/xchen78/simple-2,125677
/safyan/santa,125594
/thibaut95k/knn-test,125547
/gau2112/my-first-script,125431
/srwalker101/srw-test,1168539
/monikabhajipale/what-s-cooking,125706
/ginnyhu/sfcrime,125236
/happywang/rtest,125186
/brianconnorflynn/prudential,125052
/jingtao/final,125031
/pdcmarques/teste,1124833
/feixiaoke/firsttry,124771
/guschadney/sandpit,125317
/juanlopez/first-script,124648
/marjancugmas/my-cooking,124636
/weichen618/titanic-r01,124600
/vkhash/first,124461
/lolatu2/testing,124766
/rcolomina/randomforestrecognizer,124221
/billzheng/mnist-bill,123825
/tomkooij/santa,123674
/savioz/testsavioz,123664
/thomasburr/testsd,123495
/fsharifi/test-all,122940
/erfansa/first-try,123076
/stlstl/first-test-script,163571
/dimaiyou/naive,143149
/theskulls/firsttest,122506
/justingosses/test-v1-tutorial,122435
/maxibloba/hello,121924
/jakub314/randomforest,121796
/benhamner/r-default-script-4,121286
/miaohe1/abcdef,120862
/leannelong3/r-random-forest,122014
/marvinbertin/testmarv,120347
/amarbayasgalan/projectz,120252
/konjunyiha/first-try-py,128331
/langtao/network,120465
/ranjit/neural-network-for-sales,119929
/zcyzcyzcy/testsfcrime,120021
/abdelwadoud/test3,119567
/zhouchangwei/aaaaaa,119540
/pappukrjha/raw-model,122070
/abdelwadoud/test2,119268
/langtao/reddit-co-comment,119908
/abdelwadoud/test1,128139
/amanrastogi/amanr,118706
/dumbo44/jjjjj,118666
/knottb/test-notmine,118695
/chopra/xgb103,118455
/chengjiun/test-01,118164
/dsj529/quotepredictor,131588
/mnoguchi/titanic-pandas,118247
/nigelcarpenter/shiny-test,1189499
/isawjet/rossmann1,117875
/life2short/testss,117787
/chenhagn/test-1,117501
/replacedwings/testa,116956
/cbourguignat/test01,116659
/sweeth/xyz-1,117616
/merico/new-title,116602
/jacospa/test123,116587
/schubbei/titanic,116352
/dsj529/cookingforest,121308
/datasj/trymodel,119386
/spattigilli/check,115560
/datacanary/igraph-version,124427
/camdenclark/ipythontesting,115421
/schneid/hello-world,115206
/saurabh1331/gbm-test,115225
/aikinogard/ndf-leak-short,115165
/erm93ct/mgmt-6963-kaggle-2,115483
/sudipta2015/abcdef,115884
/metabyr/swordart,115353
/ryanhausen/titanic-mlp,114365
/qsuire/exploration,114184
/mtjandra/testing,114124
/sisira/random-forest,114102
/bin0511/h2o-bintest,114733
/lnddzy/decision-tree,115146
/danielbeckstein/test-1a,113525
/jinzhao672/testcase1,113476
/yuenyuenwha/randomffff,114619
/dynastyking/test1,114857
/sharongao/random-forest,113360
/pippobaudos/my-notebook,113339
/sharongao/decision-tree,114389
/maorsh94/maorsh,112849
/zenghua2013/airbnb1,112720
/mvmlima/san-francisco-with-ggvis,112589
/ehsquared/grabsomecsv,116238
/gaelrichard/titanic-gr,112323
/sweetsyrup/airbnb-eda,133540
/rajapasupuleti/testnotebook,111034
/hamaki/lit-ml,166404
/hamaki/xxxxxxxxx,166382
/shivaniginde/kaggle2,112659
/haleys/test1,110591
/jiangh34/test1,110400
/shivaniginde/kaggle-2,113157
/hrsels/digrec,110746
/sinekor/test01,109843
/fhersso/trend-plot,137420
/chopra/randomforestsmall,109644
/vgediger/try1def,120086
/fakhridean/testing,109474
/wizzkid/testing,109257
/rjollet/reply,133138
/wen036/digit-recognizer,108737
/konyavic/initial-test,108676
/pjpaulpj/titanic,108647
/gcampbell/conversion-prediction,108835
/stardestroyer85/qwerty,108307
/srushtipai/titanic-survival-games,108247
/stardestroyer85/cs100-assignment1,108179
/scottlpartacz/first-try,108415
/stardestroyer85/cs100-assignment,108159
/majonglin/test1234,108130
/ankurbhartiya/plotting1-py,108209
/mhzx20/first-blood,107984
/chrislauinger/lr-benchmark,107895
/jsalas4/blahhhh,107532
/jsalas4/workshop,107505
/craigaddyman/titanic,109747
/ankurbhartiya/titanicpy2,107375
/sars715/kzx-test,107260
/youlitong/script-py,107217
/kalifou/crimes,117714
/monilshaah/test1,107097
/philiphossu/test-w-used-pieces,108434
/datacanary/python-template-script,106995
/mberger33/exploring-the-us-census,106933
/skrogfoss/testscript,108453
/thecodegod/titanic,106841
/kragle285/titanic-dataset,106767
/mohsinh/marki,106835
/michaelee/cs-100-demo,106722
/ankurbhartiya/titanicpy1,107253
/nisommer/test-scripts-notebook,106609
/natusvincere/vjezba,106219
/gustavodemari/rossman-store,106047
/pchitta/hybrid-gmdh-tslm-try,107143
/pdraznik/testing,106393
/klooonal/nnagain,107395
/cast42/test1,105657
/klooonal/three,105706
/cs14dataminer/my-cooking-rpart,105751
/uditsaini/python-1,105357
/klooonal/testcook,107548
/shankarpandala/titanic-submission-using-python,105214
/zhugds/extract-data,104979
/benjaryu/titanic-kaggle-1,104973
