/muxiaoqing/notebook54ba0402f7,360400
/udayvakalapudi/notebook2e8ecce8cb,360397
/israelmugunga/notebook2ae06c6fbf,360392
/khoaipx/notebookd75588727e,360361
/akashansari/notebook0e53e1ea22,360348
/sparktsao/notebook8dc127bd12,360339
/pmanwani/notebookd04be75a27,360325
/nileshsutar/a-journey-through-titanic-00f63242,360507
/mingyuz/notebookd9ffd20c44,360285
/qintxx/a-linear-model-on-apps-and-labels,360282
/sachin0/notebook75a6f5a3cc,360280
/jakubsvehla/notebook036e08b343,360272
/saikumarallaka/notebook8211170db8,360268
/mxu12yz/notebook9f537a84b0,360261
/c1ozbek/notebookeb659140ca,360259
/willace/notebookd3e2b6a602,360258
/nysun325/notebook8e380fd35a,360241
/gaganminhas/notebooke617dcf784,360237
/jc5000/notebook8bb1ce62f5,360235
/wst1118/notebook254f3fb9ca,360234
/robinlai/python-data-visualizations,360229
/soocoolee/notebook582e28de4a,360225
/izzylove9923/and-the-most-unusual-pokemon-is,360224
/xiaofei/notebook957a623e89,360223
/ferrarisf50/notebook2a9eb6ebe3,360222
/yamal0615/notebook09399aaf5a,360221
/redaaffane/digit-recognizer-in-python-using-cnn,360211
/diane1229/notebookd34d4a251a,360197
/keerthisaran/notebook948580b7ec,360193
/samuelli/notebookd6c1ea30ba,360128
/gaurav1411/yc-exploratory-4679808a,360104
/rainorwang/notebooka2aa1bd482,360101
/fighterlxd/notebook19979b8dee,360051
/pyxide/yc-exploratory,360039
/hisuka/notebook5c999bf164,360023
/pyxide/notebookd98952e071,360017
/lalosam369/notebook44ed454dc7,360016
/jc052341/notebook8f4035ac23,360012
/anthonybloomer/notebook47dbf5de9b,359996
/anthonybloomer/notebook94459b1048,359994
/jmorel/notebook5bf00bc07b,359960
/mdtarequekhan/yc-exploratory,359958
/alijs1/seizure-boost-0-6-lb,478402
/biembbiessola/time-travel-eda,359951
/dlf3142/tensorflow-deep-nn,359944
/pkrisz5/notebook756fc56cf8,359952
/iamvlejd/notebookcb14ed4e32,359935
/kandra79/detailed-data-exploration-in-python,359933
/databiomining/notebook7ec8600ae5,359930
/charleslu/tensorflow-deep-nn,359925
/splendidbird/kaggle-titanic-001,359919
/nlanaro/notebook95387ab554,359909
/itsmeumesh/notebook5ac4fbe997,359903
/syntactic/notebook476d0d7191,359874
/shihaozhang/notebookc4ac3891d7,359856
/prasencreate/notebookd83902de73,359850
/jdeena/notebook987fdf7e66,359835
/kyriakopou/python-data-visualizations,359831
/feanolmo/single-unified-table-0-94-sklearn,359821
/ermochi/notebook7b260e4e4e,359822
/itsmeumesh/notebookd2c6537f05,359774
/vedgupta/notebookfc31ce0296,359765
/ygdrasil/notebook7792e36689,359763
/dualphase/python-data-visualizations,359746
/uditsaini/notebook38b8a327d4,359756
/fiberleif/notebook749155d842,359678
/bytekiller/notebook41433429c6,359663
/bytekiller/notebook62e305f77a,359656
/hskksk/activity-cluster,359652
/lucacanali/notebookd4c97e7739,359651
/ermirq/omg-nlp-with-the-djia-and-reddit,380245
/abheet22/notebook144706dd02,359567
/roelpi/notebook664fcd8699,359548
/neeraj1519/notebook0753e0b9f2,359868
/takumn/notebookb89b0312ee,359491
/sunlung/notebook77cf266230,359474
/abheet22/notebook073fb026d4,359456
/joancardonasa/notebook795fd1a7ff,359445
/rgaur726/temperature-variation-of-india,359440
/vijaydwivedi/notebook200ade3835,359435
/popoago/notebooka0adda0b7e,359414
/naeimrezaeian/notebookac79307f6d,359403
/vijaydwivedi/notebook8412c423ad,359400
/linseyplz/visualizing-pok-mon-stats-with-seaborn,359399
/bharath4246/notebook8c6d5e8d74,359387
/zhougt/notebook6a2ec5a85f,359364
/vibhorsood/who-not-to-fly-with-37566450,360609
/kathleentang28/notebook8dfeb42de0,359342
/premchand10/notebookc37a076e89,359338
/rajeevprasanna/notebook08a73c159c,359337
/latuji/python-data-visualizations,359309
/dsodso/notebook7cf566dbdf,359308
/ryutek/lb-0-987-group-1-and-date-trick,359334
/anujgrover/redhat-humds,361165
/kyleockerlund/notebookc816b7d584,359277
/eric81905/dataset-walk-through-911,360121
/haifengxu9/notebookf9da341b81,359275
/ljofre/notebooke707633c14,359268
/cefahey/notebook15f0f462df,359262
/umslspencer/notebook5aa9134ad1,359207
/reshsekar15/notebook6612dec3dd,359200
/darshanms1991/notebooka5a4ae6018,359193
/spagadala/notebooke5050133b3,359177
/nickgriffith/notebook3f8d3595f3,359162
/datadong/python-data-visualizations,359167
/leenas/iris-classification-scikit-learn-practice,359153
/brianv/notebookd1c89a801e,359132
/supersubmarine/notebook5f3339a05c,359114
/leenas/python-data-visualizations,359113
/devinanzelmo/notebook586d48087b,359104
/airlinecos/notebookb2a3e0aa35,359102
/aakashnain/notebook0a6efdf823,359089
/leenas/kaggle-practice101-titanic,359087
/leenas/notebook49cbda6a0c,359066
/jelenakitanovic/notebook6e7e5c31b3,359056
/kevinspahr/a-journey-through-titanic-d316302b,360980
/andrewclee/python-data-visualizations,359021
/samedelstein/notebookc3f840e1d0,358993
/nikhilgoyal/notebook2bdf79764c,358976
/amroy4u/redhat-humds,363460
/anujgrover/notebook349694e1ad,358968
/overratedgman/notebook3bd436aff6,358959
/amroy4u/notebook8cded22892,358957
/ericnana/fork-of-newbie-trying-to-save-the-titanic,364765
/adityakumarsinha/raddar-0-98-trying-with-gbtree,359001
/leenas/a-journey-through-titanic,359035
/saikumarallaka/notebook5e511ad9bd,358913
/usharma/notebooka9205da1ef,358904
/yuyanglao/notebook64dc1d11d9,358903
/konnermacias/notebook8c236e5c79,358897
/bubica/notebookc4e7b4c358,358896
/saikumarallaka/notebook787a8d9997,358888
/sahildur/titanic,360895
/rambler1/notebook5b187aaf26,360178
/robmarkcole/who-not-to-fly-with,358854
/quadmx08/notebook869248db3a,358853
/robmarkcole/a-journey-through-titanic,358839
/jacobtardieu/notebookd7bf175335,358828
/kevintan101/notebook73ee747662,358812
/zerotang/first-testing,359341
/celiacelia/notebookc85d1996d7,358806
/nytcynthia/notebook20cce67597,358808
/caiomsouza/basic-feature-exploration,358801
/playfulsynapse/notebook64b05aea2c,358799
/playfulsynapse/notebook62ef37cae8,358777
/coffeycathal/random-forest-benchmark-r,358772
/danielviray/notebookc65fdb9ee5,1333842
/playfulsynapse/notebook3ef86e0b65,358747
/insightsfromdata/lendingdatainitialanalysis,358745
/utpaljaynadiger/notebook8c3b8e9485,358735
/halvarian/notebook41c39bfd52,358668
/sankethmopuru/notebooke7a9bfa67b,358656
/cristianpachon/notebook2bac28be72,358642
/digvijayvyas/notebooked9e6ec425,358639
/milin15/notebookd874ec16eb,358632
/sankethmopuru/notebook06a9f4e762,358630
/srwalker101/notebook6b9315d3af,358611
/sankethmopuru/notebookba65b9802f,358603
/raviraj/notebook11646ad36b,358561
/olgierdmic/notebook6679979a4e,1808144
/jinrui/notebook6dbae34d16,358552
/ludejun/notebook83371c5509,358542
/rmatam/notebook719d6c7dea,358482
/rmatam/a-song-of-data-and-science,358479
/jinukim/notebook7ea6748b2d,358477
/nilesh341/pikachu-vs-bulbasaur-matchup,358473
/sabiipoks/exploratory-analysis-and-predictions-got,358455
/jinrui/a-journey-through-titanic,358446
/sabiipoks/tensorflow-deep-nn,358444
/jasmeetsb/notebook5d4c050a77,358436
/barley99/tensorflow-deep-nn-try,358435
/gautamkamath/notebookc1bd4255d3,358424
/babatee/notebookef8e0ab80c,366586
/bharath4246/notebookca5b24d4aa,358388
/bennnn/notebook388b183773,358377
/icecreamot/notebookd50392ed0e,358354
/cpk123/data-exploring-part-1-indicators,358355
/flyingbee/a-journey-through-titanic,358348
/friedheim/notebook214f4e8b80,358344
/postdemian/notebook938630c7f4,358337
/sunnyrain/notebook33c1302da8,358332
/lilixu/notebook0125cd9858,358320
/bankhv/prefixes-lookup-0-22,358318
/xalamine/notebook411568c260,358307
/prabhudatta/notebook253fc75f72,358298
/emanreyalp/a-journey-through-titanic,358289
/czarnik/notebook8076b821ee,358253
/rddunlap/exploratory-analysis-and-predictions,358228
/ravijp/predict-hotel-type-with-pandas,358226
/openneuron/notebook78bb03120c,358213
/prabhudatta/time-travel-eda,358239
/jdlecy/notebookcfe79dcc1a,358200
/jasonlengxm/notebookd64ff3a5fe,358191
/apapiu/notebookfc8a4e2010,358162
/platzh1rsch/notebook6bcecbee50,358150
/katerynad/ignore,359382
/speedoheck/notebookc9a49d5a9b,358130
/perttu/notebook41d6e93c6c,358120
/tranquynhnhu/notebookd2ba711eb0,358107
/kyleockerlund/notebookb52b3464ef,358082
