/masonzhang/notebookefea5308df,340590
/ledaduelo/exploring-email-topics,340589
/rorsas2013g/recurrence-relation,340577
/whonghui/notebook4eb99d6518,340557
/jianyiyang/a-journey-through-titanic,344864
/hsong3/tensorflow-deep-nn,340536
/mahewitt/titanic-entry,341198
/mkarutz/tensorflow-deep-nn,340530
/teampiratez/notebook086327dc7c,340527
/soungno/notebook406519d30e,340521
/barca1990/a-linear-model-on-apps-and-labels,340822
/chaoji23/notebook3dd64910ec,341528
/songsong/notebook208ac41fb5,340446
/sieggie/squad-visualization-xy-coordinate,340441
/simonkwame/exploring-us-baby-names,340439
/walmaguer1/notebook94f5f5f425,340434
/yuefuzi/notebook184e39e2c2,340431
/shalabhgupta/python-ver-of-group-1-and-date-trick,340429
/preethikandhalu/a-journey-through-titanic-dcf39c10,340414
/tyc00n/python-data-visualizations,340433
/omarsultan/single-unified-table-0-94-sklearn,340410
/rolentle/notebook6290a95efd,340409
/clocasto/notebook949f045350,340407
/july7p/talking-data-e5a0034d,340495
/mschou/tensorflow-deep-nn,340391
/minimini/notebookc0343fdab2,340385
/bhandarytejas92/notebook968a5f8307,340384
/vthummadi/notebooke0247ccda2,340381
/demarcusthomas601/notebook5136665ad2,340377
/riteshsoni/notebook5df8873e3c,340364
/tanlikesmath/notebook158f981c65,340360
/kbechtel/a-journey-through-titanic,340338
/asikhalaban/investigating-time-and-day-and-gender,340295
/ryankresse/exploring-products-94b51406,340318
/ryankresse/exploring-products-74a59149,340288
/snie1992/notebook571a85b706,6429223
/jennysy2002/bag-of-apps-keras-11-08-16-2,340269
/ryankresse/exploring-products,340262
/jovidam/notebooka6a461d497,340260
/jkatsnelson/notebook1955bf333e,340255
/sstudyer/a-journey-through-titanic,340543
/fonsete90/notebook554285c624,340231
/mcw0089/notebook2888639060,340178
/edwardbunt/notebook21f51e82a0,340171
/jennysy2002/a-linear-model-on-apps-and-labels-40045192,340142
/vincentrusso/notebookc1ba5ba739,340133
/otwordsne1/notebook9fe5e2a3f9,340337
/aheyman11/notebook187662fdeb,340073
/currie32/notebook76a102506f,340042
/fuhang/notebookd9f8a41954,340041
/jeankunz/notebookfa6db23cf1,340025
/wenxuanchen/notebook49b2aa6119,339985
/yuzhourady/notebookf566076b13,339923
/gabrielalmeida/notebook54360fcd9b,339908
/schekuri/notebook9817fcf6b5,339894
/jonathanbowman/datapreproccessing,339881
/fehiepsi/notebookd514a8da15,339865
/yanzhicong/notebook8352da7052,339753
/sandipayan/food-cloud,339743
/vikash/notebook11d3f7233d,339732
/sandipayan/notebook50ccab3b96,339708
/tomdickson/notebook4e8d060039,339707
/amitmse/notebook6244211f2c,339692
/crebolledo/notebookeeb6cfca21,339688
/zanjibar/japan-usa,351413
/sandeepb2003/notebookb18e63fd36,339680
/ebrion/notebook771e82a4fb,339676
/mauriziopinto/notebookad0106329b,339661
/phanyoung/notebooka5f91ba83c,339647
/patrickpitoscia/notebookea86d7f59f,1547363
/priyanka6622/notebook11ec1eb11f,339671
/mrstas/notebookd8006e96bb,339713
/rhart96/notebook8208f2f394,339537
/duncan1213/notebook779398d00f,339675
/addiction/a-journey-through-titanic,339568
/ashishsehgal/notebook5c4acdb345,339490
/mahewitt/notebook4ff2a657d0,339487
/zishan/notebook97ecaed330,339486
/bablookumarroy/notebooke90da27156,339480
/dilshod/notebook81f748f0e2,339455
/dilshod/notebook13b2e3dc68,339454
/zishan/notebookf86ab57d1e,339450
/ivelin/notebook285bc072d8,339440
/aluminalab/visualizing-knn-svm-and-xgboost-on-iris-dataset,339442
/gykovacs/notebooka19baa2951,339432
/msamogh/exploring-features,339418
/shreyashsaraf/notebook3b8bf0625c,339385
/whatx4/notebook0d07968468,339375
/alphyelsa/a-journey-through-titanic,353300
/shijianjiqi/notebook-demo,339350
/simonwong/notebooke2c1233af5,339345
/doublefox/brand-and-model-based-benchmarks,339311
/siddharthtandon/notebook880f65723e,339275
/vamshivjkrsna/a-journey-through-titanic,339236
/ssu008/three-level-classification-architecture,339234
/chenchaodev/notebookefe70bc55e,339232
/tannishk/notebook8b5f170839,339226
/indigan/notebook961abc1a53,339222
/istew27/python-data-visualizations,339218
/chenchaodev/a-linear-model-on-apps-and-labels,339216
/mengrayan/notebookaca0442dc8,339261
/ymubarka/notebookf83e9ac6ac,339149
/rahulr7/notebooka64ab58517,339143
/sailfish/notebook742cad1376,339134
/shijianjiqi/python-data-visualizations,339125
/mahewitt/a-journey-through-titanic,339387
/hermit84/notebook92bb36b810,339075
/henry1116/a-journey-through-titanic,339074
/reemabdul/notebook036c7f54a0,339064
/simonlo/notebookb6f068399c,339061
/jasminegoel/notebooke23d5fcecc,339054
/luokai/brand-and-model-based-benchmarks-90851231,339249
/ericwbzhang/notebook3bfa1da47e,339024
/kimishpatel/notebook6df0ee2420,339023
/lightcode/notebookcc1a761ef7,339000
/leomcl/notebook2d6b531eb0,338995
/emotiv/visualizing-iris-dataset,340233
/wqchen/geolocation-visualisations,338967
/dabravolski/notebookce24a5fc42,341481
/christopherbeckham/notebook4c8ade3b7b,338914
/naveensaim/notebook65a62efd39,338887
/hshewood/a-journey-through-titanic,338882
/danicodes/notebooka43c8d5eb8,338865
/danicodes/notebookccc08b0804,338862
/bcclaro/notebook75e617c86f,338858
/gyzhang328/python-data-visualizations,338848
/youngforyou/python-for-padawans,339519
/param1/notebook621b95220c,338816
/mchirico/notebookd284743a8d,338812
/binggong/fork-of-notebook3732e7a808-6fc92e71,351649
/xsardas/notebook24cb34deb9,338810
/shihaozhang/a-linear-model-on-apps-and-labels,338802
/arbintimilsina/a-journey-through-titanic-1332c1a0,338799
/binggong/fork-of-notebook3732e7a808,338771
/admitry/notebook8d18d22672,338741
/rbbarclay/notebookc711f6c71f,338721
/derekknelson/notebook984ebafb6b,338719
/jmartinezuy/a-journey-through-titanic,342360
/flaviut/notebooke44c0f0271,338712
/ivadev/notebooka409dd4719,338697
/lvxiuyuan90/tensorflow-deep-nn,338695
/jmartinezuy/horse-runner-uy,342359
/naeemulhassan/notebook738d08971a,338674
/chuanfuyap/notebooka0fdc26bfe,338664
/chipsy/notebook7c7d0eaf4b,338661
/gloriommy/notebook1b40bfca64,338653
/jacoph/notebook08aeda5f1a,338599
/chipsy/notebook7d16279050,338613
/sunilkumarpotnuru/notebookde94b2b8cf,338570
/curtista/notebook10ed2d9dbe,338540
/majacaci00/notebook793ab18d61,338539
/wywang/brand-and-model-based-benchmarks-b36fa25f,338533
/tomaszmikus/a-journey-through-titanic,338528
/jacoph/notebook87e33124f1,338517
/alijs1/raddar-goes-ham-with-leak,360353
/hkarimi/notebook30aa00ee6c,338488
/binggong/notebook3732e7a808,343006
/aakashnain/redhatxgbnew,363681
/raspoutyne/notebook339111fcc9,338457
/priyadwivedi/a-journey-through-titanic,338866
/duncan1213/notebook9c14ac3c6b,338394
/phuocd/notebook0e4268c33a,338387
/phuocd/notebookf414f06ad6,338386
/jasonkuruzovich/a-journey-through-rossmann-stores,338358
/nolantj/notebookc823d9b474,338524
/victoriano/notebook64e3800e2c,338328
/iclarke/airline-sentiment-part-1,338317
/shuaiwang/time-travel-eda,338432
/temaaaaa/notebook4599c96912,338298
/joaomarcosgris/notebookf5af4dd700,338291
/baliiint/notebook712dde7bb6,338286
/tracholar/notebook3e8dbd9174,338270
/loqutus/notebook3e6eefa01e,338263
/ruining/tensorflow-deep-nn,343783
/valecdb/fingerprints-in-paintings,338228
/kingmbc/notebookb7ec826b43,338213
/acyouzi/match-test-set-to-training-set,338157
/selektamk/example-visualising-data-with-using-matplotlib,339289
/anandg/notebook269d6b89d7,338133
/zhengbuqian/a-journey-through-titanic,338154
/yimpington/dom-city-pairs-94171e7c,339003
/poiss0nriot/classifying-client-type-using-client-names,338084
/zmajdy/notebookecf5d6be4f,338077
/vibhug/low-ram-bag-of-apps,339424
/johnkiran/notebook5ec0d0d4b4,346783
/jamiechung/notebooka516c3d6b3,338972
/matias3/notebookd17d699756,338018
/shivamm/notebook155b038da9,338014
/jasonkarpeles/notebook2688cffe89,338011
/ateexd/knn-from-scratch-in-python-at-97-1,338004
/hypothesize/notebookaecd482dfa,338002
/apo2088/europe-habits,338001
/lemoner/brand-and-model-based-benchmarks-dfc18e09,337999
/sweetsyrup/notebook2a29d97296,337988
/thomashoracesmith/dataset-walk-through-911,339022
/hermit84/dataset-walk-through-911,337968
/jigoum/notebook9c0eec5f64,337967
/fehiepsi/clean-feat-fit-and-submit,337942
/qbytesteven/a-journey-through-titanic,339007
/kierlan/notebookd08b294dc1,337931
