/neshmwaniki/data-cleaning-challenge-json-txt-and-xls,3428419
/nikulkar/data-cleaning-challenge-json-txt-and-xls,3428292
/hiromuber/worldcup,3427937
/spmukherjee/data-cleaning-challenge-json-txt-and-x-712dab,3434028
/tanukisuitc/data-cleaning-challenge-json-txt-and-x-368d5c,3427672
/pnprabakaran/data-cleaning-challenge-json-txt-and-x-26cc48,3428484
/dav204/data-cleaning-challenge-json-txt-and-xls,3427345
/nupuraw/data-cleaning-challenge-json-txt-and-xls,3427463
/sharisochs/data-cleaning-challenge-json-txt-and-xls,3427178
/tverner40/data-cleaning-challenge-json-txt-and-xls,3428302
/dbreez95/mpi-for-kiva-dataset,3426812
/yjalilik/data-cleaning-challenge-handling-missing-values,3427349
/ciparoo/data-cleaning-challenge-json-txt-and-xls,3426959
/chrismiddleton237/data-cleaning-challenge-json-txt-and-x-bbb947,3426683
/vipul92/house-prices-random-forest,3437127
/athosdamiani/regressao-linear-estimativas-dos-betas,3426467
/chauhraj/creating-reading-writing-data-92f070,3427118
/nnorris/data-cleaning-challenge-json-txt-and-xls,3426095
/abdoulsn/data-cleaning-challenge-json-txt-and-x-abdoul,3435200
/mikeghen/merging-data-sets-with-pandas,3425625
/ostaski/data-cleaning-challenge-json-txt-and-xls,3425938
/lmgrymek/data-cleaning-challenge-luke,3427655
/rory81/data-cleaning-challenge-json-txt-and-x-b68e61,3426191
/sebmit/data-cleaning-challenge-json-txt-and-xls,3432831
/thecpshah/data-cleaning-challenge-json-txt-and-xls,3425390
/zeus75/data-cleaning-challenge-json-txt-and-xls,3424913
/yjalilik/data-cleaning-challenge-json-txt-and-xls,3426691
/gbecon/data-cleaning-challenge-json-txt-and-xls,3424933
/barbaracoleman/data-cleaning-challenge-json-txt-and-xls,3424871
/angusmclean/predict-future-sales-attempt,3481962
/samsan/data-cleaning-challenge-json-txt-and-x-d29eb2,3425477
/benjaminwang/titanic-expore-svm-classification,3424352
/ujangfahmi/data-cleaning-challenge-json-txt-and-xls,3424724
/femannso/data-cleaning-challenge-json-txt-and-xls,3425834
/ripudamansingh/data-cleaning-challenge-json-txt-and-xls,3435668
/mik3hall/data-cleaning-challenge-json-txt-and-xls,3424379
/miltonpy/my-first-ml001,3423678
/jangier/data-cleaning-challenge-json-txt-and-xls,3423955
/evimarp/data-cleaning-challenge-json-txt-and-xls,3424626
/mandar2589/data-cleaning-challenge-json-txt-and-xls,3439594
/ourique/how-models-work,3423465
/sugand/data-cleaning-challenge-json-txt-and-xls,3424187
/ak715misra/data-cleaning-challenge-json-txt-and-xls,3424812
/ccaddel/data-cleaning-challenge-json-txt-and-xls,3423880
/garethhughes/data-cleaning-challenge-json-txt-and-x-c1f6b6,3423754
/kamils/anomalous-wage-detection-with-autoencoder-in-r,3424209
/bigdata4u/data-cleaning-challenge-json-txt-and-xls,3423936
/augustgreen/xzyin-start-ml,3429268
/alrpaul83/data-cleaning-challenge-json-txt-and-xls,3423910
/aarono/data-cleaning-challenge-json-txt-and-xls,3423691
/ourique/data-cleaning-challenge-json-txt-and-xls,3423388
/lanqin/data-cleaning-challenge-json-txt-and-xls,3424494
/insanityisoverrated/data-cleaning-challenge-json-txt-and-xls,3423614
/mbeveridge/data-cleaning-challenge-json-txt-and-xls,3432003
/b8li92/data-cleaning-challenge-json-txt-and-xls,3423300
/dmwvanity/data-cleaning-challenge-json-txt-and-x-fa69ed,3423904
/monica07/fork-of-kernel0e854ad4ff,3422851
/ixjnkeewnoxx/data-cleaning-challenge-json-txt-and-xls,3423309
/svaidyam/data-cleaning-challenge-json-txt-and-xls,3436831
/jawadrashid/data-cleaning-challenge-json-txt-and-xls,3425000
/jingfengzhu/data-cleaning-challenge-json-txt-and-xls,3422936
/evimarp/5-day-data-challenge-day-2,3422860
/angad333/data-cleaning-challenge-json-txt-and-xls,3422943
/jacksonisaac/data-cleaning-challenge-json-txt-and-xls,3424241
/jerriek/data-cleaning-challenge-json-txt-and-xls,3425199
/dhanrajvlvd/issue-of-milk-and-eggs,3422530
/dhanrajvlvd/ipl-data-analysis,3422353
/vipinmittal/kernela1177af2fb,3422026
/satya0206/fork-of-exercise-using-select-from-where,3421205
/dmiyake/first-titanic-prediction,3421105
/jihyeseo/rating-eda,3421011
/jihyeseo/python-question-eda-encoding,3421303
/jihyeseo/r-question-eda,3421180
/jihyeseo/eda-flight-accident,3421121
/jihyeseo/interviewee-eda,3420985
/jihyeseo/olympic-eda,3420915
/jihyeseo/nyc-tree-eda,3420853
/evimarp/5-days-data-challenge-day-1,3422151
/jihyeseo/forest-cover-eda,3420803
/jalfano/2nd-degree-pred-try-to-get-8-score-finalpeng,3421263
/jihyeseo/fauna-and-flora-eda,3420782
/jihyeseo/clustering-in-weight-lifting-data,3420587
/jihyeseo/women-shoe-eda,3420533
/briamfx/kernel1b6be20e2b,3477788
/jihyeseo/jupyter-survey-eda,3420490
/jihyeseo/bad-food-eda,3420210
/jihyeseo/extinct-language-eda,3420169
/jihyeseo/gpu-cpu-eda,3420118
/jihyeseo/medical-cost-eda,3419996
/jihyeseo/most-prolific-authors-and-biggest-collaborations,3419955
/jihyeseo/mooc-eda,3419857
/jihyeseo/exo-eda,3419820
/bakakashi/my-first-machine-learning-model,3435845
/jihyeseo/us-census-eda,3419762
/jihyeseo/overdose-eda,3419719
/zairazafar/user-engagement-over-time-and-tweets,3420013
/jihyeseo/mcdonalds-eda,3419275
/jihyeseo/cervical-cancer-eda,3419175
/jihyeseo/murder-eda,3419079
/mozturkmen/talkingdata-yilan-team-solution-for-fraud,3468916
/benjaminvic/esiea-mat4056-td2-resseguier-vic,3418269
/jihyeseo/game-eda,3418054
/jihyeseo/patient-no-show,3418012
/azzamo92/kernel71ddf638b5,3446936
/jihyeseo/yelp-eda-map,3417974
/jihyeseo/movie-eda,3417870
/jihyeseo/nutrition-eda,3417827
/jihyeseo/terrorism-data-eda,3417780
/jihyeseo/need-to-clean-college-and-salary-data,3417728
/aimazin/picking-the-best-model-with-caret-workbook,3418140
/dgrafe/beginner-s-guide-to-image-classification-keras,3417710
/jihyeseo/mushroom-category-variables-eda,3417686
/jihyeseo/breast-cancer-dataframe,3417650
/jihyeseo/speed-dating-df,3417619
/jotham91/housing-prices-data-analysis,3417584
/jihyeseo/shooting-stars-eda,3417526
/vinaykumarkaggle/newnotebook,3428565
/jihyeseo/pokemon-eda,3417270
/jihyeseo/eda-scatter-plot-and-histogram,3417212
/plarmuseau/breast-cancer-prediction-different-classifiers,3417248
/aarono/5-day-data-challenge-day-1-r,3416339
/l0ginx/welcome-to-data-science-in-r-na-vs-imputation,3416325
/omar1981/data-cleaning-challenge-scale-and-normaliz-820da4,3608218
/muhammadhamzasabir/digit-recognizer-using-nn,3415898
/jennivine/something-awesome-4,9097293
/prabhupant/kernel80a969e58f,3414643
/the7oceans/toxic-comment-code,3439851
/jahirod/getting-started-in-r-graphing-data,3417209
/janellchao/crisp-dm-data-mining-using-r,3412065
/jmal116/le7-benchmarks,3411596
/moscowjh/data-cleaning-challenge-scale-and-normaliz-653935,3414422
/moscowjh/data-cleaning-challenge-handling-missing-v-ef2116,3410899
/salma23295/salma-missing-errors,3411479
/safavieh/random-landmark-based-on-train-set-frequency,3440487
/gobes1980/titanic-basic-classification-wip,3422236
/fsiamp/extraction-of-dna-sequences,3409160
/sarima36/fork-of-fork-of-randomforestregressor-fe32c8,3408931
/sdufour/simple-gru-exoplanetfinder-w-keras-f1-upto-1-00,3496395
/aelvyn/pokemon-data-visualization,3418735
/gowthamteja/visualizing-data-with-ggplot2-workbook-168d07,3408295
/vibhasatya/explore-2,3430607
/tamargab/level1-baseline-with-xgb,3435307
/patrigo/digit-recognition-with-cnn,3579471
/tatacoa/data-cleaning-challenge-inconsistent-data-entry,3405746
/varunbhargava17/fork-of-some-eda-on-patients-p,6155925
/tatacoa/data-cleaning-challenge-character-encodings,3405662
/tatacoa/data-cleaning-challenge-parsing-dates,3405546
/sngupta/analysis-of-kiva-crowd-funding,3405588
/tatacoa/data-cleaning-challenge-scale-and-normalize-data,3405232
/pooja26/detecting-idc-using-ml-algos,3403481
/aigeeky/titanic-a-step-by-step-intro-to-machine-learning,3403464
/vijaymit/my-first-kaggle-project-trial,3403506
/kirahman2/exercise-using-select-from-where,3403547
/yuviroc/titanic-a-step-by-step-intro-to-machine-le-d641e2,3402228
/yuviroc/indepth-analysis-visualisations-avito-updated,3402169
/lightondust/5-day-data-challenge-1and2,3405636
/halvinn/data-cleaning-challenge-json-txt-and-xls,3424436
/kunallall/data-cleaning-challenge-inconsistent-data-entry,3401411
/kunallall/data-cleaning-challenge-character-encodings,3401131
/kunallall/data-cleaning-challenge-parsing-dates,3400828
/jiuzhang/numpy-matplotlib-exercise,3400630
/jiuzhang/numpy-matplotlib-complete-version,3400616
/demonlord/neural-nets-structure-formation,3420301
/psd24case/le7-benchmarks-c964c8,3412703
/kunallall/data-cleaning-challenge-scale-and-normaliz-45befb,3400599
/kirahman2/fashion-working,3400048
/zeesun/jiuzhang-knn-sk-learn-c9bf92,3398450
/sionek/testing-random-against-minutes-and-seconds,3397512
/zhiyueyang/spam-email-try-some-vectorizers,3397443
/dxc496/le7-benchmarks,3460957
/evimarp/getting-started-in-r-load-data-into-r,3397695
/tdatta/multivariate-plotting,3396970
/chrispr/prophet,3396310
/cwestby/data-cleaning-challenge-inconsistent-data-entry,3396011
/poigal/rnn-for-classification,3395531
/amitkumarjaiswal/talkingdata-exploratory-data-analysis,3395254
/nababasky/an-interactive-data-science-tutorial,3436946
/ankurnashier/titanic-ml-survival-prediction-model-kernel,3392767
/marcodefalco/getting-started-in-r-load-data-into-r-450c77,3404846
/ypzhangsam/statistical-homework6,3392911
/mvalexander/donorschoose-mlnd-capstone-eda,3582531
/poigal/ann-on-tfidf,3395008
/shaunkee/data-cleaning-challenge-inconsistent-data-entry,3392015
/poigal/cnn-on-glove-word-embedding,3391937
/tkk233/mnist-with-tflearn,3728793
/qiao1111/data-cleaning-challenge-handling-missing-values,3391433
/cwestby/data-cleaning-challenge-parsing-dates,3390974
/psd24case/le7-hyperparameter-tuning-and-dnn,3402021
/ostaski/visualizing-data-with-ggplot2-workbook,3425257
/pranay105/data-cleaning-challenge-handling-missing-values,3390189
/engrjk111/deep-neural-network-keras-way,3388677
/classicpj/data-cleaning-challenge-character-encodings,3388837
/ostaski/visualizing-data-with-ggplot2,3388980
/jordanmicahbennett/fork-of-plant-seedlings-with-cnn-and-image-process,3388732
/marcodefalco/getting-started-in-r-first-steps,3388132
/bushralam/5-day-data-challenge,3387386
/jalfano/titanic-27april2018-small-withnosmallcorrels,3387543
/rajat12345/kerneld1422869fb,3387344
/ololoamoro/my-first-machine-learning-model,3409958
/chaboob/kernel60a85d8b2d,3386336
