/ambarish/dogs-cats-fujisan-s-invasive-species-3,5630501
/yoyoko/learn-python-challenge-day-3-exercises,5630618
/heinct15/exercise-syntax-variables-and-numbers,6047262
/yvettecheb/aicamp-decision-tree-exercise-1,5628986
/cidfelipe/avalia-o-10-09-2018-iesb,5832446
/vitoss/exercise-functions-and-getting-help,5627031
/hotrank/aicamp-decision-tree-exercise-2,5630166
/ankurtyagi/exercise-model-validation,5626499
/vitoss/exercise-syntax-variables-and-numbers,5626307
/ankurtyagi/exercise-your-first-machine-learning-model,5626036
/mayoohy/learn-python-challenge-day-3-exercises,5626599
/hotrank/aicamp-decision-tree-exercise-1,5626366
/ankurtyagi/exercise-explore-your-data,5625216
/ritaamorais/data-cleaning-challenge-scale-and-normaliz-027543,5624089
/niiamoo/regression-challenge-day-1-b3e419,5623190
/morphadron/indexing-selecting-assigning-916511,5635608
/ambarish/dogs-and-cats-image-analysis-2,5622975
/mikesam1992/exercise-lists-1c1f82,5636791
/vinitkumargtech/dogs-vs-cats-capstone-final-rn50-gt,5617285
/alimpolat/alim-subplots,5615707
/alimpolat/alim-styling-your-plots,5614980
/springtree/aicamp-decision-tree-exercise-1-dde74d,5610828
/ushanemani/exercise-underfitting-and-overfitting,5608932
/ushanemani/exercise-model-validation-bd5dd3,5608608
/arpit1094/exercise-booleans-and-conditionals,5609151
/dmxich/an-interactive-data-science-tutorial-51a022,5607830
/dingxwsimon/decision-tree-exercise-3-e16f1a,5608001
/dingxwsimon/aicamp-decision-tree-exercise-2,5607034
/dingxwsimon/aicamp-decision-tree-exercise-1-101d4b,5606444
/hudanivy/aicamp-decision-tree-exercise-1,5631994
/rlagrois/method-chaining-workbook,5646958
/hammadzahidali/lung-deseases-data-analysis,5774711
/rlagrois/renaming-and-combining-workbook,5602093
/wangdsh/exercise-underfitting-and-overfitting,5637785
/moonydeco/manipulating-data-with-the-tidyverse-workb-09d8e2,5599759
/wangdsh/exercise-model-validation,5599906
/ritaamorais/data-cleaning-challenge-handling-missing-values,5599275
/masoudsadri/exercise-machine-learning-competitions,5597311
/sumitdua10/fork-of-salt-images,5876792
/honeysingh/linear-regression-from-zero,5601928
/dustinozhang/creating-reading-and-writing-workbook,5592788
/andyyc/ai-camp-logistic-regression-homework-e97ad5,5592296
/nikhilchaudhary2903/an-interactive-data-science-tutorial,5592597
/hotrank/ai-camp-logistic-regression-homework,5590981
/serenetu/bike-sharing,5623513
/vochicong/compare-various-models-and-hyper-params,5951135
/grimaldo/creating-reading-and-writing-workbook,5588903
/sophomore/nlp-core-tutorial,5675405
/guwuca/decision-tree-exercise-3,5674174
/guwuca/aicamp-decision-tree-exercise-2,5674167
/adamhammond/introduction-to-deep-learning-mp-on-mnist,5625045
/guwuca/ai-camp-logistic-regression-homework-7059db,5586048
/rlagrois/data-types-and-missing-data-workbook,5585909
/yoyoko/learn-python-challenge-day-1-exercises,5580901
/wangdsh/exercise-your-first-machine-learning-model,5579519
/houge008/exercise-strings-and-dictionaries,5593891
/danielhanchen/mark5826-assignment-2-version-2-zid-0-2-4-6-8,5577906
/danielhanchen/mark5826-assignment-2-version-1-zid-1-3-5-7-9,5577549
/walterjiang/exercise-syntax-variables-and-numbers,5608820
/ta9nom/learn-python-challenge-day-6-exercises-1,5922959
/wangdsh/exercise-explore-your-data,5577266
/rashiv72/exercise-syntax-variables-and-numbers,5711284
/dingxwsimon/ai-camp-logistic-regression-homework-07b0bd,5573771
/guwuca/aicamp-decision-tree-exercise-1,5651437
/larijanim/learn-python-challenge-day-6-exercises,5573555
/hudanivy/ai-camp-logistic-regression,5571888
/rebeccaturner/named-entity-recognition-fork-of-ryan-s-nb,5572303
/sabasiddiqi/principal-component-analysis-explained,7623890
/mayoohy/learn-python-challenge-day-2-exercises,5624462
/hudanivy/ai-camp-logistic-regression-homework,5571910
/l2enel/exercise-machine-learning-competitions,5569521
/hudanivy/ai-camp-linear-regression-homework-784e05,5568775
/faheld/exercise-machine-learning-competitions,5580943
/raviraju/using-xgboost-raviraju,5600525
/rlagrois/grouping-and-sorting,5585007
/jaredarcilla/review-sentiment-analysis-with-lstm-submi,5567740
/manvalls/exercise-using-transfer-learning-f88bd3,5563336
/anebzt/fashion-mnist-in-keras,5797639
/falgunim/gradient-descent,5611503
/amanbansal1014/indexing-selecting-assigning,5700857
/varadambika/learn-python-challenge-day-2-exercises,5567326
/mikesam1992/exercise-booleans-and-conditionals-488bb5,5562444
/willtscott/forest-exploration-and-prediction,5962668
/melodyxyz/notebook,5559260
/lengjd/ai-camp-logistic-regression-homework,5557402
/cs4sid/machine-learning-with-xgboost-in-r-workbook,5562105
/zaravee/learn-python-challenge-day-7-exercises-1b91d5,5557330
/zaravee/learn-python-challenge-day-6-exercises-fe4d7f,5557022
/zaravee/learn-python-challenge-day-5-exercises-1bb30e,5556849
/zaravee/learn-python-challenge-day-4-exercises,5556705
/rbchettri1/exercise-syntax-variables-and-numbers-870cd3,5574468
/lilit55/data-cleaning-challenge-inconsistent-data-a8bc91,5555683
/saicomb/titanic-framework-72de1f,5554004
/wangdsh/exercise-working-with-external-libraries,5555043
/yvettecheb/ai-camp-logistic-regression-homework,5665151
/yvettecheb/ai-camp-linear-regression-homework-7ac2b9,5552583
/shubhankb/fork-of-modelling-fraud,5574933
/huirouma/ai-camp-logistic-regression-homework,5550242
/lilit55/data-cleaning-challenge-character-encodings,5551080
/arpitjain007/exercise-machine-learning-competitions,5556757
/lilit55/data-cleaning-challenge-parsing-dates-d7df10,5549698
/lilit55/data-cleaning-challenge-scale-and-normaliz-022bd7,5549095
/vaifai/exercise-syntax-variables-and-numbers,5705217
/notanewbiecoder/exercise-model-validation-714f60,5547946
/jaskarannagi19/lesson-for-kids-with-hand-digit-dataset-fork,5548510
/rlagrois/summary-functions-and-maps-workbook-213cf9,5564618
/mullayilkannan/randomforest-with-knn-imputation-titanic,5610610
/notanewbiecoder/exercise-your-first-machine-learning-model,5546797
/golddigger1943/golddigger-s-titanic-randomforestclassifier,5558112
/zaravee/learn-python-challenge-day-3-exercises,5546238
/zaravee/learn-python-challenge-day-2-exercises-69db70,5545237
/sas2018/nyc-taxi-fare-not-a-learning,5955650
/manvalls/exercise-coding-in-tensorflow-and-keras,5545395
/diff77/k-means-with-pca-without-what-is-better,5551332
/alimpolat/alim-univariate-plotting-with-pandas,5559322
/venkatakrishna1234/exercise-machine-learning-competitions,5539691
/zaravee/learn-python-challenge-day-1-exercises-bc9a65,5542797
/kenejiofor/grouping-and-sorting,5577729
/wangdsh/exercise-strings-and-dictionaries,5545710
/shenba/part-3-gradient-descent-06sep2018,5538355
/shenba/part-1-bank-dataset-05sep2018,9671125
/springtree/ai-camp-logistic-regression-homework-d7fc59,5538371
/varadambika/learn-python-challenge-day-1-exercises,5536807
/sonna0814/knn-framework,5536785
/motorcity/playing-in-the-sandbox-5c3b89,7661661
/wangdsh/exercise-loops-and-list-comprehensions,5536279
/mrshih/exercise-model-validation,5535702
/lilit55/data-cleaning-challenge-handling-missing-v-c9a8f2,5535001
/miguelwelligton/learn-python-challenge-day-4-exercises,5534521
/mojolady/logistic-regression-to-predict-employee-leave,6209451
/balaganabathy/learn-python-challenge-day-7-exercises,5534266
/mrshih/exercise-your-first-machine-learning-model,5533628
/natalia089/learn-python-challenge-day-7-exercises,5533548
/balaganabathy/learn-python-challenge-day-6-exercises,5533009
/natalia089/learn-python-challenge-day-6-exercises,5532377
/serenetu/ai-camp-linear-regression-homework,5532322
/prasunmishra/resnet152-transfer-learning-pre-trained-weights,6111039
/marcelofms/house-prices-adv-reg-tech-tensorflow-v5,5645402
/saimeher/exercise-booleans-and-conditionals,5536086
/hammadzahidali/exploratory-analysis-with-seaborn,5907285
/l2enel/exercise-underfitting-and-overfitting,5527526
/aharless/revised-antonova-metric-for-perfect-class-baseline,5531488
/diogomenezesborges/exercise-your-first-machine-learning-model,5526571
/lucasrafaldini/renaming-and-combining-workbook,5548913
/amenegotto/cervical-cancer-analysis-with-keras,5521370
/geek80/exercise-machine-learning-competitions,7820970
/tzahistox/stx-owners-and-deposits,6148194
/alimpolat/alim-exercise-working-with-external-libraries,5522901
/balaganabathy/learn-python-challenge-day-5-exercises,5519241
/ansariarifhusen/exercise-strings-and-dictionaries-7a4452,5534781
/balaganabathy/learn-python-challenge-day-4-exercises,5517707
/shindeshubham85/fork-of-titanic-competition-dataset-predict-e5654e,5519992
/ajayohri/introduction-to-time-series,5517403
/balaganabathy/learn-python-challenge-day-3-exercises,5516719
/verbigenus/learn-python-challenge-day-7-exercises,5517841
/l2enel/exercise-model-validation,5512952
/l2enel/exercise-your-first-machine-learning-model,5512489
/sjaymoon15/learn-python-challenge-day-2-exercises,5511068
/lucasrafaldini/data-types-and-missing-data-workbook,5524920
/avsaditya/exercise-underfitting-and-overfitting,5507412
/lrasmy/apply-fast-ai-lesson-1-on-diab-ret-lr,5531757
/hebaobao/exercise-working-with-external-libraries-0ae081,5505774
/nikhilgupta11/exercise-functions-and-getting-help,5580628
/nikhilgupta11/exercise-syntax-variables-and-numbers-8bd07f,5504050
/alimpolat/alim-exercise-strings-and-dictionaries,5517113
/hebaobao/exercise-strings-and-dictionaries-9e6ef7,5501124
/masbin/learn-python-challenge-day-2-exercises,5517204
/wangdsh/exercise-lists,5498072
/verbigenus/learn-python-challenge-day-6-exercises,5497942
/hebaobao/exercise-lists,5496425
/forestknn/knn-framework,5492531
/masbin/learn-python-challenge-day-1-exercises-8d5b90,5492957
/forestknn/ai-camp-linear-regression-homework,5492209
/lengjd/ai-camp-linear-regression-homework,5491920
/stevenpzchan/exercise-working-with-external-libraries,5492586
/kalidasyan/titanic-framework,5493594
/aoshili/titanic-framework-d3390d,5490377
/forestknn/fork-of-titanic-framework-dd738f,5514276
/carloskl12/feature-extraction-and-matching,6156161
/plarmuseau/mushroom-classification,5880527
/lucasrafaldini/grouping-and-sorting,5502954
/erynvorn/exercise-lists-66340c,5490752
/anupkrgupta11/exercise-syntax-variables-and-numbers,6643564
/dggraham/learn-python-challenge-day-7-exercises,5486888
/shbaran/exercise-functions-and-getting-help,5569686
/vinitkumargtech/dogs-and-cats-final-kernel-resnet50-submission,5485647
/muhammedfathi/fork-of-home-credit-default-risk-competition-my,5517536
/verbigenus/learn-python-challenge-day-5-exercises,5483664
/verbigenus/learn-python-challenge-day-4-exercises,5483095
/andyyc/ai-camp-linear-regression-homework-91fc5c,5482142
/houge008/exercise-lists,5483272
/angeelina/data-cleaning-challenge-handling-missing-values,5481819
/desabats/introduction-to-cnn-keras-0-997-top-6,6005433
/mukul1904/grouping-and-sorting,5478992
/peter0749/acquire-knowledge-of-dating-by-logistic-regression,5494233
/sin2akshay/exercise-syntax-variables-and-numbers,5740525
/mukul1904/summary-functions-and-maps-workbook,5478457
/mukul1904/indexing-selecting-assigning,5477124
/simplymilan/exercise-functions-and-getting-help,5476506
/mukul1904/creating-reading-and-writing-workbook,5476501
