/jeosol/notebook0542a853b7,1027161
/ghicheon/just-testing,988543
/vijaykrishna041/r-language,988498
/tanakajp/notebookb3012a8388,988491
/fengdu78/test5,988476
/fengdu78/test4,988473
/fengdu78/test3,988470
/leozhuo/learning-xgboost,988469
/dinesh30/notebookf14a24e2d5,988466
/fengdu78/test2,988464
/fengdu78/test1,988454
/xiaoranone/notebookd62dc42330,988449
/cambridgelove/notebookc590137599,989314
/iandreariley/notebook33584dec19,988435
/konghu/notebookdffffd29e2,988428
/fengdu78/readdata,988424
/temporal/initial-tests,988438
/jsennn/notebook9e15c73f2a,988410
/karthickkj/notebook8fe1ef6590,988396
/macpy1431/notebookec40f0e4d8,988385
/jafree/notebook93169cd5a0,991258
/naivecharles/notebook82d06ab969,988372
/naivecharles/k-means-neighborhood-clustering,988360
/minus100/notebookd04e5edf51,988344
/minus100/ds-bowl-review-u-net-segmentation-tutorial,988338
/stchau4work/tensor-flow,988335
/oreokraickerz/notebook9b6eb9d4a7,988318
/kyohei4325/notebookfa814a3eed,988312
/ianwunu/test1-py,988301
/kallin/first-script,987287
/cerebralnoodle/notebook7c14909481,987282
/tjyach/notebook9f31364e5e,987269
/kallin/notebookfbc73a12c2,987265
/tjyach/notebookdcb44cc8ae,987260
/vladan/notebook651af68aa7,987250
/flashcube/notebook521b2c8134,987234
/wiggin/detailed-exploratory-data-analysis-using-r,987221
/gmsharpe/notebooka1801de8f9,987168
/gharrisoncarey/notebook749ba990f6,987162
/massiekm/notebookd44003de8e,987158
/millaradam14/notebookd299dda78c,987140
/zmlzeze/breast-cancer-zmlzeze,987134
/ascote/notebookeb0e4d4733,987131
/robertojacome/hello-world-the-data-science-way,987124
/brendanschell/notebook5256a00671,987091
/kaneroy/notebook983d5a3508,987020
/rajendrabt/notebook8684bf921b,987011
/rajendrabt/notebook7ec117db6f,987008
/marcusd/notebookba2423141d,986986
/lucianosb/notebook7c22644bac,986972
,None
/sbleszek/notebook0e23367ab6,986896
/pbhatt/notebookd439d27fd9,986890
/stefaniegreay/notebook20f24184ba,986880
/yinanli/notebookc382283ce8,986841
/sumedhasingla/notebookf6255a54bf,986840
/paopao123/cse258,986837
/huang2017/11111111,986830
/kangzheng/notebook5c3964c37a,986804
/lehisx/a-simple-method,994171
/jeepkd/notebooka1d4224cc3,989501
/mattchr/notebook52c60f21d9,986768
/liwste/position-model-tf-py,986833
/mattchr/notebook7295015860,986763
/dheyvid/notebook1da95f962b,986759
/vk3105/notebook46a7f8a0ea,986751
/kaka2007/titanic,986737
/davidbernat/initial-kernel,986732
/kaka2007/notebookcd398dbfd4,986731
/nishantjain91/notebook967c62b4e0,986722
/ameyashanbhag/titanic-problem,986720
/ameyashanbhag/notebook52dc7ea04b,986715
/lalithaa/notebookad07957225,986703
/axellkir/notebook819d868e0e,986696
/louisjier/notebook3a4608cb3a,986695
/rmrouse88/notebook68e1b134fc,986681
/rmrouse88/notebook21904294be,986680
/zahraatashgahy/notebook47e384c3f3,986668
/vikrant523/learningtitanic-523,986661
/vikrant523/notebookba6ce68b75,986656
/vikrant523/notebooka90a1f9432,986654
/mudit25/notebookd177f1e4e2,988900
/adb991/notebook6e164e38f5,986629
/vagrawal/notebook0807a7ae99,989867
/ravikumarr/new-car-sales-in-norway-eda,986596
/mariomazzarella/digit-recognizer-in-python-using-cnn,986582
/tsfitz/notebook352c29cf12,986560
/shikhir94/first-try,986554
/jupitergranite/notebookb8deb43050,986534
/iamfei/notebook5a96c83298,986528
/georgem/parlapipa,986490
/knighthawk989/notebook2eb1e9d439,986431
/ronaksvyas/notebook2a87d746fb,1002644
/uttam2311/notebookc9f6bea17a,986421
/shreyasbakre/new-car-sales-in-norway-eda,986411
/kevinho7393/notebook83ff7c8bfb,986403
/ronaksvyas/notebookf2a6254599,986395
/ronaksvyas/notebooke30194cbe7,986393
/tejainece/exploring,986392
/gopi34/notebook6b4e7b6b24,986391
/wztwayne/notebookec17fe8826,986370
/yuenshome/my-first-script,1005041
/cemgoktug/test1,986323
/agentdragonborn/notebook4ffca7f406,986251
/lazyjoe/notebook41c81073a4,986228
/lazyjoe/notebook7c8279da53,986220
/divyamaharshi/notebook9a078d0a89,986210
/dodadoda/notebook80b88ce98d,986208
/maggiezhou/youtube8m-test,986203
/tt950214/notebook532b663e2e,986195
/donfuzius/notebook42268181f4,986214
/sureshc/notebook9be352be62,986170
/esrakarabiyik/notebook8f61997a6c,986166
/ivashin/notebook6f695c05eb,986156
/astatus/notebookc6a0c27d82,986150
/astatus/notebook76b519d1a7,986148
/yechang/notebook29a1d23690,986145
/oliver050/notebookbede0a7d70,986143
/atulkamble/notebook99bbc0b0dd,986142
/araya2015/notebook17edc2da5e,986129
/pradnyeshjoshi/notebookc71fa1437b,986108
/alexeylive/notebooka619cade8e,986103
/pareshkamble/notebookb94b4d0f51,986089
/devdaze/notebookbe16dbfde9,986083
/simmerchan/notebookdbc9193ddd,986074
/aadilrafeeque/notebook52adaedee8,986069
/fatai500k/notebookb0cd36b289,986042
/saltfish/notebookb191b2d950,986034
/maheshak04/first-xgboost-try,986027
/qmaruf/notebook9078f48c9b,986019
/jzl921111/notebookdced3425a3,985999
/purnach/firsttest,985981
/purnach/notebook39bc6b49ed,985960
/hanjack/notebook683bf35384,985943
/aakanksha28/notebookb2d9da81a0,985908
/ericdoi/notebookd243ed68c4,985905
/paperdoll/notebook6c2dce1d27,985888
/mangetic356/mxf123,985885
/aiethon/notebook306dea07bb,985922
/artimous/notebook474dc0cbdc,985870
/srimanta/notebookdf89331c59,985867
/srimanta/notebookb33de3df40,985859
/autumnsun/notebook8abf68fc15,985853
/sravyakola/titanic-model,985841
/leonardo711/notebooka9fd665c56,985849
/korakot/testing,985828
/barneys/notebook84c1268a74,985807
/fruscillo/iris-dataset-study,985780
/xhoong/languages-extinction-level-to-representing-country,992296
/susanlitoronto/notebookaab3d425b8,985766
/riverliu/notebook52170503d0,985763
/lenpaul/notebook364edb8157,985746
,None
/romolibakshi/titanic-test-script,985703
/drichlet/notebookf007c94d1c,985695
/chenpeikai/notebookc740523109,985686
/everestman/notebookff3c828f85,985685
/kevinho7393/notebooke0db72a19d,985683
/nimaimengkechi/notebook8e8ce5de6b,985658
/guody5/hello,985715
/vinik62/titanic-pblm,985612
/wutao1530663/notebook6b0a6b8201,985607
/guodaya12345/helll,985606
/guodaya12345/notebook161c06cdb5,985599
/xiaomeow/notebook04194d24d2,985586
/priyaananthram/notebookd1a9573543,985542
/hyeseung/h2o-starter-pack,985537
/ramgopalvarma/notebook5fe36a8b66,985511
/whitew4/notebook76ab2daaa6,985503
/sriharshabs/svm-classification,985501
/suebose001/notebookd0dc4b9c9b,985498
/joaquinmd93/1st-submission-jm,985490
/joaquinmd93/notebookd4681b920e,985476
/sart123/notebook3efae533dc,985473
/sart123/credit-card-fraud-detection,985472
/wangsijia/notebooka809f4546b,985465
/glmcguir/notebookbe9c298dcd,985454
/temporal/notebookb2972450a2,985441
/anuraagpatil/notebookb10d8435e7,985410
/taeheekim/frud-detection,985384
/linxue1991/notebookff09fb605e,985343
/tbombadil/notebook696bb4f2a2,985199
/dandanbang/notebooka60fd02ec8,985162
/richasinha17/notebook8d6df8b650,985160
/hugormz/notebookb0d4189952,985154
/sanghaklee/notebookf11d527695,985152
/udaykrizna/notebooked17efdb62,985147
/williamswei/fish-keras-forked,985137
/loicge/titanic-python,985119
/eduardorocha12150022/notebook1c6e744b65,985078
/souvik287/notebookfa27c545c9,985059
/betty030949/notebookb1fa5db78b,985055
/skbergam/test-script,985024
/simsalabim/notebook64ae18fd68,985014
/kaigeyang/notebook373b9cf964,984996
/zeeshansayyed/notebook1a4014ec0d,984988
/baran63/notebook6dac3a31ca,984981
/ashutosh1996/notebook9f6db6f814,984961
/zliang/dsb-2017,984958
/souvik287/notebook556573c4a9,984951
