/higoreduardo/full-preprocessing-tutorial,705644
/mshinoy/user-data-exploration,705621
/burakyilmaz321/notebooke288221871,705584
/matthewsantiago009/full-preprocessing-tutorial,705453
/blckgamer/fourth-attempt,705447
/blckgamer/third-attempt,705424
/zfrysrylmz/regularized-linear-models-f410000e,705350
/blckgamer/first-attempt,705342
/aozaki/a-journey-through-titanic,705315
/sjoly123/joly-v2-1,705318
/joshbaker/notebook063f024daf,705284
/mayou36/full-preprocessing-tutorial,705256
/sjoly123/lb-0-56130-resnet50-features-xgboost,705245
/duttaroy/simple-dicom-viewer,705266
/rraju2/notebook976b85e1a0,705230
/kkrehl/full-preprocessing-tutorial,705223
/hamelhusain/full-preprocessing-tutorial,705212
/hamiltonlabs/exploratory-data-analysis,752608
/lancelotsu/titanic-survival-prediction-end-to-end-ml-pipeline,705185
/omorillo/regularized-linear-models-9ed43ebf,705121
/tunguz/resnet50-features-xgboost-2,705137
/stefthoss/notebook39450fca5d,705099
/sherafgan/notebookc7e6f06a67,705098
/eganjam/notebookc22f4405ed,705069
/jitesh03/fork-of-hr-analytics-emp,705067
/robsonkaggle/notebookad17ea95c5,705058
/ysu2016/notebook0439e720f6,705041
/whipitgood/notebook0abfee3245,705015
/rigglemethis/a-journey-through-titanic,704959
/ablaikie/notebook2a93ab130d,704904
/fernandocruz/svm-f,705133
/reshsekar15/reading-dataset,704985
/abdallahmohamed/notebook369f3909a6,704870
/stimakov/full-preprocessing-tutorial,704864
/ivarssilamikelis/full-preprocessing-tutorial,704856
/analesdey/notebooka5eb73c69b,704841
/honeytiz/who-is-the-best-match,704805
/honeytiz/who-is-the-best-match-for-you,704795
/bakabbq/a-journey-through-titanic,709008
/honeytiz/notebooke84aed6650,704759
/honeytiz/predict-match-between-two-person-v1,704739
/ahmedmohamedou/full-preprocessing-tutorial,704730
/nseth6/sample-code,704765
/pedroraposo/mimimi,705218
/dholovatyi/notebookd7a25cf43f,704694
/dholovatyi/test1,704691
/slavomirsovik/slavo-kod1,704675
/fernandocruz/svm-final-final,704642
/rigglemethis/2016-average-monthly-premium,704630
/saeed3/pre-processing,704655
/tunguz/resnet50-features-xgboost,704595
/mandarup/full-preprocessing-tutorial,1772027
/ryanfang/full-preprocessing-tutorial,704551
/profawsm/a-journey-through-titanic,704512
/blchen/full-preprocessing-tutorial,704471
/micheleusuelli/catdognet-keras-convnet-starter,704450
/meefly/exploratory-data-analysis,704401
/philschmidt/full-preprocessing-tutorial,704387
/vtotheg/notebook4e9092935f,704363
/forsesi/firstscript,704352
/leonob2014/full-preprocessing-tutorial,704340
/sevendeadlysins/airbnb-user-bookings,704302
/malr87/full-preprocessing-tutorial,704297
/kanabo/tensorflow-deep-nn,704287
/kanabo/nips-papers-visualized-with-nmf-and-t-sne,704279
/debdaspur/digi-recog,731338
/johnsonwu/titanic-survival-prediction-nice-tutorial,704246
/scollins/notebookd18cf124e6,704233
/syniuhin/exploratory-data-analysis,704127
/parvind/notebooke9be76cf6e,704073
/nilweera15/data-manipulation-visualization-cartier-auctions,704068
/kirk86/resnet-50-features-ensemble,704033
/nadavl/notebook620bd6bbcd,704030
/micko100/notebooke5b63e4a40,703986
/weizhang/notebooka674dc85ba,703963
/micko100/notebook570aa4bc60,703932
/vivekdatanalyst/notebookffb0da7753,703923
/gvorik/notebook131719a3a9,703896
/rubens/full-preprocessing-tutorial,703839
/tyburam/notebook77c2f55d44,703811
/rodsrods83/notebook763b1cf978,703809
/suman12029/notebook7654562c4f,703797
/weifengshe/full-preprocessing-tutorial,703673
/hanianow/full-preprocessing-tutorial-forked-with-edits,1718271
/gavvy10/expedia-recommendation,703547
/jmhehir/chest-cavity-animation-with-pacemaker,703534
/irfani/notebook3738ccd52d,703514
/rodsrods83/principal-component-analysis-explained,703489
/augusto/notebook3c1ade92e3,703475
/brothermalcolm/notebook8622cdd89d,703435
/schlch/exploratory-data-analysis-ff50e4d5,704963
/minhduc191/nips-papers-visualized-with-nmf-and-t-sne,703358
/cescfangs/can-we-improve-by-increasing-variance-71db5233,703293
/tripathis/learning-pandas,703256
/ankitjalan/traintest-py,703112
/alpena/notebook6bc990ea0f,703111
/mratsim/titanic-julia-end-to-end-pipelining,703080
/kizaph/notebookc79834c553,703056
/ayushgupta4897/titanic-survival-prediction-end-to-end-ml-pipeline,703006
/adrien1be/notebook131f781278,702997
/varyans/notebook0090ffdaf0,702874
/quocvinh/vinhlinear,702843
/jameslijinku/notebookd9b28ce9e1,702819
/nghenglim/tensorflow-deep-nn,702816
/sumitgames/firsts,702800
/namakemono/notebook8831fbf1ae,702745
/gainasomuns/exploratory-data-analysis-b2e82a54,702735
/wangyizhou30/testtt,702775
/windhorn/notebook2efab84ed7,702727
/avinashkaitha/a-journey-through-titanic-79f48301,702720
/bioanakin/keras-convnet-lb-0-0052-w-visualization,702712
/alphacome/notebook5720c3261c,702703
/sundow/some-simple-statical-analysis-test-the-dataset,702679
/leovignesh/notebookf14ba9313b,702588
/krishnarajvr/regularized-linear-models,702578
/sekrier/resnet50-xgboost,702548
/michaeltoback/titanic-notebook,702541
/lrcray/notebook038b0314be,702536
/qingnan/notebook0bce519967,702529
/alexsong0928/notebookbfb93d7a50,702526
/lrcray/headofp,702522
/vignesh8491/notebook3340e485c0,702515
/gainasomuns/exploratory-data-analysis,702514
/alexsong0928/notebook9741140dfb,702503
/kunwang/notebookf0091fa4d2,702497
/dingboy/notebook2218fbd30d,702472
/dingboy/test1,702467
/iggerman/notebook62c11038f8,702466
/akshaykumarvikram/notebook4ef872213d,702460
/bviki1987/notebookef8dd9fe5f,702448
/ser080/exploratory-data-analysis,702365
/lefthandwriter/notebook1d95e68b65,702321
/alpena/notebook9d8f6d8fa9,702245
/towhid1/simple-convolutional-nueral-network-keras,702240
/thaingoctu/exploratory-data-analysis,702202
/lancerliang/notebook847fde1d11,702201
/vigilanf/generation-unemployed-interactive-plotly-visuals,702185
/jackzzj/exploratory-data-analysis,702177
/harumichi/a-journey-through-titanic-9cd70718,702155
/ywang0/python-data-visualizations,702130
/wangyizhou30/cart-processmore,702115
/ncoolidge/notebookaec51fd067,702093
/johnnyhu/a-journey-through-titanic,702039
/abhishekvasu/notebookb80639f636,702032
/vbs333/notebookb3e7a03ff0,702026
/sungyongpark/notebook9ea3ea1c3f,702008
/mgjo5899/a-journey-through-titanic,701958
/mahnunchik/notebook4bb90ac7cd,701943
/narenvaishnavi/decision-tree-visualization-submission-naren,701913
/cescfangs/can-we-improve-by-increasing-variance-fb1e8811,701878
/wangbing1118/ben-iris,701851
/anfang/notebook729d7ebc50,702972
/wangyizhou30/svm-processmore,702187
/kkuwatani/a-journey-through-titanic,701788
/hanyundo/simple-convolutional-nueral-network-keras,701773
/chaoyue/loading-and-processing-the-sample-images-6054fad8,701694
/pkmital/notebook09399b309f,701685
/zheng11/can-we-improve-by-increasing-variance,701676
/pkmital/notebook78f4f2b4c5,701675
/pkmital/exploratory-data-analysis-5a7092bf,701671
/chaoyue/outbrain-eda,701653
/hmshan/notebook1b1627ed23,701630
/pkmital/exploratory-data-analysis,701625
/kkrehl/exploratory-data-analysis,701590
/abdulhamid/otto-product-classification-predictions,701537
/chaoyue/loading-and-processing-the-sample-images,701532
/kltduong/exploratory-data-analysis,701498
/kimseonbin/notebookbe2f45f0f9,701497
/alpena/notebook579c94792e,701474
/vinay2020/notebookfe8ea0fc90,701440
/alpena/maincode,701455
/thanhpham94/kaggle-titanic-001,701399
/currie32/notebookb8d4c187b0,701369
/phunter/resnet50-features-xgboost,726419
/jennyxie/some-simple-statical-analysis-test-the-dataset,701277
/jason3/tensorflow-deep-nn,701275
/tkacova/notebook7acd7b002c,701266
/nrejue/testscript,701252
/chc442/a-journey-through-titanic,701220
/mmloveme012/exploratory-data-analysis,701175
/danielani/lilalila,714828
/cyecandyds/titanic1,701124
/chalfacre/notebook162b82bffd,701118
/liquarc/exploratory-data-analysis,701115
/chalfacre/exploratory-analysis-visualization,701101
/ckothari/principal-component-analysis-with-kmeans-visuals,701075
/moto600f/notebooka7873cb6a4,701069
/sekrier/resnet50-features-xgboost,701064
/kiwiphrases/notebook41f3f5e4a2,701039
/hejjjpp/showing-labels-segmentations,700988
/ogirr102/notebook6edecac37c,700958
/ddtt4u/chest-cavity-animation-with-pacemaker,700947
/danielani/newone,701057
/ogirr102/exploratory-data-analysis,700936
/gshevchuk/exploratory-data-analysis-expansion,700928
/winwin1234/notebooka101888647,700924
/tottinar/notebook79d701c124,700920
/tottinar/notebookd56b20e1c0,700917
/halbuquerque/notebooka7a903dcf4,700908
/zanospi/notebook8fe5de4a96,700888
