/thisparameter/some-baseline-solutions-for-prediction-problem,582590
/lemoinef/detailed-cleaning-visualization-python,519131
/murgev/tensorflow-deep-nn,519119
/mcarrie30/my-first-kernel,519114
/pristavskiy/fish-detection,519105
/kwea123/tensorflow-deep-nn,519093
/ashver/a-linear-model-on-apps-and-labels,519073
/mlthurton/the-ugly-truth-of-people-decisions-in-speed-dating,519063
/nedbaylo/python-data-visualizations-2d4bd9ea,519055
/dstuerzer/notebook39ce376d62,519054
/tompago/notebook37cd68eb10,519047
/peterabdou/notebooke49f5954ff,519037
/dbsnail/tweets-1,518968
/dbsnail/tweets,518959
/ongoingbroom70/final-test,518849
/vigilanf/allstate-tensorflow,518805
/whocaresyou/exploratory-study-on-ml-algorithms,518800
/wechill/notebook5f9e22a115,518774
/analyticsanimal/notebook153f87f48e,518742
/jad2192/allstate-preds,518739
/cbhoga/notebookcd7f4b91c5,518737
/wechill/notebookafb1b8ad67,518718
/satyav/detailed-cleaning-visualization-python,518712
/kulprit5/notebookd4dc4841f9,519983
/aitakuma/notebook313007f4a8,518710
/yashgaurkar/titanic-survival-prediction,518702
/jassss/trying,536888
/spoposki/notebookfc987328c1,518607
/clara327li/video-games-analysis,518593
/andykamath/classification-attempt-using-cnns,518588
/isuruliyanage/combined-script,518575
/diptiraul/notebook8455c94e5e,518569
/schatt/building-a-prediction-model,525463
/jxnlco/notebook878d04d445,518529
/brian96057/fork-of-a-journey-through-titanic-e25d490e,518515
/aspanesar/a-journey-through-titanic-3f4546fc,518513
/diptiraul/notebook2d5be8b1d6,518502
/roricciardi/rosane,518484
/hamidsardar/multiclass-svm,518479
/brian96057/a-journey-through-titanic,518473
/jitesh2015/create-dataset-with-tensorflow,518463
/siddhesha/a-journey-through-titanic,518453
/hamidsardar/visualizing-knn-svm-and-xgboost-on-iris-dataset,518443
/phillegg/python-data-visualizations,518409
/umeshtank/notebook55a4422967,518363
/mansiib/notebook7a0601749a,518345
/sramaj/notebook38d8f05f37,518304
/ongoingbroom70/adrian,518303
/ongoingbroom70/test-last,518279
/xujin1982/ensemble-weights-minimization-vs-mcmc,518262
/tentotheminus9/notebook8489467669,518232
/pradeeprrevankar/simple-1,518231
/ongoingbroom70/titanic-test,518238
/zhaoyuan1209/notebooked09adb35d,518160
/changhc/notebooka03713bccb,518096
/neilzhang/notebookc1d21d50c4,518081
/samsons/notebookefa7b36d92,518020
/samsons/notebooked22577170,518001
/hubble83/fdygggg,517966
/houhouhou/notebook247ed66825,517950
/holmantai/notebookaa15020cf6,517918
/b03901028/notebookb3563b343d,517867
/xingyongyue/notebook4ba83ba49c,517800
/liucharles/a-journey-through-titanic-a055a7e7,517718
/kustpodderevom/iris1,517758
/kustpodderevom/notebook0881b610a5,517685
/riz1902bitw/the-most-predictable-league,517674
/janpreets/notebook5efd3b03cc,517666
/kanchong/notebookc13861817a,517638
/prototype96/prototypemy8,517909
/irfaandomun/notebook531f9fec46,517555
/mamegu/highest-ranked-imdb-directors-and-actors,517533
/akila29/notebookfd1b71f5e1,517499
/knnbayaz/movie-recommendations,517496
/ansmirnov/notebook3795494b2e,517474
/anamikaavinash/visualization-and-analysis,518501
/knnbayaz/wordcloud-time-series-clustering,517424
/vanausloos/unveiling-page-views-csv-with-pyspark,517414
/ledgars/exploration,517412
/neacun/xgboost-lasso,517408
/gauravjindal2309/notebook31c51f23fb,517390
/qinrj2016/notebookcad41bff10,517369
/mohamedafifi/notebookf66e4d4b2f,517361
/akihiro35/catdognet-keras-convnet-starter,517330
/somyasinghal/notebooke4764f981e,517311
/hubble83/teste-kaggle,517287
/danieleewww/neuro-nerding-out-1-0,517237
/k0n1star/detailed-cleaning-visualization-python,517226
/hubble83/notebook8db2554df5,517209
/ahmedhindi/notebookcfade23dfa,517205
/arkels/randomforestregressor-5f0d379e,517191
/clempear/notebookc7b31734c7,517183
/ansmirnov/word-statistics,517181
/cdaa16davidguijo/dummies-for-dummies,517145
/bhavneetsi/exploring-survival-on-the-titanic,517110
/owenmartin/finding-fish,517104
/owenmartin/notebook50d40aeae4,517101
/owenmartin/notebook51a9d4bf10,517089
/screan/sdsfd,517034
/screan/notebook39ca98953e,517024
/isuruliyanage/omg-nlp-with-the-djia-and-reddit-27a1c6e9,517010
/isuruliyanage/omg-nlp-with-the-djia-and-reddit,516997
/techmind/regularized-linear-models,516987
/nookej/a-journey-through-titanic,516967
/jkfdre/psychology-of-a-professional-athlete-79d6ba22,516960
/nomanrahim/python-data-visualizations,516939
/nomanrahim/exploratory-data-analysis-for-beginners,516938
/jkfdre/psychology-of-a-professional-athlete,516935
/nomanrahim/1-machine-learning-classification-algorithms,516918
/akila29/notebooka198f7d5a7,516878
/linden8/notebook362c51bf12,516875
/psahoo/notebook309b9201b9,516830
/tejank10/notebook4b5c1c00f1,516817
/rsa0123/xgb-feature-selection,516771
/wsol1017/notebook0d8644bc0d,516765
/richardnguyen/fish-detection,516761
/rivinwita/my-first-kaggle-code,516768
/lasserefsgaard/exploring-survival-on-the-titanic,516751
/bjwang112006/mxnet-with-r-starter-kit,516700
/duxiangping/sassed,516716
/zenithfzh/airbnb-boston-visualization,516664
/ankurtagra/a-journey-through-titanic,516660
/duxiangping/asdasdas,516642
/shuangwu/notebook03a44e7aff,516617
/duxiangping/testass,516606
/wangamagic/notebook5b20113133,516669
/tomanuniwat/notebook1373ea97da,516554
/lonelegend/notebooka64f55761b,516551
/banglebangle22/notebook84ecedbfed,516512
/pandeyg2106/global-warming-confirmed-basemap-animation,516479
/phoanghuong86/python-data-visualizations,516453
/hguruler/predict-leave-probabilities-for-key-employees,516442
/ansmirnov/notebook942dbf0ec3,516441
/armansheikhhosseini/notebookd49d840c20,516434
/parikhprakash/initialrun,516421
/richasaini/simple-exploration-notebook-v3-0,516419
/pansuu/notebook95cf6974a1,516391
/vinicius13a/gender-equity-graphs-by-year,516369
/parachill/the-ugly-truth-of-people-decisions-in-speed-dating,516351
/wittykitty/notebook6a823a459c,516344
/guolingbing/notebook70f4f40f8f,516337
/phoenixqm/notebookac6d2e1238,516334
/happyv/digit-recognizer-in-python-using-cnn-4cff41cc,516327
/jpcjpc/notebook5a31e72cfc,516316
/apying/notebook94f68d6e83,516293
/vinicius13a/notebook889258c659,516285
/june888/fork-of-a-journey-through-titanic,516281
/rithinch/animationaug14,516433
/jematic/notebook4ace580a04,516252
/sanjaykumar1625/explore-expedia-search-data-2e4785b4,516232
/sanjaykumar1625/explore-expedia-search-data-10dc64df,516223
/jennie/notebook33196efe34,516207
/devilaljogi/wordcloud-time-series-clustering,516201
/xhuang25/my-first-random-forest-run-score-0-12,516488
/demolaakande/a-journey-through-titanic-2098f76d,516180
/demolaakande/a-journey-through-titanic,516173
/fzhurd/classify-ghosts-20161208v11h,516142
/nnn211/10-classifier-showdown-in-scikit-learn,516127
/mobala/notebook1ee2c1abf6-a6bcffee,516118
/mobala/notebook1ee2c1abf6,516115
/louiselin/notebook071ce6607e,516113
/varmaalok22/a-journey-through-titanic-a08c83c4,517186
/sepidp/regularized-linear-models,516038
/dileepmunugoti/a-journey-through-titanic,516032
/weihuacc/1-machine-learning-classification-algorithms,516015
/moniqueunique/notebook7792b93fd1,516013
/eswai30/knn-from-scratch-in-python-at-97-1,516000
/tskumarage/accuracy-of-0-9992639327,516861
/amirtasbihi/exploratory-study-on-ml-algorithms,515985
/mrstruggler/notebook6a6d5eaf7d,515971
/webmadster/exploratory-data-analysis-for-beginners-131ed8e5,515969
/ganyimeng/python-data-visualizations,515951
/webmadster/python-data-visualizations,515949
/tumm1944/simple-data-visualization,515948
/ahorjia/a-journey-through-titanic-b40124a5,515940
/enjeayang/notebook05b24c2905,515926
/mebinjacob/notebookdb2633aeda,515903
/sepidp/modeling-prices,515895
/sepidp/exploratory-data-analysis-for-beginners,515883
/alextrickey/exploring,515864
/wrli41/regularized-linear-models,515842
/mwhcis/notebook2db850a933,515811
/alexbrooks/notebookc13dcd1e94,515761
/shelling/tensorflow-nn-8d3bc2c2,515755
/narakhan/detailed-cleaning-visualization-python,515735
/shelling/tensorflow-nn-dc3a72eb,515733
/jinrui/notebook5b7b1460ed,515731
/ser080/finding-boatids-94ef3e22,515701
/shelling/tensorflow-nn,515659
/cuhkluobo/notebookb83c3027a2,515656
/ebtesam1/notebook5288f06d43,515652
/gasquit/notebook89c06cbf28,582912
/anwenq/10-classifier-showdown-in-scikit-learn,515605
/anwenq/feature-extraction-from-images,515601
/hyshenml/ipl-players-performance-4a863863,515596
/hyshenml/ipl-players-performance,515591
/hyshenml/extinct-languages-in-united-states-7021a40b,515583
/aniketparsewar/notebook0599115f9b,515509
/rithinch/data-exploration-and-visualization,515478
/yogeshparte/notebook609cb0b199,515462
