/maheshak04/two-sigma-rent-hop-exploration-book,1058301
/krrai77/notebookf724e346ae,1058287
/alaaelnouby/notebook2b3e6e3597,1058271
/hiddenfox/notebook1745a6bccf,1058265
/jlacika/notebook7dd57c6458,1058248
/jjakahane/notebook1b0e4e56f5,1058229
/leonlaigogo/notebook1d8f6d7278,1058208
/ironhead/notebookf56539025f,1058186
/rchardzhu/titantic,1058179
/rchardzhu/notebook450194a83c,1058177
/threeplusone/sea-lion-data,1058418
/shuvamnandi/notebookc78f880b65,1058169
/vamsifisi/notebookac2c9b2f9a,1058158
/deviprasanth/titanic,1058142
/peterhwang2010/notebook7f4669bbd6,1058135
/fiifi123/notebook6035c4e53b,1058121
/dolfsquare/notebooke7cb37ca27,1058102
/nikhilpandey360/notebookb546bec834,1058098
/bharathyammanur/gameofthrones2,1058230
/smallhuihui/the-optimal-parameters-of-the-random-forest-model,1058065
/xealml/ssssss,1058043
/xealml/notebook03f6ac701e,1058034
/danipar/notebookb1dad157da,1058029
/lhitomi/notebook5e3c8a3d17,1536693
/xealml/testaaa,1058024
/bharathyammanur/notebooke679ac3b21,1057991
/xealml/notebook3a2284dd3e,1057990
/imsharad/notebookce25db36fe,1057988
/alexgkearney/test-no-1,1057952
/noumidialam/notebook38b84a12b1,1057892
/bharathyammanur/game-of-thrones,1058063
/conn2017/notebookdf6e145401,1057860
/tobiwink/notebookdd8bf198f1,1057858
/physicyst/notebook3bbe9b0053,1057842
/brysenackx/notebookfe76b1e341,1057830
/carlosmg/notebooke4b6549ec3,1057826
/venkadeshk/titanic-machine-learning,1057822
/camwasi/notebook82507fac3f,1057820
/garybake/notebook41ab40db46,1362719
/rajvaidyanathan/notebookd25c5f6594,1057788
/pbhangadia/notebook3a0b79d54a,1057759
/ksuenaga/notebook4cd8330d67,1057729
/realyfc/notebook5ce4891323,1057723
/abhishekta/ar-br-nse,1057685
/sanyasiraju/notebook8ccd60475b,1057679
/stevenmattu/notebookbc5d267e19,1057657
/hoogleraar/notebookc6af0b1507,1057635
/leonlaigogo/titanic-predict-model,1057628
/leonlaigogo/notebook13b754e726,1057618
/alphayau/notebook0817b187e7,1057614
/alphayau/notebook38b412ba54,1057674
/dineshbarado/notebook6da44c03cb,1057606
/aliazim/notebook4ddc2a9864,1057605
/leonlaigogo/notebookbe285f86e4,1057598
/conn2017/notebook0730366ae6,1057583
/dasbeste/exploring-survival-on-the-titanic,1057573
/shreyajain2208/notebookb7df979fc4,1057554
/dvl1619/notebookeb129386dc,1057553
/samil94/sadasd,1057545
/bhanupal/notebook6460df62ec,1057530
/maryam123/notebookf9080b85be,1057522
/shreyajain2208/notebookb901135957,1057515
/dm1x4y10/digit-recognizer,1095801
/zongtongyi/notebook93537e7074,1057500
/marcose18/notebook320ecbcb64,1057497
/arun17/notebook933a780d14,1057490
/jenningsmao/notebookdfb9fe72c2,1057489
/kent119/digit-recognizer-in-python-using-cnn,1057484
/xd1234/notebookbe779295c1,1057479
/bitslooper/notebook015f2f7b4c,1057478
/xd1234/notebooka32bcacc3a,1057477
/rymondcheng007/notebookb8d8164151,1057453
/songwhu/notebook42d49c5edb,1057454
/liyi1991/housepricepredict,1057442
/kent119/titanic-survival-prediction-end-to-end-ml-pipeline,1057425
/swedrf0112/notebookc39cc78a1b,1057417
/glorykim/notebook89e38a7f0b,1057413
/zhimin/notebooke8bdd6693a,1057409
/julienmujalgos/notebook4b94f97c32,1057397
/zhimin/notebook820b106e8d,1057395
/ziakhan/notebookcd0cd0058b,1057376
/ziakhan/notebooke0959ace1b,1057373
/fredericenard/matching-que-for-quora-end-to-end-0-33719-pb,1057368
/shixw125/image-processing-and-sentiment-analysis,1057351
/bvhell/notebookd6aef72299,1057350
/yyama1234/notebook8968bbd0d1,1057342
/anantgupta/different-similarity-metrics,1079846
/ksmshankar/exploratory-study-on-ml-algorithms,1057328
/hiroshim/test1,1057296
/hska97/notebook572f7b646b,1057281
/hska97/notebookd686ed17eb,1057280
/haniov/notebook51e077bab1,1057272
/meetyourmaker/notebook74a6df4715,1066699
/danielkaifeng/fraud-detect,1057291
/arjoonn/exploration,1057249
/hoshigumo/notebook07df519371,1057189
/hal1013/notebookcf6209de1d,1057188
/bbgulati/classification-techniques-compared,1057182
/ijwtfmp/notebook335e7969d9,1057174
/danielkaifeng/iris-data,1057245
/srikant22/rookie-test,1057162
/takizawa/notebook7010ec90d3,1057150
/simonavril/notebook002c2778df,1057146
/bala2728/notebook4b798e0ce6,1057137
/arjundatt/notebook5be55b0d74,1057133
/jared1/notebook35ec627242,1057125
/yyama1234/notebooke76594e13d,1057037
/yyama1234/notebooke2809ba8c6,1057163
,None
/skubatur/ml1-py,1057051
/narenrsuri/predicting-the-final-time-of-a-runner-after-6fb4f6,1069952
/sahiljaina/one01,1057050
/ttagu99/notebook26201f431e,1057010
/jasonlol/notebooka8239580a3,1056996
/jaehui/notebookcc5b29747f,1056981
/ttagu99/predict-stock-prices-with-lstm,1056947
/hconner2/notebook8c9bf8a026,1056938
/wjn1982/notebook9e83b18667,1056929
/amarimuthu/notebook9110303181,1056896
/asubedi/notebooka3682233d5,1060819
/csun14/multinomial-in-r-test-run-6,1056870
/jasonjz/notebookb2c7440ab8,1056867
/mandarvaze/tensorflow,1056846
/chengzhan/xgboost-two-sigma-cz-0402,1056829
/ktimothy/notebook05ccf91c35,1056826
/brandonweidman/notebook603575124e,1056816
/brandonweidman/notebook64a8125643,1056808
/chengzhan/notebook9f87e425f2,1056785
/catime/notebook18e804424b,1056751
/catime/notebookc8b78d7a46,1056746
/csun14/multinomial-in-r-test-run-5,1056696
/aseemarora/notebooka633d2d333,1056680
/swarren/sea-lion-coordinates,1056672
/crolen/notebookae11322647,1056651
/cuongdo/cclogit,1056649
/cstorm/notebooke853e1170d,1056646
/lucky72o/notebook19792c99ae,1056641
/aagundez/notebook9f86e8a6b3,1056639
/aagundez/notebook80b1adaeba,1056636
/blabut/python-data-visualizations,1056631
/zjtisme/my-note-book,1056629
/girardi69/notebook74cb3b3e92,1121626
/jingguo225/notebookdb988ceb3f,1056613
/collett19/titanic-r-script-testing-testing-one-two-three,1056606
/fourier13/my-test,1056594
/aflores57/how-people-learn-to-code,1056565
/aagundez/notebook6c392b0bd1,1056564
/maurom/prueba1,1060707
/aagundez/notebookb9b624d334,1056554
/mrisdal/notebooka01e5571b5,1056543
/anjboral/titanic-savior-forecasts,1056533
/ireshaperera/firstscript,1073879
/ravitejakotha/project,1056497
/bradleymitchell/fork-of-real-data-scientists-don-t-need-training-d,1056469
/rojre1979/sample-script-dsb2017,1056455
/rkholoniuk/notebook576f937db7,1056452
/shravan97/notebook559950bac4,1056415
/maurom/titanic-prueba-1,1056400
/tungty/test-script,1056356
/lipidong/exploratory-study-on-ml-algorithms,1056341
/aniqmakhani/notebooka8a4241dd3,1056337
/youhealthy/notebookdef4fe98b3,1056326
/bayron/an-interactive-data-science-tutorial,1056268
/wadse11/quora-v00,1056266
/jeetms/exploring-survival-on-the-titanic,1056246
/ghanshyam22/notebookd16e8e9c4b,1056245
/aadith/test1,1056216
/yypeter/notebook31a1f2e6ab,1056197
/jeetms/acquire-titanic,1056187
/minininjia/test123,1056157
/deneb84/my-test-on-digit-recog,1056227
/maheshak04/using-description,1056138
/ptosniwal/notebook65a74c8d43,1056129
/sanjud/notebookeeb54a7f9f,1056110
/tester4dm/notebook32a829f352,1056051
/physicyst/notebook99cbd557e0,1056177
/physicyst/notebook3e2b0b3c39,1056014
/davidmercury/notebook0ca5be4b07,1055998
/davidmercury/notebook013d55d676,1055984
/songwhu/copy-ml-from-start-to-finish-with-sklearn,1055999
/zqamar/notebook15f262b609,1055981
/fpsawicki/house-prices-imputing-and-predicting,1055978
/avishek/xgboost-two-sigma-cz-savedatasets,1055961
/tkwadrat/notebook7e5d5fbea5,1055936
/zeniens/a-journey-through-titanic-ed820d,1055864
/zzjin13/data-analysis-xgboost-starter-0-35460-lb,1055807
/terryli/geneticprogramming,1055798
/budayu/notebook8ca4f989bc,1055751
/takakk/test1,1055712
/pancheng/titanic-exercise,1055698
/fbino123/notebook0b7b83d569,1055686
/harikrishnankc/test-script,1055675
/scootrguy/glass-prediction,1055679
/btj1357/notebook78163154de,1055661
/ilcord/exploratory-study-of-ml-algorithms,1055656
/prasunmishra/titanic-data-science-experiment,1055645
/lvjj19921026/testtest,1055616
/somanalyst/notebook050ddeca25,1055607
/jatavsandeep/new-test-script,1055531
/vinayshree/notebook535615edd8,1055520
