/lizpund/sql-scavenger-hunt-day-4,2790285
/astroimo/titanic-attack,2620030
/pileatedperch/titanic-predicting-survival,2967049
/hasanhasan/sql-scavenger-hunt-day-5,2620021
/saminap/sql-scavenger-hunt-day-1,2620144
/a0925053998/sql-scavenger-hunt-day-3,2631917
/yaydata/sql-scavenger-hunt-day-5,2619928
/zbayraktar/mnist-digit-classification-via-keras-cnn,2626007
/doctarik/sql-tarik-scavenger-hunt-day-05,2619212
/trungn2015/sql-scavenger-hunt-day-2,2619127
/ostaski/submitting-from-a-kernel,2618955
/ostaski/random-forests,2618879
/trungn2015/sql-scavenger-hunt-day-1,2618917
/munching/geospatial-analysis,2618178
/fpaniagua/finding-value-in-diamonds,2619386
/jalfano/a-journey-through-titanic-by-joseph-anthony-alfano,2618056
/abhipoo/word-frequency-count-of-youtube-podcasts,2812853
/yangli58/sql-scavenger-hunt-day-2,2618195
/mrncst/simple-exploratory-analysis-of-spotify-songs,2617548
/jalfano/first-taste-of-ml-using-adaline-peng,2617072
/mrinalmp/sql-scavenger-hunt-day-5,2617296
/maartendebruin/correlation-matrix,2615868
/frobben/sql-scavenger-hunt-day-4,2640276
/sarahlee0/sql-scavenger-hunt-day-5,2615065
/daphnecor/csii-assignment-c-recognising-digits,2624400
/raghu7711/minimal-lstm-nb-svm-baseline-ensemble-6bc62a,2614567
/tundeiness/sql-scavenger-hunt-day-5,2615237
/frobben/sql-scavenger-hunt-day-3,2640048
/madorin/download-images-from-url-save-into-dicstionary,2613791
/todosiuk/pakistandroneattaks,2614043
/tedllh/practice-on-merging-joining-and-concatenating,2613515
/tedllh/practice-on-python-multi-index-practice,2613450
/tedllh/practice-on-python-text-data-module,2613430
/shahir/neural-network-model-using-keras,2613922
/tedllh/practice-on-python-series,2613317
/tedllh/practice-on-python-df-iii,2613322
/tedllh/practice-on-python-webscrapper,2613150
/tedllh/practice-on-random-class-write-and-read-file,2614559
/tedllh/practice-on-python-options-and-settings-mode,2613130
/pliptor/the-first-move,2613076
/sarvajna/selecting-and-filtering-in-pandas,2613207
/kevenfc/introduction-to-ensembling-stacking-in-python,2613037
/taobai/visualization,2615261
/gopaltirupur/5-day-regression-challange-day-4-python,2612869
/sarvajna/tutorial-accessing-data-with-pandas,2613300
/tedllh/practice-on-python-matplotlib,2612454
/suraj915/chocolate-bar-analysis-suraj,2612447
/tedllh/practice-on-python-input-output-module,2614094
/tedllh/practice-on-python-module-panel,2612431
/tedllh/practice-on-python-df-ii,2613182
/tedllh/practice-on-python-df-i,2612320
/mrinalmp/sql-scavenger-hunt-day-4,2612453
/kdorosh/march-madness-kaggle-contest-2018,2811369
/pureheart/kernelc64a1cde33,2611994
/pythonnoobie/sql-scavenger-hunt-day-2,2612064
/l0ginx/sql-scavenger-hunt-day-4,2648079
/kedownes/sql-scavenger-hunt-day-5,2611804
/ronaldjgrafjr/mass-shootings-by-state,2611505
/canggih/synopsis-similarity,2611607
/nandadeepd/simpleimagedownloader,2611089
/jilkoval/sql-scavenger-hunt-day-5,2610645
/noahbjohnson/r-logistic-regression-titanic,2947076
/ostaski/underfitting-overfitting-and-model-optimization,2610445
/praveenjune17/exercise-modeling-from-scratch-b0476a,2609499
/ferarribas/variational-autoencoders-frey-face,2609058
/ferarribas/semi-supervised-classifier-with-vae,2609047
/ferarribas/variational-autoencoders-mnist,2609039
/yanniwen/underfitting-overfitting-and-model-optimization,2608777
/t95wang/sql-scavenger-hunt-day-3-da53c3,2608021
/apuayush/kernelfe08cf5cd9,2997416
/xufei1/nb-svm-strong-linear-baseline,2607602
/jusjosef13/blend-of-blends-can-be-toxic-lb-0-9837,2607181
/sidshady/minority-over-sampling-using-smote,2646710
/suraj915/chocolate-bar-analysis-by-suraj,2949783
/kborasvm/plant-seedlings-classification,2606618
/nvukobrat/sql-scavenger-hunt-day-5,2606633
/frobben/sql-scavenger-hunt-day-2,2639981
/frobben/sql-scavenger-hunt-day-1,2639931
/clare3/titanic-describing-summarising-visualising,2667309
/lohithsubramanya/bitcoin-101-bitcoin-and-a-useful-insight,2605360
/rickvm/trainer,2614386
/adityavcse/toxic-comment-tdidfvectorizer,2614197
/gopaltirupur/5-day-data-challange-day-3-python,2605142
/kristinkaklyap/dataworkshop,2669725
/kentata/sql-day-4,2606040
/grkashyap/indian-startup-funding,2631646
/trinveerasiri/sql-scavenger-hunt-day-5,2757245
/a0925053998/sql-scavenger-hunt-day-2,2632212
/taobai/learn-visualization1-2,2611300
/dhkdn9192/fork-of-zillow-prize-by-dhkim,2604429
/musalys/sql-scavenger-hunt-day-5,2604413
/a0925053998/sql-scavenger-hunt-day-1,2604215
/ridhimagarg/toxic-comment-classifying-using-word-vectorizer,2607859
/trinveerasiri/sql-scavenger-hunt-day-4,2604496
/taobai/learning-machine-learning-part-1,2611313
/m2skills/starter-guide-for-eda-stacked-regression,4365187
/praveenjune17/exercise-data-augmentation,2603485
/freena/sql-bigquery-scavenger-hunt-whole,2647437
/l0ginx/sql-scavenger-hunt-day-2,2603155
/yufengdata/best-recall-0-9353,2602898
/praveenjune17/exercise-using-transfer-learning,2603230
/carolinfly0218/random-forests,2602894
/carolinfly0218/underfitting-overfitting-and-model-optimization,2602765
/l0ginx/sql-scavenger-hunt-day-1,2603749
/renuk16/mercari-final-submission,3884916
/junlinw/ai-group-meeting-week9,2732334
/farhanreynaldo/bulldozers-blue-book,2745817
/eosdatascience/manipulation-of-excel-spreadsheets-in-r,2602238
/panwars87/sql-scavenger-hunt-day-5,2602510
/motoshima1150/kernelb1c049eccf,2885825
/kiimyou/homework-testing,2647936
/mutterberg/sql-scavenger-hunt-day-5,2615003
/zihtumreth/practice-titanic-dataset,2601832
/raiseup/kernelc24344d024,2644518
/ikishan/sql-day3-kishan,2601511
/zpmartins/sql-scavenger-hunt-day-2,2601476
/anuragn4/sql-scavenger-hunt-day-5,2601968
/luisomar3/sql-scavenger-hunt-day-1-e7e45b,2601565
/ikishan/sql-scavenger-hunt-day-2-kishan,2601051
/siyaotong/fork-of-fork-of-sql-scavenger-hunt-day-4-ef9b38,2601127
/ostaski/model-validation,2609789
/vonneumann/nab-unsupervised-anomaly-detection,4292147
/junlinw/ai-group-meeting-week7,2602351
/allanbatista/text-preprocessing-and-machine-learning-modeling,2608442
/ostaski/your-first-scikit-learn-model,2600520
/mariam321/sql-scavenger-hunt-day-3-87b7dc,2600864
/ostaski/selecting-and-filtering-in-pandas,2599884
/laurakim/sql-scavenger-hunt-day-2,2599603
/konstadinosm/replicating-capsulenet-results-on-mnist,2639126
/gregsmacros/first-pass-review,2623640
/zahoorahmad/titanic-data-science-solutions,4957817
/medvader/sql-scavenger-hunt-day-1,2605248
/potamkin/sql-scavenger-hunt-day-5,2599739
/egma00/sql-scavenger-hunt-day-3,2599490
/tundeiness/regression-challenge-day-1,2598296
/fernandocanteruccio/cmi20-index,2802571
/nvukobrat/sql-scavenger-hunt-day-4,2604796
/tundeiness/the-5-day-regression-challenge,6964643
/zhizhuo/anova-exploration,2710337
/kentata/sql-day-3,2598547
/mayoohy/sql-scavenger-hunt-day-5,2598000
/isvirido/sql-scavenger-hunt-day-5,2597177
/evitaka/sql-scavenger-hunt-day-5,2597675
/nandhakumarm/sql-scavenger-hunt-day-5-solution,2597165
/kentata/sql-day-2,2597464
/ackshay/kernel7f45cfc8ce,2596789
/nitsbat/bigquery-using-python-bq-helper,2599355
/junaid388/sql-scavenger-hunt-day-4,2596488
/nikhilclasher/titanic-disaster-100-accuracy,2596341
/toddycat/a-very-basic-rf-model-for-spam-classification,2596659
/tundeiness/sql-scavenger-hunt-day-3,2598120
/gopaltirupur/iris-data-analysis-and-machine-learning-python,2595321
/harshaiitj08/wncaa-trying-basics-new-ml-users-n00bs,2650608
/ashishpani998/kickstarter-funding-prediction-eda,2594942
/jellevde/unsupervised-speedrun,2604139
/shubhamcagel/introduction-to-cnn-keras-0-997-top-6,3041827
/manojnakalapala/sql-scavenger-hunt-day-3,2601190
/normanpongracz/sql-bigquery-data-day-5-join,2594491
/shubhamcagel/deep-neural-network-keras-way,2594310
/ltonynguyen/sql-scavenger-hunt-day-1,2594077
/faizunnabi/spam-messages-detection,2595129
/tedllh/sql-scavenger-hunt-day-3,2595048
/hasanhasan/sql-scavenger-hunt-day-4,2593015
/benetori/sql-scavenger-hunt-day-3,2595401
/takabayashi/text-preprocessing-and-machine-learning-modeling,2860275
/szmarszalkowski/sql-scavenger-hunt-day-5,2601333
/szmarszalkowski/sql-scavenger-hunt-day-4,2600910
/ryosukematsushima/day7homework,2592219
/ryosukematsushima/kernel8f5f8b50a5,2592154
/ryosukematsushima/fork-of-day7-homework,2592147
/ryosukematsushima/day7-homework,2592124
/jilkoval/sql-scavenger-hunt-day-4,2592133
/ostaski/my-model-1,2591839
/zpmartins/sql-scavenger-hunt-day-1,2591999
/nlarranagac/head-start-for-data-scientist,2591746
/bgrich/sql-scavenger-hunt-day-5,2591809
/ostaski/how-models-work,2591521
/asmaaeltaher/digit-recognizer,2871707
/bgrich/sql-scavenger-hunt-day-4,2591575
/prpolchinski/sql-scavenger-hunt-day-5-joins,2599480
/nandhakumarm/sql-scavenger-hunt-day-4-solution,2591176
/mayoohy/sql-scavenger-hunt-day-4,2591444
/abethke/sql-scavenger-hunt-day-4,2590810
/dhouhac/house-price-prediction-r-2-0-999,2608350
/captcorpmurica/sql-scavenger-hunt-day-5,2590686
/hoovee/sql-scavenger-hunt-day-5,2590761
/junlinw/ai-group-meeting-hand-code,2600745
/xyz8983/sql-scavenger-hunt-day-2,2590150
/mayoohy/sql-scavenger-hunt-day-3,2590769
/jf183455/sql-scavenger-hunt-day-5,2594729
/nickptaylor/sql-scavenger-hunt-day-5,2589737
/doctarik/sql-tarik-scavenger-hunt-day-4,2589416
/mariam321/sql-scavenger-hunt-day-2,2589464
/rachms/sql-scavenger-hunt-day-4,2658694
/ryanzhang/pytorch-mnist-cnn-starter-0-98214,2589568
/codechris/sql-scavenger-hunt-day-5,2589961
/pvodds/sql-scavenger-hunt-day-4,2589768
/rachms/sql-scavenger-hunt-day-3-a786e6,2598544
/midroni/mnist-fashion-tutorial-cnn-with-keras,2982931
/astandrik/sql-scavenger-hunt-day-5,2589074
