/yashkrishan/learning-machine-learning,4086951
/zwirams/learn-python-challenge-day-4-exercises,4078603
/franchisjavier/learn-python-challenge-day-4-exercises-8f27b9,4076961
/limbizkit/learn-python-challenge-day-3-exercises,4076979
/aruncs/learn-python-challenge-day-2-exercises,4077204
/bbose71/learn-python-challenge-day-4-exercises,4078041
/cmauri/learn-python-challenge-day-4-exercises-538439,4077346
/dumadevi/learn-python-challenge-day-2-exercises-8a828a,4076868
/zarreennreza/learn-python-challenge-day-4-exercises,4077320
/sulezinha/learn-python-challenge-day-3-exercises,4078147
/arunabhg/learn-python-challenge-day-1-exercises-b583c0,4077140
/htacon/learn-python-challenge-day-4-exercises,4076824
/hguruler/learn-python-challenge-day-4-exercises,4081079
/hulloswin/learn-python-challenge-day-4-exercises,4075371
/harshdota2704/learn-python-challenge-day-4-exercises,4074886
/trivikramchalasani/learn-python-challenge-day-4-exercises,4075041
/samanthansr/learn-python-challenge-day-3-exercises,4075898
/shalinikatiyar/learn-python-challenge-day-4-exercises,4075421
/chittiprolu/learn-python-challenge-day-4-exercises,4076593
/dominikkubik/learn-python-challenge-day-4-exercises-d29d47,4073787
/ankitkp/learn-python-challenge-day-4-exercises,4074241
/robferc/learn-python-challenge-day-4-exercises-robfc,4075761
/kennycylee/learn-python-challenge-day-3-exercises,4074891
/pbhagavatula/learn-python-challenge-day-4-exercises,4073585
/stegua/learn-python-challenge-day-4-exercises-6f4a5c,4073618
/jonathanzimmerman/learn-python-challenge-day-4-exercises,4074110
/saeed93/learn-python-challenge-day-1-exercises,4075172
/didizlatkova/learn-python-challenge-day-4-exercises,4072733
/pdthomsen/learn-python-challenge-day-4-exercises,4072982
/bharathballamudi/learn-python-challenge-day-4-exercises,4072976
/ivan866/learn-python-challenge-day-4-exercises,4071991
/arthurogee/learn-python-challenge-day-1-exercises-77179d,4071639
/lauraelliot/learn-python-challenge-day-1-exercises,4071678
/ewmendez/learn-python-challenge-day-4-exercises,4072897
/trivikramchalasani/learn-python-challenge-day-3-exercises,4072554
/sawibrah/learn-python-challenge-day-1-exercises,4075810
/sriharinitumu/learn-python-challenge-day-4-exercises,4071638
/sergeykir/learn-python-challenge-day-4-exercises,4080989
/ibrahimhabib/learn-python-challenge-day-2-exercises,4071196
/phaniabburi/learn-python-challenge-day-1-exercises,4094943
/sdittmeier/learn-python-challenge-day-4-exercises-98bb93,4070638
/alarehage/learn-python-challenge-day-4-exercises-2c7dec,4112143
/dominikkubik/learn-python-challenge-day-3-exercises,4071753
/seerwright/learn-python-challenge-day-4-exercises,4070497
/trivikramchalasani/learn-python-challenge-day-3-c187b3,4071073
/rosalie1993/learn-python-challenge-day-4-exercises,4070714
/hannanyk/learn-python-challenge-day-4-exercises,4070276
/kharkovsailing/learn-python-challenge-day-4-exercises,4070808
/horrendus/learn-python-challenge-day-4-exercises,4108126
/beefking/learn-python-challenge-day-2-exercises-cb4802,4069712
/entitie/learn-python-challenge-day-2-exercises-a8db3d,4070098
/tarungowda/exercise-using-select-from-where-223364,4069610
/kostasemman/learn-python-challenge-day-4-exercises,4070464
/gokturkbrk/learn-python-challenge-day-4-exercises,4069522
/pranavcfc/learn-python-challenge-day-4-exercises,4069261
/alkismaz/learn-python-challenge-day-4-exercises,4069363
/muralimunna18/learn-python-challenge-day-2-exercises,4069831
/bbose71/learn-python-challenge-day-3-exercises,4070666
/sudopower/sudopower-python-2nd,4069423
/samvatsarbs/learn-python-challenge-day-4-exercises,4069081
/yazhinisurendran/python-list,4076662
/pranavcfc/learn-python-challenge-day-3-exercises-b1a16c,4068791
/sergeykir/learn-python-challenge-day-2-exercises,4069673
/trivikramchalasani/learn-python-challenge-day-2-exercises-b23d92,4068847
/nico76/learn-python-challenge-day-4-exercises-c15dd1,4068215
/andrewhun/learn-python-challenge-day-4-exercises,4069122
/accamar/learn-python-challenge-day-4-exercises,4069073
/graemem74/learn-python-challenge-day-4,4076361
/jdnurczyk/learn-python-challenge-day-3-exercises,4070927
/okdidns/learn-python-challenge-day-4-exercises,4068418
/unstructured/learn-python-challenge-day-4-with-recursion,4069926
/swetash22/learn-python-challenge-day-2-exercises-f8f709,4067481
/natiaris/learn-python-challenge-day-4-exercises,4069533
/juliengre/learn-python-challenge-day-4-exercises,4067559
/anshul14july/learn-python-challenge-day-4-exercises,4068910
/shyamprasad/learn-python-challenge-day-4-exercises,4126952
/shaswatabisi/learn-python-challenge-day-2-exercises-2fcc4c,4067895
/martinjr/learn-python-challenge-day-4-exercises,4070421
/sulezinha/learn-python-challenge-day-2-exercises-cc567b,4067386
/mukeshonlines/learn-python-challenge-day-2-exercises-a3aca3,4071233
/edge21/manipulating-data-with-the-tidyverse-workb-d963e7,4068149
/zhangy356/learn-python-challenge-day-2-exercises-e0f5e8,4066252
/dsloet/fork-4-of-home-credit-default-risk-logs,4073294
/abu733/learn-python-challenge-day-4-exercises,4067295
/serarm/learn-python-challenge-day-3-exercises,4065699
/riya77/learn-python-challenge-day-4-exercises,4068362
/ankitandkaggle/learn-python-challenge-day-3-exercises,4086284
/mukeshonlines/learn-python-challenge-day-2,4065149
/augodhawala/learn-python-challenge-day-4-exercises,4065433
/chunyanwang/learn-python-challenge-day-4-exercises,4064819
/andreeaarama/learn-python-challenge-day-4-exercises,4065658
/lvchong/learn-python-challenge-day-4-exercises,4065150
/serarm/learn-python-challenge-day-4-exercises,4064246
/storrinha/learn-python-challenge-day-4-exercises,4065266
/shaswatabisi/learn-python-challenge-day-1-exercises-f26581,4064548
/shaswatabisi/learn-python-challenge-day-3-solution,4086595
/zmcddn/learn-python-challenge-day-2-exercises,4064147
/preetivivek/learn-python-challenge-day-2-exercises-ec77f7,4065415
/kundanshrivastav/learn-python-challenge-day-3-exercises,4065208
/rickkoch/learn-python-challenge-day-3-exercises,4081075
/jenningp/day-3-python-challenge-boolean,4076853
/ncolem12/learn-python-challenge-day-2-exercises,4063168
/bazzinga009/learn-python-challenge-day-2-exercises-d1e686,4063829
/san7911/comprehensive-data-exploration-with-python,4062692
/merlinginoib/learn-python-challenge-day-1-exercises-873af3,4063610
/elvisyjlin/learn-python-challenge-day-3,4064476
/jenningp/learn-python-challenge-day-2-exercises-7e3d06,4062881
/xuanyu11/learn-python-challenge-day-3-exercises-6e6436,4062367
/ashukr/avito-lightgbm-with-ridge-feature-v-2-0-5-0-2222,4062146
/elvisyjlin/learn-python-challenge-day-2-exercises,4062237
/cynthiacho/learn-python-challenge-day-3-exercises,4061861
/san7911/regularized-linear-models,4061459
/cecilmalone/learn-python-challenge-day-1-exercises,4079578
/tonylong/learn-python-challenge-day-3-exercises-0fd6f8,4072176
/mukeshonlines/learn-python-challenge-day-1-exercises,4060917
/waseefakhtar/learn-python-challenge-day-2-exercises,4069642
/manucsnair/learnpy-ext3,4081549
/chanccm/carmen-chan-kaggle-challenge-day-3,4063824
/ourique/learn-python-challenge-day-3-exercises,4058988
/cpetzy/learn-python-challenge-day-3-exercises,4080124
/mikaholic/learn-python-challenge-day-3-exercises,4059195
/gokturkbrk/learn-python-challenge-day-3-exercises-8302b0,4058800
/seancamden/learn-python-challenge-day-3-exercises,4064201
/ahamjigyasu/learn-python-challenge-day-2-exercises-cf5bcd,4059127
/sindhoojamullapudi/learn-python-challenge-day-3-exercises,4057620
/vsovetkin/learn-python-challenge-day-3-exercises,4058004
/yodasingh/learn-python-challenge-day-2-exercises,4057730
/frankoregan/learn-python-challenge-day-3-exercises-a435a0,4058274
/okdiec/learn-python-challenge-day-2-exercises-1b28ec,4058047
/vgandrap/learn-python-challenge-day-3-exercises-8c2f75,4057225
/debabratakaggle/loan-pred-with-lgbm-no-change-to-cat-cols,4225322
/anishsanyal/submitting-from-a-kernel-3f5103,4056884
/alexmjn/manipulating-data-with-the-tidyverse-workb-d55017,4056585
/waqarghani/learn-python-challenge-day-3-exercises,4056434
/owenwilkins/learn-python-challenge-day-1-exercises,4058807
/polhek/exercise-coding-in-tensorflow-and-keras,4056394
/robferc/learn-python-challenge-day-3-exercises-robfc,4057808
/marovski/learn-python-challenge-day-3-exercises,4079327
/ivan866/learn-python-challenge-day-3-exercises,4057735
/shekhar2707/learn-python-challenge-day-3-exercises,4056612
/ivyclare/learn-python-challenge-day-2-exercises-41fd22,4057486
/skp392/learn-python-challenge-day-2-exercises-ee67f7,4055018
/bernardf/learn-python-challenge-day-3-exercises,4055533
/anshul14july/learn-python-challenge-day-3-exercises-fe5590,4057588
/polhek/programming-in-tensorflow-and-keras,4055619
/jinjinge/learn-python-challenge-day-2-exercises-f99550,4058693
/harshdota2704/learn-python-challenge-day-3-exercises,4055431
/opiticalvin/learn-python-challenge-day-3-exercises,4073140
/ramongilmoreno/learn-python-challenge-day-3-exercises,4054475
/nimroad/learn-python-challenge-day-2-exercises-71737a,4055240
/siddyhall/siddy-hall-python-stuff,4095641
/sulimarquette/learn-python-challenge-day-1-exercises,4053815
/franchisjavier/learn-python-challenge-day-3-exercises,4053685
/hannanyk/learn-python-challenge-day-3-exercises,4070366
/mhashem/kernel7168925451,4073161
/amikulich/learn-python-challenge-day-3-exercises,4058074
/samvatsarbs/booleans-and-conditionals-challenge,4066754
/mbeveridge/learn-python-challenge-day-2-exercises-911745,4053456
/tenzinx/learn-python-challenge-day-1-exercises,4053245
/kmader/u-net-dilation-net,4066403
/chittiprolu/learn-python-challenge-day-3-exercises,4054006
/lin4mation/learn-python-challenge-day-2-exercises-lin4mation,4052236
/polhek/exercise-convolutions-for-computer-vision,4052117
/hulloswin/learn-python-challenge-day-1-exercises,4052335
/himanshuu207/getting-started-in-r-graphing-data,4057449
/osunderdog/learn-python-challenge-day-3-exercises,4052567
/kmader/aorta-overview-simple-u-net,4659866
/hulloswin/learn-python-challenge-day-3-exercises,4054079
/chalat/learn-python-challenge-day-3-exercises,4130068
/pbhagavatula/learn-python-challenge-day-3-exercises,4052345
/marekdorsic/learn-python-challenge-day-2-exercises-9384d8,4051761
/antonimarkovski/learn-python-challenge-day-1-exercises-1a272c,4052314
/bharathballamudi/learn-python-challenge-day-2-exercises-bc3c08,4051537
/cmauri/learn-python-challenge-day-3-exercises,4051127
/jonathanzimmerman/learn-python-challenge-day-3-exercises,4056315
/pdthomsen/learn-python-challenge-day-3-exercises,4051290
/elenabalena/learn-python-challenge-day-3-exercises,4052273
/sergeykir/learn-python-challenge-day-1-exercises,4070685
/oscare1970/kernel8aff68d89f,4057756
/himangshupal/learn-python-challenge-day-2-exercises-3e3-4db46f,4054176
/edge21/welcome-to-data-science-in-r-workbook-ab0631,4065576
/dougcresswell/learn-python-challenge-day-2-exercises-4a310a,4050175
/geremie/learn-python-challenge-day-2-exercises-12bd41,4050515
/ishmaeln/learn-python-challenge-exercises-day-3,4069509
/alarehage/learn-python-challenge-day-3-exercises,4049782
/dominikkubik/learn-python-challenge-day-2-exercises-e5076f,4050399
/bbose71/learn-python-challenge-day-2-exercises-79a74e,4048997
/kennycylee/learn-python-challenge-day-2-exercises-3e3762,4049125
/vallisurya/kernelff556c8afd,4054050
/sdittmeier/learn-python-challenge-day-3-exercises,4048287
/jkamaumburu/learn-python-challenge-day-3-exercises,4049726
/hannanyk/learn-python-challenge-day-2-exercises,4070318
/rashedyt/learn-python-challenge-day-3-exercises,4047891
/nikhilstats/nikhil-day-3,4065663
/chrisatkaggle/learn-python-challenge-day-1-exercises,4049465
/jkamaumburu/learn-python-challenge-day-3,4047382
/juliengre/learn-python-challenge-day-3-exercises-d34fd6,4047681
/unstructured/learn-python-challenge-day-3-exercises-14473f,4048140
/majoritas/learn-python-challenge-day-3-exercises,4074469
/jitvans/learn-python-challenge-day-2-exercises-826946,4047152
