/alimpolat/alim2-functions-and-getting-help,5427217
/kerneler/starter-updated-r-files-2-1788b610-f,5426158
/kerneler/starter-vietnam-national-highschool-a18f500b-5,5426088
/kerneler/starter-protein-structure-prediction-24330743-5,5426071
/kerneler/starter-updated-r-files-8bb2d6f7-f,5425844
/kerneler/starter-testingdata1-af6af094-d,5425485
/kerneler/starter-mushrooms-csv-86a7921e-7,5425400
/kerneler/starter-the-timeseries-1aa611c5-8,5425389
/kerneler/starter-girls-from-escort-moscow-cfa69b70-b,5425333
/kerneler/starter-regeringsuppdrag-scraped-20180-bbecc516-c,5425155
/kerneler/starter-testing-b946441e-8,5424934
/kerneler/starter-adult-data-5-d666488e-8,5424014
/wangdsh/hello-python,5429645
/kerneler/starter-adult-data-91a95c2e-c,5423740
/kerneler/starter-mydataset-2034fb24-f,5423710
/ashwath7500/enigma-codefest,5424142
/kerneler/starter-soccer-betting-odds-a6c9667c-3,5423179
/kerneler/starter-basewine-red-e-white2018-fd6299ac-1,5422387
/kerneler/starter-gaivr-metadata-4e2a764f-3,5422319
/dshahid380/fake-note-prediction,5424917
/kerneler/starter-june4feats2-158194e4-1,5421517
/kerneler/starter-gaivr-validation-data-4de54c91-d,5421296
/kerneler/starter-isnanloanv2-d1fb16f5-c,5421273
/kerneler/starter-featureengv2-941fca75-f,5421180
/kerneler/starter-binance-should-provide-9c731da1-d,5420291
/kerneler/starter-adult-ds-3433811c-d,5420175
/kerneler/starter-smo-knn-6399b5f0-a,5419999
/kerneler/starter-index-2018-70066a47-c,5419636
/kerneler/starter-cityscapes-edge-maps-7dc5909e-4,5419492
/kerneler/starter-online-p2p-lending-7bdc1ef5-6,5419200
/kerneler/starter-smo-lr-2-537faa00-2,5418902
/sawarn69/random-forests-0160d5,5417503
/kerneler/starter-metro-bike-share-stations-a7be8792-3,5417488
/ayharano/data-science-hiring-challenge,5513604
/kerneler/starter-july-s-salary-of-santa-97c936b7-f,5415768
/kerneler/starter-my-first-report-sales-data-b97995d4-a,5415643
/kerneler/starter-fruits-360-dataset-0f72b868-c,5415309
/priyanshu2411/cooking-kernel,6071938
/kerneler/starter-eurovision-song-contest-scores-644192c9-8,5415069
/kerneler/starter-fifa-2018-dataset-0159baf6-6,5413846
/kerneler/starter-neptune-ml-features-4858d6cc-5,5413665
/kerneler/starter-hourly-energy-consumption-e6cd36fa-c,5413578
/kerneler/starter-new-york-museum-of-modern-art-acab55b9-8,5413421
/kerneler/starter-fruits-360-dataset-ad6c8d1b-b,5412849
/kerneler/starter-lowa-house-price-adf7e9a0-d,5412745
/fontoura/start-here-a-gentle-introduction-bd2d53,5412497
/kerneler/starter-2018-movies-list-76d67550-1,5412335
/kerneler/starter-language-translation-11e3b322-c,5412260
/kerneler/starter-mycardataset-e934af2c-d,5412229
/kerneler/starter-smo-lr-03b49928-8,5411991
/kerneler/starter-japan-trade-statistics-e812d357-2,5411977
/kerneler/starter-horse-racing-data-82c199bd-7,5411930
/nivgeron/text2score-keras-rnn-word-embedding-a64fd0,5412768
/alimpolat/alim-functions-and-getting-help,5412571
/shuaihuang/split-dataset-into-chunks,5411593
/kerneler/starter-meta-kaggle-2f34433c-f,5410855
/kerneler/starter-btc-usd-data-between-2012-1e3badcb-0,5410817
/kerneler/starter-imfdb-data-5a06349f-9,5409833
/kerneler/starter-imfdb-data-0ee6e1d1-2,5409634
/kerneler/starter-fertility-data-set-b331d1ea-1,5409596
/kerneler/starter-fertility-data-set-4ed61be3-1,5409105
/kerneler/starter-practice-makes-master-movie-fec1c404-4,5408513
/ganeshsundar/poverty-level-prediction-xgboost,5409120
/kerneler/starter-amd-and-google-stock-price-57091da2-6,5408225
/kerneler/starter-qsc-quantum-sandcube-f411da55-9,5407735
/kerneler/starter-insurance-db-6619da57-4,5407572
/fabienvorpe/emnist-letters-dense-nn-simple,5427222
/gauravkoradiya/kerneled7444ab11,5407578
/kerneler/starter-hcdr-mr-pred-merged-stats-7a494c0b-6,5407440
/kerneler/starter-insurance-data-80ba56f4-2,5407330
/voidschemer/exercise-model-validation,5407237
/alfasst/bag-of-ingredients-svd-and-keras,5410243
/kerneler/starter-virat-kohli-performance-in-3ed60f36-2,5406559
/kerneler/starter-virat-kohli-performance-in-ac03cc5d-1,5406195
/l2enel/exercise-booleans-and-conditionals,5403582
/kerneler/starter-hourly-energy-consumption-c5c59d78-9,5403219
/kerneler/starter-hourly-energy-consumption-8f9eec83-1,5402379
/haddes/exercise-convolutions-for-computer-vision,5402219
/kerneler/starter-u-s-educational-finances-a85d3e4e-e,5401780
/dbabs8/titanic-data-science-solutions-db,5401534
/kerneler/starter-human-resource-069f301e-7,5401178
/kerneler/starter-superstore-sales-6fedef8f-5,5401142
/xyz8983/ml-ex-1-handling-missing-values,5400804
/kerneler/starter-try-to-classifiy-this-dataset-da17c768-d,5400453
/kerneler/starter-svenska-namn-285703a7-3,5400107
/sawarn69/exercise-underfitting-and-overfitting,5399401
/kerneler/starter-adultsdb-032abb1d-d,5398135
/kerneler/starter-adultscsv-65251b7f-d,5397730
/kerneler/starter-adults-3bfa00b9-e,5397496
/kerneler/starter-data-adult-2ab24b34-3,5397469
/kerneler/starter-sal-rio-dos-magistrados-1c3bf2a4-c,5397322
/kerneler/starter-insect-data-anaysis-c985a1b4-a,5396770
/kerneler/starter-ufc-rankings-12b89df3-a,5396269
/kerneler/starter-adult-db-51879db3-c,5396016
/kerneler/starter-resnet50-d447fe2e-c,5395236
/kerneler/starter-lr-smo-d6129b65-7,5395149
/kerneler/starter-lr-smo-9f481464-8,5395134
/kerneler/starter-bank-loan-modelling-a073382d-7,5394712
/ivobernardo/eda-application-bureau-prev-app-r,5395237
/cblesa/wow-battleground-s-beginner-analysis,5396481
/kerneler/starter-svc-smo-a1829a84-f,5394167
/kerneler/starter-bitcoin-blockchain-transaction-b7fe5497-1,5392495
/kerneler/starter-machine-learning-datas-4a140696-2,5392420
/kerneler/starter-rf-smo-b041debc-2,5391601
/kerneler/starter-datasets-39a52938-4,5391577
/kerneler/starter-dt-smo-f1976806-a,5391542
/kerneler/starter-movie-dataset-25b9ef85-0,5391380
/ash018/cohort-analysis-with-e-commerce-data,5449888
/kerneler/starter-all-djtrum-tweets-c28f4207-b,5391140
/viking714/method-chaining-workbook,5391088
/kerneler/starter-dt-smo-488739ef-c,5390570
/kerneler/starter-car-evaluation-f09d2c9f-f,5390203
/kerneler/starter-knn-smo-4f84115a-7,5389829
/kerneler/starter-chicago-crime-data-anaysis-2c593b9a-4,5389810
/kerneler/starter-smo-knn-6a87812f-7,5389633
/kerneler/starter-soccer-betting-odds-b7f4fd64-c,5389422
/kerneler/starter-meta-kaggle-ed30eae0-5,5389252
/hongchingkoh/learn-python-challenge-day-2,5389146
/kerneler/starter-website-bounce-rates-94b20154-5,5388825
/kerneler/starter-english-premier-league-betting-da0243c9-c,5388705
/kerneler/starter-english-premier-league-betting-d9ca53cd-2,5388664
/kerneler/starter-australian-horse-racing-data-331ff817-f,5388320
/manvalls/exercise-machine-learning-competitions,5390783
/pratikshar/kernel0046fd8168,5389786
/aravindtls/explore-your-data,5387291
/manvalls/exercise-random-forests,5387143
/kerneler/starter-text-preprocessing-e849abcc-9,5386668
/kerneler/starter-mvgg16-705eab02-d,5386546
/kerneler/starter-style-color-images-31df2b5f-a,5385950
/akindan1/hello-python-c0ae7e,5385933
/aravindtls/welcome-to-data-visualization-5df960,5384242
/knightwisdom/95-percentile-box-guess,5383987
/aniketmm98/assignment-1-pandas-and-uci-adult-dataset-a65d60,5383302
/kerneler/starter-open-source-bee-hive-labeled-e3035690-f,5383018
/kerneler/starter-4classimages-8f401711-2,5382983
/manjeetsingh/lung-opacity-overview,9093631
/kerneler/starter-antbee-dataset-c2c45c6a-8,5381723
/jiananarthurli/feature-eng-pai,5380911
/kerneler/starter-yans-2018-papper-accept-f31e60e8-c,5380840
/jacksmengel/home-away-eda-previous-application-csv,5391353
/kevinkun/mark5826-week-5-56c849,5381760
/klauslyu/titanic-binaryclassification,5381262
/dbabs8/submitting-from-a-kernel-edd132,5379724
/kerneler/starter-videogame-test-data-e6f6dd0b-c,5379664
/kerneler/starter-uspf-2018-data-d42750c8-5,5378515
/toshioakaneya/titanic-data-science-solutions,5378107
/kerneler/starter-imdb-movie-reviews-1d032934-5,5376813
/kerneler/starter-dataset-adult-516b2156-9,5376429
/kerneler/starter-imdb-movie-reviews-938615db-d,5376422
/kerneler/starter-pan-2015-featues-corelation-60148e24-c,5375713
/kerneler/starter-pan-2015-accuracy-co-relation-ed424a77-9,5375712
/kerneler/starter-pan-2015-accuracy-comparison-c606f9b9-d,5375710
/mdhrumil/headstart-data-science-titanic-classification,5374068
/luudactam/hc-v600,5373017
/kerneler/starter-epldata-7d94f2c1-e,5372730
/kerneler/starter-state-wise-mortality-rate-with-cde930d6-a,5372054
/kerneler/starter-state-wise-mortality-rate-with-fac30e13-2,5371992
/kerneler/starter-state-wise-mortality-rate-with-6a4787cf-9,5371865
/kerneler/starter-challenge-2018-train-image-3b0c63da-0,5371287
/kerneler/starter-half-marathon-performance-data-ba828596-a,5370971
/viking714/data-types-and-missing-data-workbook,5379599
/kerneler/starter-classifier-nb-a9493036-b,5369304
/kerneler/starter-machine-learning-ex1data-778efa29-b,5369046
/kerneler/starter-machine-learning-ex1data-78db6811-6,5369043
/kerneler/starter-classifier-rf-74a8e05b-8,5369023
/kerneler/starter-classifier-dt-dd31f94b-0,5368993
/manvalls/exercise-explore-your-data,5369128
/kerneler/starter-hyip-dataset-f8e6e2c7-8,5368075
/kerneler/starter-inception-weights-13200974-d,5368021
/kerneler/starter-geometrik-sekiller-ef30dbe1-7,5367780
/kerneler/starter-forest-cover-cat-features-f52ceb46-c,5367350
/kerneler/starter-meta-kaggle-3e0a6819-5,5367336
/kerneler/starter-forest-cover-cat-features-a863446b-f,5367269
/trsekhar123/title-of-names-in-titanic-dataset,5367746
/kerneler/starter-kesacnn-bebb4de5-9,5366698
/iamprakashom/model-validation-beginner,5366734
/alimpolat/alim-manipulating-data-with-the-tidyverse,5370493
/sanaahuja/mark5826-week-5-0d85df,5820017
/iamprakashom/your-first-machine-learning-model,5365745
/tajalagawani/mask-rcnn-sample-starter-model,8531316
/kerneler/starter-svp-leak-set-5ac0400b-7,5365373
/kerneler/starter-svp-leak-rows-order-with-test-8743e926-d,5365372
/kerneler/starter-svp-leak-output-c116nan10-5da8656c-6,5365361
/kerneler/starter-svp-leak-output-c116-325e6882-c,5365359
/kerneler/starter-iaj-mls-2018-visualization-8997fac1-b,5364762
/kerneler/starter-ny-police-precincts-714654f9-e,5364414
/kerneler/starter-twiki-application-log-8e60e9a2-c,5364181
/kerneler/starter-ipl-team-wise-performance-08c656f1-1,5364025
/kerneler/starter-ipl-team-wise-performance-349f51bc-b,5363979
/viking714/grouping-and-sorting,5370316
/kerneler/starter-nearest-neighbors-03-5133491a-a,5362818
/shivampanchal/0-792-lb-extracted-features-with-lightgbm,5361713
/abusiddik/movie-recommender-systems,5361546
/pratikshar/kernelae7774be83,5362897
/arronmzh/sta-141a-hw1,5361372
/takahirokubo0/yans2018-extract-paper-feature-with-test,5381023
/kerneler/starter-airport-cases-federal-aviation-751a7aef-2,5360169
/ashishsinhaiitr/segnet,5368696
/ayanmaity/fork-of-sna-project-2,5414870
/kerneler/starter-mysets-26952c8b-5,5360032
