/trizillian/notebookcfb8a67cae,385390
/mkesselaers/notebookd99c23abe8,387443
/pcm1312/notebook4ed8b6e72f,385380
/apurveyajnik/neural-network-through-keras-b8299a50,385376
/ubermensch/notebookd0bde94c9e,385361
/jonamx/a-journey-through-titanic,385711
/ddaniel/a-journey-through-titanic-7e6c5592,385814
/adv34715/notebookc14e1652ca,385314
/sky22357168/notebook9e3a65f666,385302
/naxalov/first-kaggle-notebook-trial-titanic,385296
/cesarboucas/kaggle-titanic-001,385287
/qthurier/notebook60f386dac6,385279
/majickdave/notebookd6c12a89cd,385270
/vforce/a-journey-through-titanic,1317784
/staceyr/notebook5c36352ece,385197
/caseyv/notebook6678225b4f,385188
/nfinkelstein/notebook1503f82937,385179
/myashar/notebookb20ecc8067,385169
/irenedvs/notebook1ff4eba7a6,385167
/maidang/notebook87377ca5c7,385166
/nfinkelstein/notebook070b1d012e,385165
/karanb94/knn-from-scratch-in-python-at-97-1,385154
/cyborg7/notebook54a37a0c89,385135
/brassmonkey381/notebookad03af150a,385512
/ruslans/user-data-exploration,385111
/skynone/notebookf897fc1829,385143
/jgonzd/notebook1432e9064e,385074
/nfinkelstein/notebooke5f4960c64,385072
/asamigullin/notebook54b9946971,385070
/alcyon/notebookcdbc7beff6,385048
/elguille/notebookf24e558557,385030
/hmehta/notebookcf58278bf1,385027
/terrycheng/notebook64c2345b86,385021
/kondor53/titanic-survival,385256
/thomasekeller/notebook114eae6fc7,384974
/romovpa/notebook7bdb8933d5,384971
/ruihua/notebooka2eb5a1548,384970
/oliversherouse/notebook41891292c5,384889
/elberi/notebook2830b612bd,384878
/benhamner/notebook29ed93507f,384877
/benhamner/notebookcd295b72b0,384875
/dawidmf/a-journey-through-titanic,384857
/mandreev/notebookbb19f4c126,384832
/pankajmishra/notebookdd0c9aa88c,384822
/ramakrishnar/tensorflow-deep-nn,384818
/datadynamo/notebook4bc4241389,384809
/onetoinfinity/airplane-crashes-since-1908,384800
/kumarsh8483/looking-at-categorical-data,384833
/rturyatemba/notebookb09183580b,384784
/ezhilan/notebook9b8214481d,384783
/teahouse/notebook0aabf3223d,384779
/mbcheung/mtg-gathering-the-words,399832
/mazurov/notebookfde95b1c57,384774
/yurijvolkov/notebook8873e66032,384759
/phaethonprime/notebook54316736d0,384758
/olegiv/notebook3996bb76ce,384752
/neerajbhukania/notebook0f21c3d918,384717
/bagofwords/notebook820ddb216f,384702
/jjarquin/a-journey-through-titanic-jjarquin,384741
/jjarquin/notebook-under-water,384743
/thangelane/titanic-prediction,385532
/anki08/knn-from-scratch-in-python-at-97-1,384666
/zoohrehshahbazii/notebook6b4ad537b7,384664
/aemreaydin/notebookf103296acd,384662
/alazark/a-journey-through-titanic,403513
/bjbloemker/plane-crashes,386759
/paulpaul111/notebookdfa57fe5e7,384620
/zoohrehshahbazii/notebook8c02a35062,384615
/thomastan310/notebook8e373ce1e9,384614
/pkraulos/notebook4366a77a6a,384613
/amanandh/notebooka4fea080c0,384611
/asimon5/notebooke4cab727e8,384609
/asimon5/notebook049fd250b3,384607
/petermei/notebookbbc25df066,384606
/pkraulos/notebook5f363c1c00,384936
/pbotti/notebook46642c3370,384602
/vista20sun/notebook11edf76583,384600
/centurystorm/notebook91137b37b7,384590
/skynone/notebook5bf567c590,384588
/juanarias/notebook96c0d21741,384586
/cnemec1/notebook387b109bf5,384639
/asimon5/notebook40e1f558e9,384582
/cflood21/notebook60f230f8fd,384573
/lianglianghe/notebooka5e4048cbc,384544
/edouardmalet/a-journey-through-titanic-40224c14,384530
/jernejminer/notebookebc5c35a69,384499
/laufavr/notebook4650f598f3,386977
/ruzeil/notebooka1f76490fa,384467
/gouxute1/brand-and-model-based-benchmarks-5c54ae89,385440
/supermano/python-data-visualizations,384421
/ksjpenny/notebook475f5b7b1d,384414
/liuy0095/notebookc02ff7a881,384405
/joekidd/a-journey-through-titanic,414698
/vinaysingh25/notebook9e47eeb09c,384356
/jajanes/a-journey-through-titanic,384399
/kddspgh/notebook475b6a2031,384352
/hmiller/notebookd9fb6054a8,384309
/thomastan310/notebookfefa6f2ff1,384298
/overdata/notebookffc9f03fc7,384290
/jinkos/notebooked9a2bbd85,384273
/gouxute1/brand-and-model-based-benchmarks-11252e66,384264
/jerrywu0904/notebooka388fc01ae,384244
/romaingauthier/notebookca3ac2e2dc,384239
/lordasart/a-linear-model-on-apps-and-labels-17a626d4,385324
/firsec/example-handwritten-digits,384186
/yimpington/the-probability-of-being-mean,388485
/maitrayee/a-journey-through-titanic,384138
/kumargoutam/top-teams-in-european-league-epl-nd-more,384128
/berwin/notebook938a6b99b3,384123
/texmexmachine/notebook91dae31686,384116
/jwegas/notebook1c0cb1fcef,384101
/intiporn/notebook6c11c8c359,384097
/k3vb0t/python-data-visualizations,384096
/robdias/predictfy-titanic-survival-reviewed,384076
/fujit33/notebook18c640b24d,384050
/franklindong/a-journey-through-titanic-05fd4755,384029
/vovkman/notebook8d888bb2b4,384027
/akrishna1/notebook7f965f9357,384023
/mrugami/notebook6ccb84b634,384022
/jjarquin/notebookf912f8459d,383976
/willharrison/notebookcf74725ea9,383975
/willharrison/notebook3ced579e53,383974
/sudath/notebookcdf0e44582,383970
/barnabywalker/notebook1d64b9257a,383967
/hyuckin/notebook44301c40f8,383965
/jjayaram/social-cluster-analysis,383943
/dgwtexas/airbnb-user-bookings,383922
/bjbloemker/tittanic-prediction,386761
/hyperdo/notebook5a408ba4d6,383902
/albertore/notebookcb668be616,383891
/milosv/notebook138a2dcc8d,383867
/ezgikaya/notebookf60d401a9d,383857
/tejusg/a-journey-through-titanic-ee72f82f,383862
/nikhilchavanke/regularized-linear-models-1928bb92,384277
/hcqhwanda/notebooke9e939be9c,383859
/dgwtexas/explore,383834
/atulit123/notebooka79bbc324f,383826
/michaelguia/notebooka29b26d4fa,383822
/akashshekara/a-journey-through-titanic-b870bbbf,389512
/franklindong/a-journey-through-titanic,384008
/kiankurokawa/python-data-visualizations,383774
/indrajitdas/notebook643408615c,1423699
/madhattermonroe/notebook8aafee8944,383767
/abdullah13314/notebookb7904f3b94,383765
/sylviahoho/notebook11c9dfd7a8,383760
/alexplatasl/notebookd5a0857409,383757
/loganpatrick/notebook8d84c34982,383754
/hemantkg/notebook1321267d65,383737
/franklindong/explore-data,383770
/nickosaveas/saveas-cs-100,384638
/cdamp350/fork-of-notebook65485ff7b8,383716
/castordaedalus/notebook59c45d9c66,383708
/darrr2013/notebook5775139b3b,383697
/vedsarkushwaha/notebook6996f51ef7,383690
/dbsnail/notebookd527af419f,383687
/alanmbarr/fork-of-reply-threading-and-retweets,383686
/stamate/notebook3752fb848e,383678
/vidurpuliani/notebookb0531da1dd,2624242
/sglyon/notebook1bc5b14dec,383659
/tables/notebook17c779ba6a,383650
/akashshekara/a-journey-through-titanic,383810
/ductran258/basic-model-using-pandas-and-sklearn,383628
/sullivanchristo/notebook3057c96919,383599
/esmile/notebookd085c0f007,383592
/koostb/notebook4099128694,383581
/tejusg/a-journey-through-titanic,383830
/bigheadmorty/notebook1ba7cc0331,383530
/lasarte/study-of-tree-and-forest-algorithms,383512
/analyticsdojo/notebooka28dc45880,383508
/gsantoro/notebooka01b22ce64,383506
/itsmeumesh/notebook1bb639fb4a,383492
/noholger/notebook15827331e6,383489
/ddaniel/a-journey-through-titanic,385903
/abhijeetnazar/notebookdd7af60238,383576
/aseth27/notebookd8e899aa68,383457
/thewhiteknight/notebook57431bfcf4,383451
/thomastan310/notebookc4bd94f55b,383625
/krishnaatkalikar/notebook5f7429a298,383438
/edouardmalet/a-journey-through-titanic,383419
/nikobob/tensorflow-deep-nn,383387
/itsmeumesh/notebook35d9e0b466,383386
/koostb/regularized-linear-models,383404
/hungyilee/pokemon-speed-attack-hp-defense-analysis-by-type,383341
/greepex/tensorflow-deep-nn-69074790,383328
/zonemercy/date-exploration-6min-0-01,384325
/ajay96/notebook65febcc1e8,383324
/thomastan310/notebookee4f34b8c4,383429
/kozhevnikov/python-data-visualizations,383300
/darrr2013/notebookb203b34cf0,383369
/sharmaparth17/notebook1f6254b90c,383292
/aemreaydin/notebookf4de9c9f2e,383253
/greepex/tensorflow-deep-nn-f2a45c9d,383267
/ashk33/notebook6ad0a052ba,383234
/hmiller/notebook7142464b07,383303
/aseth27/notebook19e27cc67b,383220
/spikyspider/10-classifier-showdown-in-scikit-learn,383476
/puneetsinha/a-linear-model-on-apps-and-labels,383213
/alemozz/notebookc802c55d60,383204
/abhijeetnazar/python-for-padawans-abhijeet,383202
/prakashshetty/building-a-prediction-model,383199
