/soumendrak/wordcloud-of-tweets,469074
/soumendrak/timeseries-analysis,469067
/adityakumarsinha/keras-with-tensorflow-backend,469065
/fzhurd/classify-ghosts-v7h220161126,469064
/tperetz/notebook9f22c1a934,469143
/inigo1422/notebook484ffd5857,469053
/enfeizhan/notebooka74bc5f301,469021
/randolphyao007/notebook777baa94fc,469015
/indujayabal/for-ivy-schools,468996
/hemantime/deep-learning-in-the-deep-blue-lb-1-279,468987
/samrotashoka/singel-model-lb-1117,468962
/nil666/trial1,468982
/jseery/exploratory-study-on-ml-algorithms-2f2d2cc0,468935
/ragsx123/notebooka3a466d5cd,468927
/rohitc01/test1,468980
/mnabaee/fork-of-keras-with-tensorflow-backend,468905
/kinguistics/notebook2e4586d787,468903
/emily2016/exploratory-tutorial-titanic-5a3b4256,468878
/txtrouble/mnist-with-cnn-0-99157-score,468870
/jameszeng/detailed-cleaning-visualization-python,468850
/skynone/notebook2630e88adf,468839
/nahsin/notebook3765d10ace,468817
/bruceokallau/a-journey-through-titanic,468809
/dangtu/using-xgboost-with-feature-engineering,468818
/shuaiwang/fish-detection-d918052b,468799
/jrsskumard/notebookc836401615,468786
/narasimha46/simha3,500156
/awang19/notebook2a826c436a,468780
/jrsskumard/notebook1bcfcc28ac,468778
/shuaiwang/notebookdd968ab968,468769
/dangtu/house-prediction-with-xgboost,468761
/thallesbarba/thalles1st-titanic,468763
/majorminer/a-journey-through-titanic,468755
/alvyxc/notebookc237e23599,468745
/alvyxc/notebook7a6bf62f9f,468744
/ankit27patil/world-university-rankings,468741
/gaoyuan19930220/test12,469060
/parikshithmj/dictionary-to-add-pokemon-names-to-dataframe,468702
/chinmay92/notebook8776395b5e,468686
/kzlav1/notebook19eee74e49,468684
/fzhurd/classify-ghosts-v7h20161126,468676
/mduseja/a-journey-through-titanic,469933
/dream1catcher/insurance-claim,468669
/emmaling27/notebookdd89649db4,468643
/ataniazov/notebook595de36cc4,468641
/osamaa/global-warming-confirmed-basemap-animation,468633
/robot2/lets-look-at-correlations,468627
/elguapo77/simple-eda-feature-transformations,468624
/edonstazz/league-tables-fb5b0d58,468616
/muhpt4/simple-eda-feature-transformations,468615
/edonstazz/league-tables-95167c40,468614
/biosopher/finding-boatids-53827807,468599
/ctdo2007/notebook5c79d1c6b0,468597
/ctdo2007/notebookfdc73f023e,468593
/dmytrolystopad/when-less-is-more-23,468590
/vpramodkumar/notebook0f75f7fee8,468583
/cegomez22/notebook2bbe6538a3,468580
/osamaa/soccer,468572
/ingrid/analyzing-topic-impact-sentiments-and-positions,468563
/biosopher/notebookc2c9b32e7a,468547
/biosopher/workflow-cluster-mask-classify,468545
/nathanyee/notebook9ca63345e4,468543
/kuntalg/regularized-linear-models-fe8496ae,468528
/ingrid/markov-chain-monte-carlo,1017527
/yashamu/notebookc170980a24,468522
/shahamil/notebooke288332424,468520
/sominwadhwa/xgboost-approach,468523
/ahmadabdulghani/detailed-cleaning-visualization-python,468514
/aconsapart/notebooka0f92d450b,468513
/sominwadhwa/notebook6633dcc73e,468507
/captbojangles/notebook2f3e0eb6b0,468498
/mnorrie/tensorflow-deep-nn,468496
/andriish/deep-learning-in-the-deep-blue-lb-1-279,468493
/alicesommer/house-price-prediction-part-1,468492
/andriish/notebook32cf3cb265,2557965
/fdsaqwer/default,468481
/jadsruben/notebookacbfa61682,468480
/jadsruben/notebooked98c3aada,468478
/inigo1422/notebookad5af1c2a7,468469
/sumitl/detecting-night-photos,468465
/edonstazz/league-tables-339044f0,468457
/sandeep8530/timeseries-analysis,468453
/sandeep8530/analysing-the-data,468451
/jypucca/fork-of-catdognet-keras-convnet-starter,468440
/casuru/notebook9bec30bc4f,999417
/ideeplearning/tensorflow-deep-nn,468402
/mjjohns1/explore-enron-c5e34ec8,468398
/mjjohns1/explore-enron,468397
/casuru/notebookb281b6f739,468390
/gregorydillon/notebook9ead436d32,468387
/rspadim/notebookdf60579c51,468378
/yuesun/titanic-machine-learning-from-disaster,468370
/binaygupta/notebook4c6125ff2f,468368
/gauravpajankar/notebook6172998411,468362
/toddmoffett/notebook66daf94ae5,468337
/djovisic/simple-mlp-in-python,468334
/cnheider/detailed-cleaning-visualization-python,468331
/gmase1/detailed-cleaning-visualization-python,468328
/jordand/notebooke89f7744e1,468313
/sharnam19/notebook42c23a9abc,468307
/vinodhchokkaiah/notebook20dcba50c0,468297
/ankitson/the-most-predictable-league,468293
/chlgudrbdn/notebookf85942dc58,468281
/luismatute/notebook8b0d479af3,468263
/bisgsingh/hibaro,468246
/sonaam1234/sentiment-1,468216
/mehrdadmizani/notebook9be8c19f7e,468209
/sweellan/exploratory-tutorial-titanic,468869
/sarapissou/basic-ml-best-of-10-classifiers,468204
/amanjoseph/notebook7a8db8aeed,468201
/pratik1390/notebook013da69875,468178
/calvinjku/python-data-visualizations-04c68943,468177
/obbiwann/notebook88a5969e10,468162
/zhenwang/catdognet-keras-convnet-starter-115060c1,468157
/yangshubin/notebook83ab0b51fc,468151
/gaiaznugmanov/idk-what-i-am-doing-here,468142
/harazahn/testing-2,468159
/laitianan/data-for-extraruns-totalruns-runs-by-batsman,468122
/takashi1029/notebook6fc93952cd,468121
/mchirico/girl-dies-when-cars-collide-map,468124
/xiaodongjiang/detailed-cleaning-visualization-python,468112
/frrahman/notebookbece8d5f06,468111
/evgeniyabelyaeva/notebook2fb8c1fa71,468109
/aal13n/notebook2683abf964,468095
/stigole/psychology-of-a-professional-athlete,517900
/thechipmunk/notebook91c9df0aef,468089
/jrphilippe/timeseries-analysis-aafe0574,468070
/haqqodewan25/when-less-is-more,468069
/primalusiana18/notebook503bf636c4,468064
/jrphilippe/timeseries-analysis,468063
/sparkage/notebookd0be67abf5,468059
/primalusiana18/notebookc1e3c82991,468058
/douzette/python-data-visualizations,468049
/abhidesai/notebookfe6a9c0e48,468048
/legend4917/python-data-visualizations,468044
/ratapongruksasuk/a-quick-review-of-the-ign-reviews,468042
/zhangxzx/notebook74b7d3e31e,468027
/ubiwang/python-data-visualizations-f3b49131,468025
/praloy/notebookc306c94fd2,468023
/chlgudrbdn/notebookb875d6e5e1,468017
/sominwadhwa/some-analysis,468015
/madmachine/deneme,468012
/antoinesimon/ml-titanic-v0,468011
/sominwadhwa/data-exploration-traffic,468010
/nzubeezudo/notebook3c2c3b1b3f,468004
/ferbncode/digit-recognizer,468001
/peaceplusone/python-data-visualizations,467991
,None
/peaceplusone/titanic-disaster,467989
/pavaan/notebook0708dd29b3,467981
/shadoe/notebookf6f67cc175,467967
/jomaxx/missing-values,10730560
/tompeng1/project-1,467953
/calico/notebook9538582093,467951
/sparkage/notebook08abe59252,467932
/jatavsandeep/test123,467923
/aal13n/notebook3ced3323ed,467920
/pixyyy/notebookba2f3f0e1c,467911
/dims33/scriptv2,467907
/yutinglinjack/firsttest,467880
/rkcosmos/comprehensive-exploration-and-visualization-1,467871
/rahul15495/python-data-visualizations-57bd0a67,467869
/rahul15495/python-data-visualizations,467864
/sereprz/notebook6f4a614cca,467862
/ajchan/notebook8d420627b1,467860
/wangpan/a-journey-through-titanic-a18651b5,467855
/wangpan/a-journey-through-titanic-d414e3f2,467853
/bolobolo/santander-find-customers-similarities,467845
/emmyft/titanic-survival-prediction,467858
/caogang440/first-titanic-problem,467823
/sparkage/notebook075bc89da3,467777
/mountaindata/allstate-randomforest,467772
/ay1011/deep-learning-in-the-deep-blue-lb-1-279,467770
/fzhurd/classify-ghosts-v5h320161125,467767
/fzhurd/classify-ghosts-v5h220161125,467762
/sparkage/notebook516dd16b62,467753
/tzzcl1/detailed-cleaning-visualization-python,467748
/zgcgreat/notebooke2ed8b2d73,467745
/greattnk/notebook39fd14b615,467740
/rangyeol/notebook5995fa09e6,467737
/weisserreis/notebook15dbb850cb,467701
/nvngan/a-journey-through-titanic-8ebe707c,467697
/fzhurd/classify-ghost2-v5h220161125,467695
/nvngan/a-journey-through-titanic,467694
/fzhurd/classify-ghosts-v5h,467688
/shinntitech/notebooke469624672,467685
/samsekbolfan/hajoin,467682
/xergioalex/notebook107e448b03,467666
/singh2a7/notebook44e13293a0,467663
/leduytan93/discovering-the-best-platform,467662
/chrishamblin7/random-forest-vs-svm,471595
/waterfling2008/10-classifier-showdown-in-scikit-learn,467650
/jenniferluo/notebookbd92f6e108,467636
/rowansmith/a-journey-through-titanic-dd9ad5fa,467619
/jason1994/notebook04def11efb,467606
/brtmnstr/a-journey-through-titanic,470254
/taoqi610/xgboost1,467569
/sanjaykumar1625/the-locations-puzzle-2ddb31c1,467563
/ezuraniisama/santander-trial,467553
/maxlikely/can-you-be-a-good-football-player,467528
