/thammasorn/notebook4e7c494ba5,854136
/ttkuma/regression-using-keras,854085
/raogopal5/pca-for-human-resources-analytics,854056
/sadikbagigar/hr-analytics-prelim-notebook,854051
/ecnuykh/catdognet-keras-convnet-starter,854047
/tangyuan/analysis-of-imdb-5000-movie-dataset,854029
/kolakth/flights-exploration,854027
/ttkuma/regularized-linear-models,854018
/raogopal5/notebook88c9cd350f,853994
/kaulad/house-prices-data-exploration-and-visualisation,853973
/ttkuma/python-data-visualizations,853966
/udaysa/10-classifier-showdown-in-scikit-learn,853955
/raogopal5/notebookf423d32ffe,867071
/periramm/notebook15068cc4f2,853917
/raogopal5/notebookad18e95b67,853916
/mzacks/xgb-starter-in-python,853900
/kishu6/regularized-linear-models,853899
/raogopal5/notebookd483096b45,853888
/obbkaggle/regularized-linear-models,853887
/cherry007/full-preprocessing-tutorial,853875
/wrat004/notebook546465f7c0,853840
/pravink/notebook31a3555a4f,853819
/harrywa/notebook9742c3069b,853818
/hayesla/notebookf80afb57ad,853774
/liaofz/slice-visualization-with-interactive-widgets,853743
/cellular/notebookc890a2fe37,853692
/maximantonovich/a-simple-2-layer-neural-network-model,853669
/jfmartin/my-first-kaggle-script-datacamp-tutorial,853667
/smis00d/glass-type-classification-with-machine-learning,853650
/nursultan/regularized-linear-models,853584
/sniperarrow/notebook13657aadc2,853576
/sniperarrow/notebook99d9b468fa,853556
/sniperarrow/notebookf55861f51c,853544
/cherry007/notebook1bffb33dc6,853529
/tellusium/notebook5cf5f9a84a,853519
/scannerd/catdognet-keras-convnet-starter-dc019987,860573
/raogopal5/notebookd63489b4c2,853414
/scannerd/catdognet-keras-convnet-starter,853411
/rameshmalinda/an-interactive-data-science-tutorial,853410
/s55082/notebooka9fd6e764d,853374
/natthakornk/notebook2455a46eb6,853372
/ilankil/a-journey-through-titanic,853321
/akanai/notebookc9ad9027b1,853298
/bmwhetter/a-journey-through-titanic,853284
/lihongqiang/notebook9ba5394762,853264
/pouya112/nyc-collision-analysis,853205
/vivek936ster/python-data-visualizations-5b640cb4,853113
/vivek936ster/python-data-visualizations,853111
/pouya112/full-preprocessing-tutorial,853089
/richieli/china-year-stats,853045
/vigilanf/notebook072fdfe33e,852983
/sred802/notebook4734307c9d,852955
/vigilanf/notebook2c49657f6f,852949
/asdftoger/titanic-random-forest-82-78-e77b4803,852948
/tomas52/notebook6df6a7d012,852914
/gabcool/notebook1f55e8418c,852902
/s55082/notebook5defc1c80c,852896
/s55082/study,852895
/s55082/notebook504bb07665,852879
/raj111samant/notebook7c7c05dd1a,852870
/s55082/tensorflow-study-2,852845
/nikhilmannan/notebookf259a4696c,852831
/luyujia/filling-up-missing-values,852825
/toshik/histogram-of-pixel-values,852818
/jontewks/notebook73c1f5a205,852814
/vigilanf/notebook292cbb10a8,852799
/hhobayy/a-journey-through-titanic,852765
/hhobayy/notebookfcd9f88d95,852762
/yskolnick/notebook2e1430fe54,852725
/cburke/notebook23a7a55f13,852629
/jmack2090/notebook7bff0628fd,852616
/vigilanf/notebookda65833bac,852609
/vigilanf/notebookfe29627a0b,852607
/jmack2090/notebook7166fb341f,852603
/chedly/notebook68a33ab653,852564
/chedly/notebook654d838afb,852553
/bennydabull/regularized-linear-models,852534
/davidprakash/xgb-modified,860518
/bytter/notebook36db753317,852515
/kudospop/xgb-starter-in-python,852512
/freddiec/ipl-insights,852496
/marcus99/full-pipeline-demo-poly-pixels-ml-poly,852480
/vigilanf/notebookdf75e051e3,852478
/xideang/tensorflow-starter-kit,852476
/s55082/notebook46d1aa02d4,852446
/xideang/test-scr,852428
/farrar/first-pass-through-data-w-3d-convnet,852419
/xideang/notebookdf70b5f3d0,852406
/bradtrew/firstscript,852372
/s55082/notebook6a12fc00ae,852366
/nursultan/glass-type-classification-with-machine-learning,852344
/adesh09/a-journey-through-titanic,852330
/nursultan/glass-svc,852502
/muzunogullari/script-for-titanic,852294
/nangemo/fork-of-simple-exploration-notebook-2-connect,852249
/danieleewww/first-pass-through-data-w-3d-convnet-e8263ab5,852244
/gigizhang88/notebookd5ec2b1e63,852242
/muzunogullari/my-take-on-the-titanic-challenge,852228
/ksooklall/kaggle-data-science-bowl-2017,857081
/amrutana/notebookfbc4deb1ae,852130
/ayyagarikiran/notebook0102d86c00,852129
/tancent/a-journey-through-titanic,852119
/vigilanf/notebookc4a2f82373,852116
/frabi/simple-exploration-notebook-2-connect,852102
/paulfornia/first-pass-through-data-w-3d-convnet,852101
/abhijitk/first-try-1,852072
/saravananstat/iris-data-analysis-pandas-numpy,852068
/evdata/full-preprocessing-tutorial,852044
/cbates/titanicintro,852030
/evdata/first-pass-through-data-w-3d-convnet,852024
/rkadado/notebookf742fac092,852012
/cbates/titanic,852022
/fcpenha/pollution-map,851950
/arashs/regularized-linear-models,851943
/pradeep85/notebooke950ebe705,851895
/vigilanf/notebook442aff2f50,851876
/scart97/an-interactive-data-science-tutorial,851868
/vigilanf/notebookc0b9a6bcce,851864
/uday09/notebook6bfeb0e166,851773
/manishranjan0805/how-to-correctly-load-data-into-r,851759
/uday09/notebook15b8204328,851754
/vigilanf/xgb-forked-starter,851752
/jykang/notebookcd85416987,851715
/jnizzi/notebook9cf68ef633,851714
/bharath25/understanding-iris-species,851664
/wl2522/notebook613638a867,851659
/vigilanf/notebook56285dcca2,851651
/g115109/notebook019a650100,851637
/amrkhalifa/notebook2b635d6a66,851625
/kariim/notebook3156269328,851617
/temporal/full-pipeline-demo-poly-pixels-ml-poly,851613
/jykang/the-perfect-score-script,851601
/g115109/notebook7685119590,851580
/g115109/notebookdc4d92cf6a,851576
/nicolasmontes/make-neural-networks-compete,851560
/fcpenha/network-mapping-hollywood-actor-overlap-4abc3dd0,851546
/fcpenha/network-mapping-hollywood-actor-overlap,851544
/anushree20/notebooka25d1a8188,851539
/whitef0x0/candidate-generation-and-luna16-preprocessing,851530
/zackcode/notebook82c8c36e7f,851529
/mohanz/exploratory-data-analysis,851508
/wilberbeast/regularized-linear-models,851451
/emily2016/titanic-random-forest-82-78,851434
/playwithdata/notebook09a56fc62b,851387
/alopezag/notebookb69c903a67,851357
/colibri/euro-data-analysis,851313
/clinzy/xgb-starter-in-python,851303
/rainydata/fork-of-chris-first-model,851255
/cuihaosabrina/alcohol-consumption-and-average-grades,851193
/kalmangszabo/notebook92033f2763,851178
/bayeshaze/notebook1cdfb15dff,851166
/durgesh0111/notebook6c28cdac22,851156
/zackcode/fork-of-test-notebook,851121
/b4stewar/notebook488ecdeb2b,851113
/docey95/full-preprocessing-tutorial-f086beb3,851100
/gun146/a-journey-through-titanic,858990
/kuppus/notebook74d1402f39,851041
/kuppus/notebookfe0aa7f010,851039
/mansipuri/modeling-prices,851030
/emrache/notebookc7e74ca13d,850940
/mirdtmir/notebookc4828d0f7c,850926
/soumyaparida/notebookc8cffd5a29,850909
/sourabh1024/useful-text-preprocessing-on-the-datasets,850900
/cramja/full-preprocessing-tutorial,850888
/natalion/notebookbd6331082f,850884
/kztheavatar/full-preprocessing-tutorial,850876
/akshaytam/notebook4d9e1d71e1,850847
/theforecastkid/notebook056c816285,850846
/den3b81/xgb-starter-in-python,850842
/inf3rn0/notebookc2b25cea0b,861459
/chetvers/notebook1f265c8e9d,850828
/trome17/notebook0edfbf238d,850761
/leobel888/notebooke2b5ff64fe,850725
/robertofierimonte/notebookcd31d2c664,850721
/molotovmac/full-preprocessing-tutorial-a602d979,850693
/akanai/notebook77d80b4ac6,850669
/molotovmac/cancer-preprocessing,850661
/trome17/tensorflow-2-layer-neural-net,850610
/arjunpmm/notebooke42295381c,850605
/aakansh9/notebookf20b81aebc,850555
/jainavi73/notebooke68dcaba2e,850554
/reevok/house-prices-eda,850507
/kwegba1/notebook2a4cafbcc3,850500
/nocontact/azbowl,850491
/ztztztzt/a-journey-through-titanic,850485
/yaswanthsvist/notebook15881505d5,850482
/dhrumilvora93/global-religion-1945-2010-plotly-pandas-visuals,850478
/blankaf/notebooka98a1f8bb4,850433
/surajjain2694/global-religion-1945-2010-plotly-pandas-visuals,850424
/orenberko/notebookfaee41527b,850416
/pharmer100/a-journey-through-titanic,850386
/soumyaparida/notebookaaf5b72e66,850329
/soumyaparida/titanic-solution,850283
/sourabh1024/exploring-dataset-tags,850270
/duncjclark/impact-and-time-of-publishing,850260
/soumyaparida/notebook9720077a48,850258
/vsevastyanov/title1,850230
/youver/regularized-linear-models-f5dda550,850229
/youver/notebook25f6ddc832,850225
/demirbusr/notebook83c957de2e,850223
