/maojun/hr-explore-predict-rf-who-to-quit-the-job,497611
/arkels/xgboost-lasso45,497686
/runwitheez/digit-recognition-nnet,498211
/foreveryoung42/tensorflow-deep-nn,497578
/pauloalozen/notebook6a90b14c86,497526
/bin0204/notebookb52fe9270b,497459
/rijubhattacharyya/featimp1,497609
/dltkdals79/notebook6972cdab70,497447
/monkeydth/digit-recognizer-in-python-using-cnn-cabc8ccd,497444
/monkeydth/digit-recognizer-in-python-using-cnn,497433
/guangyoung/notebook84c36ee7d5,497426
/richarlee/leaf-classification,497425
/rafadm94/cucucucu,497403
/raphkas/t-sne,498225
/berwin/abcdaaa,497397
/berwin/notebooke19a4626e1,497385
/himani90/a-journey-through-titanic,497379
/eatingsnoopy/notebook9f37c74962,497378
/rkumar1/python-data-visualizations-013080d7,497359
/rkumar1/python-data-visualizations-b9705dff,497354
/pravin0999/sentiment-analysis-of-tweets,497353
/vancyw/notebookdc26459c89,497348
/bobzhao/notebook1e2bb7869f,497345
/amitsood/comprehensive-exploration-and-visualization-1,497341
/louloumimil/python-xgboost-starter-0-209-public-mcc,497339
/sreesai/director-and-actor-s-total-gross-and-imdb-score,497319
/duxin29/a-journey-through-titanic,497298
/b8eansatz/tensorflow-deep-nn,497289
/umeshtank/notebook9d56d32a0f,497285
/gregvial/mnist-with-svm,497274
/maneesh5/hr-explore-predict-rf-who-to-quit-the-job,497273
/gregvial/notebook50947d9d93,497271
/gregvial/notebook2b1277d0d7,497265
/bobajet/notebook9fb89c4e25,497242
/maneesh5/predict-hotel-type-with-pandas,497230
/jiaminglin/3-basic-classifiers-and-features-correlation,497215
/berwin/notebook7adce38d78,497214
/maciejmarek/notebook02bc8aeade,497198
/berwin/notebookdab1de9111,497196
/mrqlab/hr-explore-predict-rf-who-to-quit-the-job,497193
/yyaoyu/tensorflow-deep-nn-d924a007,497190
/lihelilian/python-data-visualizations,497170
/leapleap/visualization-and-analysis,497169
/gargkaman7/popular-datasets-over-time,497164
/lizhenxing/notebook3c6be2e59d,497163
/nzw0301/notebookdcc94447b0,497115
/anoopr/predictability-model,497113
/priyanka25/notebook246fabd53d,497077
/hamidsardar/python-data-visualizations,497070
/leofly/notebook72f2b8bd31,497062
/mrqlab/notebook623e7de7c4,496997
/kenanihuiyuan/random-forest-benchmark-python,1223749
/davidalbertbrewer/notebook7ee2992342,533055
/killerqueen/fork-of-notebookbb26457ec4,496987
/track217/xgboost-test,499036
/midwinter1993/detailed-cleaning-visualization-python,496941
/wjh2016/notebook8acd30ddbf,496938
/termtelligence/notebookc1402c798b,496923
/rahulanandtalk/a-journey-through-titanic-0543ee7d,496922
/wjh2016/notebook3059e8504b,496919
/rocket1037/data-analysis-for-beginners,496903
/termtelligence/detection,496911
/tjlampo/notebookac716d13d2,496874
/suna3060/notebook43b91f8ed5,496857
/robertlexis/a-journey-through-titanic,496839
/kimosoo/test-k,496807
/fzyy0412/notebook75a43c2bb8,496745
/tom330/test1,496765
/rinijoy/notebook625cd9490c,496705
/vanic2016/python-data-visualizations,496691
/dpdeparture/notebook53ffaf8593,496686
/feit0111/notebookd2b84667da-df4c8865,496578
/smschi/notebooka597dff001,496475
/crystalreika/exploring-plotline-keywords,496447
/hamidsardar/neural-network-through-keras,496426
/atsushirs/exploring-survival-on-the-titanic,496400
/hamidsardar/building-a-prediction-model,496396
/feit0111/notebookd2b84667da,496368
/shaxar/notebookf426a10e0d,496323
/brucialized/titanic,496222
/narasimhanchenduru/a-journey-through-titanic,500674
/saitama1/dman2016,496127
/zhugeyn/notebook021a3745ff,496102
/shizihao123/notebook3563ce6f8e,496087
/jmaxfield/python-data-visualizations-3df8a103,496086
/patilpravin/newscrpt,496084
/nitin90/random-forest-v01,496133
/andyholmes/notebook74e9aa35a2,496068
/lidador/notebook63451c178c,496060
/choob314/notebook69c00fe1a7,496007
/geonanayi/finding-boatids,496002
/mwa259/nn-keras,495999
/rorenbuch/notebook8dd4c4e4d6,495986
/ystao1980/50-less-memory-usage,495983
/ystao1980/santander-find-customers-similarities,495981
/ystao1980/simple-exploration-notebook-v3-0,495979
/ystao1980/comprehensive-exploration-and-visualization-1,495972
/groupb/notebook8154193405,495970
/ystao1980/reduce-size-of-dataset-to-1-gb,495968
/leslie633/notebookd49c6b6dff,495961
/ystao1980/detailed-cleaning-visualization-python,495957
/rpersd/exploratory-study-on-ml-algorithms-ebb4770f,495943
/anamala/notebook60afd46922,495915
/nishantsinha/1st-run,495828
/sosnowskitomasz/fork-of-check-out-video-games,495749
/smateus/notebook4a5b4a8e34,495738
/wtellen/exploratory-image-analysis,495732
/namratasri/house-price-prediction-part-2-30603737,495726
/saitama1/xgboost-ridge-lasso,495700
/srikanthnamuduri/notebook26a6e7368a,495678
/namratasri/house-price-prediction-part-2,511270
/srikanthnamuduri/the-money-makers,495630
/robinbdt/titanic,495622
/garimaprasad/unveiling-page-views-csv-with-pyspark,495613
/pratikwarade/shopfloor-visualization,495611
/im2608/notebook3d92997be0,495607
/jakellenberger/notebook58c694ada0,495595
/salami91280/create-dataset-with-tensorflow,495582
/bakman329/tensorflow-neural-network,495841
/salami91280/notebook,495574
/smartbao/srk-reforu-test,495596
/jaycordes/how-does-this-work,495535
/martina0620/notebookdd3c212b2a,495495
/rorenbuch/notebookbfd8e7b697,495489
/rorenbuch/notebook9c6de1debf,495488
/liuhongyi5566/fork-of-a-journey-through-titanic-test,495435
/liuhongyi5566/a-journey-through-titanic-test,495433
/liuhongyi5566/a-journey-through-titanic,495429
/manudai/notebooka886dde320,495426
/yoland/detailed-cleaning-visualization-python,495411
/liuhongyi5566/test-with-python,495468
/rakshitverma/notebook478bc41507,495370
/iamduffman/notebook6b58cab66e,495368
/rakshitverma/notebook8bbc0ab740,495332
/nitink12/prog-python,495281
/hagarwal456/comprehensive-exploration-and-visualization-1,495262
/doremi/python-data-visualizations,495241
/leeums/do-we-know-what-we-want-4a9a7aa3,495217
/ygh2016/ohohoh,495243
/leeums/a-gender-perspective-of-participants,495214
/leeums/importance-of-features-in-dating,495213
/leeums/predict-match-between-two-person-v1,495211
/leeums/exploring-data,495210
/leeums/do-we-know-what-we-want,495204
/maruimarui/fork-of-top-10-categories-v1,495189
/kostij/notebook45700f38e1,495167
/chaitu56/classifying-leaf-data-with-nearest-neighbors,495166
/maruimarui/notebook099a9ba099,495159
/maha2016/notebookb64e7a2a8f,495137
/peidyen/date-exploration-and-train-test-split,495112
/peidyen/explore-user-base-by-geo,495111
/leapingz/meow-meow,495105
/campello/test-notebook,495033
/julianafantini/decision-tree-visualization-submission,495030
/julianafantini/notebooka8c1ced1cb,495025
/silmer101/notebook0a03d0cb63,495014
/msdias16/notebook67ff0dafea,494999
/abc123abc123/notebook7f2b1efb98,494986
/tempuser1/hello-world,494981
/sweetie/notebookd10095a557,494973
/peidyen/outbrain-eda,494971
/manishgarodia/ndcg-xgboost,494935
/yuqingxue/fishy-keras-bbb44b,494929
/jlw4192/let-s-figure-this-thing-out,494920
/ambrusia/notebook834ab7c8f2,494908
/julianafantini/notebook2c96022202,494906
/julianafantini/exploring-survival-on-the-titanic,494902
/jlw4192/dogs-vs-cats-image-recognition,494894
/yonghuang/testtest,494843
/vidmath25/notebook2c6e568193,494828
/redmask/hr-explory-predict-not-completed-yet,494825
/jing928/video-game-sales-simple-analysis,494820
/manya1/notebookad7763fbe6,494803
/vijayzutshi/notebook55bcc3b375,494717
/januarymagori/breast-cancer-prediction,494706
/alixdsa/machine-learning-with-imdb,494689
/mahirkukreja/exploratory-study-on-ml-algorithms-185b4fca,494673
/yuvalnaveh/notebook9f3af7b032,494602
/januarymagori/word-cloud-with-python,494600
/avnovikov/notebook084569b975,494594
/plozano94/mushrooms-classifier,500068
/machinando/tensorflow-deep-nn,494564
/flaviobossolan/breast-cancer-prediction,494535
/januarymagori/simple-word-cloud-in-python,494527
/nadieh/notebookd28a906323,494435
/toadtoadtoad/superduper,494419
/valerydanilik/notebookdf1dd21f6b,494406
/gnudreamer/hello-kaggle-script,502278
/arthurpivz/exploratory-study-on-feature-selection-64cd3468,494374
/pappukrjha/playground,494394
/arthurpivz/exploratory-study-on-feature-selection,494330
/melbakumar/notebook8609bf9692,494328
/shankyt/lasso-model-for-regression-problem,494323
/avnovikov/notebook79f6dcc949,494319
/haleemason/notebook801927c42f,494307
/dangon1/notebookb94cff1fc5,494274
/dangon1/notebookca5bdd0307,494267
/vicky8rk/notebook5f5daa066d,494260
/tugcegenc/notebookc24b4c62a3,494234
/yamaggle/notebookb1906c8037,494228
