/iissma/notebook4f5e625815,355626
/dscientist/python-data-visualizations-7e8e06e2,355617
/eanean81/notebookddb06f885c,355603
/josealberto/fork-of-naive-bayes,355668
/phaethonprime/notebook50b9318293,355571
/calebnorris/notebooka8a6b9a591,355568
/robmaslh/notebook8817d20706,355560
/sidgupta94/notebook293ff05029,355529
/pngamhir/notebook9601f1133a,355527
/abbassi/notebook1f5fbd48c9,355521
/shitman/user-data-exploration-671d2a1f,355546
/shitman/exploring-features,355505
/plankter/notebook8651a89b6f,355493
/quantumdamage/notebook31b2733b82,355492
/kevogich/tensorflow-deep-nn,355467
/quantumdamage/notebookf81d53000e,355453
/willwell/notebookcbc2c20820,355445
/alainminda/notebook96886ff1f0,355435
/isaacfeng/a-journey-through-titanic,355448
/mcelikkaya/notebook8f7b9a2bb3,355427
/sskapci/notebookeeac1ae1fd,355426
/iamsaya/python-data-visualizations,355412
/sunnyrain/tensorflow-deep-nn-3f7149c4,355410
/mattcsli/notebook232ce1f2ef,355409
/danivega/notebook027ca84215,355404
/ghostmanandwoman/notebooke9c8ee2ad1,355399
/darkingwing/a-journey-through-titanic,355391
/cnygaard/notebook5a777f36f6,355384
/avikalp/python-data-visualizations,355386
/lucama/notebook2657a8800e,355356
/marcofab/notebookaabb24778c,355344
/pvilas/notebook94d2a59d9f,355341
/bronesto/speed-dating-analysis,355338
/rohitk/notebookb944f92c89,355361
/tomjur/explore-enron,355318
/dante0shy/dante-s-ehr-projext,422577
/wisebazo/notebook1cf3dc884c,355312
/bhageshvar/predict-hotel-type-with-pandas,355293
/shitman/user-data-exploration,355290
/jameskaruri/notebook22e1e0a413,355284
/penmily/notebook3ebb18903f,355277
/pankajmishra/notebookcc2f338184,355265
/str2num/notebook722086b35f,355263
/lkx621/xgboost-10-kfolds-with-scikit-learn,355279
/hithesh123/got-analysis,355233
/preethamreddy/notebook10f18c665f,355223
/puneetsinha/python-data-visualizations,355221
/nonieklie/notebook3a8d1acf1e,355207
/longyangking/notebookd7133fe548,355192
/shitman/python-data-visualizations,355217
/roggin/visualizing-pok-mon-stats-with-seaborn,355181
/taeheekim/notebookf117949fa4,355176
/maheshgaya/notebooka7c3887b57,355175
/hardawaykr/notebookff95057139,355172
/jakubsvehla/notebooka5c5459834,355150
/ruifengzheng/notebook81e0c18423,355137
/tillman52/notebook5c388dfc31,355128
/sdeepak/notebook2a616fb5e9,355126
/dankrahenbuhl/notebookf858e46d8f,355117
/xdu2peter/tensorflow-deep-nn,355115
/nickgoumas/a-journey-through-titanic,355106
/tanlikesmath/fork-of-xgboost-with-leak-cv,355119
/bernardas78/notebookae96e589fc,355086
/chenchaodev/bnp-correlation-predictions,355078
/flashxpmm/python-data-visualizations,355076
/statisticallearner/notebook98bdfae488,355057
/amitaxr/notebook0bda48ecda,355046
/akshay7/sf-salaries,355044
/sikayena/notebookbd2379b7f7,355041
/kaggleval/notebook9834f77c79,355037
/michaelmtz20/notebookedb8b6423a,355020
/ianvince/notebookf11a9b2f96,354982
/subhashbylaiah/lets-look-at-correlations,354976
/bachirh/a-journey-through-titanic,355856
/kmuvunyi/notebook6bbb3da0eb,354954
/lusaqx/notebooke7404f604f,354945
/ianvince/notebook9ac0ecba4e,354940
/sel3aa/python-data-visualizations,354936
/tracyxu2013/notebookfdc99d5f16,354929
/eanean81/notebook8b702f112c,354923
/miguel2523/notebookc2525dff18,354916
/jonathanngo/notebook45d01def96,354855
/kurtholst/notebookc398cbff47,354853
/goelvj/notebook5a46bae642,354842
/lamdang/notebook5f6a02dc00,354837
/annecool37/notebookb4264f3e3c,354788
/binilg/notebook127f7909b4,354781
/cdhawan/notebook12b13c82f3,354769
/joetorcivia/whos-the-best,354755
/icecreamot/notebook7583aa2968,354749
/peculiar/notebookfc51510ea5,354722
/amanzotti/notebookb1d18191df,354714
/klakh04/notebook87da96e2a6,354712
/hokiescott/notebook992b748379,354708
/harjeet3092/notebook22706833c6,354701
/track217/notebook4fec851623,354683
/bslaks/a-journey-through-titanic,354710
/livc95/notebookf8b2a19c1e,354626
/buo1064/notebook11ad951857,354595
/njvijay/notebook6a76ee8f08,354568
/wangg12/tensorflow-deep-nn,354532
/biancaelder/gender-differences-in-mate-selection,354519
/pclavel/notebook839210fe50,354495
/txt736/notebookc6b76aaca6,354492
/qualcom/mapping-kobe-bryants-shots,354486
/cbmrkz/kaggle-titanic-001,354484
/chridam/who-not-to-fly-with,354483
/xanderhorn/notebook227cee2fa9,354476
/wqw547243068/notebook6ce8194a58,354470
/tommytdh/visualizing-pok-mon-stats-with-seaborn,354457
/wonyonyon/notebookc14f6ea586,354434
/prateeknagpal/notebooka5a8792f67,354428
/chenchaodev/predict-hotel-type-with-pandas-f6410be4,354413
/antmusica/notebook7133268bbe,1382198
/dscientist/python-data-visualizations,354394
/trunglv/titanic-passenger-survival,354382
/maytryark/san-francisco-crime-classification,354356
/qintxx/brand-and-model-based-benchmarks,354539
/sourabhswain/notebook1d210836db,354350
/gchnfgxj/notebookdebd9ae327,354346
/congliuxx/who-not-to-fly-with,354368
/nyholt/notebook74ede98461,354332
/jayonline/notebook17740c988b,354331
/hrundel/notebook09d25c5438,354320
/raghavkabra1991/notebook261866e4fe,354307
/qintxx/tensorflow-deep-nn,354560
/adamdaube/a-journey-through-titanic,362405
/qintxx/exploring-features,354540
/bhanukiran/notebook583419d13e,354268
/sunnymarius/10-classifier-showdown-in-scikit-learn,354251
/loststar/notebook3c202cf927,354248
/roggin/language-model-for-sentiment-analysis,354241
/manikanta91/notebook3c206d09cf,354235
/psramkumar25/notebook-integer-sequence,354231
/ttkuma/notebookac4e7485bc,354230
/sunnymarius/notebook422a834d27,354214
/datacanary/notebook3dd80a3ea6,354205
/datacanary/notebook5639222393,354204
/kaushiklakshman/notebookaef4e0ce6d,354184
/jspiner/notebooke029145eb0,354177
/icecreamot/notebook5f97b6ad5b,366384
/liushaofeng/notebookf080550f01,354148
/michaelmtz20/notebook3e52ad5f23,354126
/skksysfa/data-structure-analysis,354124
/icecreamot/notebook24378fca3c,354116
/mareecarroll/notebookfec3c64556,354102
/biancaelder/market-value-in-dating-men-vs-women,354092
/abieler/notebook1112b586e2,354080
/apapiu/notebookc697bc3ab1,354070
/architgarg1515/notebooke3323e86f8,354060
/jerrywu0904/a-journey-through-titanic,365511
/tanlikesmath/xgboost-hyperparameter-tuning,355134
/mcclouda2/notebook0de7259a9d,354018
/boconnor2366/notebook56f4b8feb5,354017
/jahchaisang/notebookce287ecdac,354012
/cnukaus/logistic-regression-and-knn-predictors-285602de,353991
/johncr3/exploring-products,353982
/williexu/notebook6366b4ba59,353939
/cnukaus/logistic-regression-and-knn-predictors-1f089d39,353930
/pucenoise/notebookd10e12a925,353871
/vicomedina/notebookfb58fb0968,353862
/shreeraj/notebookc64a33792d,353854
/vicomedina/notebookc6225eebc3,353849
/armiwin/notebook3cc6d716bf,353830
/sramaj/sequence-learning,353827
/brassmonkey381/notebookc0ab02793c,354099
/btesch/notebook64e43280ac,353735
/thpeti/a-journey-through-titanic,3580530
/kevins/a-linear-model-on-apps-and-labels,353727
/dps211/notebook035a175af4,353739
/jemmyshin/notebook492b97e83e,353711
/kurtholst/notebook2a7958cdf3,353704
/krchia/a-linear-model-on-apps-and-labels,353694
/zheng11/notebook8c345fc8ff,353693
/shravandhanuka/notebook71f64a7e8e,353684
/icecreamot/notebook4740dc1618,354165
/robsonfveiga/notebook04ac4baf81,353625
/ismaila/notebook1025a4c49b,353613
/zheng11/notebook99146b7996,353603
/uniformed45/notebook5f7c57d86c,353602
/kettlesaresad/notebook01624594f8,391841
/wx12936/a-journey-through-titanic-8142f554,356479
/danielhuckins/notebookafdfd22b63,353646
/harjeet/notebookdf2c5b51b6,353583
/bzzzzer/python-data-visualizations-bzzz,353576
/jals123/notebooke460dd4ea8,353574
/vicomedina/notebook9fb26800f0,353799
/kelsie21/house-price-prediction-part-2,353685
/littlerookie/python-data-visualizations,353561
/wx12936/a-journey-through-titanic-e1af4f54,353589
/roggin/learning-pandas-follow-by-experts-i,353538
/lthqqmsn/digit-recognizer-in-python-using-cnn,353529
/zachaflo/notebookb36fcaaf4f,353524
/thulio/notebookcd0c3ae918,353521
/realdeo/notebookef1971277e,370554
/alessioros/notebook32b880b013,353509
/chenchaodev/auto-data-un-scaling,353507
/prateeknagpal/notebookec21d40af0,353501
/roggin/geolocation-visualisations-3a21b6b9,353487
/bihaniayush/who-not-to-fly-with,353472
