/kanths028/linear-regression-using-scikit-learn-in-python,7220680
/kerneler/starter-submiss-8342315c-f,7217513
/wouterlefever/data-types-and-missing-data-workbook,7220043
/luantm/speech-command-tensorflow,7347065
/kerneler/starter-temperature-readings-dbf62547-0,7216462
/kerneler/starter-speech-commands-tensorflow-d1a16879-9,7216289
/kerneler/starter-projection-de-la-population-353ab764-7,7215186
/kerneler/starter-number-of-libraries-2-450f631d-3,7215100
/kerneler/starter-dogandcattest-e0743c5a-d,7214827
/kerneler/starter-dogandcattrain-4cf5cfb2-d,7214793
/kerneler/starter-cvpr2016-8d4eb571-c,7214635
/kerneler/starter-number-of-illiterate-youth-in-f978de1e-4,7214461
/kerneler/starter-migration-1d264705-8,7214444
/kerneler/starter-loan-data-set-59435a39-6,7213582
/kerneler/starter-disaster-prediction-using-00d41b48-3,7212675
/kerneler/starter-rnn-lstm-8b192680-6,7212448
/mkariithi/speech-representation-and-data-exploration,7211989
/mkariithi/bitcoin-time-series-prediction-with-lstm,7211572
/mkariithi/bitcoin-price-prediction-by-arima,7211400
/mkariithi/simple-exploration-notebook-qiqc-9d72ab,7211957
/kerneler/starter-china-workshop-on-machine-c992f74b-c,7211651
/akmanat/data-cleaning-challenge-inconsistent-data-e07e9d,7211753
/jingsheng/svm-with-smo,7213669
/kerneler/starter-dataset-scanned-documents-ocr-3fd897c4-4,7208378
/kerneler/starter-pngtojpegimages-089eb37e-6,7208251
/kerneler/starter-whale-data-train-only-97a32349-7,7205549
/kerneler/starter-supervised-recipe-food-image-3db73d4f-3,7565315
/georgeng/handling-missing-values,8028780
/kerneler/starter-airports-12a941dc-a,7205464
/kerneler/starter-voxelmorph-06014eb4-c,7204865
/kerneler/starter-voxelmorph-95b50757-0,7204772
/kerneler/starter-voxelmorph-015ffc3b-0,7204643
/kerneler/starter-voxeltest-44237c18-9,7204459
/nagarajugunda/ml-friendly-public-datasets,7204368
/kerneler/starter-voxelmorph-kris-3e44b051-4,7204191
/kerneler/starter-testuploaddata-6b04c66b-6,7203725
/kerneler/starter-honeybee-positions-11ad1168-2,7202606
/vamshi694/bbc-news-classification,7202318
/kerneler/starter-greek-new-testament-textus-dcc58875-f,7285496
/mokeam/exercise-random-forests,7201804
/kerneler/starter-averagestatecoordinates-db858018-5,7201507
/kerneler/starter-insurance-a082ce5b-a,7200591
/kerneler/starter-decathlon-40f088ea-c,7200426
/kerneler/starter-fifa-buan6346-2673be5c-4,8090853
/kerneler/starter-austria-weather-2305edf7-5,7198054
/hadjerhamaidi/fork-of-bank-clients-prediction,7197399
/kerneler/starter-ship-detection-resnet34-384-1-e8e20bb1-b,7196263
/kerneler/starter-uci-poker-hand-dataset-fd555d72-b,7195841
/jaychitransh007/using-categorical-data-with-one-hot-encodin-839d03,7195637
/kerneler/starter-rendimiento-escolar-chile-1b14fbc3-9,7934188
/kerneler/starter-termlife2-7bd28d64-b,7193184
/kerneler/starter-20180214-resumen-rendimiento-7e4b886b-0,7192938
/kerneler/starter-gacrp-features-355dc934-7,7198896
/everem30/cats-vs-dogs-classification,7206795
/kerneler/starter-fb-sentiment-cc82978d-3,7190900
/kerneler/starter-termlife-d8a08c95-c,7190661
/yurisa2/newstrateg,7229325
/kerneler/starter-hollywood-movies-c6c67eab-b,7189053
/kerneler/starter-fakenews-6ba0ad18-3,7188873
/kerneler/starter-dataset-text-formal-documents-49ac181e-1,7208286
/kerneler/starter-movie-reviews-939614e3-9,7187957
/r9843559794/trading-price-prediction,7186048
/kerneler/starter-un-hdi-and-its-components-2017-fdfdf977-f,7185094
/pragyachik/renaming-and-combining-workbook,7184135
/spscientist/a-simple-tutorial-on-exploratory-data-analysis,7185780
/kerneler/starter-train-test-7dc1672c-d,7181984
/irons0ul/data-cleaning-challenge-parsing-dates,7182777
/kerneler/starter-ratings-ce2161b3-c,7181775
/mkariithi/machine-learning-2-gender-recognition-by-voice,7181897
/mkariithi/plotting-gender-voice-recognition-rf,7181720
/kerneler/starter-usersdata-9f3f809b-8,7181626
/kerneler/starter-dd9-files-ff44f657-c,7596521
/kerneler/starter-movies-ffa3d820-4,7181505
/kerneler/starter-date-palm-data-e7d9c3a3-f,7181308
/kerneler/starter-mann-ki-baat-77f8e361-7,7181240
/plarmuseau/hu-moments-73-correct,7191036
/kerneler/starter-cig-small-fd34bc24-9,7180421
/yashmaxnet/kernelc363cc3dc0,7179822
/kerneler/starter-data-for-recommendation-system-c95795e0-0,7179576
/kerneler/starter-recommendation-system-data-fb659351-4,7179144
/kerneler/starter-sample-list-of-stocks-on-nse-42442fbf-6,7178068
/fredriccliver/eda-doodle,7178694
/amkum78/result-calendar-summary-from-nse-website,7178124
/dbzombie134/data-cleaning-challenge-inconsistent-data-entry,7196438
/kerneler/starter-models-to-test-8fefa13c-0,7176075
/lavasesha/fork-of-with-gradient-boosting,7174973
/kerneler/starter-quora24-f56439c0-4,7175226
/kerneler/starter-indian-actors-face-recognition-283c837a-2,7173188
/kerneler/starter-nba-enhanced-box-score-and-3a889b57-a,7172478
/kerneler/starter-cms-opt-out-affidavits-c81730f4-6,7169561
/kerneler/starter-cms-nsc-revalidation-letters-3025cb6e-a,7169534
/kerneler/starter-cms-nppes-deactivated-npi-09ce9cf1-3,7169478
/kerneler/starter-cms-insurance-plan-enrollment-dc3fb0dd-7,7169329
/ighina/fork-of-semantic-network-of-concepts-co-occurence,7168490
/leekltw1/winning-solutions-of-kaggle-competitions,7168398
/kerneler/starter-cms-medicare-diabetes-276e9b78-5,7167615
/kerneler/starter-cms-mmd-county-profile-data-88594d08-7,7167607
/kerneler/starter-cms-market-saturation-and-53897865-4,7167502
/kerneler/starter-cms-market-saturation-and-55667021-8,7167496
/kerneler/starter-primary-healthcare-access-in-37f7717d-8,7167462
/kerneler/starter-cms-essential-community-ea903b0c-f,7167422
/kerneler/starter-hospital-improvement-a4d56244-8,7167173
/kerneler/starter-cms-fqhc-advanced-primary-care-24370a7a-d,7167092
/kerneler/starter-calendar-plenary-sittings-2ebbb9cb-4,10758611
/kerneler/starter-eu-parliament-post-election-eb4c0026-2,8480034
/kerneler/starter-eu-parliament-european-youth-b1187360-f,8480634
/kerneler/starter-eu-parliament-desk-research-990be2a6-c,8481336
/kerneler/starter-real-effective-exchange-rates-9e8c9840-2,9577060
/kerneler/starter-oedcd-ratio-of-exports-to-214f7723-a,9577081
/kerneler/starter-oecd-production-of-total-3c62a37c-d,9577019
/kerneler/starter-oecd-producer-prices-index-b3c6db0c-a,9577001
/kerneler/starter-oecd-private-final-consumption-edb7f963-2,9576998
/kerneler/starter-fast-ai-machine-learning-2a11b364-7,7165990
/kerneler/starter-oecd-national-currency-to-us-053ca691-2,9576990
/kerneler/starter-oecd-registered-unemployment-9041fd28-1,9577145
/kerneler/starter-oecd-producer-prices-index-da01c988-b,9576956
/kerneler/starter-dwellings-and-residential-e97e2875-7,9576959
/kerneler/starter-oecd-imports-value-goods-772ae240-9,9576875
/arolleonel/getting-started-in-r-load-data-into-r-35341c,7165533
/kerneler/starter-ga-2018-midterm-absentee-11b89b99-0,7164823
/kerneler/starter-ssh-brute-force-c63e41a9-4,7164805
/miguelguer/embeddings-baseline-65-lb,7165225
/kerneler/starter-responses-from-astronomical-e822dbf5-4,7163484
/ai2prx/photo-quality-prediction,7218557
/kerneler/starter-mscoco-d064acfb-a,7163443
/kerneler/starter-mscoco-label-map-pbtxt-e555822c-1,7162012
/kerneler/starter-okullll-e3ef7dcf-f,7161865
/kerneler/starter-fakenewsnet-10936cf6-1,7161288
/kerneler/starter-hand-gesture-of-the-colombian-5d8d051a-f,7160666
/kerneler/starter-bankclients-abb006eb-3,7160556
/kerneler/starter-bank-data-737b7a8a-9,7160264
/shobhab/firstmlprogram-py,7161446
/kerneler/starter-boston2-police-c2c516c1-3,7158918
/kerneler/starter-quickdraw-mobilenet-hdf5-2b096f70-c,7157518
/kerneler/starter-single-predictions-1-375-64ceb9bf-a,7154993
/kerneler/starter-citibike-dataset-2017-68a2c89c-8,7154620
/kerneler/starter-toronto-apartment-rental-price-ddc9c09e-6,7154309
/kerneler/starter-machine-learning-2d992c82-c,7154098
/raphaelcheng/creating-reading-and-writing-reference,7248294
/vantoniadis/instacart-eda-2-assignment,7229569
/kerneler/starter-dataset-for-bank-loan-3310f7f3-f,7152779
/kerneler/starter-images-49282972-d,7152347
/wouterlefever/creating-reading-and-writing-workbook,7151917
/kerneler/starter-council-plan-performance-f85eeb3c-8,7150920
/kerneler/starter-cardiotocographic-9a736eed-8,7150710
/kerneler/starter-citibike-dataset-e5f28438-a,7150622
/kerneler/starter-lightnings-13-30-17-30-09efce76-b,7150557
/kerneler/starter-data24-a42cb3f8-b,8451882
/pragyachik/data-types-and-missing-data-workbook,7183251
/kerneler/starter-tig-aluminium-5083-eae115f4-2,7148252
/wouterlefever/submitting-from-a-kernel,7148129
/wouterlefever/exercise-machine-learning-competitions,7148554
/kerneler/starter-leaves-images-of-diseased-64a54ddb-4,7147754
/kerneler/starter-weights-9d5ebc4e-d,7147736
/lanybass/tl-gan-demo,10177937
/kerneler/starter-portuguese-tweets-for-f311bbc3-0,7151573
/nathounet/kernel4aebfbbc2b,7180737
/danielhain/m3-5-cnns-lstms-exercise-1,7144786
/kerneler/starter-world-population-by-country-56d4a068-8,7143844
/ushanemani/programming-in-tensorflow-and-keras,7141193
/kerneler/starter-top-car-selling-68d08147-7,7138974
/niemtany/tnblackfriday,8338519
/kerneler/starter-hot-stuff-2473f6b5-7,7136369
/totalbro/defensive-dallas,7701325
/kerneler/starter-automobile-a26847ae-6,7135929
/kerneler/starter-vuelax-13037c87-2,10514837
/kerneler/starter-mexican-football-tournaments-be905842-9,7135414
/kerneler/starter-wow-air-tours-as-of-2018-2137d1b1-6,7135407
/kerneler/starter-boston2-cpe-b6823499-f,7135307
/narutoeco/exercise-syntax-variables-and-numbers,7136306
/kerneler/starter-fifa-project-a7f77782-3,7193402
/kerneler/starter-amazon-reviews-us-electronics-cac09963-4,7134073
/kerneler/starter-boston1-cpe-5b8367d8-4,7133543
/franzxschmid/eda-for-beginners-bike-riding-data-set,7131983
/razurazu/instacart-eda-1-assignment-c053e0,7130757
/kerneler/starter-census-da341aa9-f,7130571
/kerneler/starter-minute-weather-5a41a02d-6,7130141
/alvaroroy/fork-of-exercise-machine-learning-competitions,7130217
/kerneler/starter-predictive-modelling-1921d126-d,7129465
/kerneler/starter-2017-fars-data-set-traffic-a335056a-3,7126975
/kerneler/starter-linear-regression-fe4b0c9d-c,7126753
/kerneler/starter-nba-salaries-by-players-of-a7016ec1-e,7126097
/kerneler/starter-test-set-6dd632f2-c,7125925
/kerneler/starter-test-set-20d31deb-6,7125924
/kerneler/starter-pubg-challenge-37d956d3-a,7125472
/kerneler/starter-kpt-analysis-cc814848-e,7125462
/kerneler/starter-predictive-modelling-2ee78133-1,7125455
/totalbro/offensive-players-dallas,8715706
/kerneler/starter-dataset-66a7b477-b,7123066
/chunlianglu/kernele04c4d722f,7121610
/sakshamm14/kernel36e61eb4a9,7121517
/sakshamm14/kernela67f2a550e,7121401
/kerneler/starter-bakery-transactions-analysis-37c65182-0,7121108
/kerneler/starter-turkce-8127b5ac-8,7120945
/samihan/bivariate-plotting-with-pandas,7120804
/kerneler/starter-sfpd-disposition-codes-59d18778-6,7138429
/kerneler/starter-sfpd-radio-codes-545dd4fb-1,7138420
/adrian1acoran/nyc-taxi-eda-update-the-fast-the-curious,7130960
/kerneler/starter-census-income-data-c012a61c-9,7119262
/kerneler/starter-dataset-bank-account-statement-885e4008-4,7118694
