/reizero/notebook265f2cb742,625247
/phoebe0904/notebookf64f12f6a2,625244
/newriverchan/roy-s-titanic-notebook,625205
/zhangruiskyline/tensorflow-deep-nn,625162
/aalinazar/notebook4439bd8b65,625147
/tainguyen/nn-through-keras-copied-mod,625072
/tainguyen/feature-extraction-from-images,625062
/pascalorange/first,624988
/fzhurd/titanic-v11h4-20161230b,624985
/fzhurd/titanic-v11h4-20161231,624960
/fzhurd/titanic-v11h4-20161230,624958
/yange1/lasso-model-for-regression-problem-212839f0,624936
/abhijeet0910/notebook9b2b87037b,624905
/newriverchan/a-journey-through-titanic,624874
/tyoko010/notebook0738673aba,624869
/nagelandreas/training1,627205
/lkhamsurenl/notebookf3e344fbde,624772
/ironfat/a-journey-through-titanic,624719
/faraday1221/notebook5c2c6a1521,624703
/calcifer/average-grades,624697
/bbzinhodomal/predict-outcome-for-shelter-animals-42492ba8,624635
/ruoyuwu/notebookfcf5827745,624615
/c1ozbek/notebook3dd3f75161,624611
/sdougherty/celebrity-death-analysis,624593
/bbzinhodomal/predict-outcome-for-shelter-animals,624506
/pgnepal/principal-component-analysis-explained,624456
/newriverchan/titanic,624444
/arifirmanto/test123,624350
/adanwan/notebook305ce9b6b9,624336
/lpachuong/basfsdfasdfs,624318
/hjethwa/testds,624284
/gsinapi/notebookffd7374f19,624280
/wyliechee/first-trial-py,624274
/bookazoid/notebook4a3667b1b7,624189
/channingc12/notebook21f9f65939,624163
/pgnepal/egame-sale,624142
/felixquinton/notebook918290fcc8,624122
/shengyaochen/notebookf656d68f31,624060
/atmateo/notebooka9cbd1225c,624031
/rebordao/eda-various-classifiers-explored,623999
/srinid/notebook1564d01c8f,623903
/danburger/notebookfe9440f2a2,623822
/hichamel/a-journey-through-titanic,623738
/chessmate/traffic-fatalities-getting-started-2b2d63f5,623595
/cetusparibus/script9375-12500,624091
/silverspringn81/notebookbc2035274f,623563
/gaasmann/titanic-sandbox,623555
/jingyany/notebook4cec1ea869,623518
/narenst/notebook57723cb6d9,623431
/jolasakala/notebookae53502ecf,623361
/ujjwal26/notebook270b56aacf,623255
/thomasbanyan/notebook7ee320b8e9,623027
/danburger/notebook36c805b9d6,622957
/danburger/test1,622906
/tejank10/notebook873c3aa9d8,625522
/poyeaj/testing,622878
/ryankopa/rf1av,622946
/mariapapadaki/notebook94fc0aaf14,622785
/maxbernau/data-exploration-and-visualization,622784
/malr87/keras-cnn-test,624029
/shreyasri/mnist-with-cnn-0-99157-score,622668
/macoup/traffic-fatalities-in-2015,627414
/munmun1333/notebook23e802551c,622615
/raiderx/deep-learning-in-the-deep-blue-lb-1-279,622583
/cdbajorin/notebookdd6edcc729,622553
/cyinwei/a-journey-through-titanic,622426
/yadavsarthak/residual-networks-on-mnist,622422
/davinhill/terrorist-attacks-in-united-states,622323
/shahir/outbrain,622228
/wernerchao/notebookc26f0b8c62,622206
/nyokinyoki/notebook1a804d2110,622194
/wernerchao/regularized-linear-models,622190
/johnreilly70/notebook7f748d3e6b,622168
/jmgg88/digit-recognition,622104
/narender123/notebookb419dd6d6c,622103
/asher457/pokemon-team-type-evaluation-calculator,622098
/lalere/python-data-visualizations,622074
/steffenhaeussler/mathematical-formulation-of-santa-s-problem,622028
/rajacsp/notebook2f2f4b6a13,621989
/chessmate/fork-of-having-a-look-at-traffic-fatalities,621983
/oalahurikar/exploratory-analysis-and-linear-regression,621971
/calvinjku/the-inevitable-aging-of-a-star,621943
/calvinjku/predict-outcome-for-shelter-animals,621936
/oalahurikar/explore-enron,621933
/rajacsp/notebook9609176b6b,621909
/pikul1402/notebookaa170aded7,621895
/dynamic22/clustering,621873
/tony9090/notebookf71318e7d1,622138
/jackba/notebook70642d0787,621838
/mromann/notebook5a33377b44,621823
/oalahurikar/notebookf14931ffef,621807
/benoitkoen/notebook94e9a2e59c,621781
/benoitkoen/notebookb6f1bb610a,621724
/munmun1333/notebooka0b36d8f50,621699
/munmun1333/content-train-random-forest-chunk,621679
/ff4415/notebook633328facc,631289
/arjens/celebrity-death-analysis,621546
/elvyna/expedia-hotel-recommendation,621681
/shinjjo/notebookd277cdbcb5,621516
/tangminer/notebook17e0a05aad,621505
/cookiemawnstah/python-data-visualizations,621498
/themlguy/notebook5aa8d6f287,621497
/sandip5224/notebook3e303385f9,621486
/princewang1994/regularized-linear-models-ab566534,621462
/vinc87/notebook47a5b43e0d,621419
/daaaas/player-characteristics,621367
/sotirisnik/notebook1c42b05501,621349
/jackba/celebrity-death-analysis,621339
/shawn775/notebook0d6e37f7c6,621288
/daaaas/the-most-predictable-league,621283
/makmak83/terrorist-attacks-in-united-states,621278
/neopy1/notebookbce7f53f29,621239
/johanvermeire/test1,621185
/johanvermeire/notebookf46983a2b0,621171
/nashit93/titanic-kaggle,621148
/tmorville/titanic-best-working-classifier,621114
/tmorville/notebook379474d3ad,621110
/nikolatesla/notebook9de6bf573c,620935
/chrislaw/python-data-visualizations,620904
/tarobxl/cloned-25-images-and-polygons-side-by-side-eda,621154
/shixuehuai/a-journey-through-titanic-420a2cdf,620858
/leilayounesi/notebookecfcb28b88,620752
/q707043502/a-journey-through-titanic,620748
/samiozsoy/deneme,620732
/komasoftware/notebook6be4fd04bf,620716
/nikunjm88/notebook73dd86a2f5,620714
/kubsoykan/notebooke58a060b7e,620700
/ahmednada/911-calls-visualization,620671
/shahkevaln/a-journey-through-titanic-9c8a6f5c,620646
/munmun1333/eda-data,620634
/amankgangwar/alcohol-consumption-and-average-grades,620522
/zhangjpn/edition1,620451
/sonpham/trial-run,620431
/manishbhat/a-journey-through-titanic-d2a0bac3,620426
/shahkevaln/a-journey-through-titanic,620397
/kpponnekanti/alcohol-consumption-and-average-grades,620382
/soucyke/notebookf7199d8366,620327
/suhaskarnik/terrorist-attacks-in-united-states,620290
/neelamrajpal/traffic-fatalities-in-2015,620267
/mic132/exploring-survival-on-the-titanic,620230
/sorenravn/notebookdce7ff2c65,620219
/maddynit/notebookdefaecbd44,620201
/sekrier/simple-r-0-638,620115
/frankhy/traffic-fatalities-in-2015-6a1a7535,619981
/hockeybro12/notebookd3635751ca,619977
/maddynit/notebook6261823e78,619941
/deriveinsights/sample-test,619909
/threecourse/assertion-script,635331
/plantsgo/notebook23496fc1da,619834
/renchengbin/regularized-linear-models,619818
/tqhhfch/notebook7367930a1c,619768
/princewang1994/you-got-this-feature-engineering-and-lasso,619690
/dkapitan/the-console-wars-playstation-vs-xbox-vs-wii,619681
/gudunku/fish-keras-test,621006
/lawrencewu/notebookd399185a6b,619623
/anbansal/ankurbbb,619619
/saratparameswar/exploring-survival-on-the-titanic,619581
/xiaohongdeng/pilot-test,619486
/ram1angadala/deep-learning-in-the-deep-blue-lb-1-279,619484
/niranjanjamkhande/notebook2690c22b9e,619481
/saratparameswar/nips-analysis,619398
/maheshp520/notebooke4dfcab20f,619395
/manishbhat/a-journey-through-titanic,619297
/clevereve/notebook507997c248,619169
/takoma/notebooka524e57f16,619142
/moemgd/hr-explore-predict-rf-who-to-quit-the-job,619100
/fantaosong/python-data-visualizations,619077
/n4n4n4/script1,619266
/tanfuyou/terrorist-attacks-in-united-states,619015
/takoma/a-journey-through-titanic-1854fb3d,619008
/blqxjtu/notebook6cd53bce41,618931
/sandeep8530/a-journey-through-titanic-800aa6df,618907
/arthurpivz/exploratory-study-of-ml-algorithms-e424cff2,618837
/jriskas/notebook80b48dcd9e,618814
/suyuzhuang/a-journey-through-titanic,618724
/herossa/notebookd570cc1f43,618720
/qilishia/notebook9b49ce4d1a,618677
/sergiogq/fork-of-notebookb9effab982,618676
/cfunkho/terrorist-attacks-in-united-states,618566
/moemgd/principal-component-analysis-explained,618555
/albergs/notebook091de758d8,618432
/thuctran/learning-test,618407
/tychob/test1,618410
/sergeighomsi/notebookcf12ff4724,618399
/gaucho/notebook7e7c7091fc,618378
/stanleyxia/notebook4869709f1e,618319
/rowang/notebook7544c3a5c9,618271
/renanlf/fitting-the-data,618114
/kublaijing/unveiling-page-views-csv-with-pyspark-43f4fa8d,617959
/kublaijing/unveiling-page-views-csv-with-pyspark,617958
/abanitalebi/notebookccc52ba58a,617889
/searchs/a-journey-through-titanic,617874
/interface/getting-started,617826
/lofaif/notebookc34c87cfd4,617818
/woahboy/principal-component-analysis-explained,617734
/jonathanbouchet/notebook9b7aa7b76e,617726
/denmaz/terrorist-attacks-in-russia,2633485
/selmahfo/10-classifier-showdown-in-scikit-learn,617707
/mpcadosch/notebookd66be285af,617566
/dikirr/notebook0736203f78,617522
