/amarpathak/deep-learning-0-55326-for-now,1231865
/jasmineytchen/pyinsta,1231856
/muthusengolan/notebookf1a29b5b3a,1231774
/kailanjian/notebook14a187d861,1231773
/ryandowdy/iris-script,1231759
/sarcasticbhokal/choose-a-player-and-create-scatter-plot-for-shots,1231750
/lakshmiprakashr/exploratory-analysis-zillow,1231732
/jeremiahbuckley/test-jb,1244839
/greycube/notebook1dd7676e8a,1231727
/greycube/notebookb7facde5c7,1231698
/wannasleep/notebookaac231a95a,1231686
/mongeon/notebook1012f21497,1231655
/janbertelngo/notebook8b1311e8eb,1231632
/ericaguo/titanic-ml-challenge,1238825
/yuganghu/housing-data-exploration,1231630
/johannahanley/notebook7aadfb25de,1231445
/meetme2meat/a-study-on-regression-applied-to-the-ames-dataset,1231392
/wrecker711/hello-world,1231320
/greenshower/notebook54a9781b62,1231311
/djonafegnem/notebook10cca480ba,1231231
/djonafegnem/notebook83ba095f45,1231210
/jilyan/notebook3075be5cea,1231196
/greycube/notebook456055f973,1231689
/jilyan/notebookcc27b82971,1231185
/jilyan/notebookc397f5ce5e,1231142
/traumong/my-first-practise-ml-titanic,1231140
/keshiba/notebook6fd43ad4e1,1231138
/nickycan/baseline,1231124
/ilhwanko/baselane-lb-0-566,1231100
/rajatgupta310198/notebook0b37b3636a,1810521
/bdew70/imdb-test,1231128
/cchouser/visual,1231163
/jasperpillejera/notebooked950edf0a,1230975
/jasperpillejera/notebook9a3a304da6,1230969
/jasperpillejera/notebook3f0cd066ac,1230966
/celinairis/comet-research-track,1230983
/jilyan/speed-dating,1231097
/jasperpillejera/notebook7b57cc7fb6,1230961
/mkowalik/notebook6a932f8891,1230896
/mkowalik/notebook57967e36ec,1230890
/jasperpillejera/notebookc05b94de9a,1230906
/jasperpillejera/notebook1603eeec13,1230854
/jasperpillejera/notebook59127aed17,1230846
/jasperpillejera/notebook9d0bf7acb6,1230821
/jasperpillejera/notebook1b40924f07,1230814
/cjd1989/3rd-notebook,1230806
/jasperpillejera/notebook480ab5d3f7,1230800
/rishabhgoel/spam-detection-using-multinomialnb,1230828
/jasperpillejera/notebook52bb12a84e,1230793
/tmirafuentes/notebook21467965ae,1230747
/jasperpillejera/notebook81da3320db,1230748
/jasperpillejera/notebook5fdf027781,1230742
/maksimvatkin/notebook2b249d177a,1230722
/steviemac180/notebookd0db46d7f4,1230714
/linux18/baseline,1230759
/binilg/new-test,1230691
/wikkefly/notebook8587de782b,1230646
/migman/notebookfde81417cd,1230615
/migao006/notebook3c8a895b08,1230590
/musdem123/kernel-number-0,1230497
/drunkbear2/to-the-top-v3,1230489
/wikkefly/notebook0ff0f029a1,1230487
/cansucullu/notebook5f567febd6,1230438
/sinusoidal/still-trying-to-do-better-than-magic-number-83fce0,1230419
/balaraj/notebook37f9c173e7,1230409
/garysuperman/notebookd5e44b0832,1231048
/sandrobjelogrlic/notebook66fe1c73c4,1230376
/linshenzhen/notebook6bfab10ff4,1230367
/jeremyjesse/it-is-lit,1230358
/ipaolucci/notebook6dc5282a6f,1230297
/lvqicong/notebook4f4175838d,1230292
/ikicha/notebookf067453137,1230286
/lvqicong/notebook5e40ae1527,1230215
/snapmickey/notebookc544b6d9f5,1230206
/jakublangr/notebook9404a817de,1230188
/vikas179/notebooke9b27467bc,1230170
/kstang/notebook76fe5a50df,1230162
/nmchau/test1,1230133
/traumong/my-first-ml-titanic,1230279
/akhil4711/notebooke67b615a58,1230071
/muonsei/analysis-on-the-rank-of-philippine-universities,1230070
/sealuxh/notebookaad103e4e5,1230069
/jbach230/notebook9f137ad7a6,1230062
/saurabh2086/notebookbbed52a1a1,1230045
/nobrick/notebook5cc3451ef2,1230041
/johnnyhu/sachin-test,1230180
/akhil4711/notebook813ca3223b,1230026
/gunjan17/notebook73fc5013aa,1230008
/traumong/my-first-task-ml-titanic,1230006
,None
/janbertelngo/notebookc1e0b67cba,1236590
/carliu/notebookced64e0e37,1417822
/albertlu/testkernel,1229927
/pixixi/notebook92f924f948,1229893
/nellanellz/notebookc697800511,1229904
/zbasper/notebook546cceec30,1229826
/yoganand/notebookf275505317,1229825
/punter145/notebookac181bfbf7,1229817
/tresdehope/notebook04c60010d1,1229813
/azuralrainbow/bluebird,1230025
/danzki/best-goalkeeper-and-prediction-of-position,1229802
/ilhwanko/notebook68f3409bef,1229788
/dmitryko77/notebook178aa3e625,1229782
/kazimosiurrahman/notebookff9bf18b2b,1229758
/nplnbnprt/identifying-serial-killer-behavi,1229749
/sundong/titanic-data-science-solutions,1229745
/collonuna/exploratory-analysis-instacart,1229740
/psutte/notebookda0a9428a5,1229719
/isharaux/digit-recognizer,1229716
/llykaggle/notebook6cc337a8e4,1229705
/evgeniymalishev/baseline,1229909
/w625009392/baselane-lb-0-566,1229674
/megala29/notebookc45fe10cb8,1229646
/kenlicontact/digit-recognizer-trained-with-more-data-v0-2,1229629
/karle1/notebookd93613b92e,1229616
/monkebai/introduction-to-ensembling-stacking-in-python,1229572
/turiya/the-ship-problem,1229564
/garysuperman/notebook1d721e675d,1229561
/jasperpillejera/notebookeadc601957,1229555
/aparnal/titanic-votingclassifier-using-py,1229552
/ipaolucci/notebook6073ed30ab,1229549
/miguelferia/notebook35fc236d9a,1229546
/captwulfz/notebookb128be586a,1229542
/garysuperman/notebook19dadb60a0,1229560
/mavicreccion/imdb-notebook,1229538
/magarwal18/notebookd5348e8bdb,1229525
/misch010/notebook2be7bf410b,1229474
/siriuscorp/this-is-getting-out-of-hand,1230083
/abdjsjae/notebook925567b37b,1229413
/nik497/bitcoin-poh,1229395
/bensonpoli/lllllll,1229516
/jasperpillejera/notebookfe7186726f,1229382
/soobinbhan/notebookc6a4832543,1229364
/bsmagic/ggplot-practice-1,1229333
/eradwiirianti/notebook5c4c3ab550,1229317
/cxxacxx/notebookae37ccf239,1229316
/gunjan17/reconize-devnagri-with-knn,1229594
/justingerard20/nba-stats-for-sheeps,1229287
/bjwang112006/notebook6fb391c7bb,1229269
/mavicreccion/pokemon-notebook,1229260
/jasperpillejera/notebook713ef9a19e,1229222
/mavicreccion/notebook3797e1e27b,1229235
/justingerard20/notebookb6f2cb2a1f,1229204
/geesnodalo/notebookb10b488f8f,1229203
/chanchalkariwala/notebook3728efbaf0,1229182
/sergekrstic/titantic-learning-from-disaster,1229169
/babykick/notebook79f4904034,1229149
/xbldev/my-kernel-for-mbgm-competition,1261675
/joshuaw1990/notebook833507b985,1229143
/aparnal/titanic-machine-learning-from-disaster-using-py,1229345
/ylchan87/testscript,1229132
/gunjan17/titanic-knn,1229120
/sharats/notebookc8081b39b3,1301070
/yananchen/notebook7efd2211dc,1229112
/fickleone/notebook2390b92eb4,1229106
/timlincool/test-kaggle-quora-solution-8th,1229099
/anuj8187/missing-var-imputation,1242431
/aruljothi12/notebook9f7b5ce796,1229032
/junmingcao/notebook11458cc438,1229027
/adamschroeder/notebookcf6d75acda,1229011
/kollybot/my-first-script,1229005
/bhsu98/notebook055643975e,1228975
/fingernight/lzhou-test,1228967
/amishatiwari/notebookaf101c6f30,1228924
/kenlicontact/digit-recognizer-trained-with-more-data,1229482
/zheng11/baseline1,1228914
/caozhijie/notebook5c7cda86ca,1228907
,None
,None
,None
/pcliu0822/firsttest,1228858
/djobey/notebook5f181316a1,1228836
,None
/hussamh10/notebookb1bd5e66bb,1228824
/nmchau/notebook982c455959,1228822
/seungwooha/notebookc7c051bbfe,1228802
/evilgod/notebookc2fe02cefd,1228799
/narasimha46/video-game-analysis,1228896
,None
/pafrantz/in-r-simple-lightgbm-starter-lb-0-0650600,1228776
/jdcation/notebook9164fa5ff1,1228775
/chocoleo/notebook6c0f0b70cd,1228777
/amavuduru/exploratory-data-analysis-attempt,1228769
/jreynoldsdev/title,1228765
/amavuduru/exploratory-data-analysis,1228767
/doradreams/notebookfec80c0ee5,1228758
/amavuduru/notebook27a1545d9c,1228755
/pafrantz/notebookf6de75257c,1228763
/mehpira/full-pipeline-demo-poly-pixels-ml-poly,1228737
/akethtm/notebook58d4a07ce3,1228732
/iamfei/why-do-more-than-50-students-fail-in-exams,1228725
/erickinsley/rmsnb,1228724
/mashy0712/notebook2bdb51df35,1228698
/robinkraft/notebookc4be815653,1228692
/kaggleee123456/notebook9ec3e486c0,1228678
/rezwan07/exploratory-analysis-zillow,1228668
,None
/lierwin/house-prices-eda,1228660
/gy2237/this-is-a-test,1228659
/zcistkidd/dumb-and-the-dumber-baselines-plb-0-3276826,1228656
