/jak131/geolocation-visualisations-a60adf81,329176
/jak131/brand-and-model-based-benchmarks,329175
/jak131/tensorflow-deep-nn,329174
/jak131/geolocation-visualisations-daf5303e,329173
/jak131/geolocation-visualisations-0456b369,329172
/jak131/geolocation-visualisations,329170
/jak131/exploring-features,329165
/supeng/brand-and-model-based-benchmarks-71acc829,329159
/majickdave/data-visualization-of-global-zika-virus-epidemic,329144
/jak131/python-data-visualizations,329143
/wordsforthewise/ellipse-fit-2c560a82,329133
/abbysobh/notebook5adb8d3170,329130
/supeng/brand-and-model-based-benchmarks-ac2abb0a,329122
/supeng/brand-and-model-based-benchmarks,329118
/supeng/geolocation-visualisations,329117
/abbysobh/notebookb811fc1574,329095
/eltonlaw/tensorflow-deep-nn,329078
/heckfy/notebookeaeaa47c7b,329050
/dariaei/notebookd3f95dbc97,329033
/campbellchristopher/notebookf2941a9e13,329032
/mikeyhu2014/notebook0e47f88903,329029
/apoteneggi/tensorflow-deep-nn,329603
/joostgp/notebook907a25a14d,329009
/joostgp/notebook9be3e5f6d1,329008
/joostgp/notebook97fad99e7e,329007
/fdubinsk/iris-analysis,329001
/knockoutkingcmu/ap-ad,329023
/syednasar/notebookcdf3645c8f,328991
/trgosselin14/python-for-padawans,328965
/aditya41295/notebookfdb450f7f0,328905
/isosnovik/notebook66c6f94e85,328891
/fdubinsk/impact-of-famous-athletes-on-baby-names,328890
/isosnovik/notebookb27d7ae884,328889
/abbysobh/notebookbfd05a6e84,328884
/algorlabs/notebook5908584584,328883
/aditya41295/python-data-visualizations,328875
/zabikadamzadeh/notebookd1f00405b0,328864
/nachocarracedo/categorizing-labels,328853
/avishek/notebookec45344629,328771
/whijo2/notebookb19005b0f1,328750
/whijo2/notebook8293644fb8,328740
/analyticsbyaaron/notebook98478baeb7,328731
/tcousins/notebookde016dca70,328723
/whijo2/notebook4267c29bc3,328722
/fandang/python-ntbk-1,1877104
/andreidi/notebook78d4bffc3e,328612
/chris19/primary-results-sample-data,328599
/skohari/my-first-kaggle-script,1273322
/kaysuh/notebook500ab60260,328583
/jp1976/geolocation-visualisations-4bc8e317,328574
/jlochoa/notebook63f782748d,328539
/jp1976/geolocation-visualisations,328505
/pimterry/notebook89f65a3c37,328499
/pimterry/notebook720a9bdbf6,328497
/syednasar/notebook344a9047ee,328496
/moonwalker/notebook04583c0339,328490
/sjzouari/notebook5e68b8e867,328486
/zabikadamzadeh/notebookeb34d5c359,328485
/pimterry/notebook4c145f1ccb,328479
/stassl/notebook8bde193edb,328471
/anshumaan/notebookd31f540187,328469
/ankittalele/notebook7eaa344ac3,328460
/stassl/notebook4b2c565231,328456
/kamendu/a-linear-model-on-apps-and-labels,328441
/mayou36/notebookae7e362622,328391
/rahulab/a-journey-through-titanic,328373
/saurabhsharma/notebook37646af4b6,328363
/yukiohnishi/brand-and-model-based-benchmarks,328356
/harshitjn1/knn-from-scratch-in-python-at-97-1,328339
/yuanfei1984/tensorflow-deep-nn,328337
/stiaan/notebooka74ba912ed,328335
/taiyangdixia/notebook6db284ccd4,328293
/naissus/training-images-plus-nerve-area-outline,328287
/anirudh2403/notebook8fa2af9665,328282
/nelsonchu/notebook8c33d1da33,328280
/phanikumar1024/notebookb88b9e28ef,328264
/vipul1409/who-not-to-fly-with,328238
/antgoldbloom/notebookdaac8757c3,328189
/myzhou1994/training-images-plus-nerve-area-outline,328188
/naissus/mislabeled-training-images,328185
/yuanfei1984/knn-from-scratch-in-python-at-97-1,328184
/ashishksingh/a-journey-through-titanic-05720c2d,328225
/birolkuyumcu/vgg-16-pretrained-loss-0-23800,328180
/futurist/notebookbba4c27fdb,328162
/thegreatgarweenie/y-match-results-x-ea-sports-player-ratings,328153
/jeffstahler/mislabeled-training-images,328149
/gracezhou0912/notebook1dbbc8a6d9,328148
/teaorcoffee/notebook9f6091a354,328137
/teaorcoffee/notebookaf71626a66,328133
/alfioemanuele/notebook5789630f09,328093
/sonamkoul2/a-journey-through-titanic,1918821
/parryfg/notebook28d6c15a96,328084
/parryfg/notebook732e1c1d09,328083
/petrushev/notebook210fb98fe3,328073
/koichirohonda/notebook5b70913d85,328047
/koichirohonda/notebook3805aa35d9,328046
/zthomas/notebookfb542f34ac,328040
/lancelot1969/prefixes-lookup-0-22,328013
/dsocaciu/notebook4ee576ff9e,328009
/isameer7/notebook73ce478b57,328006
/katiter/notebook0e052baa01,328002
/ashishksingh/a-journey-through-titanic-c14c0056,327996
/option12/user-portraits,327990
/nreith/a-journey-through-titanic-251d3b61,327988
/rmurrish/notebookf7be50f674,327979
/omniscientist/knn-experiments-for-facebook,328003
/tracetidwell/trace-titanic-python-solution,328894
/nreith/a-journey-through-titanic-6fadfeaa,327956
/thiagotouya/notebook63a04c211e,327953
/krvperera/notebookb66c77c70a,327945
/krvperera/notebookbd49a108cb,327944
/nreith/titanic-python-practice,327987
/eleijonmarck/notebook2f329a6348,327930
/ckruger/notebook6e9fe03e23,327926
/manuabraham/notebook375cc836ff,327922
/barbash/notebook0c39a1e557,327919
/manuabraham/notebook9d08ed0611,327918
/xyd945/a-journey-through-titanic,327916
/fdubinsk/the-most-predictable-league-121c03fe,327885
/nreith/a-journey-through-titanic,327871
/dorvik/notebook04edebdadb,327863
/jeubanks/exploring-airplane-crashes,1751476
/fdubinsk/the-most-predictable-league,327884
/mimi1337/python-data-visualizations,327834
/fdubinsk/a-journey-through-titanic,327826
/sushize/xgb-0-9815,356543
/aelmgren/notebookcf4392dbf3,327814
/schuppjo/python-data-visualizations,327795
/mhlee4/notebookf6daecfd10,327793
/gjeanne/python-data-visualizations-63dbbb56,327789
/gjeanne/python-data-visualizations-ab5c8270,327784
/alanturing/notebooka51fc3a736,327754
/afournier/notebook809d8331eb,327729
/afournier/notebookad88d18ffe,327728
/autonuke/notebook9b6483e4f2,327725
/doublefox/exploring-products,327724
/fever36why/a-linear-model-on-apps-and-labels-666dc2c4,327717
/wpppj001/geolocation-visualisations,327716
/cbanicki/notebook79a65cec6e,327707
/group16/notebookcc15ac3e29,327665
/tplandow/a-linear-model-on-apps-and-labels,327590
/fever36why/xgboost-in-r-2-27217,327592
/fever36why/notebook315255b128,327574
/fever36why/a-linear-model-on-apps-and-labels-6108a81b,327563
/wordsforthewise/ellipse-fit,327560
/group16/notebook0a572b26db,327552
/jiefangeking/a-journey-through-titanic-ae14066b,327520
/doublefox/exploratory-data-analysis,327517
/sadhi009/notebooka7ceeb4f86,327510
/sadhi009/notebookc3a3310ba8,327509
/mhauptmann/notebookf5bdcb46a7,327484
/anaday/python-data-visualizations,327481
/konstantinkobs/notebook661482f231,327479
/brekeke/notebook196069ec1c,327451
/anthonyab04/notebook655aa6beb0,327448
/gjeanne/python-data-visualizations,327446
/ankitdixit/notebook5631ef1b02,327435
/bckatarzyna/notebook5d8588f368,327416
/mia1394/notebookb9f7a76358,327351
/bckatarzyna/notebook630855ab39,327334
/ronaldfisher/notebook082b2b8af2,327325
/ivbelkin97/notebookaab15281e9,327315
/bckatarzyna/notebook4fc81dcfa1,327297
/wxywxyyxw/a-journey-through-titanic,327290
/dhanyahari/python-data-visualizations,327235
/ildiii05/notebookb57996863d,327228
/hienmai/notebookf5dd545338,327214
/rayblick/notebooka013b369a9,327192
/parvane/notebook631178f8d4,327182
/ktrueda/fork-of-20160811-9ea3cf48,327171
/ktrueda/fork-of-20160811,327169
/parvane/notebookdccb7f9222,327166
/ktrueda/notebook32c1856799,327163
/theone10211024/a-journey-through-titanic,328421
/parvane/notebookb42e602efe,327146
/gramce/a-linear-model-on-apps-and-labels,327142
/markhansley/notebook9a9e2a15dc,327132
/soulcoder/exploring-products-74d40e5e,327121
/soulcoder/exploratory-data-analysis,327120
/gramce/notebook400da1b19a,327112
/spatial/exploring-talking-data,327084
/qiancy/notebook55f55755b4,327068
/mhv2109/notebook7dd0459f34,327062
/ewolfhagen/packers-gpg,327055
/mhv2109/notebookf965bad142,327050
/wenduowang/notebook31d94cee5a,327042
/ishairubin/county-facts-candidates-heatmaps,327032
/openpie/notebook2fa3350e75,327029
/lemoner/brand-and-model-based-benchmarks,327027
/ronenfilho/python-data-visualizations,327025
/joostgp/categorizing-labels-e3f7defb,327023
/wythend/match-test-set-to-training-set,327020
/doudoulin/notebook9b02763b3f,327018
/wythend/prefixes-lookup-0-22,327014
/jluther/notebookda27114c2c,327007
/zhhtc200/single-unified-table-0-94-sklearn,327006
/aabdulla1/notebook6a38938935,327001
/saurabhkulkarni/notebook14c21907d3,326996
/semwaldeepali/geolocation-visualisations,326979
/kouheinish/notebook13849a596b,326974
