/andreykapelushnikov/notebooka4a26d96bd,1225185
/rythmdivine2/notebook5fc650c0c2,1225168
/jbears/notebookf367140d99,1225122
/bearrrrr/notebookd0d8a8ceda,1225116
/splinter0/notebookc0bea28646,1225085
/sandeep04201988/how-to-use-principle-component-analysis-in-r,1224993
/anirudhk/h3bqljb2ej-ww3,1225089
/brandao/pegando-novas-features,1225008
/kanishkapsingh/pca-gbm,1226386
/rickyhoffmann/notebook05fe397742,1224929
/kanishkapsingh/pca-and-gbm,1224940
/auraculum/notebookf7e941a342,1224923
/plarmuseau/duplicate-train-test,1225006
/dwayneevans/instalytics,1224869
/royrah/arules,1231476
/ronhend/fun-with-real-estate-data,1224840
/springmanndaniel/fork-of-matching-que-for-quora-end-to-end-0-33,1224835
/diegotrujillo/notebookb56c08c9d6,1224789
/zimmru/notebook3e02a29dd3,1224767
/chinta/xgboost-starter,1224765
/victorgomes/notebook6f05e7ca4e,1224747
/joekim0508/notebook9ed4ad6e97,1224741
/aditiitgn/notebook390181d36a,1224722
/joeyhughes21/titanic,1224689
/shinbong/notebookfed37870bf,1224686
/jagannathrk/notebook8ac57057c9,1224638
/monkeydeking/notebook7121ae903c,1224612
/n9iv2017/notebook1324d71f9a,1224594
/tomwojcik/zombie,1909711
/den3b81/mercedez-baseline-2,1224574
/heavenduke/starter-script,1224535
/ferozyk/linear-regression-using-r,1224523
/wernerchao/beat-the-benchmark,1224648
/hindupuravinash/initial,1259950
/ayush01/first,1224408
/dwayneevans/notebooke27cab4467,1224406
/ghosthbl/titanic-machine-learning-from-disaster-using-py,1224379
/hintonhao/notebook26a52595b8,1224335
/hintonhao/notebook0023fb0133,1225721
/danzki/notebooke18f20f9db,1224327
/aharongal79/silly-silly-data-ag,1224326
/knusperkeks/deep-learning-0-55326-for-now,1224263
/anthonylui/irisvisuals,1224215
/kingjuliyen/notebook2787f456e5,1224186
/rishabhshah/deep-neural-network-keras-way-d58119,1224137
/shubhamitra/notebookbd7a5aa493,1224129
/tjpajala/notebooka577c6b749,1224119
/gbonesso/naive-xgb,1224289
/yiducn/moviedemo,1224107
/hintonhao/recommendationsystem,1225719
/kseniademska/notebook4c192b7bc5,1224090
/alonka/notebookad20c0db25,1224047
/mvincent/notebook882d7142eb,1224032
/mvincent/notebook653431fb7d,1224024
/dylanli/script90jjafo9420,1223993
/gcasier/titanic-tutorial,1223973
/luoyu06/tinatic-test,1223964
/nikitarui/mykernel,1223957
/rishabhshah/deep-neural-network-keras-way-3c8f1a,1223938
/kumikowu/notebookab74fe434f,1223906
/mjyang/mltest,1225814
/mjyang/testt,1223849
/jimliu/notebook-jimliu,1223848
/marcobeyer/titanic-with-tflearn-network,1229772
/pritamjena/logistic-decision-tree-neutral-net-svm,1223800
/bitsurfer/notebookaddad7f879,1223788
/panchos39/tmp-script,1223783
/aratoj/titanic,1223761
/domenp/notebook832c1b7368,1224102
/sbeacon/firstkerneltitanic,1223721
/billemerson/tests,1223711
/alonka/notebook8833a19be0,1223708
/maitreyeepalglobal/notebook42602bbfd2,1223686
/mikeskim/mercedez-baseline-2b,1223663
/mikeskim/mercedez-baseline-3nb,1223654
/tymatfd/notebook53cd3a78d2,1223558
/stephensebastin/e-mail-categorization-33c52b,1223554
/mikeskim/mercedez-baseline-2,1223543
/jamaisvu/notebookdafc7666c4,1223528
/trialanderror/notebook0a07dcc943,1223468
/tranhd/notebookf1348811f7,1223440
/maitreyeepalglobal/notebookf0f5f428d5,1223438
/tranhd/data-exploration-and-feature-selection-extraction,1223392
/sxliuliang9494/xgboost-lasso,1223398
/saisrinivas0695/notebookd870b3532a,1223368
/arupbanerjee/arup-b,1223349
/sxliuliang9494/hust-liu,1223332
/wning0101/notebook73df979d1b,1223335
/nthakor/titanic,1223316
/seongyu/testscript,1223311
/nthakor/notebookcc4be10e98,1223313
/dexterju/notebook38e9f8e70a,1223286
/nm14390/try-rs-system01,1223262
/hubert0527/notebook2d721e791f,1223247
/arupbanerjee/notebook4a523d24cd,1223173
/ben774/exploring-survival-on-the-titanic,1223172
/arupbanerjee/notebook3a66b54bd1,1223171
/plarmuseau/mercedez-baseline-vork,1223624
/grafs50/first-looks-2,1250017
/gweijie/trying-lightgbm-ftw,1223189
/rashidm/testingrm,1223145
/wanaflah/titaniclearningqi,1223104
/allenash/notebook7d107a7ca3,1223092
/marcboettinger/070620172,1223084
/nasirahmad/mynotebook,1223077
/gunjan17/reconize-with-svc,1226069
/prateekgupta1509/notebookac31966784,1223057
/gunjan17/reconize-with-knn,1238715
/jassimmoideen/3-ways-to-leave-your-employer,1223050
/aditya91/notebook7b2b53fa59,1222994
/maxwell110/notebookfe6768142a,1222980
/arupbanerjee/notebookc54eb7e092,1222978
/dixit16/00-eda,1222948
/kanishkapsingh2/notebook96daa4cc26,1223197
/rishabhshah/deep-neural-network-keras-way-d1b859,1222904
/samidh/notebook241a181b06,1222899
/popyy0101/test-kernel,1222897
/samidh/notebook9bbb6e58f9,1222888
/samidh/notebook8b59bf7a81,1222883
/mzacks/test12345,1222915
/yuyinghuang/title,1222954
/raykamau/notebooke399ac9c65,1222739
/qayyum/real-es,1222723
/johnsonqlin/notebookbffdf68583,1315300
/ljosbyljos/notebook19f1291f6e,1222683
/zpbappi/notebookbfa25774a3,1222674
/samrotashoka/start1,1222704
/fairly/titanic,1222667
/suchitgupta60/ipl-data,1222657
/rishabhkumarjha/notebook766cdfe089,1222646
/hindupuravinash/noahh,1222652
/shevag/notebookfed57d576e,1222617
/jrusso360/notebookc827534086,1222615
/phucnv9985/notebook9df77cec3d,1222572
/doris2011913/decisiontree-and-randomforest,1222560
/dingxiaotong/notebook61f9cda82a,1222520
/ethanborgen/notebook4d4eb7d111,1222454
/mtfall/notebookfa77305cd3,1222450
/ethanborgen/notebook6e2e119795,1222435
/muhamadiqbal/a-study-on-regression-applied-to-the-ames-dataset,1222387
/mocknaught/hp-art-xgb,1234162
/kbkrispy/notebookcb28765b2a,1222353
/starleaf/notebookd397cb39a7,1222335
/khatch/large-families-not-good-for-survival,1222306
/trome17/notebook0b6c09723f,1222294
/ravishankarm/notebook754c49368d,1222274
/victormayrink/test01,1222206
/mikeskim/start,1222195
/victormayrink/teammustardscript,1222194
/vivek4/data-exploration1-1,1222149
/gsuriset/notebookf00dbab47b,1222126
/anirudhk/wehejgwhjbvmjhbkj,1222291
/petemisener/deep-learning-0-55326-for-now,1222118
/rosendin/imdb-5000-movie-dataset,1222104
/valentinosa/notebook2dfc8a25ed,1222073
/valentinosa/notebookc9dbe36785,1222070
/valentinosa/notebookda41095105,1222065
/pafrantz/notebookf3768f8220,1222304
/linan824/notebook75154dcef1,1222046
/rahimi/xgboost-starter,1222034
/davidfumo/light-gbm-starter,1278864
/akilaw/light-gbm,1222027
/andreacazzaniga86/notebook2fbc8cafb0,1222025
/davidfumo/lgb-starter-forked,1227935
/marklally/exploratory-analysis-zillow,1221988
/cubi15/first,1221962
/fester/notebook1b7939295a,1221951
/hhesse/notebooke46ba3a54c,1222029
/anirudhk/wqwdqwdq,1222081
/praveenhosdrug123/mycode,1221898
/robinschmidt/notebook852451eb89,1221753
/madjazz/notebookcd9965515e,1221749
/elopez69/attention-model-for-character-recognition,3630391
/kgertz/simple-xgboost-starter-0-0655,1221644
/chambbj/notebookc83cee76f8,1221627
/marcboettinger/06062017-4,1221600
/odeliss/titanic-upgrade-06-06,1221791
/jasonbenner/start-instacart-notebook,1221586
/benjaminlott/testing,1221562
/tvj2017/notebook7f6646d703,1221560
/rohansoni14/notebook1fb11fb45d,1221548
/cerberusrex/notebookf5bbe8d127,1221535
/barrios160679/notebook718e68d29b,1221512
/anirudhk/mercedezeqhbeqlqke2q,1221522
/klmxyz/analyzing-gender-differences-e64f71,1221490
/nitish92/silly-silly-data,1221474
/batman24028/notebook157a23f5d9,1221459
/vishwajeet993511/bag-of-words-word2vec,1221533
/austincap/notebook9ddc966de8,1221427
/sbairishal/notebook53a6ba85f7,1221414
/neoprince/test1,1221407
/davidbba/titanic-surviver,1221365
/eikedehling/extra-trees-tuning,1226325
/lmontenegro1975/notebook06ff383ea5,1221313
/johnnyb2963/notebookd95fca1b74,1221310
/jasonbenner/random-forest-tutorial-clone,1221297
/amyhemmeter/notebooka73e695556,1221283
/kapilnandwana/trying-lightgbm,1255644
/adisingh/notebook4bead4c014,1869858
/artalo/notebookd83007537b,1221227
