/devdgohil/introduction-to-ensembling-stacking-in-python,906737
/yundoou/first-machining-learning-demo,906744
/kartikey0303/notebookf69fb1ecfc,906726
/legionerkz/titanic,906747
/legionerkz/notebook6bc716cb53,906707
/shoaibhussain/let-me-show-you,951766
/yundoou/data-clustering-and-visualization,906698
/n23sharm/exploring-survival-on-the-titanic,906665
/wangheyu/introduction-to-ensembling-stacking-in-python,906635
/chandan1996/fork-of-housing-index,906602
/bluezzz/python-data-visualizations,906552
/djonik/fork-of-mnist-with-cnn-0-99157-score,906533
/chandan1996/notebook5eeea2531c,906524
/prabhavagrawal/starter-explore-youtube8m-sample-data,906445
/nonlogic/starter-explore-youtube8m-sample-data,906443
/guppi3695/notebooka66d275963,906425
/phongsakornpuap/notebooke1baac0e39,906415
/ilyaprim/notebooka816c93621,906408
/magili1022/jf3rd,906389
/speedoheck/notebook21d93e6899,906374
/charbarwinston/broken-test,906369
/magili1022/notebooke54fba7399,906340
/irishair/initail,906324
/pravin2k10/python-nltk-sentiment-analysis,906266
/piyushaagl/a-journey-through-titanic,906232
/deepman/first-pass-through-data-w-3d-convnet,906219
/winnie818/time-based-data-exploration-59f0c6,906185
/edwinshi/first-pass-through-data-w-3d-convnet,906165
/vigorosity/titanic-problem,906141
/sydney920/a-journey-through-titanic,906135
/paulinakoutsaki/plotting-all-data,906122
/rameshmalinda/a-journey-through-titanic-65efc3,906108
/melodytch/titanic-simple-3-layer-neural-network,906089
/carlossn/simple-exploration-notebook-2-connect,906074
/wolewo/regularized-linear-models,906047
/tonyabracadabra/seaborn-tutorial-exploration-with-pokemon-data,906036
/tanyouweismile/introduction-to-ensembling-stacking-in-pyth-890b42,906032
/tanyouweismile/introduction-to-ensembling-stacking-in-pyth-9b4322,906029
/tanyouweismile/introduction-to-ensembling-stacking-in-pyth-751ab2,906017
/rishabhranawat/us-pollution-exploration,905975
/user001/introduction-to-ensembling-stacking-in-python,905972
/tanyouweismile/introduction-to-ensembling-stacking-in-pyth-a56c70,905944
/tanyouweismile/introduction-to-ensembling-stacking-in-python,905938
/mmzhang/notebook4ec959e7e1,905886
/winnie818/time-based-data-exploration,905865
/charitynguyenvan/notebook70b61da7a9,905864
/charitynguyenvan/notebook062332c0b3,905857
/erikajalvarado/notebook7375be7689,905772
/chinasand/titanic-guided-by-a-confusion-matrix,905751
/yangus/python-nltk-sentiment-analysis,905706
/rayleighjeans/starter-explore-youtube8m-sample-data-1ecd38,905696
/weilai/notebook6a127d0168,905673
/vishvesh/introduction-to-ensembling-stacking-in-python,905666
/greddy/starter-explore-youtube8m-sample-data,905615
/john1connor/introduction-to-ensembling-stacking-in-pyth-5ed09b,905612
/niceday/natural-language-processing-exercise,905569
/sandeep8530/fork-of-titanic-best-working-classifier,905564
/taehoonko/experimenting-with-neural-networks-in-tensorflow,905525
/john1connor/introduction-to-ensembling-stacking-in-pyth-9f6c81,905503
/john1connor/introduction-to-ensembling-stacking-in-python,905494
/cudylang11/notebook983b3b3124,905381
/sebabaskov/notebookb3023ae7c7,905325
/sshahriari/data-cleaning-exploration-regularized-regres,905278
/sshahriari/notebook16e8dedf23,905256
/sshahriari/notebookef7cc8854f,905246
/mrunmayeeshukla/titanic-random-forest-82-78,905226
/lianyangfeng/titanic-data-science-solutions-a6f51e,905215
/wolewo/titanic-data-science-solutions,905212
/monotab/notebookbbb4aeca7d,905130
/snowman320/predicting-fraud-with-tensorflow,905104
/kaysuh/notebook513be879dc,905571
/akumaying/notebooke861102144,905038
/gkcalat/full-preprocessing-tutorial,905028
/dmayeda/exploratory-data-analysis,905027
/deanda/fork-of-notebookb31497db50,904980
/cbates/notebook92c04d7cc0,904888
/mmouyebe/notebookcbdc019e2c,904870
/blomhav/detailed-data-exploration-in-python,904840
/samrocks/regularized-linear-models,904809
/brttstl/comprehensive-data-exploration-with-python,904767
/firovel/metal-by-nation-and-genre,904750
/oyster385/regularized-linear-models,904727
/cantstopwontstop/xgb-starter-in-python,904711
/jemord91/a-journey-through-titanic,904674
/cc03zephyrin/python-nltk-sentiment-analysis,904652
/tranqui22/earthquake-analysis-from-1965-to-till-date-be8e40,904628
/mmloveme012/first-pass-through-data-w-3d-convnet,904617
/wertec/fork-of-first-gen-pokemon-stats,904605
/rmalliga/ais-project,904593
/frolfingqnet/introduction-to-ensembling-stacking-in-python,904589
/ruchirpatel/notebook911cff4829,904577
/dolphindumpling/introduction-to-ensembling-stacking-in-python,904576
/bigelephant/movie-recommendations,904569
/getshao/metal-by-nation-and-genre,904568
/yannanbai/full-preprocessing-tutorial,904565
/vivianloc/full-preprocessing-tutorial,904562
/yannanbai/notebooka433b28f55,904540
/patrycjab02/notebook8aca06feeb,904521
/vcmori/notebooka39057a424,904487
/bennyblue/earthquake-analysis-from-1965-to-till-date,904481
/sumitl/exploratory-study-on-feature-selection,904454
/biest211/python-nltk-sentiment-analysis-16b885,904447
/biest211/python-nltk-sentiment-analysis,904443
/mattstringer/titanic-data-science-solutions,904424
/vchokshi08/911-calls-visualization,904393
/nathanmaynes/notebook23c9769333,904349
/carlosch/notebookc3dc0b0ee6,904319
/gandavarapu/tensorflow-deep-nn-f459e1,904298
/miaohengyuan/fork-of-notebookb31497db50,904293
/changyaochen/titanic-prediction,904305
/swombo/fishy-keras-lb-1-25267,904255
/galoshri/notebook058fc8b137,904207
/tanarj/notebook33ff6a5fc7,904192
/jiaminglee/notebook20fe760023,904164
/changyaochen/fork-of-titanic,904150
/navidsaf/notebookb3b00947fc,904071
/simhadri/notebook03f7d9eacb,904055
/bnajlis/presenting-seven-classifiers-f16d6d,904020
/ibrahimuta/unmangling-the-floating-point-numbers-in-the-data,903977
/devill/notebook6a276460e5,903966
/ruchirpatel/notebooka706f9ba68,903931
/chris32he/exploratory-data-analysis,903917
/nathanm/spam-collection-bag-of-words-analysis,903902
/sidmitra1786/notebook22b285102a,903895
/freefalling/ds-3-aviation-accident-improve-quality,903881
/dbrooks39/minimum-distance-classifier,903874
/llopez/first-pass-through-data-w-3d-convnet,903872
/zubairrauf/notebook9d95734bdd,903863
/qqqqqq645/asdfjhgjgh,903843
/alonamedi/a-journey-through-titanic-be8551,903840
/aleady/simple-exploration-notebook-2-connect,903800
/nlk511/fork-of-exploratory-and-predictive-analysis-64c9fa,903792
/animesh371/introduction-to-ensembling-stacking-in-python,903791
/cristianvlad/dfdfdsd,903788
/xbk201x/notebook51c78b1780,903762
/xbk201x/full-pipeline-demo-poly-pixels-ml-poly,903748
/programng/introduction-to-ensembling-stacking-in-python,903746
/nlk511/fork-of-exploratory-and-predictive-analysis-8f0c84,903736
/crosswords/housing-prices,903758
/cinbez/1702-cindy-script,903733
/suebose001/declining-popularity-of-online-learning-courses,903720
/dowwie/comprehensive-data-exploration-with-python,903707
/lampertb/a-journey-through-titanic,903671
/gnaleep/introduction-to-ensembling-stacking-in-python,903659
/alfo512/introduction-to-ensembling-stacking-in-python,903642
/bnajlis/presenting-seven-classifiers,903635
/alijs1/random-test,903622
/prateek30/rental-neural-network,903583
/blomhav/exploratory-study-on-ml-algorithms,903567
/doraditya/notebookda97ebc3ae,903565
/cavendishe/notebookc2752b6e80,903557
/cavendishe/notebook271c0b425a,903547
/valeron/full-preprocessing-tutorial-89fe68,903546
/venkyfreaks/data-exploration-using-tibbles,903531
/brentfagan/keras-cnn-with-explanation,903505
/rahuljungbahadur/notebookb53d6c8b67,903499
/adamage/tensorflow-deep-nn,903487
/llopez/full-preprocessing-tutorial,903483
/brentfagan/two-convolutions-cnn-for-digit-recoginission,903478
/almonds/full-preprocessing-tutorial,903467
/sumanth1211/notebook27b2e59542,903447
/simlov/notebook65c8e09382,903441
/llopez/outbrain-eda,903433
/meissnereffect/bayesian-methods-for-hackers-notes,903390
/nkeerthanareddy1/notebook1c43e70794,903385
/tesla1234/titanic-data-science-solutions,903368
/piercingdan/notebookae284fceea,903349
/pravink/house-prices-data-exploration-and-visualisation,903258
/annaroh/principal-component-analysis-with-kmeans-visuals,903244
/danielmibicalho/exploratory-and-predictive-analysis,903237
/adeelmufti/candidate-generation-and-luna16-preprocessing,903205
/manigandanv/notebooke651c6d53e,903200
/jpotratz/notebook7d900b5498,903192
/rkharkia/notebookc3a2cbf287,903180
/adnene/notebookaf5bedc993,903172
/pravink/test-this,903227
/yuanzuo/first-pass-through-data-w-3d-convnet,903138
/kalekist/the-perfect-score-script-185395,903098
/liocot/support-vector-machine-detail-analysis,903079
/kalekist/candidate-generation-and-luna16-preprocessing,903007
/tjamescf28/a-journey-through-titanic-703315,902950
/sbysiak/tensorflow-on-iris,902945
/monimugdhabora/metal-bands-by-nation-in-r,902981
/vignesh2323/two-sigma-connect,903127
/jankaczmarczyk/xgb-starter-in-python,902929
/simonnotley/introduction-to-ensembling-stacking-in-python,902928
/vignesh2323/notebookf28d67d6e3,902925
/selvaraj/first-pass-through-data-w-3d-convnet-94f83d,902914
/selvaraj/first-pass-through-data-w-3d-convnet,902909
/carolinej/a-journey-through-titanic,902893
/jalfano/a-journey-through-titanic-0f9362,902890
/tjamescf28/a-journey-through-titanic,902883
/jalfano/a-journey-through-titanic-65ec4c,902882
/anguscc/a-journey-through-titanic,902880
/rachelgagnon/a-journey-through-titanic,902879
/abrierly/notebookfd6cfaec3d,902876
/agarwalshivam/notebook2cf7a1add4,902833
/foraccts/analysis-student-alcohol-consumption,902796
/mattniccolls/mln-title-notebook,902790
/ouanixi/titanic-data-science-solutions,902786
