/krishnen/visualisation-of-sea-ice-data,804150
/courage/test1,803928
/kaushalshetty/titanic-prediction,803919
/shipilov/notebookbbd6cb7b8e,803912
/thangntt/notebookd15ac53503,803909
/narasimha46/test2,803897
/janekm/a-journey-through-titanic,803888
/zhuoliliang/catdognet-keras-convnet-starter,803859
/zhuoliliang/dogs-vs-cats,803853
/xinyuitan2/hhhhhh,803823
/aaronquek/25-images-with-polygon-overlay,803814
/ganeshkaggle/notebook0b504a3acd,803805
/xinyuitan2/full-preprocessing-tutorial,803793
/mlaporte/full-preprocessing-tutorial,810333
/courage/notebooka651170fe1,803705
/courage/the-perfect-score-script,803671
/pavanj/notebookb85440a1b8,803661
/beachtech1/map-of-temperatures-and-analysis-of-global-warming,803646
/iskander/notebook2b6aeeb4fc,803629
/kaka6599/notebookeaa58b7524,803577
/jetset47/generation-unemployed-interactive-plotly-visuals,803574
/rabinovitz/shot-logs-1415-dh,803526
/kaka6599/notebook76311bcff3,803519
/rabinovitz/nba-analysis,803512
/hannahhsu/notebook39d45e7225,803481
/junhewk/full-preprocessing-tutorial,1696648
/pengcheng4451/10-classifier-showdown-in-scikit-learn,803383
/linzhu/should-i-eat-that-mushroom-3ddd0078,803382
/christina46/fork-of-notebook64d3c15367,803378
/duanlian/terrorist-attacks-in-united-states,803372
/yahuheihei/fyj-s-test,803802
/bcwang95/mapping-of-earthquake-and-its-analysis,803324
/madhushri/notebookafcaf4354d,803300
/courage/notebookbcdd80e80c,803297
/pnguyen11/notebook0e76ff2613,803291
/datamatta/house-prices-data-exploration-and-visualisation,803269
/sky007/visualizing-pok-mon-stats-with-seaborn,823896
/kishensurajp/full-pipeline-demo-poly-pixels-ml-poly,803265
/kaka6599/notebookcf89a0116a,803262
/wingchun007/titanic-mechanic-machine-learning,803251
/anu2analytics/comparing-lin-regression-ridge-lasso,803249
/advdatasci/predicting-housing-prices-regularized-regression,803213
/syamuneko327/full-preprocessing-tutorial,803209
/syamuneko327/an-interactive-data-science-tutorial,803202
/draschemus/notebook3ae3b80ea0,803200
/olliecodes/notebookd9c05df149,803199
/syamuneko327/a-journey-through-titanic,803191
/mlefkovitz/a-journey-through-titanic,803171
/coridc/fork-of-notebook0f2afd36f8,803139
/santhanam/full-preprocessing-tutorial-f4e1d11f,803113
/lucasvenez/full-preprocessing-tutorial,803106
/yaxo42/my-first-kernel,803103
/shivi2909/notebookb54c268685,803083
/draschemus/notebook6f56d5a554,803043
/unmesh/interactive-intro-to-dimensionality-reduction,803040
/ljubomir/full-preprocessing-tutorial-7241140a,803039
/chunhowt/a-journey-through-titanic-fd41284a,803035
/pablocortez/notebookdfddd2e5f8,803032
/changliu2016/catdognet-keras-convnet-starter-267cbd76,802995
/syncingrhythms/improved-lung-segmentation-using-watershed,801953
/dominguez/notebook629609d86c,801874
/ceklein/fish-detection-e43907d3,801797
/rr1168/exploring-survival-on-the-titanic,801778
/rayjrosasv/principal-component-analysis-explained-3944fd35,801744
/remananr/kernel-python-20170210,851125
/trietphan/python-data-visualizations-1923fb11,801719
/lkoita/usa-aviation-accidents-happened-at-same-place,801659
/ashideldar/gender-identification-analysis,801610
/finpro/notebook453434b627,801609
/milirob/a-journey-through-titanic,801600
/kmkaliraj/principal-component-analysis-explained,801596
/plotkin/testinmg,801575
/ashideldar/lung-segmentation-and-candidate-points-generation,801565
/leggeph/a-journey-through-titanic,801524
/emeraldsword/notebookd3b84bbd1a,801498
/milirob/1st-run,801489
/plotkin/notebookd487adf533,801477
/leggeph/titanic-notebook,801465
/bainos/a-journey-through-titanic,801462
/wangping25/keras-convnet-lb-0-0052-w-visualization,806544
/romero/keras-convnet-lb-0-0052-w-visualization,801418
/futurist/celebrity-death-analysis,801411
/vb2489/notebook677a402c68,801385
/nkalave/hr-explore-predict-rf-who-to-quit-the-job,801346
/vinibarceloso/airbnb-user-bookings,801332
/vinibarceloso/automated-data-visualization,801290
/kerchner/creating-set-of-tags,801265
/kerchner/test-notebook,801260
/intelmoksha/notebook37008d577c,801238
/danchyy/notebook6b93b9e55c,801233
/maxleanr6/notebookfaf5a5091e,801198
/petermccormack/video-games-analysis-3eef8a8d,801082
/kranthisai/notebookccdd236ddb,801042
/santhanam/full-preprocessing-tutorial,801031
/petermccormack/video-games-analysis,801022
/sanchijain/notebook2c68d98276,800989
/yuz989/notebookb445a057b9,800967
/yuz989/notebookbda5529507,800966
/pantelisvlachas/experimenting-hoho,801001
/sativa/us-income-for-select-states,800876
/santhanam/us-income-for-select-states,800864
/unmesh/tensorflow-1vs1,800832
/majhand16/first-script,800838
/bilal4it/notebook631d0443fa,800825
/bfine9618/earthquake-nuclear-explosion-trends-animation,800822
/clbaechtold/full-preprocessing-tutorial,800815
/michaelavilan/company-comparisons,800805
/amniskin/how-can-we-predict-the-sentiment-by-tweets,800803
/leo20waw/network-analysis,800799
/pharic/predicting-house-prices,800746
/rmalshe/notebook1c3f1de691,800723
/hnazari/notebook4940f8fb64,800701
/cameronsim/notebook34b8c2fd81,800696
/daveoxenford/season-rank-by-world-series-winners,800642
/sanchijain/notebook4594ef5ec7,800605
/shiyidewie/full-preprocessing-tutorial,800568
/piskunov91/network-analysis,800539
/zlatankr/notebookf76c9ac0fa,800535
/hnazari/notebook1eb6c7b650,800532
/emejones/exploring-u-s-baby-names,800529
/zlatankr/notebook60750a9ef5,800507
/ilyaperepelitsa/notebook07394ac827,800498
/minhengwu/notebookbae73e1a2f,800491
/unmesh/mapping-of-earthquake-and-its-analysis,800467
/mfumagalli68/fork-of-notebook6287e9140e,800461
/alexfdez/notebook1659693330,800430
/irondan/us-income-for-select-states,800414
/mattocci27/trainset-read-csv-input-train-csv,800391
/max555beyond/test-analysis,800360
/rerumnatura/fork-of-a-journey-through-titanic-5efc63f7,800343
/bambampanda/brief-look-at-edx,800293
/thefreolo/terrorist-attacks-in-united-states,800276
/parasmani/an-interactive-data-science-tutorial,800275
/snassimr/python-data-visualizations,800179
/apurveyajnik/full-preprocessing-tutorial,800129
/gutsykhan/notebook5043888803,800128
/harvinderwazir/notebook0d85fed5d1,800114
/lfmingo/notebookfe8bd4304a,800111
/lfmingo/notebook49e57ab5a6,800109
/shijy07/full-preprocessing-tutorial,800090
/naomi7/in-depth-skewed-data-classif-93-recall-acc-now,800027
/narandalai/titanic-best-working-classifier-d12c90b9,800003
/fthery/the-most-predictable-league,800000
/ksaluja/a-journey-through-titanic,799967
/siriguna/notebookc4e097b2ab,799965
/ltelwest/a-journey-through-titanic-07118ce6,799949
/mortimer/who-is-gifting-the-u-s-government,799939
/florish/notebookc95dcc9448,799922
/nelsont10/getting-started-with-the-el-nino-dataset,799867
/vipulsinghal/gender-identification-analysis,799861
/salkaa/magic-feature-visualization-abc063ae,798838
/sayantan/full-preprocessing-tutorial,798827
/yashg5/an-interactive-data-science-tutorial,798808
/zhangruiskyline/python-data-visualizations,808157
/ltelwest/a-journey-through-titanic,798743
/ctultul/python-data-visualizations,798687
/shashaalam/fork-of-explorating-data,798656
/yukidaruma/notebook6653f7ee42,844548
/andrewmerrill/exploratory-data-analysis,798636
/andrewmerrill/lung-segmentation-and-candidate-points-generation,798631
/andrewmerrill/improved-lung-segmentation-using-watershed,798626
/andrewmerrill/the-perfect-score-script,798621
/kudashi/regularized-linear-models-e5ca8d38,798612
/vkarthik/notebookc43a096fa8,798580
/cwmflxsa/lung-segmentation-and-candidate-points-generation,798568
/larocca/interactive-intro-to-dimensionality-reduction,798522
/djchupachups/trying-to-predict-used-car-value,798500
/amylei/notebook16bc034baa,798495
/vuchris429/notebookf55084b4c0,798453
/naoshi/nfl-4th-down-possessions,798443
/blackhost/data-analysis-top-500-cities,798415
/channingc12/simple-svm,798402
/naoshi/notebook538641640d,798373
/msondkar/house-price,798359
/enpcxishen/explore-enron,798357
/javivelazquez/notebook3fd8893900,798276
/breana/fork-of-notebookb269b89dd5,798267
/majidmortazavi/notebook45e49dfeba,798239
/ghaslam/in-depth-skewed-data-classif-93-recall-acc-now,798215
/velanmer/data-visualization,798213
/williamswei/keras-cnn-with-explanation,798192
/luanibraimi/principal-component-analysis-with-kmeans-visuals,798147
/ariari/support-vector-machine-svm,798104
/msondkar/notebooke289bdf6f0,798040
/mpsteenstrup/visualizing-earthquakes-via-animations,798013
/joschnitzbauer/notebook9b61f2e2de,797972
/jay11ca39/notebook87365d6a23,797966
/debdaspur/rescript123,798009
/msondkar/notebookdace6830be,797901
/shipilov/notebook2cd3889843,797874
/aalapparikh95/an-interactive-data-science-tutorial,797843
/adisak/us-income-for-select-states,797842
/zhangdl/notebook80a2e2c7be,797835
/zhangdl/test1,990049
/leeivan/detailed-cleaning-visualization-python-9fa81995,797820
/iamanonymous/exploratory-data-analysis,797721
/vasavikalva/notebook6c60884b1e,797698
/iamanonymous/the-perfect-score-script,797697
/vinayakdaramwar/notebook3bdd9973bb,797668
/moxxol/feature-ranking-w-randomforest-rfe-linear-models,797652
