/mjboos/unsupervised-drinking,4595882
/ba15104/redhat-raddar-s-solution-beginners-approach,9972268
/ba15104/kernela65f4d9112,4595601
/ananthgarg/exercise-working-with-external-libraries,4595226
/rspadim/autoencoder-with-xgb,4597870
/srjssj/infection-py,4592652
/owenxunzhu/titanic-data-science-solutions,4590997
/owenxunzhu/exploring-survival-on-the-titanic,4591012
/griffyjohn/kernel9149c7f2ad,4589836
/maheshkumarnayak/mahi-with-passnyc,4615917
/maheshkumarnayak/mycode,4588444
/cedrickchee/the-easiest-way-to-use-pytorch-with-kaggle-s-gpu,4587817
/veenawaghchoure/basic-exploration,4588018
/cedrickchee/intro-to-lstms-w-keras-gpu-for-text-generation,4587413
/cedrickchee/attention-on-pretrained-vgg16-forked-version,4589963
/kevinwwu/assignment-1,4586922
/fluencygod/house-prices,4987102
/rahulnimankar3188/santander-value-prediction,4587619
/aklidien/visualizing-underrepresented-schools,4585508
/ngojason9/titanic-data-science-solutions,4584919
/scottchristensen/eda-of-home-credit-default-risk-competition-data,4585035
/randylaosat/kernel2e2a669e5f,4613458
/iverson3/regularized-linear-models,4586130
/fanwww/data-cleaning-challenge-scale-and-normalize-data,4684178
/umerfarooq807/winning-solutions-of-kaggle-competitions-75087d,4578775
/specialak/start-here-a-gentle-introduction-51401f,4899589
/phoenix1984/exercise-modeling-from-scratch,4574827
/abhi333/stock-prediction-support-vector-regression-model,4574484
/owenxunzhu/introduction-to-ensembling-stacking-in-python,4574050
/anuragbhatt1/fork-of-data-cleaning-challenge-parsing-da-c85f2d,4573298
/phoenix1984/exercise-convolutions-for-computer-vision,4573209
/devcar98/kernelb4349cf7c2,8814171
/jtomar/animal-classfification,7912139
/jaskarannagi19/data-cleaning-challenge-inconsistent-data-entry,4568619
/anuragbhatt1/fork-of-data-cleaning-challenge-scale-and-normali,4566687
/adityajn105/whats-cooking-countvectorizer-tfidf-and-xgboost,4565925
/adityajn105/whats-cooking-countvectorizer-tfidf-xgboost,4565666
/kaeken/debug-sklearn-species-distribution-modeling,4565425
/adityajn105/what-s-cooking-countvectorizer-tfidf-xgboost,4565111
/nk2912/kernel3be3809f44,6452547
/yottan/kerneleab0f83d04,4563575
/cadet3691/indian-temperature-analysis-for-2001-2016,4563357
/iamrks/indian-temperature-analysis-for-2001-2016,4563284
/gokulbalaji/imdb-movie-success-prediction,4556092
/singareddy/mnist-kaggle-submission,4555051
/vonneumann/data-science-glossary-on-kaggle,4896801
/souravmangla/keras-models-lstm-cnn-gru-bidirectional-glove,4548338
/usingtc/vgg19-example-with-tensorflow,4549602
/anjwani96/analyzing-the-2013-american-community-survey,4547078
/ahmedabdulhamid/sql-and-python-primer-bokeh-plotly,4546638
/manjeetsingh/house-prices-lasso-xgboost-and-a-detailed-eda,9093667
/kkang09/kernelba3fc4d674,4671926
/arkanius/sp-crimes-maps,4544611
/kks123/kernel8bcdaee3e4,4544124
/jemimaj/new-york-city-taxi-visualization11015,4543407
/eortiz/neural-network-forecast,4553130
/eampo93/time-series-v1,4615098
/nikhilm91/kernel17815cf64f,4540533
/emmmie/nyc-taxi-trip-prediction,4536588
/dinuuu/sample-tutorial-for-kaggle-leaners,4536574
/johnfarrell/mnist28-base-model,4534055
/arushps/fork-of-movie-sentiment-for-most-used-words,4533974
/roderick11/kernel293c8fb689,4532955
/keerhee/fraud-detection-with-variational-autoencoder,4532653
/swethapasa/kernelfa279fb108,4531761
/skotrappa17/learn-python-challenge-day-1-exercises-53d892,4538089
/liveo13/my-first-machine-learning-model,5392969
/jemishdonda/linear-regression,4530197
/jemishdonda/practical-2-part2,4529896
/jagdish1980/data-cleaning-challenge-inconsistent-data-entry,4529542
/sbsatter/tutorial-accessing-data-with-pandas,4528262
/thiagoaquino/main-milton,4531378
/adzha05/multivariate-plotting,4528772
/samerneamah/nba-rookies-classification-using-ensemble-methods,4525419
/adzha05/subplots,4528751
/ensiyeh/nba-rookies-classification-using-ensemble-methods,4525824
/adzha05/plotting-with-seaborn,4525325
/adzha05/faceting-with-seaborn,4525370
/ensiyeh/ensemble-method,4525205
/adzha05/bivariate-plotting-with-pandas,4528761
/adzha05/data-visualization-addendum-pie-charts,4525059
/adzha05/univariate-plotting-with-pandas,4525061
/nasimjavanparast/nbaarookie,4523121
/adzha05/grouping-and-sorting-reference,4528638
/pranavb01/fake-news-trigram-and-random-forest,6879361
/minak95/random-forest-m,4522262
/pranavb01/fake-news-bigram-and-random-forest,8534230
/dinuuu/no-script,4521919
/minak95/random-forest-mk,4521742
/minak95/random-forest,4521000
/ashimdas/top-charts-in-appstore-f5a120,4520773
/njakhmola/data-cleaning-challenge-scale-and-normaliz-f21f2a,4520647
/adzha05/summary-functions-and-maps-reference,4520395
/adzha05/indexing-selecting-assigning-reference,4528365
/huazaili/keras-vgg19-starter,4519983
/kaeken/debug-sklearn-topics-extraction-with-nmf-lda,4516587
/nomanjamraizabbasi/kernela8cf281126,4563794
/nomanjamraizabbasi/kernel34bb828a4e,4514095
/dkimds/exercise-convolutions-for-computer-vision,4627484
/saurabh0108/k-means-clustering-on-iris,4512696
/schlerp/tuning-hyper-parameters-with-scikit-optimize,4528760
/kyoheyyy/what-s-cooking,4511696
/anaderi/data-analysis-example-wikipedia-traffic-d68644,4531341
/victorpatru/method-chaining-workbook,4569933
/pranavb01/fake-news-bigram-and-naive-bayes,6879462
/adrsok/titanic,4507937
/hscannell/eda-to-prediction-dietanic,4969996
/raquelsantos/kernela91432032d,4505658
/sshreshth/nobel-prize-winners-story,4505549
/tanveer81/lstm-sentiment-analysis-keras,6226766
/sshreshth/introduction-to-manual-feature-engineering-p2,4507856
/cunni319/data-cleaning-challenge-scale-and-normaliz-a9c1bf,4505034
/slushyturkey/data-science-glossary-on-kaggle,4504360
/tejasreddy/dogs-v-s-cats-redux-3,4505201
/moose9200/final-output,4533615
/kaeken/debug-sklearn-tomography-l1-reconstruction,4499698
/appu1234/mumbai-menu,4500000
/nomanjamraizabbasi/kernel53583b209e,4514079
/gustavliu/double-xgb-hist-example-for-chunk-processing,4498100
/manjeetsingh/simple-exploratory-data-analysis-passnyc,9093723
/huangdapan/decision-tree,4546037
/zhoulingyan0228/face-classification-eigen,4493808
/hschan/data-cleaning-challenge-handling-missing-values,4490757
/gdonaire/data-cleaning-challenge-inconsistent-data-entry,4491810
/nitinakaggle/xgboost-for-porto-seguro-s-safe-driver-prediction,4489640
/sshreshth/manual-feature-engineering,4504808
/d4rkmatter/keras-for-search-ships-in-satellite-image-4cb9f1,4864461
/tirth27/data-cleaning-challenge-handling-missing-values,4559846
/zainlearn/kernelf95d82861d,4486450
/ibrahimuguryilmaz/odev2,4500775
/seryoungshim/group-by-having-count,4485498
/zenstat/titanic-sample-python-1,4847654
/krishnam08/time-series-plotting-optional,4488044
/thayumaanavan/exercise-convolutions-for-computer-vision,4479253
/luozeming/lightgbm-test-with-model-tuning,4498794
/aliyasineser/data-science-hw01,4489513
/njakhmola/data-cleaning-challenge-handling-missing-v-80f68f,4520605
/syedmohammedarshadzaidi/exercise-convolutions-for-computer-vision-4cd277,4473380
/fhazari/fork-of-fork-of-employee-performance-analysis,4471776
/syedmohammedarshadzaidi/dropout-and-strides-for-larger-models,4471313
/ikaraker/predictive-business-analytics-with-instacar-88296c,4475130
/syedmohammedarshadzaidi/exercise-modeling-from-scratch,4471162
/syedmohammedarshadzaidi/deep-learning-from-scratch,4470821
/jaskarannagi19/learning-to-use-xgboost,9737739
/jeffkanyi/my-first-machine-learning-model,4468119
/achilledekroko/predictive-business-analytics-with-instacar-a2d61a,4468918
/tomsot/predictive-business-analytics-with-instacar-67552f,4468047
/alexts1/predictive-business-analytics-with-instacar-bb67e2,4469174
/srihaas/summary-functions-and-maps-workbook,4468573
/truongkhanhduy/learn-python-challenge-day-3,7773047
/vijaykris/prediction-using-svm-modified-regularisation,4467264
/kyalan/sf-crime-with-multinomial-logistic-model,4470298
/shakti17/fork-of-titanic,4463201
/jaskarannagi19/fork-of-lowa-housing-set,4462712
/hatone/gradientboostingclassifier-estimated-by-tpot,4462466
/jhantu/pandas-tutorial-with-interactive-exercises,4461760
/amiteshore/how-models-work,4461726
/jaskarannagi19/using-categorical-data-with-one-hot-encoding,4473498
/srihaas/creating-reading-and-writing-workbook,4466522
/srihaas/pipelines-6047d8,4460102
/skooch/dbscan-w-tuned-parameters,4467212
/mariavas14/predictive-business-analytics-with-instacar-b10f4c,4459265
/liamjflood/forest-class-1,4459103
/khyongkim54/intro-to-model-tuning-grid-and-random-search,4458904
/ematakia/predictive-business-analytics-with-instacar-00e6c3,4459079
/kartiksamprati/kernel86761dd1db,4458733
/skooch/bayesian-optimization,4637719
/krishnam08/handling-missing-values,4457275
/pulkitgarg33/movie-recommender-system-using-rbm,4462565
/cooldba/keras-vgg19-starter,4456030
/sparsha/5-day-data-challenge-day-3-python,4455227
/rajnishtb/fork-of-data-cleaning-challenge-scale-and-normali,4454213
/bangdasun/data-science-glossary-on-kaggle,4453376
/syedmohammedarshadzaidi/method-chaining-reference,4452531
/syedmohammedarshadzaidi/method-chaining-workbook,4453312
/returnofsputnik/timeseries-year-quarter-top-600-feats,4459462
/dinuuu/learning-prediction,4451069
/syedmohammedarshadzaidi/get-your-model-ready-to-submit,4451036
/sallylau/sd-technical-exam,4556373
/mis18010/predictive-business-analytics-with-instacart,4471222
/tararafot/predictive-business-analytics-with-instacart,4452052
/syedmohammedarshadzaidi/cross-validation,4447921
/syedmohammedarshadzaidi/partial-dependence-plots,4447778
/syedmohammedarshadzaidi/grammar-of-graphics-with-plotnine-optional,4447107
/lualeperez/getting-started-in-r-graphing-data,4446449
/dinuuu/ae447,4446354
/dinuuu/fork-of-fork-lightgbm-with-extra-featueres-ae149,4446200
/daood911/delete,4552825
/raj0789/fork-of-creating-reading-and-writing-workbook-d7,4444455
/sdip28/neural-network-model-for-house-prices-tensorflow,7442394
/kaeken/debug-sklearn-examples-hetero-feature-union,4443767
/adambi/kernel619efc4f6d,4442956
/chirantangupta/exploratory-analysis-of-google-jobs,4442019
/flywithcode/tutorial-getting-n-grams,8743701
/kavitha9511/my-first-machine-learning-model,4840562
/zzwzyt/bow-lrcv1,4440241
/macku99/recruitment-challenge-data-science,4439621
/jiweiqi/wikipedia-traffic-data-exploration,4438954
/syedmohammedarshadzaidi/introduction-to-plotly-optional,4438873
/syedmohammedarshadzaidi/multivariate-plotting,4438503
