/nsjoshi/notebook3f3c7e6b70,911123
/vb2489/python-data-visualizations-f507cd,911116
/gynagy/visualizing-data-7b19ed,911113
/amirhosein/notebookca5aba0817,911110
/gynagy/how-much-sugar-do-we-eat-8730d6,911094
/ledvic/notebookf4f3e00f71,911029
/dmilla/titanic-data-science-solutions,910959
/luchaoru/map-of-the-event,910961
/bigcat100/notebooke4558e703a,910820
/cgangwar1/notebook6f10d6afd9,910797
/yusufadeshina/introduction-to-ensembling-stacking-in-python,910741
/hime16/text-mining-with-sklearn-keras-mlp-lstm-cnn,910734
/abdulmohsen09az/notebook4d2ebc40a9,910679
/abdulmohsen09az/notebook4f67116b84,910676
/gdvj01/full-preprocessing-tutorial,910668
/anirudhp/marking-heads-and-tails,910662
/crkowale/a-journey-through-titanic,910627
/lilyjin/notebook4acbe72a23,910610
/gynagy/how-much-sugar-do-we-eat,910607
/gynagy/visualizing-data,910590
/abdulmohsen09az/notebook8058a474dc,910586
/sejiane/notebook059f323a38,910585
/adnene/notebook798d1ce724,910532
/tasneemryousef1/understanding-loans-data,910498
/marclucchini/fork-of-keras-nn,910482
/souravsingh/predi,910574
/usui113yst/notebookecd72c9221,910451
/marvinamo/tensorflow-starter-kit-fixed,910392
/krrish1729/notebook6dfc46e983,910391
/mbourgeois1/notebook7eb37f2b9c,910375
/gynagy/python-data-visualizations,910369
/souravsingh/predict-leaf,910405
/mbourgeois1/notebook9b2426de9b,910346
/tmsp2017/notebook0ac9d5713d,910341
/mbourgeois1/notebook3a4d9c2341,910330
/sebask/mlpclassifier-for-titanic-data,915234
/akashrehan/catdognet-keras-convnet-starter-3f569c,910304
/karltk/full-pipeline-demo-poly-pixels-ml-poly,910279
/atewari/us-presidents-heights-how-low-can-madison-go,910242
/jmdelcarmen/notebookd893dbff35,910219
/mbourgeois1/notebook09d96ce0ce,910217
/eiru123/detailed-exploratory-data-analysis-using-r,910151
/akashrehan/catdognet-keras-convnet-starter-441671,910132
/tajana/movie-recommendations,910122
/akashrehan/catdognet-keras-convnet-starter,910079
/gopalsasanka/titanic-data-science-solutions,910070
/sidmitra1786/test-1786,910029
/ningyuma/10-classifier-showdown-in-scikit-learn-c2ea3c,910025
/ningyuma/10-classifier-showdown-in-scikit-learn,910016
/harish5661/notebookf4dc95ab10,909955
/vigorosity/notebook8a28f3c2b1,909917
/basalto/python-data-visualizations,909882
/paulovasconcellos/notebook1d48e2ff26,909810
/joeygibs/notebookdca816580e,909764
/kaju06/exploring-survival-on-the-titanic,909754
/rojre1979/keras-convnet-lb-0-0052-w-visualization-1454bd,909733
/alexlobanov/python-data-visualizations,909724
/hanhha/notebookf23ce7baf1,909703
/scanthony/notebook59605d2432,909590
/legionerkz/titan,929865
/dpurbey/test1-explore,909525
/aadeshchandra01/python-nltk-sentiment-analysis,920811
/santham/a-journey-through-titanic,909494
/imhappyfeel/fork-of-david-notebook-test,909437
/imhappyfeel/notebookb291940ac0,909404
/louisdevitry/detailed-exploratory-data-analysis-using-r,909393
/imhappyfeel/david-notebook-test,909390
/wethernt/notebookdfc411416a,909368
/psechet/simple-svm-model-for-classifying-voice-by-g-9241c8,909365
/psechet/simple-svm-model-for-classifying-voice-by-gender,909357
/omoithesane/titanic-best-working-classifier,909344
/mikeacuna/the-perfect-score-script,909334
/imhappyfeel/notebookd0662286c4,909276
/nodatafound/notebookd7e14c3951,909273
/holmantai/full-preprocessing-tutorial,909267
/xiangshuai/notebookb553e9bfc6,909224
/simonweiss/introduction-to-ensembling-stacking-in-python,909220
/amyxst/simple-exploration-notebook-2-connect,909155
/simeonayo/notebook567a41b6ac,909095
/chaitanya0412/notebookf4bc514748,909094
/trebouxj/comparing-random-forest-pca-and-knn,909088
/rac807/epl-weekly-predicting,909079
/imsharad/notebookc8d8ce5025,908999
/kainblue/python-data-visualizations-252289,908994
/kainblue/python-data-visualizations,908986
/marzoukerberg/testww,908950
/dpurbey/starter-explore-youtube8m-sample-data,908934
/dpurbey/notebook6a21648359,908924
/ecnuykh/catdognet-keras-convnet-starter-b10a4f,908921
/pcvidhya/know-your-data-7900ab,908910
/pcvidhya/know-your-data,908905
/xuchengyang/a-journey-through-titanic,908896
/svtayush/wip-exploring-data-cleaning-in-medical-no-shows,908860
/hiterstone/rossmann-store-insights,908854
/thelars/notebook1b06a0700d,921452
/karbon/script-py,908762
/rashigupta16/titanic-random-forest-82-78,908742
/qarije/notebooka9080dd93f,908740
/dieram/exploring-plotline-keywords,908739
/mikegr/a-journey-through-titanic,908729
/hydrangea/notebookaafb171b89,908711
/mattiaa/notebookd3bade3abb,908709
/nisargbhavsar/notebook4e07bc522a,908695
/navbharti/text-mining-with-sklearn-keras-mlp-lstm-cnn,908671
/novatena/a-journey-through-titanic,908643
/cnheider/introduction-to-ensembling-stacking-in-python,908637
/mikegr/introduction-to-ensembling-stacking-in-python,908634
/mikegr/an-interactive-data-science-tutorial,908625
/hiterstone/a-journey-through-rossmann-stores,908623
/hiterstone/exploratory-analysis-rossmann,908546
/saikatkumardey/declining-popularity-of-online-learning-courses,913901
/bkaroub/notebook703639bf4f,908511
/tdiliii/a-journey-through-titanic-c0dc5a,908509
/adrianabechara/predicting-loan-status-with-python,908507
/lukeerren/catdognet-keras-convnet-starter,908478
/sw8930/filling-up-missing-values,908387
/ricardorego/dimensionality-reduction-explained,908253
/monkebai/notebookd74f047748,908238
/karan4/notebook2f07e71dc3,908214
/chaitanya0412/starter-explore-youtube8m-sample-data,908168
/ddemented/notebook13ea0fce28,908136
/observer/full-preprocessing-tutorial,908126
/dm14350056/notebook20a64ef44e,908093
/hermia/text-mining-with-sklearn-keras-mlp-lstm-cnn,908064
/athulya/breast-cancer-prediction,908051
/uditsaini/text-mining-with-sklearn-keras-mlp-lstm-cnn,908049
/iwontbecreative/starter-explore-youtube8m-sample-data,908044
/qingnan/starter-explore-youtube8m-sample-data,907996
/naagaharikrishna/geneticprogramming,907985
/wangzhea316/data-clustering-and-visualization,907879
/cameron1997/notebookb443b8049a,907793
/marzoukerberg/df-df-drop-shot-id-1,907734
/dieden/xgb-starter-in-python,907726
/sriharshakiran/sms-spam-detection-with-various-classifiers,907719
/daisaku/a-journey-through-titanic,907689
/shrutishah/notebookb97d81710d,907850
/tayfurr/full-preprocessing-tutorial,907673
/vicriss/just-test,907629
/thibaut95k/notebook22bc974e38,907619
/christianmaxmike/dimensionality-reduction-explained,907618
/marzoukerberg/gradientboostingclassifier,907599
/oo7feynman/introduction-to-ensembling-stacking-in-python,907592
/fatimabbt/notebook906d8a64c3,907574
/sriharshakiran/notebookd3eeec786d,907571
/ruaram/notebook6ed95bc68d,907568
/premkrishn/mental-health-issue-discussion,907559
/vavbrs/xgb-starter-in-python-58806e,907554
/oksanab/test1,907551
/wangwei123/notebook018fc767ea,907518
/marzoukerberg/test-submission,907484
/mintzxcv/notebooke516c27dec,907482
/pym1993/notebook0e3497511c,907458
/hippoliebecoding/titanic-survival-prediction-end-to-end-ml-pipeline,907403
/freakyoiseau/introduction-to-ensembling-stacking-in-python,907399
/hansjang/titanic-data-science-solutions,907396
/newpiegyc/mnist-simple-nn-keras,907341
/arnaudeq/starter-explore-youtube8m-sample-data,907335
/thinesh/1w2345,907307
/palashjhamnani/notebookbaba943fa4,907288
/eter360/principal-component-analysis-with-kmeans-vi-bab038,907258
/eter360/principal-component-analysis-with-kmeans-visuals,907254
/madraziw/python-nltk-sentiment-analysis-e3df91,907234
/seungjooli/notebook7ca2a846bf,907230
/gaiwang1987/house-prices-data-exploration-and-visualisation,907218
/hnch21/titanic,907173
/jojopeng/python-data-visualizations-595705,907171
/arunpaul/interactive-intro-to-dimensionality-reducti-d62b80,907170
/chegnlei/a-journey-through-titanic,907155
/abner0908/a-journey-through-titanic-cc56e4,907153
/rajivmorum/predictive-modelling-a-simple-approach,907134
/rajivmorum/data-exploration-using-tibbles,907113
/jacklone/starter-explore-youtube8m-sample-data-6e5b49,907106
/wertec/notebookb22532720d,907056
/wertec/fork-of-first-gen-pokemon-stats-54dfea,907045
/wertec/fork-of-first-gen-pokemon-stats-f44fbe,907032
/andewjohnson/notebook0e2157c8b1,907017
/tarekfb/python-nltk-sentiment-analysis,906975
/justinlieber/titanic-data-science-solutions,906966
/gokugoku/support-vector-machine-detail-analysis,906965
/rainmanbj/titanic-best-working-classifier-b607b2,906960
/tomar98/principal-component-analysis-explained,906957
/xuxiaoyu/10-classifier-showdown-in-scikit-learn,906953
/rajivmorum/exploratory-analysis-of-edx-data,906917
/justinlieber/titanic,906914
/navbharti/starter-explore-youtube8m-sample-data-b93362,906896
/rajivmorum/wip-exploring-data-cleaning-in-medical-no-shows,906869
/nitsourish/notebook0c538e13de,906862
/ashutoshp/xgb-starter-in-python,906857
/madraziw/python-nltk-sentiment-analysis-madtest,952108
/yejian/introduction-to-ensembling-stacking-in-pyth-f017fe,906850
/bryanyang/simple-exploration-notebook-2-connect,906841
/gitclown/notebook4cc7e69155,906823
/vbs0711/full-preprocessing-tutorial,906818
/yejian/introduction-to-ensembling-stacking-in-python,906796
/bayhalil/notebooka98cd09ec2,906785
/haensn/notebookbb5f8c39ef,906782
/andreistar/introduction-to-ensembling-stacking-in-python,906778
/miningjerry/sentiment-analysis,906777
/ys31415/feature-engineering-1-sentiment-analysis,906776
/chenjiaying/chentest,906748
