/ismaila/notebooka55804e6bd,395740
/beginnerpuneet/notebook35ad954ae9,395724
/qunzhaotian/notebook9cf420def6,395716
/sandraha/notebookcc5a916fea,395714
/davidfox/notebook29bfa420e9,395699
/freefox1964/visualization-and-analysis,398203
/allenfrostline/a-journey-through-titanic,395682
/ewald1/allstate-feature-analysis-python,395677
/san2kaggle/data-analys-type-and-company,395673
/dragonheart/notebooke06ba55084,395668
/allafr/a-journey-through-titanic,395667
/sumendar/notebook7f3359b1bf,395645
/rodmorley/notebookc38077a56d,395643
/icleland/notebookab440e659c,395629
/beginnerpuneet/notebook92d4b7df3f,395627
/gwangmin/notebooka9c54e1303,395618
/kitl2020/notebookd856646632,395616
/wwbeyond/a-journey-through-titanic-8105b119,395602
/tuanndd/notebook6abe95fb08,395601
/shinto/notebook2,434644
/raiever/notebook6cdb78a630,395589
/devbrat/notebook554ccc8b63,395580
/digitaldisorder/notebook6b82fe26f7,395578
/witawat/notebook22eb033c34,395570
/seijin/notebook45c613f3b8,395568
/cathyxuyt/notebook477bfe587b,395563
/shirleylin/visualization-and-analysis,395561
/harishbchalam204/notebook5329c1ed41,395542
/wwbeyond/notebookeec68ee36c,395535
/sanghee870101/notebookc1fc45877c,395533
/stefans2403/notebookf729ef1d61,395523
/praalankar/a-journey-through-titanic,395519
/gaojianj96/notebookd7e6fe77b1,395510
/peshon/road-2-0-4,395513
/wwbeyond/notebook4d961a6e4f,395505
/sergios/notebook827e51fc53,395494
/harshabezawada/notebook100d50eb04,395492
/gblin5566/notebookfccbb4078b,395484
/samir111/philippines-energy-use,395483
/rpedro/notebook950efa23b7,395471
/arvindsp/notebookda553fec00,395469
/ravichinoy/notebookaa141c558c,395438
/criptero/notebook043533ccbf,395433
/wduncan21/notebook5d22ccf87d,395419
/yszhong/notebook3ce4c42b89,395417
/varunnambiar/notebook9420c6cf66,395380
/pankajb64/a-journey-through-titanic,395415
/gale31/notebookd2fbd7fbe5,395350
/shravandhanuka/notebooke397eb58dc,395349
/achalshah/notebook43edea817f,395348
/subbuinv/notebooke3689e7013,395346
/achalshah/notebook8016a7708e,395345
/wilbeibi/notebook7e5d797f38,395331
/pankajmishra/notebookaf2fee9ba3,395330
/wendy0226/notebook45c6891474,395327
/vishalvikram1992/ranked-datascience-programs,395308
/krupeshd/notebook4cd10b28c2,395294
/amuncc/notebook29b775c8d6,395270
/druswick/notebook492a656a1e,395254
/napsternxg/notebookd8b4208e26,395252
/macumtb/notebook783d50d8d6,395239
/tnovit/notebook67d39790d3,395238
/lemonxug/a-journey-through-titanic,395243
/pinliuc/notebookac9df000e1,395206
/dujiajun/notebookf89748e7e6,395189
/luckygemini/notebooka8edad0c0a,395161
/ravipandey/notebook1a90b1dd66,395137
/stormymonday/notebookdbfce54b95,395095
/wistonyau/python-data-visualizations,395090
/chazcv/notebook83901b3d1b,395089
/vivekkohar/python-data-visualizations,395088
/paosheng/notebookced055b425,395081
/nbangs/notebook671948775a,395074
/lefmann/notebookec696376b9,400652
/hatch7/notebookcd01a1f160,395048
/danielcmessias/notebook8e6308cb7e,395106
/aagundez/notebookb03866753b,395003
/sparkage/dataset-walk-through-911,394995
/gabrielburcea/notebook7349d430b4,394978
/efsierraaa/notebooke3332f30e9,394946
/zhanglic/a-journey-through-titanic-b0a0cdd0,394943
/gmlandry/notebooke6041d6e71,394911
/sunilmistri/notebook6aeed5e112,394908
/ponnath/notebook5b97b10966,396507
/mnabaee/notebook95404c46b1,394898
/spiracular/notebooka6e154f768,394892
/cherry86222/notebooka1b6e9c63e,394890
/nchris6717/feature-extractor-matlab2python-translated,394876
/ggdhines/notebook8f843af9bb,394866
/vivekraj/notebookf29fe88c05,394865
/jeanlucla/notebook42873d1154,394854
/jonfry/notebook50752afb44,394851
/meizi1986/visualization-and-analysis,394841
/tenaciousterrier/notebook47e8c7b5f8,394783
/tenaciousterrier/notebookf3e0e7c934,394782
/sabrinama/notebook4822342866,394777
/horngep/python-data-visualizations,398095
/ynskrishna/notebook235f2ca385,394750
/ashishleo25/notebook3bdfa89660,394747
/somiiitb/notebook54d7c4ba7c,394722
/batuhan81/notebook8c88c2de45,394720
/lynnqiaoyazhang/notebook3e53124341,394703
/drevan/notebook34c506b904,394683
/alioancea/notebook92c1d8010e,394676
/oleksiibieliaiev/notebookd8f14158d8,394631
/dylanbstorey/notebook4053ce0ae4,394603
/dragma/kaggle-titanic-001,394554
/shinto/just-an-easy-solution,394545
/yujiao/notebookfe74536a2a,394543
/jkoerner/notebooka0984f5061,394515
/weltech/notebook0007add066,394506
/sergzach17/data-analys-type-and-company,394503
/dragma/a-journey-through-titanic,394550
/chanderprabh/gop-debate-analysis-with-pandas,394494
/ehauckdo/notebook594ffaf33d,394493
/danielcmessias/python-data-visualizations,394464
/tommyw/notebook9c16fc99fb,394460
/nreid1/notebook5a7f08f88d,394450
/mkuyzu/notebooka6168c7cda,394447
/andymasl/notebook77e2b043d4,394432
/sujay1990/housing-prices-eda,394655
/bodhbhdearg/notebook6493ae28fd,394886
/jasonhan/10-classifier-showdown-in-scikit-learn,394406
/bhammer/notebook3652814206,394399
/steamengine/crash-sites-visualized-civilian-and-military,394687
/xuren71/notebook2f4b25f3cc,394363
/prabhubct2/notebook604598c3dd,394335
/michaelwest/notebooke47b773c6a,394333
/nminus1/notebook32adaeff17,394265
/razaaflak/notebookb459af3898,394255
/guyko81/notebookf654654fdax,395915
/bogisha/a-journey-through-titanic,394283
/guidoman/notebookc5790ae598,394194
/aceccon/notebook0038be22b1,394182
/marksman/seaborn-tutorial-exploration-with-pokemon-data,394214
/andylamb/otto-product-classification-predictions,394146
/truonghai001/notebooka2d5cee378,394141
/marksman/visualizing-pok-mon-stats-with-seaborn,394131
/thomastan310/notebook11a2e7147c,394100
/aminos21/python-data-visualizations,394099
/akash0/recurrence-relation,394072
/marc000/notebook26ce38c348,394071
/thomastan310/notebook40c55a28b0,394063
/alexchiu/notebookd98286bbc5,394051
/htomov/notebook419830e054,394293
/shinto/notebook1,394558
/igortrushkin/notebooka78233c5d3,394026
/bsox581/notebook0b374bd9d7,394025
/jchledowski93/a-journey-through-titanic-334c5a24,407374
/mangirdas/tensorflow-deep-nn,393963
/scharf/69-failure-rate,393921
/ollymitch/notebookf70620337c,393894
/mougatine/notebookd254c1b793,393876
/chw333/first-kaggle,393857
/jgregoire/notebook20aeb49b73,396094
/jgregoire/notebook89e2873ae3,396093
/caspero0/notebook0cd1ac7e09,393836
/philipkalinda/digit-recognizer-in-python-using-cnn,393832
/rishiarora/dimension-reduction-of-eeg-data,393945
/jchledowski93/a-journey-through-titanic,393948
/patternhunt/notebook2097c76995,393815
/uday1889/catdognet-keras-convnet-starter,394115
/dhrubajitdas/notebook4d7004aed2,393791
/println/outbrain-eda,395160
/skylord/notebooke4afd9723c,393736
/cristo/notebookde0fc33099,393733
/dhrubajitdas/notebook28e60e67c8,393714
/marouane/just-an-easy-solution,393696
/frantz/notebook47489e2c97,393676
/jasonhan/detailed-data-exploration-in-python,393673
/christiansalvatore/notebook998a4b9c76,393659
/anantzoid/notebookfcfdda8093,393624
/rigglemethis/python-data-visualizations,393614
/mahmoudmahdi/notebook1c1dacaacb,393611
/philippgaertner/notebook0efe217126,393582
/arjoonn/notebook59f9aed513,393580
/kshankar/just-an-easy-solution,393568
/zourui/notebookbaf1ed1be3,393562
/pkrion/notebook69761dca6d,401320
/ajitbarik/notebook9557ae7b61,393429
/azouritis/notebook9948b9b0ab,393405
/jeanpat/notebooke0f46f05cc,393404
/pganguli/notebook5a61f744f8,393396
/hngjkc/notebookf8076c2f32,393370
/psy0814/notebook0dc6a75aa7,396906
/imwxing/notebook3c078e44f1,393356
/ilvu13/notebookb9f4823cc5,393346
/ankitmathur45/notebookd3e0207954,393344
/hdongyun4271/notebook1dd2d2de99,393339
/mbeigel/notebook7a9aad53d7,395441
/willwell/notebook2de859a7f6,393291
/dpaul93/just-an-easy-solution,393285
/devendrabadhe/housing-prices-predicition-in-r-3b55c049,393243
/mikhailyurasov/notebook1bd3bbddbe,393235
/joseandres1005/notebooka1a2ccc206,393223
/plantsgo/notebook628d430f80,393206
/king8023/data-analysis-for-beginners,393144
/hbk008/a-journey-through-titanic,393141
/xusongpeng/notebook99a0e4afa2,393126
/myzhou1994/just-an-easy-solution,393116
