/adolphe/notebook30b6b50d7d,913147
/xiaowang111/keras-convnet-lb-0-0052-w-visualization-685b44,864175
/funfoo/titanic-random-forest-82-78,864168
/ictwangbin/full-preprocessing-tutorial,864796
/baeng72/notebook06138b1def,935970
/frontierdave/notebook32bfe7d319,864032
/tchen21/introduction-to-ensembling-stacking-in-python,863997
/kaenkogashi/an-interactive-data-science-tutorial,863942
/kaenkogashi/introduction-to-ensembling-stacking-in-pyth-7e5869,863929
/kaenkogashi/introduction-to-ensembling-stacking-in-python,863912
/ljubica/catdognet-keras-convnet-starter-647561,863919
/mickwang/notebook9034200e37,863826
/ljubica/catdognet-keras-convnet-starter,863803
/hanaatucl/notebookec9711bd7c,1003801
/llefevre1976/notebook7119a099f7,863427
/zhengzhishui/an-interactive-data-science-tutorial,863927
/lampertb/catdognet-keras-convnet-starter,863155
/jjayaram/descriptive-statistics-and-machine-learning-iris,863090
/ajchristie/an-interactive-data-science-tutorial,862962
/mbacou/notebook8f68a1995a,862827
/domiriet/notebookc33b13cb9b,862714
/gokudbs/descriptive-statistics-and-machine-learning-iris,862650
/drmcgraw/iris-classification-using-pythonv1,862542
/aanshi/descriptive-statistics-and-machine-learning-iris,862439
/gabbermaniac/fork-of-notebookf07965f56e,862699
/hidy0503/full-preprocessing-tutorial-75b23b25,863003
/tlimousin/an-interactive-data-science-tutorial,862113
/carrdelling/test-images,862067
/mohtopiwalla/notebooka26108dfe8,861964
/marcil/notebookd3d2b8ae3f,861712
/danielarnason/notebooke1c7b81f4a,861619
/sitagerrard/in-depth-skewed-data-classif-93-recall-acc-now,861607
/sheenammittal/an-interactive-data-science-tutorial,868187
/mohtopiwalla/notebookec79512fe5,861404
/spencerc99/catdognet-keras-convnet-starter-45949e1b,862057
/timsey/a-journey-through-titanic,861038
/msondkar/notebook4c825ad919,861158
/alicepike/notebook43432f5085,860821
/alicepike/notebook3a4de9fce6,860804
/mjoshi/notebook43405a7076,860719
/venkatprasad/notebook67582bc5c1,860699
/pulkitk2/knn-from-scratch-in-python,865449
/philipfry/introduction-to-ensembling-stacking-in-python,860287
/ronoliverocs/initial-preprocessing-approach,860061
/peterabdou/notebooka210957c28,860129
/jianghuiying/an-interactive-data-science-tutorial,900208
/martes3e/global-religion-1945-2010-plotly-pandas-visuals,859960
/ahtesham/full-preprocessing-tutorial-23248369,859935
/celsotakeuchi/notebook7883df66eb,861455
/wujiabin/global-religion-1945-2010-plotly-pandas-visuals,859482
/hakabuk/random-forest-with-more-numeric-features,862240
/waykole/notebookc149d603a7,859620
/bananachips/an-interactive-data-science-tutorial,859265
/paragman/notebook03397e834b,859252
/paulocirinoneto/notebook57da8e6340,859199
/felixt/introduction-to-ensembling-stacking-in-python,859242
/yananwu/people-cluster,859156
/xiaocong1990/notebook25e74c5de0,859492
/phauly/better-to-always-bet-home-win-draw-or-away-win,921589
/gaozhognbao/notebook227bb95737,858917
/pkuwjh/global-religion-1945-2010-take-it-easy,858751
/foxuser/notebookc9138f9ea2,858704
/vikramtiwari/interactive-intro-to-dimensionality-reduction,858697
/ruhilv/notebook075e0483a2,858663
/yananwu/europe-habits,858643
/raghavaulasa/an-interactive-data-science-tutorial,858621
/vikramtiwari/a-journey-through-titanic,858610
/puleengupta/notebook8dc688c2b9,858543
/ramasubbulakshmi/fish-detection-411b8a4c,858541
/ramasubbulakshmi/fish-detection-9e0a96c8,858510
/sitinurdiana/notebook2ae519fed7,858521
/damonliu/glass-type-classification-with-machine-learning,860021
/pepomes/an-interactive-data-science-tutorial,864748
/jsleecsbl/nips-papers-visualized-with-nmf-and-t-sne,869815
/sarahcaso/notebook0463f9d7a9,858090
/mf34richard/python-data-visualizations,857905
/mrmquirk/a-journey-through-titanic,857928
/kevin24816/catdognet-keras-convnet-starter-8d4cf5b2,857809
/vagonzalez/catdognet-keras-convnet-starter,857706
/xideang/catdognet-keras-convnet-starter,857543
/oyzh1992/a-journey-through-titanic,857712
/satishtyagi/date-exploration-timestamp-units-10-hrs,857480
/ranjith786/notebookf8c1caf496,864559
/poonam25/traffic-test,857394
/zeshan/notebook2df28924ce,857345
/erettic/notebook5715a93c16,937774
/erettic/notebookb3ba40d096,857300
/jjsimg/principal-component-analysis-explained,857291
/douglastt/notebook2b3474ff69,857236
/continue7777/a-journey-through-titanic,857166
/nima7321/a-journey-through-titanic,856875
/miguelangelnieto/notebook76d911c381,856867
/adamaid/notebook8a62d2a7af,856459
/tolufakiyesi/gun-death-prediction-and-analysis,856348
/shanlu/notebook02c054a4b7,855994
/mlsawyer/tensorflow-starter-kit,855780
/sedaghatfar/notebooka155c80be3,857098
/sandey/pca-for-human-resources-analytics,855686
/shanlu/notebookc153621939,855671
/kellyjanderson/exploratory-analysis-of-stackoverflow-sample,855553
/sevendeadlysines/notebookfe488bb0ff,862363
/gmdimarzo/titanic,856100
/ramjeepenta/a-journey-through-titanic,855230
/skakkerlak/scattering-ice,862371
/nrgolovich/a-journey-through-titanic,863519
/fridayily/a-journey-through-rossmann-stores,854761
/yetingsky/a-journey-through-titanic,854749
/mahmud007/exploring-titanic-survival-rates,854708
/tanduc96/digit-recognition-ducng,854773
/jdallet/notebookff220a229c,854952
/syncsyncsync/a-journey-through-titanic,854451
/jdallet/notebookddd743ce89,854341
/stoney71/notebook06fb9cf508,854330
/chessmate/a-look-at-hr,854329
/shettar/notebook1c973e8485,854313
/awowen/notebook0df0370b24,854659
/jameswong1234/notebook6e2e93c7c2,854207
/dayemsiddiqui/notebook69999b77e4,854193
/vikibytes/notebookf6699ad043,854105
/landpiece/notebookdd1031b3d5,854171
/jmramosfran/an-interactive-data-science-tutorial,854094
/kalvinwu/notebooke19e2a6756,854086
/shreshtha/notebookcdf3377b74,856267
/auygur/full-pipeline-demo-poly-pixels-ml-poly,854007
/xooloox/cyrus-test,853950
/raogopal5/notebook7c3e2390da,853902
/shikhargupta95/notebook092809d586,853747
/jatinjansari/detailed-cleaning-visualization-python-e5eb965b,857971
/fonzik/full-preprocessing-tutorial,853559
/hemanthappala/finding-boatids,853543
/raogopal5/in-depth-skewed-data-classif-93-recall-acc-now,853423
/lihongqiang/full-preprocessing-tutorial,853403
/kharita/notebook1391240c7b,853016
/sumitsen/a-journey-through-titanic,858156
/durovo/notebook1fdf2f05b2,853068
/nikhilmannan/notebookba881c7a5f,852901
/nikhilmannan/notebook677f50ab6b,852888
/luudactam/exploratory-data-analysis,852887
/wencyang/random-forest-starter-with-numerical-features,852627
/pgollakota/a-journey-through-titanic,855920
/nursultan/a-journey-through-titanic-nursultan-turdaleiv,852542
/jameswong1234/notebooka21c7511c2,852356
/nangemo/simple-exploration-notebook-2-connect,852240
/sunrita/random-forest-starter-with-numerical-features,852134
/arashs/regularized-linear-models-41c70027,851989
/rishiarora/glass-type-classification-with-machine-learning,851965
/zlkaggle/full-pipeline-demo-poly-pixels-ml-poly,855159
/sunrita/a-journey-through-titanic,851815
/shanlu/notebook114d8b7260,851800
/singhshubham/notebook972d9b0be1,851939
/mukund14/mental-health-issue-discussion,851706
/marcose18/a-journey-through-titanic,851549
/davidprakash/xgb-default-model,852452
/petercaya/notebook19afeee9ca,851355
/grantstead/who-are-the-money-savers,851128
/rafaelefucho/myfirstsummision,850903
/ciortanmadalina/an-interactive-data-science-tutorial,854777
/vsevastyanov/notebooke86459e1d2,850269
/vsevastyanov/notebook886e8edf28,850219
/arneoi/notebookc428fbf49f,850115
/shpam1/visualizing-knn-svm-and-xgboost-on-iris-dataset,850399
/dollyi/glass-type-classification-with-machine-learning,854469
/nicogreg23/catdognet-keras-convnet-starter,849918
/charlienewey/notebook946403ed61,1937071
/jessicanash/a-journey-through-titanic,852229
/berenjb/learning-from-film-rating-systems,849722
/lijingya/lung-cancer-detection,849593
/sinabhi/a-journey-through-titanic-bb5c3a96,1018940
/benchishao/a-journey-through-titanic,849654
/rmsrms/titanic-logistic-regression-75,849285
/kmader/pca-analysis-of-pixels,849511
/sanjayharesh/python-data-visualizations,849463
/automata/hierarchical-clustering-of-features-for-cancer,849634
/kravimohan/significant-earthquakes-eda-series-forecast,849028
/pylin1/notebookaca08d09f8,848944
/elejke/xgb-starter-in-python,1048949
/jfgobin/notebook5f244581a1,850639
/ipetukhov/notebook05043a479a,848303
/marvel308/notebook102a96e8a6,855336
/zxcvqwerasdf/notebook3de7f22597,848192
/arthurlin/a-journey-through-titanic,848181
/wanganshu/notebook3bdbaa8bc6,848265
/minazamani/notebook914a7c7f80,848095
/caoaoxiang/support-vector-machine-detail-analysis,848046
/vikibytes/notebook1a1901dc14,847996
/hersheyurshey/notebook8bd17c86fd,847806
/lisastuart/exploring-survival-on-the-titanic,863127
/aelahi/notebooke38d19acd5,847710
/tmuhlfs/moneyball,847541
/tukichen/notebook3289893667,847357
/dollyi/notebook4f184dabe9,847212
/cowking/xgb-starter-in-python,847322
/gabriel79/loading-and-processing-the-sample-images,847165
/kndiaye1/notebook4f2c1bcb39,846866
/david4221/an-interactive-data-science-tutorial,846863
/hagarwal456/loading-and-processing-the-sample-images,846858
/gpacheco/a-journey-through-titanic-97655ca6,846826
/joshuaslocum/notebook2a9cb427ae,846810
/mani7831/deep-learning-in-the-deep-blue-lb-1-279,846766
/bharathmurali/support-vector-machine-detail-analysis,846613
