/kerneler/starter-pakistan-elections-dataset-00096cc6-e,5288077
/kerneler/starter-chi-b10-tv-60-nb-ec3eacac-5,5288038
/kerneler/starter-titanic-survived-predict-11b0cc10-f,5287957
/reauvdb/yacht-data-trainees-salesprices,5288141
/kerneler/starter-chi-b-tv-60-nb-6f4c0588-d,5287786
/alexaf/learn-python-day-5,5287702
/sanaahuja/mark5826-assignment-1-b97a56,5285907
/damian1612/edsa-recruit-notebook-to-delete,5541410
/srinhc/mark5826-week-5,7517039
/jzdmwing/mark5826-assignment-1-9a9c05,5285642
/kerneler/starter-weights-iou-0-3171-5356b7f3-0,5285597
/jzdmwing/mark5826-assignment-1-eed352,5285389
/kerneler/starter-data-set-be937844-4,5285354
/kerneler/starter-quandl-bist-2d05b45b-6,5285256
/louis030195/toxic-comment,5343518
/kerneler/starter-polarity-38610d71-8,5284035
/cgoyal/chunk-lr1,5816617
/ayanmaity/asg-2-ml,5282773
/sonucr7/virat-kohli-vs-ms-dhoni,5281958
/aronysidoro/vgg16-keras-pretrained-base-case,5281450
/kerneler/starter-credit-card-data-782115e6-f,5279822
/viking714/summary-functions-and-maps-workbook,5279528
/kerneler/starter-credit-card-data-5156c12d-d,5279464
/kerneler/starter-google-landmarks-dataset-a8bbeb25-c,5279304
/viking714/indexing-selecting-assigning-2fc9b5,5279429
/kerneler/starter-mexico-inmobilary-estudy-case-e2939f59-d,5277339
/kerneler/starter-mexico-inmobilary-estudy-case-347e7c6e-4,5277289
/kerneler/starter-mexico-inmobilary-estudy-case-919e282f-a,5277249
/kerneler/starter-mexico-inmobilary-estudy-case-c68dd357-8,5277176
/kerneler/starter-test-bulldozers-raw-b2c634ec-1,5276876
/kerneler/starter-train-csv-00bd79b7-0,5276693
/kerneler/starter-tets-resnet-c068093d-d,5276107
/hientd/exercise-random-forests,5275807
/hientd/exercise-underfitting-and-overfitting,5275711
/kerneler/starter-google-stock-price-of-15-years-0ca82b31-0,5274475
/kerneler/starter-home-credit-tests-2e5dfc18-1,5273782
/krishnkant/codefest18-linguipedia-workshop,5285259
/omotoso/learn-python-challenge-day-1-exercises-61dbf4,5272681
/kerneler/starter-airlinebefore2009-0c9e5af0-3,5272288
/kerneler/starter-gridded-gdp-australia-1990-to-5ddd9f91-9,5270973
/kerneler/starter-holidays-and-ramadan-in-796a7664-2,5270885
/kerneler/starter-chi-tv-60-or-dt-0d53bdd5-0,5270716
/kerneler/starter-chi-tv-60-or-dt-4c4ec805-c,5270507
/kerneler/starter-chi-tv-60-rf-2ef24fb0-3,5270454
/kerneler/starter-chi-tv-60-nb-1130481c-3,5270425
/kerneler/starter-chi-tv-60-lr-c5b8bee2-1,5270392
/kerneler/starter-credit-card-application-7551ea08-0,5270387
/kerneler/starter-chi-tv-60-dt-f1425b73-5,5270264
/kerneler/starter-santader-2018-public-eef33458-8,5270214
/kerneler/starter-chi-tv-60-dt-2fa02589-9,5270208
/kerneler/starter-chi-tv-60-or-dt-1d2b9d9a-7,5269961
/kerneler/starter-chi-tv-60-nb-0e9c430c-7,5269944
/kerneler/starter-chi-tv-60-lr-dd78c18f-0,5269917
/kerneler/starter-chi-tv-60-rf-4057342e-c,5269879
/kerneler/starter-chi-tv-60-dt-27f2de97-f,5269856
/kerneler/starter-hdda-first-lab-c52b0d66-7,5268935
/kerneler/starter-meta-kaggle-32ccb66e-8,5268179
/offbye/move-downloaded-images-to-id-dirs,5267322
/jackyourdata/stacked-regressions-top-4-on-leaderboard,5266686
/kerneler/starter-precalculated-data-for-home-4a08cf04-a,5265982
/kerneler/starter-lag-dataset-2eb3c587-3,5265934
/kerneler/starter-iraqi-currency-1c13e3da-c,5265883
/kerneler/starter-votes-in-the-constitution-915f6cb3-1,5265554
/kerneler/starter-codes-of-delegation-names-of-e80706f4-5,5265518
/kerneler/starter-codes-of-delegation-names-of-14ebda57-6,5265509
/kerneler/starter-regional-statistics-tunisia-367cd3b6-1,5265346
/viking714/indexing-selecting-assigning,5265293
/kerneler/starter-titanic-7ea9176b-2,5265160
/yiyun99433/mark5826-assignment-1,6134672
/kerneler/starter-iraqi-currency-1a7cbf50-e,5263749
/daryalukash/exercise-data-augmentation,5361808
/kerneler/starter-hrsc2016-83072a47-3,5262958
/yonelanuba/home-credit-default-risk-draft-by-yonela,5518056
/kerneler/starter-dd7-input-files-5edc2796-8,5261032
/kerneler/starter-cats-vs-dogs-redux-transfer-c5f92c7e-3,5259570
/kerneler/starter-bank-details-fd792e37-4,5256116
/kerneler/starter-hadith-dataset-46ccf08e-9,5255951
/alexbarragan/iltacon-2018-data-analytics-bootcamp-lab-402717,5255642
/kerneler/starter-bank-details-8aafbe26-0,5255607
/aravindtls/hello-python,5255124
/kerneler/starter-qsc-quantum-sandcube-a31a7d7e-a,5254976
/kerneler/starter-dataset-b0bdbb59-a,5254387
/kerneler/starter-phrasebase-5fffeade-b,5254372
/blcksrx/method-chaining-workbook-solution,5286580
/kerneler/starter-submissions-0f83dd80-f,5252563
/kerneler/starter-chi-tv-60-nb-6bc57308-0,5251726
/kerneler/starter-chi-tv-60-or-lr-dd6a99b9-3,5251634
/kerneler/starter-child-care-and-youth-camp-2f321546-4,5251626
/kerneler/starter-chi-tv-60-dt-983511b8-0,5251597
/kerneler/starter-chi-tv-60-or-rf-d0e33480-7,5251506
/kerneler/starter-chi-tv-60-rf-fcaac417-8,5251439
/blcksrx/renaming-and-combining-workbook-solution,5282849
/kerneler/starter-precalculated-data-for-home-b7ee86e8-9,5251392
/kerneler/starter-precalculated-data-for-home-20b91ae7-e,5251027
/kerneler/starter-child-care-and-youth-camp-6ceec039-2,5251003
/kerneler/starter-chi-tv-60-lr-b80fb77a-1,5250702
/blcksrx/data-types-and-missing-data-workbook-solution,5251361
/hush7867/data-types-and-missing-data-workbook,5250573
/kerneler/starter-precalculated-data-for-home-10ee33e4-e,5249784
/kerneler/starter-precalculated-data-for-home-5f58f163-b,5249033
/kerneler/starter-stock-price-75f4a65c-f,5247961
/kerneler/starter-meta-kaggle-028be16c-a,5247455
/datacanary/test-public-script,5246007
/kerneler/starter-40-000-healthcare-job-70d47ce3-5,5245614
/manjarimisra/kerneld6a578ca2f,5248482
/kerneler/starter-intelml101-class1-79c77b25-9,5245411
/kerneler/starter-testvijaytest-d59c808f-8,5245236
/alimpolat/alim-credit-card-fraud-detection,5246012
/kerneler/starter-job-postings-on-emedcareers-b821141b-0,5244476
/viking714/partial-dependence-plots-18de5d,5243652
/kerneler/starter-masati-shipdetection-2ae9b1af-2,5243050
/madhavambati/what-s-cooking-a-basic-simple-model,5245281
/viking714/partial-dependence-plots,5242020
/ianlini/leaks-with-non-zero-log1p-mean-0-54984-0-60496,5403317
/kerneler/starter-carnegie-middle-east-e65f24d8-7,5241642
/lelexad13/fork-of-fork-of-getting-started-in-r-graphing-dat,5241442
/kerneler/starter-flight-data-09-2015-usa-c52af155-6,5241250
/kerneler/starter-ocrdataset-a1e18aa9-f,5240947
/honeysingh/beginners-guide-to-text-generation-using-lstm,7745761
/kerneler/starter-honest-c438b36e-1,5240252
/kerneler/starter-dataseta-test-20180813-rar-4e32c5ec-3,5238790
/jamesdqp/functions-and-getting-help,5238945
/kerneler/starter-mexico-inmobilary-estudy-case-600b6abe-3,5238610
/viking714/using-categorical-data-with-one-hot-encoding,5238203
/codershanks/exercise-using-select-from-where,5237397
/kerneler/starter-stroopdata-263a431a-6,5237325
/aliffy/whirlwind-tour-of-python-index,5604094
/aliffy/ia-aplicada-estruturas-de-dados,5237258
/kerneler/starter-adultdata-140aa3bb-0,5236174
/kerneler/starter-sim-interventions-51bebb7f-8,5235999
/ashishsharma1007/bike-demand-forecast-kaggle-competition,5236183
/kerneler/starter-sinwave-0c8c0762-c,5235616
/kerneler/starter-sinwave-beb0f187-e,5235575
/maorrocky/exercise-syntax-variables-and-numbers,5235623
/kerneler/starter-sinwave-14e79f3d-4,5235496
/kerneler/starter-data-tarefa1-3702e221-c,5234960
/robertogargu/titanic-using-xgboost,5234940
/pragya29/leaf-classification,5234784
/kerneler/starter-clothing-fit-dataset-for-size-477d0da8-a,5234388
/kerneler/starter-classified-data-4bd59321-a,5234175
/kerneler/starter-obd-ii-datasets-7f4654e7-0,5233780
/kerneler/starter-datasetmonografia-38283115-c,5233646
/kerneler/starter-los-angeles-registered-city-5afda889-b,5233615
/kerneler/starter-los-angeles-posted-street-bd1386df-7,5233595
/kerneler/starter-los-angeles-city-employee-48d1ab8a-3,5233508
/kerneler/starter-los-angeles-city-employee-114a6d6b-8,5233507
/kerneler/starter-los-angeles-performance-58b5ff0f-e,5233449
/kerneler/starter-la-client-payments-to-c87dd72c-9,5233415
/kerneler/starter-los-angeles-general-city-88e27d00-7,5233369
/kerneler/starter-los-angeles-multipurpose-f827a49a-f,5233325
/kerneler/starter-ladwp-water-supply-in-acre-79032e7a-2,5233284
/kerneler/starter-ladwp-power-outages-9ab6de9f-9,5233266
/kerneler/starter-ladot-traffic-counts-summary-6307ca65-1,5233205
/kerneler/starter-la-city-department-and-program-2fdb7af8-8,5233167
/kerneler/starter-obd-ii-ds3-deab8390-9,5233102
/kerneler/starter-sdsdsdsdsdsdsd-gt-f247edc4-9,5233064
/kerneler/starter-hcla-large-public-housing-6c41f302-b,5232964
/kerneler/starter-los-angeles-gross-receipts-by-bc93269d-5,5232907
/kerneler/starter-los-angeles-general-fund-a5bf8ae2-8,5232208
/kerneler/starter-la-general-city-budget-64ab7043-a,5232172
/kerneler/starter-la-department-of-water-power-f930c4f6-0,5232145
/kerneler/starter-la-cultural-centers-theatres-76fc556b-d,5232140
/kerneler/starter-voice-features-bc2ffa97-5,5232129
/kerneler/starter-la-cultural-centers-theatres-05146879-3,5232111
/kerneler/starter-the-cancer-genome-atlas-tcga-eac21a96-1,5231855
/kerneler/starter-crypto-analysis-utils-bfe9e7ba-b,5231824
/kerneler/starter-analysisutils-e2e4d100-4,5231547
/kerneler/starter-statistics-about-tunis-c124d645-1,5231415
/igorslima/vgg16comdataaugmentation,5236070
/kerneler/starter-los-angeles-festival-guide-797022a5-5,5231303
/kerneler/starter-los-angeles-animal-services-69ab1729-5,5231259
/kerneler/starter-los-angeles-311-call-center-960dee34-0,5231245
/kerneler/starter-los-angeles-census-data-371ede3c-b,5231217
/kerneler/starter-los-angeles-zoning-reference-f18c330c-f,5231199
/kerneler/starter-los-angeles-water-capture-by-ce8f046e-8,5231172
/kerneler/starter-los-angeles-vehicle-56e19299-2,5231147
/kerneler/starter-los-angeles-traffic-collision-3f23c9e4-d,5231124
/kerneler/starter-city-of-los-angeles-street-eae113aa-4,5231083
/kerneler/starter-los-angeles-police-department-cc43b82d-c,5231025
/kerneler/starter-la-community-wide-greenhouse-1c3980c0-6,5230988
/kerneler/starter-los-angeles-clients-of-5c2825fc-2,5230967
/kerneler/starter-los-angeles-building-and-f463c752-3,5230924
/kerneler/starter-la-building-and-safety-1de69075-1,5230828
/kerneler/starter-la-building-and-safety-code-4e4ba950-b,5230791
/kerneler/starter-pascalvoc-f9e2b2b2-6,5230780
/kerneler/starter-la-building-and-safety-a4160b03-8,5230654
/kerneler/starter-los-angeles-crime-arrest-13877db4-1,5230608
/kerneler/starter-cryptocurrency-market-dynamics-04cf258e-7,5230485
/kerneler/starter-cryptocurrency-market-dynamics-af13df5d-2,5230328
/kerneler/starter-crypto-market-dynamics-bb8be0d8-5,5230076
/kerneler/starter-organic-chemistry-reactions-ecc6aec2-e,5229441
/victorrv/revis-o-estruturas-de-dados-exercicios,5236666
/ernestoeperez88/reproducible-research-best-practices-jupyt-c66d92,5228185
/kerneler/starter-visda-coco-train-txt-d8ad7891-a,5227365
/kerneler/starter-visda-2018-test-d0ebd736-f,5227354
/kerneler/starter-visda-coco-validation-ab03fbc0-e,5227345
/kerneler/starter-visda-2018-train-txt-1438820c-f,5227131
/kerneler/starter-meta-kaggle-d824090c-5,5226965
/kerneler/starter-bureau-of-economic-analysis-ef0960f3-e,5226932
/kerneler/starter-food-environment-atlas-data-504b577a-0,5226930
