/winduprasetya/firstscript,436629
/richarlee/notebookd23ffc9fd9,436623
/ushabhanse/notebook6894d81230,436619
/chankalok/importance-of-features-in-dating,436610
/richarlee/notebook8f2e8542d0,436587
/opanchenko/notebook4d8f66c257,436528
/submagr/notebook3c09ae24b0,436522
/donyoe/plotting-natural-rate-of-unemployment,436514
/skblaz/bike-trip-visualization,436558
/legend4917/video-games-analysis-6293500a,436487
/siyhust/a-journey-through-titanic,436486
/siyhust/exploring-survival-on-the-titanic,436485
/vancky/notebookdbb0f1eea0,436484
/pranavcoder/randomforestregressor,436483
/pranavcoder/catdognet-keras-convnet-starter,436480
/lironr/notebookcff33579b2,436474
/chistyakovyo/simple-eda-feature-transformations,436468
/revatijoshi/notebook057993de1b,436458
/nkotlyarov/notebook0cef3ba5e2,436454
/arthurherbout/notebookc5b89eeca5,436451
/pankajvshrma/unveiling-page-views-csv-with-pyspark,436448
/shse77/feature-extractor-matlab2python-translated,436447
/irinaebert/a-journey-through-titanic,436442
/oulinyang/notebookff0a2612d9,436414
/pg01k04/eda-uci-credit-card,436411
/tchagrie/notebook0bd3695218,436406
/feliper2/santandertests,436404
/fpolimen/video-games-analysis,436397
/fpolimen/tensorflow-hunting,436386
/bychok300/video-games-analysis-2f56d823,436384
/arthurherbout/notebooka653036c6d,436383
/peiying15/santader,436359
/dylndub/shopfloor-visualization-2-0,436337
/bychok300/video-games-analysis,436332
/nikitaefoshkin/a-journey-through-titanic,436319
/kevindiaz/seizure-boost-0-6-lb,436287
/ammarebrahem/notebook64738f9e9a,436277
/vfdev5/data-tests,436273
/giannigianni/notebookc99c86dd19,436240
/ravi0029/script-westnil,436220
/sunnyin/notebook1c58ef6977,436213
/pranavcoder/data-visualization-with-r,436201
/giladamar/just-an-easy-solution,436197
/pcminers/notebookeaee7d3579,436186
/pcminers/exploring-survival-on-the-titanic,436183
/madraziw/test-1,436175
/yinxingxue/unveiling-page-views-csv-with-pyspark,436173
/williw/forest-cover-dataset-exploration,436161
/sunlchk/detailed-cleaning-visualization-python,436131
/gayatrir/starter-kernel-above-95-accuracy,436115
/zhiyue/bag-of-apps-keras-11-08-16,436113
/vineetkothari/top-minerals-by-quantity,436095
/charithz997/cycle-usage,436093
/charithz997/notebookcebf17ff15,436090
/shinson/notebook6e7cfc690f,436086
/zhiyue/detailed-cleaning-visualization,436088
/zhiyue/starter-kernel-above-95-accuracy,436079
/zhiyue/stock-prediction-with-nlp-and-xgboost,436076
/zhiyue/t-sne-visualization-v2,436070
/tomfgato/create-dataset-with-tensorflow,436064
/joelprince25/notebook34498359a1,436060
/zhiyue/mapping-isobdt-to-track-chi2d,436058
/rp7275/notebook0e7908de61,436046
/yamashiro/notebook8184cfba28,436042
/tomfgato/notebook5e831044e4,436040
/odefrv/movie-data-visualization,436032
/aceb1shmael/notebookf2b60759c7,436029
/atyagi/notebook8aa2bed9bc,436025
/garnetreds7/notebook140137f62a,436002
/spattigilli/notebookefbfaf13ff,436001
/icanfly/a-journey-through-titanic,435989
/timho0110/notebookb58fb66af6,435983
/drnickmartin/space-hex,435982
/shisanu/notebook6cbeb6e7f5,435945
/garnetreds7/nn-digit,437316
/fionaimage/notebook3a7e5fec6d,435922
/marvaniamehul/notebookdc04e33c58,435918
/wilmelhee/xgboost-starter,435912
/wenabcd/exploratory-tutorial-titanic-disaster-33c52ad8,435909
/adhikadhanes/detailed-cleaning-visualization-python,435886
/mohammadi7/independent-political-ad-spending-2004-2016,435885
/toferc/notebookc5d7816b05,435883
/sfymachinlearning/regularized-linear-models,435881
/jiayiyang/notebook54b91805a4,435873
/wenjin/notebook7d12f76720,435865
/yuhanluo/notebook726087bc85,435861
/yuhanluo/notebook87b491961f,435843
/fabiohsmachado/notebookd84f8c4a6e,435826
/mohammadi7/regularized-linear-models,435810
/mchirico/test-read,435791
/wcukierski/notebookdd217cb11c,435781
/spiracular/moviedb-work,435771
/spiracular/notebooke71007bcca,1821043
/guqiao/notebook426a0a1c7a,435762
/spwallace/notebook41fee74642,435759
/veereshgb/detailed-cleaning-visualization-python,435752
/lsoler/detailed-cleaning-visualization-python,435751
/lsoler/demopython,435745
/thomascrough/notebookc0e65435be,435742
/dorkette/tensorflow-deep-nn,435737
/veereshgb/a-journey-through-titanic,435725
/dustinmonroe/notebooka09d3a7334,435699
/eduhau/notebook595a5e7ccd,435695
/rafascar/of-monsters-and-men,435698
/rafascar/notebook4041e26565,435693
/nigelcarpenter/newscr,436210
/saranyamano/notebookcd4dff74ef,435676
/veeraperumal/image-augmentation-with-keras-and-output-into-csv,435669
/mingda/lasso-model-for-regression-problem,435668
/contradirony/notebook7ebe724ca9,435667
/sotnyk/video-games-analysis,435662
/pratikshah17/regularized-linear-models-773f94f5,435661
/waltersmac/random-forests-predicting-forest-coverage,435659
/terenteh/notebook88369c6878,435654
/bnasuti/notebook40a0f6716a,435647
/fredrikmeyer/starcraft-ii-replay-analysis,435645
/cheunjm/notebookd58bd1df0c,435635
/kalamar92/video-games-analysis-70355fb6,435631
/tarunagarwal/detailed-cleaning-visualization-python,435624
/bluebite/notebook25c392eba2,435621
/j2letters/notebook7d261a97d1,435620
/kevinli96/notebook0b3bb6fa45,435615
/kevinli96/python-data-visualizations,435608
/klandry/notebook6699c4128b,435601
/ofcourse/notebook19d1fa25d1,435577
/dvillero/notebook7c6bd71347,436997
/ryaglad/regularized-linear-models,435547
/sternlicht/notebookc234631170,435542
/jrcmalunay/notebook8e856d0bac,435534
/nick0705/notebooka318f3b97e,435531
/ryaglad/911-calls-visualization,435530
/shadboots/notebookf01e78c68f,435521
/bluebite/notebook982b0126dc,435496
/walkerkehoe/simple-noun-phrase-wordcloud,435489
/laffeyp/notebook2612f66187,435476
/shankarkool/video-games-analysis,435472
/johnploss/notebooke80705d76b,435467
/tsabtahi/checkpoint,435532
/yoshscl/view-data,435420
/qfettes/qfettes1,435401
/alekseyklementiev/notebookd07d306bc3,435363
/aconsapart/notebook6e5c4bdf28,435334
/djsaunde/notebook86ab5a2ae8,435327
/chuijh/notebook55ecc15b9b,435326
/chanishagarwal/python-data-visualizations-e07a7e55,435315
/anguszhang/notebookf07ee0b825,435304
/vbaker45/visualization,435286
/wacholderbeere/python-xgboost-starter-0-209-public-mcc,435285
/bogdanbmdg/trial-1-py,435272
/cyndis/exploratory-tutorial-titanic-78de157a,435265
/hiengoese/analysis-of-debt-collection-complaints,435259
/jphalip/notebook9d15b5a3b3,435258
/ggn1988/detailed-cleaning-visualization,435248
/erykwalczak/notebooka8a698f474,435211
/miltonlui0213/abdas,435210
/qizhou1888/notebookacffba492e,435188
/marissah/notebookfa57cd8ad8,435178
/chuijh/notebook5e0a56c2f3,435172
/smat2016/python-data-visualizations,435166
/coraine/notebook663401b9a2,435160
/pwsapwsa/notebookdc46b6c2ff,435149
/miltonlui0213/data-explore,435143
/andyklwu/notebook2c8e39e588,435140
/teemuk/simple-svm-sentiment-classifier,435135
/xiaoa6435/lb-0-987-group-1-and-date-trick,435131
/teemuk/notebookda24a115f3,435128
/pminder/notebookde09111335,435123
/mspakuru/notebook762907877b,435121
/clovis/notebook80eb244b49,435120
/sara14/world-bank-youth-unemployment-rates,435106
/miltonlui0213/checing,435109
/bachiev/notebookfb55a65473,435070
/taipan/0-98-xgboost-on-sparse-matrix,435056
/lagzda/titanic-disaster,435048
/sara14/students-habits-and-grades-prediction,435047
/cravatedexter/python-data-visualizations,435043
/garfieldliang/notebook5b3440648b,435034
/ohmygod/video-games-analysis,435031
/sketch92/notebook9f96f05a91,435005
/chechir/detailed-cleaning-visualization-python,434996
/pyxide/geolocation-visualisations,434987
/gshankarbade/meme-analysis,434977
/austinpoulton/a-journey-through-titanic,434973
/sayalidzambre/notebooke0c7e09697,434970
/sketch92/test-hglee-20161108,435113
/mvgkbhat/trainmnist,434953
/kagglewizard/compute,434933
/youssefer/kaggle-house-prices,434975
/navaneeth51089/notebookfaf92923ac,434916
/rosarr/notebook7ddb6086d1,434909
/kentokobayashi/notebookd7c51cf530,434907
/sunnyreddie/notebook12881f863b,434880
/gshankarbade/video-games-analysis,434873
/kanyakanasu/ipl-data,434869
/wisker/notebooka52d99e677,434863
/ubikon/notebook07815d7875,434855
/epattaro/notebookd11eae9b11,434843
/sagariitb/regularized-linear-models,434839
/gujiani/the-mystery-of-outbrain-ads,434838
/sketch92/test-hglee,434836
