/dalichow/exploring-products,452984
/adithya9119/notebook27b32496bc,452980
/kimjihyun/map-of-temperatures-and-analysis-of-global-warming,452966
/vabatista/finding-boatids-cef65a0b,452961
/ccamino/fork-of-classification-with-boosted-tree,452957
/icecube314/keras-neural-network,452998
/firhatnawfanhilmanda/identification,453173
/boussad/detailed-cleaning-visualization-python,452910
/rollingstone99/notebookd45a929da5,452905
/merdner/eurofutbol,452908
/burtoncs/euro-soccer-league,452886
/pauleanderson/the-fans-stay-loyal-the-players-move-on,452868
/mdavis29/catdognet-keras-convnet-starter,452847
/manojsukhavasi/bias-correction-xgboost,452845
/manojsukhavasi/stacking-starter,452844
/mrisdal/notebook368ee9db53,452840
/leventpeker/sf-crime-exploration,452833
/sudheer464/prediction-3-1-assume-male-1st-class-survived,452830
/markdavey/predicting-survival-on-the-titanic,453659
/aparajitac/notebook462e449d3f,452804
/vesraju/notebook941b956921,452800
/thefallentree/tensorflow-deep-nn,452799
/youptimmer/the-most-predictable-league,452787
/dumashwang/notebookfce819c821,452783
/ccamino/notebookb960d4fe8f,452754
/youptimmer/visualization-and-analysis,452753
/onnheimm/finding-boatids,452752
/slaborde/neural-networks,452749
/manojsukhavasi/simple-eda-feature-transformations,452717
/diegomagalhaesm/exploring-survival-on-the-titanic,452713
/soumendrak/analysing-ipl-data,452695
/flying123/notebook94a7608c5c,452691
/antgoldbloom/notebook31fe3176f9,452661
/thamngapwei/notebook11b30d0dec,452642
/higoreduardo/simple-exploration-notebook-nda-compliant,452635
/ldvdl2/some-statistics-and-how-much-rollton-i-can-buy,452632
/pietroturati/notebook218c971cf5,452625
/sujans/bayesian-logistic-regression-with-rstanarm,452620
/bhavnarana/notebook95b11a76f8,452591
/nickrobinson/notebookf6ff638e42,452590
/cogsys/notebook94d7c0361a,452587
/gustavoalr/python-data-visualizations,452584
/alexxanderlarko/zft-1711v,452577
/nickrobinson/notebook51edab4d53,452574
/koeldc/explore-enron,452565
/aforest/fork-of-titanic-practice,452564
/vabatista/finding-boatids,452561
/firsttracks/python-for-padawans,452558
/nebooch/a-journey-through-titanic,452554
/mustafabalayl/a-journey-through-titanic,452547
/malygin/exploratory-tutorial-titanic,452544
/scooterbooyz/notebookd0cfd54f97,452542
/zxs123/notebook9114839742,452528
/thoughtnerve/notebooke0082d8edc,648126
/linan142857/notebookcadb11e34f,452499
/liuyingqi/detailed-cleaning-visualization-python,452475
/ariannabe/notebookb48203b4a8,452474
/epattaro/notebookfd5c3ac333,452468
/joshiankit/notebook418e574ce2,452460
/scollins/intro-to-ann-vis-a-vis-homer-s-language-patterns,452436
/mjrana/mobile-phone-activity-exploratory-analysis,452422
/catalanadelmon/a-journey-through-titanic-2e208f7d,452402
/titericz/zft-1711,452617
/sushantbharti/survived,452372
/dzolzer/historical-trend-of-attacks-in-western-europe,452349
/kalpuk/notebook00cee8518a,452323
/architdxb/allstate-script,456864
/sushantbharti/a-pd-read-csv-input-train-csv-csv,452256
/jren1521/a-study-on-regression-applied-to-the-ames-dataset,452221
/fokasaw/notebook3ac7c86a70,452216
/jayana/detailed-cleaning-visualization-python,452211
/raphkas/housepric,452489
/ug2409/titanic,452193
/raphkas/houseprice,452197
/arsalanjaved/notebook93b5d6d525,452180
/roughwin/a-journey-through-titanic-c35aacd7,452174
/temkahap/allstate-feature-analysis-python,452145
/xywen1981/notebook34ab555ab7,452136
/mohanbabu/uber-exploratory-analysis-and-visualizations,452134
/dolik87/mnist-tutorial,452132
/dempton/comparison-between-classifiers,452128
/shangshu/stantaderpro,452122
/nurulh0291/a-journey-through-titanic,452119
/hrsfn9/script1,452130
/saurabhkumar04/regularized-linear-models,452100
/scp173/notebook9d3fb613b1,452098
/ashril/imdb-movie-dataset-exploration,452091
/jrgnaa/notebook0f1f365526,452088
/yaasnadua/python-data-visualizations,452080
/pierrejarrier/notebookc38b93dac1,452075
/shakti1994/fork-of-notebook3ec0e9daa5,452064
/hrsfn9/normal-distribution-ggg,452048
/pierluca/regularized-linear-models,452047
/harshaltadake/who-s-on-top,452045
/infusion/notebook49e62131a1,452044
/antonmalyshev/a-journey-through-titanic,452041
/morlov/housing-prices-competition,452031
/charvi5/notebookb512df558d,452029
/aeflodmark/xgboost-ridge-lasso,452019
/younasm/notebook8251070720,452014
/stellak/test-stella,454077
/dajwkndwanjkawnak/test1,452005
/mlouarra/just-another-visualisation,451952
/chloe98/notebook5cef226755,451951
/lecanyu/a-journey-through-titanic-d46471dc,451949
/pavlosm/notebook6724989939,451948
/skibaai/10-classifier-showdown-in-scikit-learn,451943
/ming5536/uber-exploratory-analysis-and-visualizations,451939
/saeedansary/ctree-accuracy,451947
/melaanya/fejfdddd,451905
/malakag/mmmmk,451901
/weitingzhang/test1,1326752
/weitingzhang/notebook0ce16d2be0,451896
/anubhutim1/titanic-practice-code,451883
/mstath1s/a-journey-through-titanic,451876
/litongqi/bayesian-logistic-regression-with-rstanarm,451870
/asdfzxc/notebook9204815988,451864
/milian/a-journey-through-titanic,451845
/nairvine/random-forest-benchmark,451844
/klaimans/notebook9989d0962b,451841
/akshaycap/outbrain-eda-1682ccb3,451839
/seven5/notebookfb1f13d81b,451837
/seven5/jackk,451820
/seven5/notebooka5bdff88cd,451798
/khakisalad/notebook889892fac1,451787
/f22raptor/historical-trend-of-attacks-in-western-europe,451740
/guisimon/notebook569c8a06f2,451738
/fanshaohua/geolocation-visualisations,451727
/shailjathakur/fork-of-deep-learning-in-the-deep-blue-lb-1-279,451726
/alan215m/notebook0246cfd366,451725
/johnsondata/exploring-features,451720
/remilia/notebookf2a0e4f475,451714
/kjitender/decision-tree-test1,451716
/fagumus/notebookf5b2c2db22,451704
/prashantjoshi/exploratory-study-on-ml-algorithms,451702
/mukulvirmani/mass-hashes,451691
/analyticsguru/explore-user-base-by-geo,451689
/cl2ev1/lasso-model-for-regression-problem-b7a5e65a,451675
/oortsaurus/notebook04e91e2784,451667
/pierrekhouryb/deep-learning-in-the-deep-blue-lb-1-279,451661
/hypsous27/notebook23b52044ae,451659
/tedkim/tensorflow-deep-nn,451645
/sambid9988/notebook170ec317a6,451640
/madraziw/notebook8641f07b23,451630
/vishwanathkulkarni/python-data-visualizations,451628
/madraziw/notebook6c1f5ce37c,451627
/nourmajennie/uber-exploratory-analysis-and-visualizations,451610
/ppeilei/notebookf24fe5c630,451609
/toster/simple-association-rules-lb-0-02146,451606
/adhikadhanes/xgboost-example-python,451605
/sieurdulhut/notebook7230bc1166,451588
/hiivan/python-data-visualizations,451570
/advdbms/sentiment-analysis-with-vader-37f69e1c,451569
/sieurdulhut/notebook4beab25e5d,451549
/nileshagarwal/a-journey-through-titanic,451529
/alexxanderlarko/zft-1711,451535
/vaserdak/notebook534dbe5a3f,451511
/denisfitz57/bayesian-logistic-regression-with-rstanarm,451497
/hahaha998/notebookd8de9bbc05,451496
/prembigdata/notebookbd9ffe7b69,451493
/akshaycap/outbrain-eda,451486
/greybeardgeek/finding-boatids,451483
/brianpickrell/notebookc10a38f5d5,451478
/tyasnk/ghosts-n-goblins-n-neural-networks-lb-0-74858,451475
/alabsinatheer/notebook1995ce7798,451473
/latencio/reduce-size-of-dataset-to-1-gb,451437
/nikhilp/a-journey-through-titanic,451415
/hal9001/analysing-ipl-data,451414
/limath/testtest,451413
/mhsn06/test-karnel,451412
/dvllovesdogs/notebookacf41c8722,451406
/yinhe10/notebooke067e2c8fb,451402
/oneuno/exploratory-study-on-ml-algorithms,451399
/benhzn07/a-journey-through-titanic,451388
/masamasa/notebooka89dede2db,451385
/sd4174263/notebookc734e46548,451376
/yiyuchen/notebookc10e431d26,451366
/stevenyechina/detailed-cleaning-visualization-python,451363
/edmondzhang/a-study-on-regression-applied-to-the-ames-dataset,451359
/leozhuo/create-dataset-with-tensorflow,451355
/madraziw/notebook7681fbe0b0,451350
/madraziw/222333,451348
/madraziw/123444,451346
/hansity/notebook4558d5a60c,451343
/shamszaman99/a-journey-through-titanic,451342
/ming5536/a-journey-through-titanic-dcfe8718,451325
/vtiwari/basic-visulisation-of-ipl-datatset,451321
/maulberto3/a-journey-through-titanic,451319
/baosonia/notebookc5df87fc92,451315
/thoughtnerve/notebookf568aca38a,451310
/karengreen/talking-data,451304
/leiyan/a-study-on-regression-applied-to-the-ames-dataset,451285
/jgabry/bayesian-logistic-regression-with-rstanarm,451279
/mehtaa/notebook4f7cbd2c38,451241
/vtiwari/python-data-visualizations,451238
/rishisankineni/notebook747b6096e1,451228
/libaishun/notebook3b966b3c77,451218
/algoai/finding-boatids,451216
/oksuresh/bayesian-logistic-regression-with-rstanarm,451214
/xuyaocareer/encoding-feature-comb-modkzs-1108-72665,451293
