/nirak93/notebook51cb0245ed,956529
/plarmuseau/notebookecfe5914ff,956471
/rakeshchalasani/airline-sentiment-part-2-17dbdc,956467
/assasgenius2/fork-of-fork-of-linear-models-lasso-xgb,956463
/mwpeters/exploration,956421
/hunterd/notebookf7c8157a01,956403
/lchena/breast-cancer-prediction-using-svm-98-5,956387
/hunterd/two-sigma,956383
/benhamner/notebook6cf84ac0d8,956366
/terry10/notebookd33c640d39,956357
/beccacarey/examining-the-cdc-zika-data,956356
/bitspls/notebook53c3ecdda4,956329
/tiamaria/deep-learning-in-the-deep-blue-lb-1-279-594941,956287
/thatmikechang/hello-world2-0,956238
/deepakagrawal/first-pass-through-data-w-3d-convnet,956146
/martijnde/starter-explore-youtube8m-sample-data-12f5f9,956140
/houseboy/how-can-we-predict-the-sentiment-by-tweets,956087
/jcacnt/communication-styles-vs-ranks,956488
/yifanma/notebook58804bb058,956081
/zocean/python-data-visualizations,956075
/plarmuseau/fork-of-a-svd-take-on-the-leaf-s-fc8e55,956060
/minosdz/breast-cancer-prediction-using-svm-98-5,956019
/supratik/homicide-data-identifying-the-serial-killers,956122
/kbanala/notebooke36490d640,955987
/zetoto/notebookc54e0d3e75,955870
/assasgenius2/fork-of-3-linear-models-lasso-ridge-xgb-8b3c4c,955836
/benhamner/notebook9a7c147cd1,956371
/sreevasthavsv/notebookd57f73c5ae,955753
/sreevasthavsv/notebook903a2bb40c,955726
/r12345678910/breast-cancer-prediction-using-svm-98-5,955714
/alexrom/notebookfcaf77493b,955677
/steamrolla/notebookb7ee114dfb,955643
/zongweimayo/candidate-generation-and-luna16-preprocessing,955609
/sudhamadhavi/animal-migration-analysis,955545
/marsam/starter-explore-youtube8m-sample-data-ce8d78,955483
/blackwong/notebook6b03af0d92,955479
/turkoh/simple-exploration-notebook-2-connect,955405
/marmarko/a-journey-through-titanic,955367
/zsrahmati/test-on-dm1,955467
/mborkar/notebook8ce2796a76,955342
/kittinook/notebook1d6bf937e4,955341
/pulkit8595/notebook4202f8bcb6,955335
/khanhnd/notebookb048f8ca10,955328
/blackwong/irrational-shot-selection,955309
/pulkit8595/notebook68047daf4a,955306
/blackwong/shooting-percent-over-time,955304
/anirudh796/pikachu-vs-bulbasaur-matchup,955289
/soutrik/100-accuracy-with-log-transformed-data,955260
/marsam/starter-explore-youtube8m-sample-data,955253
/manisbea/predicting-house-prices,955231
/manisbea/fork-of-manisbea-v2-608c5a,955109
/eron01/notebook86b15102a7,955090
/yuntai/starter-explore-youtube8m-sample-data-f8a0b1,955048
/tarasua/better-predictions-stacking-with-votingclassifier,955034
/maryamak/notebookdce324645b,954886
/manisbea/fork-of-manisbea-v2,954879
/tjamescf28/a-journey-through-titanic-cf101a,954862
/internetbird/test-notebook-1,954822
/sanhivi/crime-submission,954798
/betultmr/notebookddf2a3d082,954781
/sanhivi/submission-crime,954773
/asubramo/notebook07d37d4e1b,954703
/hanishan/notebookedd14af7ab,954698
/internetbird/test-notebook,954690
/ninetwo/a-journey-through-titanic-e51832,954687
/saivamsii/notebook8b2142d9bc,954657
/barlesh/pca-and-regression-0db611,954653
/tbskmmm/starter-explore-youtube8m-sample-data,954615
/mliedt/firsttest,954466
/x09072993/exploring-chicago-crimes-2012-2016,954460
/x09072993/nfl-team-analysis-and-plots,954328
/cosmoz/a-journey-through-titanic,954303
/sonnguyenkstn0707/notebooka350c32371,954291
/hyusuk/notebook3c1047bbc1,954264
/thommas2316/notebookfe3be8c4b7,954256
/cosmoz/notebookd2e338ce4e,954239
/mychen0409/the-us-muslim-ban-and-the-cpi,954127
/guptha/comprehensive-data-exploration-with-python,954110
/shivam9654/first-pass-through-data-w-3d-convnet,954085
/guoxuyang/the-perfect-score-script-d902ae,954060
/macc4013/a-journey-through-titanic,954021
/cosmoz/notebook5bce62a7bd,953979
/medved9112/fork-of-tennis-exploration-atpboost,953868
/yuntai/starter-explore-youtube8m-sample-data-ca90a9,953823
/greyamber/titanic-best-working-classifier,953793
/babass/notebookc68b475376,953740
/sgaied/regularized-linear-models,953695
/theoriginalsoni/trial,953542
/theoriginalsoni/notebook6704d69111,953536
/tdiliii/regularized-linear-models,953476
/carlaml/sklearn-test,954430
/bitterbecca/2010-gini-index,953408
/anandmsdian/football-analysis,953355
/ltcheang/notebook0e3c3d71e7,953342
/anandmsdian/movie,953313
/lilyhuang/notebookc57c7d50c7,953287
/yanjing/an-test-on-the-titanic-example-with-nn,953262
/chenyangaibama/notebookf9638c12c2,953235
/mchirico/notebookdcac65879d,953226
/imwwei/fishy-keras-lb-1-25267,953204
/ujsyehao/notebook70e89e710a,953199
/cmazivanhanga/forest-cover-type-prediction-a17c10,953187
/songwhu/notebookd34ff79692,953182
/eagles2f/first-pass-through-data-w-3d-convnet-295a61,953173
/srikiran/notebook95d06131a1,953158
/eagles2f/full-preprocessing-tutorial-164ab0,953149
/cmazivanhanga/forest-cover-type-prediction-c223e0,953092
/songwhu/interactive-intro-to-dimensionality-reduction,953088
/fcivardi/full-preprocessing-tutorial-ce8493,953081
/cmazivanhanga/forest-cover-type-prediction-9cfbc6,953070
/cmazivanhanga/forest-cover-type-prediction,953060
/haska1/notebookb3a8620c46,953036
/natnael/notebooka4c56157e1,953031
/natnael/notebookca1b244cae,953022
/arnaudreymond90/notebook47308b08e4,953012
/cmazivanhanga/notebook47b18924a1,952997
/bensmith1/notebook6cff2b1704,952996
/bluebook/filling-up-missing-values,952861
/larkin/a-linear-model-on-apps-and-labels,952800
/wangzhenxjh/notebook8b3a2dbc7d,952775
/yuyang339/notebook042e66015a,952736
/ashish21/first-pass-through-data-w-3d-convnet-93581a,952715
/utpalkant/notebookd3bff2edd4,952689
/dennis4birl/notebook3db00de451,952669
/jamespyne/deep-learning-in-the-deep-blue-lb-1-279,952627
/wangzhenxjh/a-journey-through-titanic,952584
/akerlyn/prediction-with-random-forest,952602
/wangzhenxjh/notebook7bec8927d4,952506
/deepanway/exploratory-study-on-ml-algorithms,952493
/deepanway/full-preprocessing-tutorial,952464
/bensmith1/how-many-trees,952461
/juanponce/exploratory-study-of-ml-algorithms,952448
/dingyang/introduction-to-ensembling-stacking-in-python,952435
/juanponce/notebook510c378f89,952426
/captainrogers/notebook1f510f1ef6,952402
/northmattrobert/notebook24556c1240,952338
/wanwannodao/notebook88767cf0e8,952337
/azalarab/tree-types-predictig,952381
/wulala505/notebookd826544d2b,952311
/jackiezhao/jackiezhao-titanic,952349
/bahjama/notebook6f9b881b6e,952283
/ridima09/openafipe,952277
/zhennanhuang/lasso-model-for-regression-problem,952260
/tovarischsukhov/notebook7d6fa51b20,952220
/rajat404/notebooka439b06644,952240
/jpollard/exploratory-study-on-feature-selection,952205
/aaronj/notebook53c1446e00,952200
/dulex123/waterway-0-095-lb,952190
/antagomir/exploring-survival-on-the-titanic,952201
/juanponce/notebook85dd109623,952185
/miladalshomary/notebookb17531e643,952183
/bensmith1/notebooke79fa0416c,952129
/bensmith1/notebook1d4957eae5,952120
/bensmith1/notebook4ce9696359,952095
/alfredlu/notebook79224e1062,952046
/yuvalana/pca-and-regression-a7b20e,952006
/kazila/notebook3367abaeee,951979
/sagar35/house-prices-eda,951959
/debanjanbanerjee/house-sale-price-explore,951952
/sagar35/regularized-linear-models,951942
/hectorhua/notebook2427eb72c8,951937
/waveletbob1993/chapter-1-the-philosophy-of-bayesian-inference,951920
/sagar35/a-study-on-regression-applied-to-the-ames-dataset,951916
/salehsaeed/exploring-chicago-crimes-2012-2016,951895
/danieleewww/candidate-generation-and-luna16-preprocessi-e41e66,951887
/varun2145/notebook0b90e7965c,951852
/ilyes23/full-preprocessing-tutorial,951838
/rajat404/test-notebook,951818
/onilster/notebook6b3726d3e3,951781
/playwithdata/notebook124a68287a,951735
/sasa123/everything-you-wanna-know,951730
/chanmul/3d-convolutional-neural-network-w-o-programming,951714
/sasa123/classification-of-student-marks,951701
/sasa123/explore-enron,951689
/shivam920302/notebookc85a3edef0,951665
/hiteshsom/notebook678c4fe4e1,951591
/yugandhara/eda-uci-credit-card,951590
/jonecherry/glass-type-classification-with-machine-learning,951585
/hmnshu/full-preprocessing-tutorial,951569
/pankajvshrma/squeezed-this-in-successful-kernel-run,951566
/anupkumargupta/a-journey-through-titanic,951526
/ryutek/waterway-0-095-lb,951497
/poonampt/iris-data,951670
/juliaf/notebooke9f7074107,951471
/snowyunee/notebookb9470f9989,951468
/andychen1204/starter-explore-youtube8m-sample-data,951462
/machazthegamer/regularized-linear-models,951455
/yananwu/time-travel-eda,951454
/snowyunee/notebook14176fb9df,951449
/mohit20091045/introduction-to-ensembling-stacking-in-python,951439
/immorlee/notebook0b59a0337a,951412
/lujing/xgb-starter-in-python2,951397
/jinjun/getting-started-with-biopython,951304
/elbaro/notebook4515780351,951292
/larkin22/notebook283556c308,951287
/subhammahan/notebook5d6e09c504,951275
/xmj9999/notebook7db1b22c5d,951269
/sunshinearong/glass-type-classification-with-machine-lear-d333d0,951232
/snowyunee/notebook6048cc14ff,978397
/kishoreb4/kishore-digit-recog,951225
