/wongstein/notebookea212a0d25,394767
/superwell/notebook1ea1dea943,393087
/anandkannan/notebooka0a466457c,393077
/geraldcampos/notebookaec691d73e,393050
/zerostack/notebook099fcb7562,393037
/jinshi/notebookdf1e9223bf,393034
/franklinma/psychology-of-a-professional-athlete,396563
/mgmalheiros/2008-golden-year-for-consoles-test,393009
/shunonoda/notebook9179c6f104,393008
/ksteller/notebooke18b55e322,393007
/arun9083/notebook26a1f5ab6b,392987
/jinchieh/a-journey-through-titanic,393119
/americandesi/notebookdedf6d491b,392963
/minggli2015/notebook9c3f4331ae,392962
/aliu0x/notebookceb835579f,392955
/gidutz/notebook733f343e42,392939
/minggli2015/tensorflow-deep-nn,392929
/parimalak/notebook5a60cb9a4c,392945
/gidutz/notebookf94d6c6403,392895
/gou502/911-calls-visualization,392892
/ankit2grover/a-journey-through-titanic,392974
/karthik5/notebookb02d6ec020,392868
/sainid77/exploratory-analysis-and-predictions,392857
/jeromem/notebookb86907fa2f,392837
/nemanja1024/notebookd10f8e3dfe,392829
/jross2/notebook61120e15f5,392810
/lucienderubempre/notebook7332bde6cc,392809
/seichis/notebookd77949c496,392795
/cuscruff/notebook23ff44a8e2,392788
/jross2/python-data-analysis,392786
/shubhankar1/a-journey-through-titanic,392783
/sanymathew/notebook8b3f2181e2,392777
/zcpanucla/notebook7f2902821f,392772
/nagendrayadav/notebook873bfe8c5b,392746
/mhenys/philly-data-crime-walk-through,392790
/aaboyles/just-an-easy-solution,392850
/pyxide/notebook6323454f7c,392714
/laurynovich/notebookd35979a9e1,392712
/benhamner/notebook500cccded9,392711
/sweethacker/notebookbf7bcd3188,392705
/langpartjx/notebookd860dac6b2,392703
/kimpronk/notebook5b7a1ed87c,392689
/varadha/exploring-products,392674
/mehul1810/notebook88793913f3,392670
/corrieaar/notebookdcf4c933a2,392660
/sethp1/tensorflow-on-iris,392657
/kimpronk/notebookbbb9e95d68,392653
/westleydang/notebook3845b3c801,392638
/yasha02/notebookeb4eb0ac62,392636
/rushabh25/notebookbc6f860e1d,392624
/xiao22/notebook731c801ac7,392614
/nagar2307/notebook6e15fe5278,392609
/sarimadenegemen/notebook8a561dd5da,392599
/ellarei/notebook6086baee96,392586
/datadong/data-exploration-and-visualisations,392577
/antoinelag/notebook4702c4932e,392573
/mholtzscher/notebookd7858f6c34,392555
/sakibsunny/notebook819481441e,392535
/mayomayo/notebook6005baf194,392530
/govindnidigattu/notebookd07106ce98,392514
/aclyons/notebookf1800a2419,392512
/argali/notebookc206ca6762,392508
/sakibsunny/notebookab83aa39ea,392494
/uklidyeesarapat/notebooke1f66f582e,392556
/doolal/notebook3195a32c23,392457
/michaelmtz20/notebook46501dad8b,392453
/nmud19/notebookae7106058d,392451
/dreamflasher/notebookc8b4927583,392439
/wangdong0928/a-journey-through-titanic,392418
/burgje/notebook2c578eb9d9,392410
/pbinggeser/notebookc404bff149,392401
/alitozan/notebook5a6c99d1de,392364
/chiuwenhuang/notebook806ff9027a,392359
/natara/notebook5b76020e86,392340
/timgasser/notebook8588f1790c,392333
/pminder/notebook2ddcf69d28,392330
/nichole/a-journey-through-titanic,392327
/liujunlj/notebook3388fb3855,392318
/mdarblade/xgboost-vs-betting-markets,392314
/shrivs3/user-data-exploration,392312
/mustek/notebook1218e4cd3e,392306
/syedmoinudeen/notebookac2dafe492,395953
/solidsun/python-data-visualizations,392274
/iangarland/notebook8b5e3c0bb0,392266
/shelby/notebookc794b8a197,392248
/walteramorim/notebook656a002d47,392339
/guilhermescha/notebookfbc714652e,392179
/zanjibar/notebook3541dd2a40,392144
/sakares/check-with-seizure-spectrograms,393287
/debu99/new-try,392074
/smizzy/a-journey-through-titanic,392056
/bobbyan90/notebook51880c31a7,392028
/emanuellereynaud/a-girl-gives-a-man-his-own-name,392017
/lisaling/notebook1757d4a5d7,392006
/rbales/notebook18c1cd30c6,392001
/hbk008/notebook6b216dda50,391996
/jgregoire/a-quick-look-at-the-platforms-and-genres,391992
/komunyong/notebook6d73ede82b,391991
/tallsmile/notebookb0e23c3fd6,391981
/akandehabeeb/data-exploration-predicting-salaries,391978
/rmostert/notebooka43315f8ce,391938
/cuizhongjiang/digit-recognizer-in-python-using-cnn,391928
/avatar4281/notebook7582db6137,391926
/abannee/notebookfb8143adcf,391914
/adithyab/tensorflow-deep-nn,391878
/merryhunter/notebook843274191e,391840
/merryhunter/notebook626f820af1,391839
/wgchang/a-journey-through-titanic,391830
/ddzsotjan/notebook240d0e5a2d,391813
/charithz997/notebookd8caedab80,399370
/sharnam19/notebook302ab9e973,391843
/marouane/notebookfad0b5500d,391780
/harrystrange/notebook7c0497a78f,391777
/art526/notebookf843eff594,391759
/hmiller/notebook44ab9460dc,391745
/martimayo/python-data-visualizations,391725
/spencerma/notebookdc44e34307,391697
/gklein67/notebookbb40dc8651,391672
/carlosroig/notebook-work-in-progress,397913
/psy0814/notebookded311da6f,391675
/leohemamou/notebookce544e33e4,391639
/epuertas/notebook21d55fc7b6,391629
/dineshlal/notebooka1382a2e20,391622
/ollymitch/notebook9906789f61,391602
/byuceoglu/notebook0a6c8e1acb,391601
/ndagistanley/exploring-jewish-names,391756
/dandanmylady/notebook12ff40e4de,391589
/chicabow/titanic,391585
/jike321/notebook42c66f5c88,391703
/oo7feynman/exploratory-tutorial-titanic,391820
/razaaflak/notebook5327d8da72,391527
/rahul214/notebook42bf317412,391513
/narae78/notebook48be638951,391509
/sharnam19/notebookb413a3457d,391502
/akpradhn/notebook6e198ed8bb,391490
/alavi1395/date-exploration-6min-0-01-1e4379fd,391827
/satryo220293/philippines-energy-use,391460
/cseidman/notebook632cf8b638,391437
/bluepoplar/a-journey-through-titanic,391386
/tetyama/trial-titanic,442860
/allunliu/notebookbc87def5b7,391343
/spatial/digit-recognizer-in-python-using-cnn,391342
/peiying15/notebook209e6d36ec,391309
/jakewengroff/notebook11eb5c9099,391303
/anjanaagrawal/notebook258728f68f,391300
/golfspin/test11,391284
/latisha/notebook3dfc2caa2a,391279
/apophenia/notebookc69c0c3008,391278
/spattigilli/notebooke6dce81c6b,391334
/jeffsd/notebook2b196853ab,391256
/sharnam19/notebook1616dcf018,391250
/wiseguy/tensorflow-deep-nn,392088
/charliechafin/notebookc225e0321e,391229
/physicsrich/notebook7717f1ed9d,391225
/pachiu/python-data-visualizations,391223
/rewreu/notebook24fc98ac7b,391221
/fredlyy/a-journey-through-titanic,391220
/geethik/notebook7758dcfc74,391213
/shailrk/notebook73a72435b1,391207
/yamaherff/notebook353ef58d56,391193
/adarsh2807/notebook9a1cab7235,391187
/balakesavan/digit-recognizer-in-python-using-cnn,395314
/rampal/notebook12be99df5b,391184
/sohrab/to-click-or-not-to-click-that-is-the-question,391180
/sunyi77/notebook4342ebc4b4,391179
/pcthejaswi/notebooka1ca621792,391169
/ryanboder/notebook1,391163
/sbeleidy/notebook5fbbd4a123,391145
/msukmanowsky/notebook8ac63a375c,391143
/adriansabovici/notebookb9b11c47e1,391138
/xylophoneee/notebook386e0f8d4c,391115
/swapnaraju/notebook87f27093a6,391101
/kuntalg/housing-sales-analysis-33ffb54b,391057
/vsmalladi/exploring-outbrain-data,391048
/fickas/take-a-look-at-the-data,391034
/anich003/notebookfb7322d5bb,391032
/franklindong/a-journey-through-titanic-cb016d1e,391026
/eww125/notebook137c31a194,391018
/davebelding/notebook23a6d05014,391009
/joconnor/notebook2376b2d9e2,391005
/gkreplak/notebook896c0ea5dd,390980
/esyed97/notebook365637ef0c,390975
/dingchaoz/quick-look-at-the-data,390971
/jesong1126/notebook6987aaf957,390966
/harshkn/notebook3f3a1e57e1,390965
/doctorclo/notebook0d015c8744,390941
/fickas/age-gender-breed-and-name-vs-outcome,390924
/mougatine/notebook1aed993e34,390923
/ksoto1990/notebook9053aff86c,390922
/akhilkandregula/python-data-visualizations,390904
/malikos/notebook3f7c64250a,390891
/stibbons/quick-look-at-the-data,390881
/newneter/notebook4b2548010f,390864
/cindytraub/notebookea9b4b3815,390859
/akhilkandregula/importance-of-features-in-dating,390851
/akhilkandregula/tb-death-rate-changes-map-animation-guide,390841
/chengjia/notebook0afa2dead4,390835
/ianconnect/notebook179551203c,390804
/jrcolecity/notebookd62d2579e2,390731
/ahmedg/notebookde57c304f1,390723
