/sarashawky/notebookdf08b571ad,1108092
/wafabenaissa/notebook560f77f6db,1119132
/bonesaw98616/exploring-survival-on-the-titanic,1108069
/fishclear/notebooka611ebece3,1108064
/learner220/notebook6c54c2131f,1108058
/rahulsonu1/titanic-py,1108046
/gonzaloromero/notebook9d7a9892e2,1108026
/torrisimon/notebook495713aa2c,1108012
/dansum/exploring-survival-on-the-titanic,1107990
/kriszhang823/notebook1232b4f08f,1107988
/newhardwarefound/notebookaca193a738,1107977
/xaijen/notebook2bf83c29c9,1107963
/aurelienbl/notebook66ea34bf92,1197248
/tuckstucks/exploring-survival-on-the-titanic,1107944
/willieliao/sub01,1108279
/harrywithdata/notebookd79522db41,1107916
/kriszhang823/notebooka113d624cc,1107915
/rajgouravjain/kagglescriptfirst,1682525
/rajgouravjain/us-baby-names-analysis,1685292
/hyperion302/notebook5e690b8676,1108350
/rajgouravjain/traffic-analysis,1685257
/charlescushing/notebook90f23b7f0b,1107871
/omorillo/linear-and-non-linear-models,1108799
/lobsteravr/notebookcc8d0c7b55,1107850
/aagundez/notebookf0eee57d27,1107849
/shlomomaghen/notebook7b6b8110e4,1107848
/shlomomaghen/notebook567c844891,1107845
/hyperion302/titanic-script,1107844
/aagundez/notebook3ab0c7c6f1,1107828
/stephaniefeng111/notebookb5db43a0fd,1107815
/miketsoy/notebook26e0420a3d,1153934
/r2dliu/notebookefa799a453,1107808
/jtruelee/notebookbd1d0fc653,1107806
/benhamner/demo-asdfasdffdfd,1107802
/jugal13/notebook01c2785a45,1107796
/benhamner/notebookb9aa2eb361,1107790
/kkozhenov/notebook938774b0ea,1110390
/ivalnic/notebookd9b8445fe9,1107744
/benhamner/notebookb275821e7f,1107738
/divyakamath29/notebook5839a0f89c,1107736
/vishal86/notebook9c43f4dc37,1107729
/raslasarslas/titanic-disaster-my-notebook,1107693
/aseembh2001/aseem,1107719
/ediswan/testing-scripts,1107686
/inderpartap15/linear-model,1107677
/tbelpaeme/notebook32aeaeaca2,1107654
/traumong/notebook0b6c3739bc,1107653
/inderpartap15/linear-models-0-13972,1107643
/samragusa/notebook69fd6e3853,1107634
/ghulamrasool/notebooka67ccd4128,1107631
/ritgoe/notebook6294b0461a,1107581
/benhamner/notebookee8695640c,1107528
/noahgale/notebook8ea1d800e9,1107516
/pran7eeth/notebookec40ec3299,1107514
/will7king/notebook17ffd91038,1107507
/hshewood/titanic,1107499
/jitterotate/notebook33dc9b3fc8,1107449
/siriuscorp/notebook308b7533a0,1107440
/harrywithdata/notebook9c19d59065,1107435
/siriuscorp/notebook806d81a986,1107422
/dm14348046/cv-statistics-better-parameters-and-explaination,1107417
/dm14348165/cv-statistics-better-parameters-and-explaination,1107373
/jkolaw00/notebookbfa7c56e27,1107320
/lazimm/notebook2af900273a,1107311
/harrywithdata/notebookaced0349fe,1107307
/balli2195/kagglin,1107282
/petertrr/notebook3f66fb937b,1107219
/ericroe/titanic-first-go,1108243
/ericroe/notebookad76fc3e7a,1107210
/flyma75014/test6,1107196
/hinese/notebookf23b220125,1107193
/hinese/notebookfde0cc2947,1107190
/anithasivaram/notebookc255a92f87,1107188
/sichuanfju/notebook2565ecd872,1107186
/sichuanfju/notebook3e671f198c,1107185
/rogerrody/notebookba27eb2aa2,1107162
/rogerrody/notebook687bb9313f,1107160
/danigibert/notebooke6b62a61d5,1107157
/jiajiajia/outputtokens,1107170
/rollup/notebook4998d7cea4,1107133
/manjuprakashr/notebookfb1e8a059a,1107130
/leejaeho/notebook9256fda3c3,1107128
/leejaeho/notebook94b60457ea,1107114
/jayyin/digitrecognizer-svm,1107103
/raslasarslas/notebooke5b0bcd3ea,1107088
/joconnor/another-keras-starter,1107085
/surundul/notebook27dfc4e6d9,1107028
/statgdatkaggle/notebooke4eb1a96d2,1107020
/publius/notebooka275580844,1107012
/doerkiwi/doerkiwi-titanic-machine-learning-from-disaster,1107004
/hustry/notebook7b871e1877,1106984
/aidenaiden/notebookaea29b33ab,1106983
/pawelkap/notebookf23e1a4edd,1106954
/rickyoung/notebookb54558c1d1,1106920
/awi123/a-simple-haunted-random-forest,1106886
/amansrivastava/train-model-py,1106874
/judyhh/notebook2523f4da74,1106872
/rodion1987/notebookb063641619,1106853
/gonzaloromero/notebook7bda34a01c,1106839
/thariqkhalid/notebook329cb6f53b,1106820
/ianleonard/ian-leonard-enron-email-analysis,1106808
/satishjasthi/notebook79a946a4cc,1106786
/jamescarter/notebook01e7e5e99d,1106774
/wwwjoecomcn/titanic-machine-learning-from-disaster,1106733
/mirko76/first,1106710
/visignibraem/clean,1119702
/rojre1979/xgb-starter-lb-0-88232,1106708
/djay100/notebook70dbc22056,1133666
/rallenkov/notebookf598e39f9e,1106667
/petercaya/notebookeae764bbda,1106663
/hemurocks/notebook2915078b8d,1106660
/ninaroth/notebook5abd7121b6,1106595
/jianghuiying/notebooke377c6d2c1,1106585
/damiena/notebook1e33e86d52,1106582
/wafabenaissa/notebook628536101c,1106573
/oreoxie/sssht,1106567
/qianzheqi/notebook3dddbfdef9,1106546
/dantocsaigon/notebookaada25535a,1108568
/reallee/natural-growth-patterns-fractals-of-nature,1106536
/laurakoster/notebooke762d191a1,1106530
/devikar/notebook1825f66b37,1106528
/paurabassa/final-submission-save-data,1106523
/prabakarsubramani/notebook81c2f7eace,1106520
/aleksey22/notebookea0d293e53,1106518
/valencar/terrorism-attacks-in-the-world-1970-2015-730e12,1107143
/thegodofme/notebook86feabfc80,1106500
/ioramishvili/python-xgb-lb-0-841047-141,1106452
/ogrod87/notebook6002c2c300,1106437
/programmerguy/notebookc8c36d3851,1106376
/mbp14mtp/notebookb84c2982a1,1106369
/emilia1/breast-cancer,1106358
/yuchunchien/notebook9ffcece89a,1106351
/valmirmuhaxheri/notebook3208ebf059,1106325
/valmirmuhaxheri/notebookcd11a08e4c,1106323
/mlfuture/notebook4f62036aca,1106317
/ravali121/outbrain-eda,1106315
/leitasat/notebook29f2a92661,1106271
/suryamoitra/exploring-survival-on-the-titanic,1106256
/yuchunchien/notebook037b78d405,1106195
/vignesh2323/fork-of-fork-of-xgboost-trialrun-2-8d2dc7,1106193
/rajivmorum/analysis-and-predictive-modeling,1106181
/mymlml/notebook0e50c4e038,1106163
/pmathur/notebook285471bdd6,1106154
/dimmo94/notebook958cdd7e8e,1106144
/robsun/notebook8c89341772,1106142
/dimmo94/notebook5c15304777,1106140
/westhyena/notebook8fd4e419b5,1106088
/jeremyloscheider/time-series-practice-with-airline-delays,1106069
/sygxsc/notebook0c7a1a0644,1106067
/daqixu/microsoft-lightgbm-starter,1106066
/brainmachine/notebookd203bce6f2,1106058
/phcostello/notebook12174dffab,1106057
/tmizan/notebook25dd67e634,1106049
/bilgee/notebookc06bbd6f39,1106036
/marose/notebooka4807917d5,1106034
/dm14331300/cv-statistics-better-parameters-and-explaination,1106023
/abiam222/notebooke1788da2b3,1106008
/sunilmite/testtitanic,1105982
/dennistang/notebookdf6702d2da,2270596
/russellwmy/human-resources-analysis,1105955
/chihchung/notebookf8a1de1de6,1105929
/lequanglong/notebookb5cbc544c7,1105918
/maalick/notebook4d6eea28d5,1105914
/handar94/notebooked505f5bf4,1105910
/handar94/notebookdabf812751,1105909
/handar94/notebookde3906a5f6,1105908
/valencar/top-terror-countries,1105923
/takayasu/notebook057e618266,1105883
/yusukehiguchi/notebook67b5b470c9,1105877
/yunmomo/notebookc6b90e8f56,1105863
/delgerdalai/firsttest,1108590
/lyman8576/notebook6e96192fc5,1105827
/elephantdee/notebook0c77831b6d,1105810
/mrpolitegrizly/notebookf38751d866,1105807
/sshih16/notebook390e7bba86,1105802
/liupatrick/first-try,1105783
/ohlindoh/notebookb5e1e523cb,1105781
/jimmyyang/titanic-survival-list-using-classification,1108534
/jackwangcs/notebookf5fe465e89,1105764
/tusohelp/evaluate-a-movie,1105762
/dm14331052/a-new-feature-that-may-help-improve,1105761
/ammon0531/notebook20188888f1,1105752
/mrbomb1567/notebook9b45959110,1105748
/taichi53719/testcode,1105747
/nkgwer/main-py,1105799
/chikenfeet/xgb-4,1105850
/alexhanbing2016/notebook6674ef37c3,1105732
/lyman8576/notebookcf8513ca3c,1105720
/dm14350056/cv-statistics-better-parameters-and-explai-a9ab69,1105719
/ldifer/notebook4cce5d69f0,1105708
/dm14350056/cv-statistics-better-parameters-and-explai-ee9d77,1105693
/joemathai/notebook88040ee366,1105687
/suraj09/notebook3fe873ccd5,1105669
/chikenfeet/xgb-3,1105664
/jeffyabraham/carbon-emission-across-the-world,1105773
/havengoer/notebook6aa8b788d7,1105612
/jeffyabraham/notebook2bcfea9c8e,1105605
/chikenfeet/xgb-2,1105582
/himanshu0202/notebook474e7e1144,1105571
/bhavin266/notebook8a3fcedb40,1105570
