/skbtest/test234f234f2,2542385
/skbtest/test1234,2542361
/santimbo/sql-scavenger-hunt-day-3,2543067
/midwest07/sql-scavenger-hunt-day-3-b0814c,2544516
/lsaa2014/sql-scavenger-hunt-day-3,2543810
/nickptaylor/sql-scavenger-hunt-day-3,2542930
/chandraroy/sql-scavenger-hunt-day-1,2542524
/pedodorf/sql-scavenger-hunt-day-3,2542452
/htmn99/working-with-nhl-data,2573017
/jf183455/sql-scavenger-hunt-day-3,2542596
/pmoriart/sql-scavenger-hunt-day-4,2558964
/pbalaji85/sql-scavenger-hunt-day-2,2543585
/gegeev/sql-scavenger-hunt-day-3,2542916
/luxem35/sql-scavenger-hunt-day-3,2542741
/emre40/sql-scavenger-hunt-day-2-by-emre,2542150
/samcoder/sql-scavenger-hunt-day-2,2544482
/yiqiaoyin/eagleyin-kernel-kaggle-fashion-dataset,2541862
/pawanm/kernel56f4ed22b3,2590033
/pedodorf/sql-scavenger-hunt-day-2,2541967
/askolkova/sql-scavenger-hunt-day-3,2541892
/chess2001/sql-scavenger-hunt-day-3,2542704
/ayushsri/sql-scavenger-hunt-day-2,2541493
/pranavcfc/sql-scavenger-hunt-day-3,2541412
/qingguochen/sql-scavenger-hunt-day-3,2541201
/calueken/sql-scavenger-hunt-day-3,2541565
/henrykaw/sql-scavenger-hunt-day-2,2607585
/scbarnum/sql-scavenger-hunt-day-2,2548031
/akshu281/sql-scavenger-hunt-day-3-ec4b23,2540900
/huseyinozcan0/sql-scavenger-hunt-day-3-38587d,2541633
/prohith/sql-scavenger-hunt-day-2,2540834
/nowongsri/sql-scavenger-hunt-day-3,2541348
/leomuckley/sql-scavenger-hunt-day-3,2541332
/takuyafukudome/sql-scavenger-hunt-day-3,2540580
/augustovpsa/challenge-2,2580352
/daphnecor/week-2-walmart-sales-forecast,2580290
/samden/sql-scavenger-hunt-day-3,2540465
/xaviera/sql-scavenger-hunt-day-3,2540655
/maraim/sql-scavenger-hunt-handbook,2541072
/manuelamarinho/sql-scavenger-hunt-day-3,2540609
/augustovpsa/challenge-1-bletchley-three-layer-nnetwork,2556329
/larstherkelsen/schunter-day02,2543699
/askolkova/sql-scavenger-hunt-day-2,2540187
/solomrt/sql-scavenger-hunt-day-3,2540022
/socratus43/sql-scavenger-hunt-day-3,2540222
/mihirkr/sql-scavenger-hunt-day-3,2539789
/pushkar39/learning-sql,2540847
/sinzy0925/sql-scavenger-hunt-day-3,2539883
/vaikumar/kernele130a30588,2539287
/muthuraja/muthuraja-s-sql-scavenger-hunt-day-3,2542880
/saimageshr/fork-of-olivetti-multi-output-regression-saimages,2539128
/murgen974/sql-scavenger-hunt-day-3,2539618
/mrugankakarte/sql-scavenger-hunt-day-2,2539095
/elzawie/sql-scavenger-hunt-day-3-exercises,2551658
/praveenjune17/sql-scavenger-hunt-day-3,2539333
/srgrace/my-model,2543138
/musalys/sql-scavenger-hunt-day-3,2539167
/mrugankakarte/sql-scavenger-hunt-day-1,2538824
/bemmira/sql-scavenger-hunt-day-2-80f6ad,2551717
/dgunyoo/sql-scavenger-hunt-day-3-solution,2538655
/mvallet91/sql-scavenger-hunt-day-3,2538840
/cantacoop/sql-scavenger-hunt-day-3-solution,2538708
/pkvsinha/sql-scavenger-hunt-day-2,2540087
/gniks1/day-3-sql,2538246
/shaffyroell/linreg-baseline,2538229
/matiasrivero/answers-to-sql-scavenger-hunt-day-3,2538756
/yuliyak/sql-scavenger-hunt-day-2,2574740
/niveditanpatil/sql-scavenger-hunt-day-1,2538173
/jneves/sql-scavenger-hunt-day-3,2538031
/srgrace/sql-scavenger-hunt-day-3,2538301
/julesb/sql-scavenger-hunt-day-2-6508e8,2538910
/muthuraja/muthuraja-s-sql-scavenger-hunt-day-2,2539192
/prplbr/sql-scavenger-hunt-day-3,2538113
/mklajnerok/sql-scavenger-hunt-day-3,2565918
/muthuraja/muthuraja-s-sql-scavenger-hunt-day-1,2537632
/asavv7/sql-scavenger-hunt-day-3-ab8353,2538406
/chrisimorli/sql-scavenger-hunt-day-3,2538501
/junaid388/sql-scavenger-hunt-day-3,2538007
/dinosaurjohnrara/sql-scavenger-hunt-day-3-johnrara,2546672
/khyeh0719/sql-scavenger-hunt-day-3-cc,2537803
/bhuvaneshwaryt/sql-scavenger-hunt-day2,2537560
/melvin86/sql-scavenger-hunt-day-3,2537638
/jtvmatos/sql-scavenger-hunt-day-3,2537946
/pkonstan/sql-scavenger-hunt-day-3,2585799
/kubong/sql-scavenger-hunt-day-2-kuba,2537344
/serarm/sql-scavenger-hunt-day-1,2537313
/woutervr/sql-scavenger-hunt-day-2,2537159
/ytalp17/sql-scavenger-hunt-day-3,2537214
/ariyan/getting-started-with-bigquery-on-kaggle,2537171
/snazzybloke/sql-scavenger-hunt-day-3,2537504
/nidhisimon/day-2-sql-scavenger-hunt-ns,2537310
/gery93403/sql-scavenger-hunt-day-3-solved,2537145
/kingdomofhamdan/sql-scavenger-hunt-day-3,2536936
/ahmedbattah/sql-scavenger-hunt-day-3,2537817
/smartmaz/sql-scavenger-hunt-day-3,2536847
/elijalechner/kernelfd0117abfc,2536875
/taurothebull/sql-scavenger-hunt-day-3,2536877
/anuragn4/sql-scavenger-hunt-day-3,2536511
/monoban/sql-scavenger-hunt-day-3-monojit-solved,2536642
/kitsukitsuki/sql-scavenger-hunt-day-3,2537613
/onequestion/sql-scavenger-hunt-day-3,2536720
/cneiderer/sql-scavenger-hunt-day-3,2563531
/junaid388/sql-scavenger-hunt-day-2,2536522
/monoban/sql-scavenger-hunt-day-2-monojit-solved,2536298
/junaid388/scavenger-hunt-day1,2535974
/byokoyam/sql-scavenger-hunt-day-2,2536510
/shingyang/sql-scavenger-hunt-day-3,2859550
/angelitawong/sql-scavenger-hunt-day-1,2536220
/aaronsadler/sql-scavenger-hunt-day-3,2536049
/liammullens/sql-scavenger-hunt-day-2,2574382
/cynthiacho/fork-of-sql-scavenger-hunt-day-3-analysis,2535780
/msquarme/sql-scavenger-hunt-day-3,2536213
/senamerter/fork-of-sql-scavenger-hunt-day-3,2536219
/artemdedkov/sql-scavenger-hunt-day-3,2537386
/soumyo89/sql-scavenger-hunt-day-2,2536001
/pbnjeff/sql-scavenger-hunt-day-3-pbnjeff,2535906
/eradiatedvirus/sql-scavenger-hunt-day-3,2535995
/prezaei/sql-scavenger-hunt-day-3,2535600
/arnabmy/mnist-using-keras,2536246
/aswathyn/sql-scavenger-hunt-day-3,2537114
/zhanglic/sql-scavenger-hunt-day-3,2535494
/gpavlov/sql-scavenger-hunt-day-3,2536046
/pdadgar/sql-scavenger-hunt-day-3,2590308
/vigneshananth/sql-scavenger-hunt-day-3,2535266
/haotoast/sql-scavenger-hunt-day-3,2535535
/dm402ml/sql-scavenger-hunt-day-3,2535781
/exuperie/sql-scavenger-hunt-day-3,2535549
/mrp903/ustraffic-sql-scavenger-d3,2535308
/bryanb2003/sql-scavenger-hunt-day-1-bjbryan,2535070
/nellyzhang/my-model,2534970
/cosmeow/sql-scavenger-hunt-day-3,2535813
/kduponte/sql-scavenger-hunt-day-3,2536162
/pmoriart/sql-scavenger-hunt-day-3,2535367
/pigchan02/sql-scavenger-hunt-day-3,2535500
/spawaskar/sql-scavenger-hunt-day-3,2535453
/ephemerai/sql-scavenger-hunt-day-3,2626254
/cantry/sql-scavenger-hunt-day-3,2542715
/altavish/sql-scavenger-hunt-day-3,2535805
/hweesee/sql-scavenger-hunt-day-3,2535378
/ephemerai/sql-scavenger-hunt-day-2,2574723
/bala10/sql-scavenger-hunt-day-3,2535400
/srivatsav51/sql-scavenger-hunt-day-3-v1-0,2534923
/estepona/sql-scavenger-hunt-day-1,2534889
/bryanb2003/sql-scavenger-hunt-day-3-bjbryan,2534804
/riteshsinha/sql-scavenger-hunt-day-3-plus-plot-rs,2534561
/khinekhine/sql-scavenger-hunt-day-1,2534454
/jokingpoet/linear-discriminant,2533929
/gaogao/sql-scavenger-hunt-day-3,2540945
/supersilverdave/sql-scavhunt-day-3-order-by,2535688
/dcyoung23/sql-scavenger-hunt-day-3-nhtsa-traffic-fatalities,2534181
/doitall/sql-scavenger-hunt-day-3,2533906
/winniemoon/sql-scavenger-hunt-day-3,2534316
/yloskvi4/sql-scavenger-hunt-day-3,2545875
/srkstl/sql-scavenger-hunt-day-3,2533941
/kitakoj18/sql-scavenger-hunt-day-2two2two2,2534570
/altavish/sql-scavenger-hunt-day-2,2534725
/doitall/sql-scavenger-hunt-day-2,2533658
/nandhakumarm/sql-scavenger-hunt-day-2-solution,2588135
/doctarik/sql-tarik-scavenger-hunt-day-3,2533571
/aharker619/sql-scavenger-hunt-day-3,2533992
/cyhnc1/sql-scavenger-hunt-day-3,2560052
/ygdlycaon/sql-scavenger-hunt-day-3,2534866
/kmok23/sql-scavenger-hunt-day-1,2533975
/abethke/sql-scavenger-hunt-day-3,2533696
/anushreeg/sql-scavenger-hunt-day-3,2566756
/doitall/sql-scavenger-hunt-day-1,2533405
/jesseqzhen/sql-scavenger-hunt-day-3,2534338
/abethke/sql-scavenger-hunt-day-2,2533266
/mingyanli79/sql-scavenger-hunt-day-3,2533392
/hasanhasan/sql-scavenger-hunt-day-3,2533530
/kitakoj18/sql-scavenger-hunt-day-1one1one1one1,2533777
/datahan/sql-scavenger-hunt-day-3,2534735
/satitpongbundit/sql-scavenger-hunt-day-3,2538763
/amarbut/sql-scavenger-hunt-day-3,2533283
/altavish/sql-scavenger-hunt-day-1,2533391
/torrinos/sql-scavenger-hunt-day-3,2533415
/gino244o/sql-scavenger-hunt-day-3,2533324
/nandhakumarm/sql-scavenger-hunt-day-1-solution,2590296
/amodi8/sql-scavenger-hunt-day-3-completed,2534966
/nityamynepally/sql-scavenger-hunt-day-3,2528586
/briwill/sql-scavenger-hunt-day-3,2533688
/nandinee/sql-scavenger-hunt-day-3,2545501
/kkumar0329/sql-scavenger-hunt-handbook,2533194
/kitakoj18/sql-scavenger-hunt-day-three3three3three,2535113
/whatevergeek/sql-scavenger-hunt-day-3,2528410
/kbfreder/nhtsa-sql-scavenger-hunt-day-3,2533024
/ahancock8/day-3-scavenger-hunt-sql,2528377
/mgibson23/sql-scavenger-hunt-day-3,2575439
/aolsonxc/sql-scavenger-hunt-day-3-cf5bdd,2528429
/jgmoney186/sql-scavenger-hunt-day-2,2533408
/codechris/sql-scavenger-hunt-day-2,2624810
/chrismiddleton237/sql-scavenger-hunt-day-3,2528658
/mhassell/sql-scavenger-hunt-day-3,2546570
/processfit/sql-scavenger-hunt-day-3,2528027
/talatin/sql-scavenger-hunt-day-3,2528055
/benckatz/sql-scavenger-hunt-day-1,2550725
/dangmckeown/sql-scavenger-hunt-day-3-task-2,2538266
/benedosso/sql-scavenger-hunt-day-3,2533138
/szmarszalkowski/sql-scavenger-hunt-day-1,2583032
/xyz8983/sql-scavenger-hunt-day-1,2589919
/cynthiacho/fork-of-sql-scavenger-hunt-day-3-analyzed,2535672
