/loveall/will-it-sink,1650810
/shangpx/no-show-rate-exploration,1651463
/dvvudaykiran/notebookf93f390610,1650528
/venkataramarao/sql-and-python-primer-bokeh-plotly,1650488
/asdf99/model-based-feature-selection-newbie-1,1657350
/whiskyliu/5-day-data-challenge-day-1,1649656
/loveall/grocery-eda-dirty-xgboost-arima-ets-prophet,1649261
/bilal1994/notebook8db417e6ec,1649115
/rspadim/humm-float-integer-why-not-categorical,1648912
/svaidyam/5-day-data-challenge-day-1,1648888
/zhaoyucai/zestimate,1648741
/ricardosuarez/chile-s-presidential-debate-analysis,1648540
/ramanshudixit/data-description-and-initial-processing,1648372
/padma2590/notebook4b18ee4450,1647741
/antgoldbloom/script456ac59e1f,1647402
/lsheks/chase-deposit-distributions,1650767
/natsu6767/mnist,1648256
/deftro/5-day-data-challenge-day-1,1646699
/uctorius7/ml-algorithms-on-iris-classification,1646144
/varaha24/notebooke102e751af,1645916
/zubairahmed/welcome-to-deep-learning-cnn-99,1645626
/zubairahmed/introduction-to-cnn-keras-0-997-top-6,1645959
/zubairahmed/digit-recognizer-in-python-using-cnn,1645977
/loveall/simple-stackersk-lb-0-284,1646373
/prnvk05/fashion-mnist-cnn-classifier,1645567
/hudawei/trained-by-a-3-layer-nn,1646153
/shangyuhuang/to-find-ti-or-td-prop,1645035
/romitdhamija/notebook2a2c8f1623,1643721
/uctorius7/modeling-the-titanic,1643067
/dilipajm/hr-analytics-sklearn,1652209
/pickou/team-rocket-13,1661798
/makkkk/notebook61f31db5ba,1645573
/dzzxjl/my-first-kernel,1645367
/loveall/xgboost-model-with-pb-score-0-0639,1641181
/kondrosso/notebookd6dcea00e7,1641045
/yogesh536/eeg-test,1640774
/sk12190n/titanic-hello-world-random-forest,1640715
/chinguyen2303/notebookc4d3b63a21,1684251
/nubeee/variable-analysis-and-visualisation,1640277
/wassimseifeddine/super-sized-we-mcdonald-s-nutritional-metrics,1640208
/darrellulm/python-starter-yet-another-test,1639565
/rbales/safedriver-linear-regression-xgboost,1639284
/logachevpa/trip-routes-visualisation-on-map-by-time,1903304
/nilzone/eda-on-grocery-sales-forecasting,1638726
/zubairahmed/tensorflow-deep-nn,1642101
/abhinav97dutt/pokemon-data-analysis,1637839
/danielgatis/notebookc127019097,1637337
/xctorres/first-kernel,1637118
/andyxie/basic-regression-housing-price-unfinished,1638044
/ebequet/medical-appointment-data-cleaning,1636741
/bala2728/predicting-the-sales,1851240
/sidhs77/first-entry,1636083
/anujdakwala/us-county-level-mortality,1635445
/djim02/fork-of-notebook8e6b5549ff,1635113
/loveall/xgboost-ensemble-in-h2o-lb-0-0666,1634913
/arsenland/xgboost-example-python,1634806
/lnicalo/introduction-to-cnn,1634350
/tirtha12/notebookaa0610065d,1634236
/rkadam21/simple-nearest-centroidal-classifier,1634131
/devanshbesain/deep-mlp-on-mnist-dataset,1646292
/jaghadish/simple-exploration-notebook-indian-startups,1895023
/mitchcarmen/credit-card-fraud-detection-fork,2770303
/krishna541/creditcardfraud,1633099
/dedecu/a-simple-neural-network,1652173
/pceccon/exploring-ml-classifiers,1632920
/davidvelat/titaniclearningdl,1632672
/ybonde/dog-classifier-simple-convolution,1635372
/lovemegowin/test-in-axxe-ssl-ddl,1631738
/mamisakai/basic-machine-learning-with-cancer,1630760
/tanmayrauth/titanic-data-science-solutions,1630279
/aloisiodn/deepsense-ai-experiment-example,1631495
/g7andpa/cat-dog-classification-using-sklearn,2108165
/aloisiodn/fast-keras-generator-for-deepsense-ai,1629840
/loveall/reconstruction-of-ps-reg-03,1629151
/hayatoy/just-a-random-note,1739254
/bhavikat/earthquakes-data-dive,1628693
/lortegamartel/notebook8d1e76a4c8,1628642
/gxnz77/cs-100-ml-with-the-titanic-dataset-a784a0,1627938
/vvvccc/cs-100-ml-with-the-titanic-dataset-65c31e,1627751
/dedecu/optical-recognition-of-handwritten-digits-ann,1628085
/aoisakata/rnn-for-predicting-closing-price-using-ker-426088,1882753
/ajkumar/nyc-data-cleaning-and-feature-engineering,1626036
/sgq2014/titanic-data-science-solutions,1625861
/rspadim/unique-rows,1625294
/murphyzhang/he-yang-clicks-here-001,1625107
/andreimouraviev/mnist-convnet-w-online-data-augmentation,1623841
/feiliang0307/a-cost-sensitive-approach,1645520
/nanthini10/top-colleges,1747414
/mryapss/remove-or-modify-empty-values-in-a-csv-dataset,1622998
/dabana/problems-reproducing-pca-results,1622925
/mauricedw22/k-nearest-neighbor-recommendation-system,1622643
/premtewari/asset,1622484
/rabeen/make-user-log-and-transactions-features-lb-0-20,1657743
/k2sguard/pe-cpe-analysis,1621504
/mis103/r-xgb,2029779
/theblackcat/exploring-iris-dataset,1621041
/ncsuahlusar/language-analysis,1622363
/draugustine/predicting-survival-cart-ensemble-methods,1620338
/aconsapart/exploration-and-discovery-of-claims-data,1619962
/raghavrastogi75/notebook839c330b3b,1618057
/srisuhasini/machine-learning-first-project-titanic,1617974
/manjeetsingh/should-i-stay-or-should-i-go-kkbox-eda,1617646
/g7andpa/lol-heros-recognition,1617406
/mabreyaz/notebook1a15bb0aed,1617009
/ssjasper/notebook0316003076,1616782
/igordiasth/analyzing-world-happiness-comparative-data,1616088
/cheeku51/payback-with-seaborn,1615698
/vaibhavgeek/chatbot-tensorflow,1615188
/xiangyongqiao/house-prices-eda,1615143
/speculation/zillow,1616017
/hvrigazov/splitting-the-bson-file,1614681
/mayurjain/surviving-titanic-tragedy-using-python,3173782
/dipikabaad0107/topic-modeling,1614918
/shuofxz/titanic-machine-learning-from-disaster-shuofxz,1614088
/johnluo721/my-note-book-to-be-continued,1613480
/hlo415/testing-2,1624346
/mlaimlai123/feature-ranking-rfe-random-forest-linear-models,1619433
/muonneutrino/classification-primer-with-breast-cancer-data,1612287
/skershiv/analysis-viz-on-world-happiness,1612197
/yifanxie/0c-multiclass-loglloss,1611569
/skershiv/identifying-key-cancer-predictors-with-boruta,1611116
/kenji19840210/hyperparameter-grid-search-with-xgboost,1793545
/navjindervirdee/titanic-predictions-neural-network-decisiontree,1610385
/nori16/extract-japanese-sentences,1611169
/hein4536/a-south-park-chatbot,1610197
/kaymori8899/a-south-park-chatbot,1610196
/abhi10aug2017/seaice-accuracy-of-the-northern-hemisphere,1609433
/joshhaimson/notebook9fb5f4038e,1609352
/chrispgriffin/a-quick-review-of-the-ign-reviews-dade52,1609290
/wareagle13/cnn-classifier-using-keras-b18736,1609259
/dmonca63/project-1-datavis,1608419
/dmonca63/data-visualization-project-1,1608292
/sudhir51/comprehensive-data-exploration-with-python,1608016
/bhavesh09/titanic-exploration,1607634
/loveall/identifying-key-cancer-predictors-boruta-yotttaa,1606886
/rmac27/basic-linear-regression-fit-using-sklearn,1606181
/starsmall/notebook0f1c18caf6,1605809
/tqtbui/first-data-challenge-code,1665208
/loveall/for-beginners-using-keras-to-build-models-a0025d,1606820
/zachcheu/first,1605437
/coconuthack/beating-the-cryptomarkets,1675552
/leogan/explore-and-analyse-data,1605321
/datameet/predict-currency-impact,1604854
/vamshikrishnav06/stochastic-gradient,1722597
/chrundle/digit-recognizer-using-a-basic-cnn-template,1604487
/akshaymewada7/data-analysis-using-pandas-and-seaborn-sklearn,1607208
/kedi96/teamna-prediction,1604572
/gao297/team1,1604387
/pkushal/irisdataset-kernal01,1609110
/leilitum/house-price-with-xgboost,1605071
/chokang/learning-materials-on-kaggle-97a05a,1603695
/roeldk/descriptive-ds,1602788
/daansterk/aggregated,1602542
/xiangyongqiao/scikit-learn-ml-from-start-to-finish,1602445
/xiangyongqiao/an-interactive-data-science-tutorial,1603305
/wanglaiqi/personalized-medicine-redefining-cancer-treatment,1602369
/xiangyongqiao/titanic-data-science-solutions,1602351
/wanglaiqi/10-kfold-predict-the-accuracy,1602338
/jinjian/simple-exploration-notebook-zj,1602057
/jeonchihong/hr-analytics-with-python-and-seaborn-8cf5fc,1601870
/abdulla/simple-visualization-for-hr-data-first-attempt,1601626
/jinjian/simple-exploration-notebook-instacart-fb0a1e,1601618
/diegomarcillo/python-data-visualizations-89e895,1601346
/kulgen/terrorist-attacks-in-western-europe,1600955
/eurith/titanic-try-20171011,1620741
/billythekid945/is-an-ingredient-healthy,1600505
/xiangyongqiao/titanic-best-working-classifier,1599143
/walgemei/notebook4061010f63,1598694
/ameya1295/titanic-exploration,1598632
/rosageorge31/titanic-machine-learning,1598294
/aongao/santander-customer-satisfaction,1598210
/pratikkotian04/machine-learning-first,2086703
/ashutosh7/gbm-oversampling-0-273,1597763
/zhuxuetian/void8848,1597621
/machinoai/churn-user-analysis,1598122
/machinoai/human-activity-recognition-using-lstm,1597554
/gougec/titanic-data-analysis-with-random-forest,1596934
/aagundez/test-publish-555,1596728
/jiranzog/fork-of-comunio-v2-0,1596385
/lalitgupta29/interactive-porto-insights-a-plot-ly-tutorial,1596202
/sgodinho/spine-values-comparison-classification,1599376
/tousif/kaggle-text-norm-challenge-team-bangal-polapain,1595479
/johnoliverjones/small-bayesian-network-model-gini-score,1595441
/aymenmouelhi/employee-turnover-analysis,1594872
/ahbon888/simple-exploration-notebook-zillow-prize,1594540
/fmilhe/back-pain-symptoms,1594498
/mack0094/learning-materials-on-kaggle,1754225
/salokr/a-simple-cnn-knn-based-model-to-get-99-score,1598020
/arjoonn/how-have-questions-changed-over-the-years,1594087
/abhdas/classifier-competition,1594057
/deeptirajput/wine-reviews,1927268
/fannnie/baobi,1592674
/rspadim/off-example-of-cv,1592651
/percevalw/interactive-lstar-implementation,1592297
/misko07/feature-engineering-scaling-and-model-comparison,1591727
/adamschroeder/titanic-l-regression-knn-confusion-matrix,1591548
/pawan07thapa/a-journey-through-titanic,1591492
/yosuer/tp1-7506-2017-grupo-reentrega,1591237
/cheeku51/seaborn-on-us-kills,1590643
/kesten/kesten-test-share,1589798
