/cuizepeng/notebookbc38014667,1069605
/andrep/notebook727a8b3a34,1069604
/rahultej/notebook5f94ffdb04,1069603
/rickyleman/notebookb671a78866,1159007
/quantpy/notebook40cfff1b43,1069580
/quantpy/notebookfcffae307a,1069579
/bwaldt/3515313,1069556
/aswijag/notebook6e3d276b16,1069555
/reddragon27/notebookf8872de978,1069538
/fppkaggle/check-train-csv-test-csv-vs-local,1069532
/prarthanarao/notebook1027198491,1069502
/keyideng/notebookadc39572a3,1069484
/minhyong/notebookbc1ce41d81,1069483
/powellquiring/notebook6d9b45a56f,1077694
/jink00/notebook1b0b770d0b,1069464
/advaitsakhalkar/notebookeb2458fef1,1069418
/moezarella/notebookc4a0d716c9,1069393
/jamshed994/notebooke6277064b7,1069392
/dalematthews/notebook3a5378d00e,1069379
/imcyru/notebook40f0ba87f9,1069375
/carlosmmc/notebook606e76d8f8,1069365
/spencerjduncan/notebooke7676e30f5,1069341
/spencerjduncan/notebook1495a8e518,1069339
/jailenewong/notebook3bb907b725,1069326
/abhishek44/notebook0093f2c551,1069320
/donte1913/notebook0910bbfefe,1069312
/carlosmmc/notebook213493178a,1069307
/neptunennn/theano-lasange-starter,1069295
/c1ozbek/notebookcd28b72344,1069292
/mwroma/matching-que-for-quora-end-to-end-0-33719-pb,1069290
/c1ozbek/notebook637ac48adb,1138686
/jponte/notebook42ce0c162c,1100394
/c1ozbek/sea-lion-coordinates,1069275
/expatinuk/test1,1069272
/peiyangdata/notebook0caf1765b9,1069247
/hengryccchen/notebook9fae4d0571,1069235
/prachigupta126/notebook89e76ce9c8,1069234
/amita1621/notebookd688b5e95e,1069224
/vitalyfomin/notebook17dcfb8c5b,1069216
/squidarth/notebookee5b04aa95,1069199
/vantuir/notebook7e3dee9442,1069198
/salmanzafar/notebooke66c85dfaa,1069191
/manmohankumar/home-prices-prediction,1069174
/jiayel/notebookc726021b19,1069172
/ankitpurohit91/code-file,1069164
/ankitpurohit91/notebookca265497ed,1069162
/rakshithcm/notebook38cf8cd166,1069152
/noqcks/notebookdcd1ab8c75,1069149
/salmanzafar/notebookdda069ea9a,1069144
/trunkslegendary/notebook5f11acbb04,1069083
/booboothafool/notebook189a21a115,1069047
/mjboos/just-testing,1069045
/shikharagarwal/notebook70fa5b8f84,1069039
/danman1979/notebook3d80ac0b73,1069008
/mrpolitegrizly/notebook4fd5fc9427,1068999
/mrpolitegrizly/notebookd9fab29e78,1068997
/deschanel/notebookc77a387f26,1068993
/deschanel/notebook1c74b22c9f,1068990
/krramasw/exploratory-study-on-ml-algorithms,1729613
/navya21/notebook52145f9ac2,1068984
/waseem321/notebookeb6f223090,1068976
/motavasco/notebook1ef7f0b7b5,1068968
/dthomas722/sandbox,1068966
/anandgopal/exploring-survival-on-the-titanic,1068950
/rianaelferin/test1,1068937
/rb1984/notebook75019dd291,1068924
/dujiajun/notebookbc3c53c4c7,1068921
/dujiajun/notebook263a38e905,1068897
/gahlotmohit/notebook76ed28c3d2,1068879
/gahlotmohit/notebookd7aeb838bc,1068871
/vipindas/quora-v-2,1068870
/victorarkley/tensorflow-deep-nn,1068863
/devoshree/notebookb08088a217,1068853
/pierretisseur/keras-vs-cancer2456,1068842
/redtachyon/notebook7d5c383107,1068798
/flpxiao/notebook1e04b4ed5f,1068789
/flpxiao/notebooke210dec30e,1068786
/rohitkpr/notebook8917eaddad,1068784
/marshcs/notebook95997d51e7,1068773
/jiwoongyouu/notebook900f049e15,1068769
/yobobobo002/notebook98a7d7f557,1068761
/volkovsema/notebooke586e3dcd1,1068755
/adamski/titanic-prediction,1068752
/jponte/notebooke1648bcf72,1100392
/alex5207/notebook9ff705c0bc,1068697
/shahpriyank9/notebook2e9d4590c5,1068692
/vummanthalasujeeth/notebook0c81fe4678,1068665
/kaushik94/trying-out-solutions-in-forum,1068648
/shubham1413/test-r,1068629
/berkaybulut/predict-frauds-using-svm,1068610
/darraghdog/notebookc2ad0edd18,1068600
/anuj10121997/titanic,1068588
/zwangs/notebook4e9f6975af,1068578
/gauravj/notebook4fa67fb75a,1068564
/yemodex/achieve-100-credit-card-fraud-detection-87efcc,1097003
/gauravj/notebook39a951b878,1068550
/kortashatem/an-interactive-data-science-tutorial,1068701
/pritishyuvraj/nlpapproach,1068533
/priyambada/notebook3bf500dbae,1068525
/kaggleepwlxk/notebookbc74068d49,1068486
/vipink21/basic-eda-v1,1068476
/mattsc98/notebook62ca963e6b,1068469
/gtrimarc/notebook0ba1424f0f,1068459
/huarong/exploratory-study-of-ml-algorithms,1068456
/yumayabuki/notebook6551ab843f,1068441
/masuhara/notebook224f73f726,1068440
/anuragti/predict-frauds-using-svm,1068576
/tomazri/notebook5283865fb2,1068396
/wuchakyan/notebook7be5700450,1068358
/leehd87/notebooka0d3008d72,1068357
/angshine/notebookbceca230cc,1068333
/kimyp80/notebookdc45e1ee3a,1068313
/pankajprathi/titanic,1068308
/huangzhuangzhuang/notebook8c637858e0,1068273
/machineloving/notebook74dfff8539,1068270
/weiyang7545/predicting-fraud-with-tensorflow,1068252
/kimyp80/notebook8a42f28cc3,1068244
/weiyang7545/using-re-sampling-methods-to-produce-balanc-aa2160,1068240
/weiyang7545/using-re-sampling-methods-to-produce-balanc-4d0473,1068237
/swarajkumar/notebook69deb2a4de,1068225
/justinma/notebookb796797169,1068208
/dksush/notebookb3738dadf8,1068166
/hconner2/notebooke6af6bb0d1,1068144
/hconner2/notebookd058ba22e3,1068143
/iskakaushik/notebook8a9c454d02,1068126
/aristedem/detailed-data-analysis-ensemble-modeling,1068123
/nflcoastie99/education,1068121
/rcodin/just-try,1068118
/girishp/notebook2cbeb61559,1068112
/runningyz/notebookef9a995442,1068111
/duncan94/kjhkj,1068110
/nadroj21/notebookee01926267,1068069
/naneja/notebook94b4adfe30,1068030
/jasonbelle/kagglecomp-realestate,1068018
/coffee25/notebookecfdfdec32,1068007
/itsmeneha/notebooke377758e7d,1068001
/swishswish/notebook22a9528e90,1088565
/prashantsr/notebook5c1eb5184b,1067977
/dplearn/notebookbe1171d45c,1067971
/chitang/notebook122f7706b6,1067964
/theclocker/notebook9ba5ef8077,1067952
/jstrat/notebookf1702710d0,1067941
/premshah/notebookfcd805d1a6,1069259
/jorigealz/notebook3cdf4e11aa,1067912
/soubhikbarari/notebooka6b1c73c64,1067907
/jorigealz/notebook7b7f327121,1067906
/leanndehoff/notebook5b49dca8c9,1067905
/staturecrane/sea-lion-coordinates-2,1067878
/lingchiehwei/notebook499795840d,1067855
/aagundez/notebook10fc65d3e9,1067851
/noddabodder/leakage-solution55555,1067827
/barslan/notebook3df93ff081,1067823
/noddabodder/leakage-solution4444444,1067822
/grafs50/notebookca8a72e007,1067816
/ajusevunv/notebookf34d05f86b,1067814
/swombo/notebook30f2795142,1067792
/uniandes20171010/notebookad81e252fb,1067766
/uniandes20171010/notebook6cc5573cb0,1067765
/smonroe86/notebook84ddc9295c,1067759
/donnalarinemoore/notebook97492b6dcc,1067750
/meghananaik/notebookce848699b8,1067739
/noddabodder/leakage-solution11111,1067811
/camandmum22/first-notebook,1067669
/lelandp/notebook2cb61aadb8,1067655
/abverma/cv-statistics-edited-0-5346-score-test-av,1067648
/lelandp/notebook3a83eb6511,1067645
/nskwrk/testroam,1067627
/changchi/redhat-eda,1067623
/ajaythorve/test-ipynb,1543525
/mukundranjan/notebook0b075a5919,1067587
/darthxeth/notebook924f38cbcf,1067582
/kiran13/notebook7b1b3e4e41,1067571
/snezhko/notebook8541a345bb,1067567
/sidhuking07/titanic-survival,1067558
/achetan40/notebookd81debbd88,1067526
/fangliu518/notebooke2ed5f91b3,1067522
/klonman/test123,1067512
/rojre1979/notebookdd43a73adc,1067504
/scatalfo/c9-winrates-vs-other-teams,1067520
/mccroden/notebookfafee30e63,1067501
/nitink12/notebook9c84e78ae9,1067486
/adityark/titanic-problem,1067465
/dawnwages/prediction-problem-starting-out,1067472
/adityark/notebook504cfeba67,1067460
/nagellette/notebook471c74a880,1067454
/alexeylive/a5a5a,1068519
/plarmuseau/forest-cover-type-prediction,1067433
/hillfire77/notebooke44d7386a2,1067425
/hflsmax/title,1067424
/hflsmax/notebook00fe9ab0a8,1067417
/fatmacansuisler/notebookdb0c4c2de1,1067409
/sswan0629/notebookaa6ee408b7,1067407
/sswan0629/titanic,1067405
/arnabdey/nn-kernel,1067399
/ayyyok/abcde,1067381
/bvandesande/test-notebook,1067500
/rickhiram/notebook24c52ceecf,1067357
/jnasingleton/ensemble-of-4-models-with-cv-lb-0-11489-js,1067328
/hvp4259/notebook2ee4a38a36,1067326
/reemaronge/notebook5fb0112945,1067314
