/guillaumej/notebookbd8d7cd384,902745
/sgkamal/principal-component-analysis-of-pokemon-data,902732
/alexyao/notebookde0a5213f0,902728
/merakzz/notebook7fb511fe0b,902715
/pavan4/first-pass-through-data-w-3d-convnet,902688
/anki08/improve-perfomances-using-manager-features,902652
/nandachavakula/data-visualisation-for-ipl-datasets,902642
/balabushka/support-vector-machine-detail-analysis,902632
/abdullahts/notebook443d3ad809,902617
/sbysiak/python-data-visualizations,902574
/zhikhe/how-to-read-datasets,902508
/maripqz/notebook9c53fc6a59,902499
/pavan4/full-preprocessing-tutorial,902478
/dmukundi/first-data-interpretation-correlation,902477
/paujon/notebookaa46462000,902341
/aymenj/notebookff8d7ddcdc,902303
/akerlyn/notebookabf8f2b60b,902283
/nlk511/fork-of-exploratory-and-predictive-analysis,902274
/nimcom/notebook1450c936fc,902270
,None
/ipercy/get-started,902328
/blargl/notebook985d3c3978,902209
/willcheu/notebookc04e151f51,902204
/richardos/usa-aviation-accidents-happened-at-same-location,902202
/umadharuman/eda-uci-credit-card,902186
/yffuds/first-pass-through-data-w-3d-convnet,902160
/amykoh/a-journey-through-titanic-da076e,914296
/atuljjoshi05/full-preprocessing-tutorial,902119
/xiangdeng/notebook90e7041173,902106
/iangarrett1/notebook5ed087f5b4,902101
/sonderella/fork-of-poisonous-or-not,902088
/davinnovation/regularized-linear-models-e2f476,902069
/youngfire/notebook3b54719a44,902066
/prettycat/e-mail-categorization,902054
/blanchkj/notebookc839253552,902052
/aviviliu/notebookb5477712dd,902048
/blaviale/hitting-the-jackpot-accumulator-betting,1489733
/jspaine/notebookd8db2525fc,902019
/hachangho/notebook36bffe5858,902012
/danarc/message-spam-detection,901988
/ljvmiranda/notebook3db02e3d62,901985
/ariffyasri/notebook7f124bcdca,901968
/u4000d/notebookdbec47126a,901811
/vamsigrandhi/notebookc8e65587f4,901801
/xuziying0618/introduction-to-ensembling-stacking-in-python,901799
/clasher/notebook1b2d9e0f70,901796
/qarije/notebook2c812e9a5a,901790
/filiposu/notebook51bae9afc1,901788
/qarije/notebook92d89366fe,901787
/mizioan/fork-of-python-mice-regularized-linear-models,901765
/boiior/titanic-data-science-solutions,901755
/stegel/the-biggest-impacts-on-name-popularity,901743
/lucasg/notebooke7eeeb43a1,973401
/boiior/exploring-survival-on-the-titanic,901700
/vanjacksing/titanic-data-science-solutions,901673
/frankhy/tensorflow-starter-kit-fixed,901624
/bobbin28/hr-explore-predict-rf-who-to-quit-the-job,901608
/schwalski/notebook6955c520f7,901599
/bobbin28/3-ways-to-leave-your-employer,901576
/bobbin28/titanic-data-science-solutions,901562
/kuchi428/notebookb26e8153ce,901551
/qianshui/tensorflow-convolutional-neural-network,901560
/frankhy/catdognet-keras-convnet-starter-b56cbb,901520
/weilai/finding-boatids,901516
/weilai/notebookdc229a5db5,901494
/ykkwon/support-vector-machine-detail-analysis,901473
/rameshmalinda/a-journey-through-titanic-d91e8b,901469
/rameshmalinda/a-journey-through-titanic,901461
/albertliu/first-try,901418
/gynagy/first-data-interpretation-correlation,901417
/abner0908/a-journey-through-titanic-100fdd,901398
/amykoh/a-journey-through-titanic,901375
/prikberry/notebookf034dcf98f,901343
/peterabdou/notebook84b50ddea4,901309
/peterabdou/learn-about-a-patient,901287
/matthewfitch23/notebookd2fcea4db9,901261
/aliceramos/notebookd9c6fade88,901252
/cwd251/regularized-linear-models,901240
/peterabdou/learning-from-pre-processing,901204
/cwd251/notebooka25635ec9f,901181
/uditsaini/xgboost-auprc,901155
/uditsaini/sms-spam-detection-with-various-classifiers,901132
/zhouangjun/keras-cnn-with-explanation,901106
/millerzzs/notebookc038acad6b,901081
/micheleusuelli/nlp-and-deep-learning-fc62fe,901068
/ramanamurthy/notebook83385c8bf0,901054
/tastevin/notebook25db9d0391,901052
/andriuss/introduction-to-ensembling-stacking-in-pyth-286199,901003
/dauletkali/notebookce813e004e,900990
/janlcy/cats-vs-dogs-lasagne-convolutional-network,900982
/uditsaini/new-car-sales-in-norway-eda,900977
/avklesh/nn-through-keras-copied-mod-shuffle,900967
/marzoukerberg/submission10,900955
/manyam0106/titan,900943
/manyam0106/notebook9fe32702a2,900901
/kagglehh/notebooke1c62cb87d,900885
/citizenzero/no-show-appointments,900884
/ramanamurthy/notebook0e002dfe05,900833
/citizenzero/notebook3d0987c366,900814
/marzoukerberg/test-pou-0-6,900792
/attafosu/comprehensive-data-exploration-with-python,900776
/agnimon/notebook6996cd6f77,900741
/kazukit/notebook22fda840ea,900737
/vavbrs/xgb-starter-in-python,900729
/bhushanthorat3110/world-development-indicators,900709
/kevinjoe/data-science-bowl-2017,900672
/kevinjoe/notebooke9c2abe80a,900665
/philipxue/a-journey-through-titanic,900660
/inakdwl/two-sigma-connect-rental-listing,900646
/marzoukerberg/lr-pour-le-0-6,900640
/statsvenu1/nips-papers-visualized-with-nmf-and-t-sne,900594
/zfrysrylmz/manifold-learning-and-autoencoders,900585
/marzoukerberg/lr-top-features,900582
/zytzwt/xgboost-feature-importance,900568
/ykmatrix/support-vector-machine-detail-analysis,900539
/cristinuca/titanic-data-science-solutions-65c3db,900512
/rohithguggilla/python-data-visualizations-dc84d5,900510
/jacklone/starter-explore-youtube8m-sample-data,900500
/gouravawasthi/notebook06866b67c6,900475
/daobinhuang/first-pass-through-data-w-3d-convnet-b8ab50,900459
/daobinhuang/full-preprocessing-tutorial,900455
/megemini/a-journey-through-titanic-53be6b,900454
/daobinhuang/first-pass-through-data-w-3d-convnet,900444
/devanxu/first-pass-through-data-w-3d-convnet,900439
/daobinhuang/candidate-generation-and-luna16-preprocessing,900419
/datanerd0/titanic-with-adaboost,900417
/daobinhuang/exploratory-data-analysis,900415
/daobinhuang/the-perfect-score-script,900412
/daobinhuang/loading-and-processing-the-sample-images,900410
/pavelsmirnov/test-fork-from-maxim-mazurok-s-solution,900384
/caovannguyen/improved-lung-segmentation-using-watershed-052b85,900358
/caovannguyen/improved-lung-segmentation-using-watershed,900356
/matan1965/notebookc7adb32ada,900327
/zhizhibaby/exploratory-analysis-and-predictions-5699a0,900269
/abdelhadik/support-vector-machine-detail-analysis,900267
/zhizhibaby/exploratory-analysis-and-predictions,900249
/caovannguyen/first-pass-through-data-w-3d-convnet-594b90,900246
/miningjerry/notebook1b56bd95c0,900213
/reddisanjeevkumar/notebookf82b918f29,900205
/statsvenu1/using-word2vec-to-find-similar-songs,900176
/vvasani/introduction-to-ensembling-stacking-in-python,900153
/ramiazmi/notebook9f8f9e3495,900122
/dileep021/notebook0243b3bb27,900117
/yonzhang/regularized-linear-models,900063
/javediqbal1419/notebook84ff343394,900019
/xd1234/notebook9dbbb47c3b,899955
/xd1234/notebookd382e00ae3,899953
/xd1234/notebookace10c71d3,899920
/anishieh/simple-exploration-notebook-2-connect,899863
/raghav2180/titanic-problem,899860
/jameshvk/stacking-starter,899828
/jameshvk/pca-and-regression-2e6ff0,899826
/thedark/notebook8733ef3c14,899824
/datanerd0/a-beginner-s-approach-to-classification,899821
/venkatgj/notebooka5f7415f90,899816
/datanerd0/knn-from-scratch-in-python-at-97-1,899813
/datanerd0/manifold-learning-and-autoencoders-c0dbf7,899802
/swatisiri/a-journey-through-titanic,899793
/datanerd0/interactive-intro-to-dimensionality-reducti-1d1aec,899792
/datanerd0/digit-recognizer-in-python-using-cnn,899788
/datanerd0/tensorflow-deep-nn-001e5d,899786
/usatie/titanic-test-py,899783
/datanerd0/titanic-passenger-survival,899773
/datanerd0/study-of-tree-and-forest-algorithms,899772
/datanerd0/kaggle-titanic-001,899768
/chanmul/the-perfect-score-script,899758
/megemini/a-journey-through-titanic,899734
/jackyang7474/the-perfect-score-script,899704
/aiwagan/starter-explore-youtube8m-sample-data,899638
/vchiluvuri/titanic-best-working-classifier,899632
/dhaehn/notebook6f4610c817,899630
/jngu14/notebookfa9209a173,899626
/shamurangaiah/simple-exploration-notebook-2-connect,899594
/piercingdan/notebook4d9fcb16fc,899570
/widjettyone/secret,899523
/warheads/notebookac5d5dbfb1,899497
/somrikbanerjee/notebook40818a85d8,899479
/devanxu/full-preprocessing-tutorial,899473
/vamsikp/support-vector-machine-detail-analysis,899469
/krishnaparvatha/ranregone,899703
/guopenghua/notebookd1104bd720,899414
/megemini/titanic-data-science-solutions,899403
/demetripananos/notebook60fd868d23,899342
/devanxu/python-nltk-sentiment-analysis,899324
/krishnaparvatha/randomtitanictwo,899719
/jychstar/notebook54073d8e53,899287
/devanxu/support-vector-machine-detail-analysis,899280
/yananwu/simple-exploration-notebook-2-connect,899278
/luudactam/support-vector-machine-detail-analysis,899261
/trqj999/introduction-to-ensembling-stacking-in-python,899241
/cpruce/full-pipeline-demo-poly-pixels-ml-fd80a4,899226
/rainmanbj/introduction-to-ensembling-stacking-in-python,899218
/rainmanbj/titanic-best-working-classifier,899202
/shalmali/data-exploration-and-visualization,899194
/leeyj27/notebookf40d8d2a48,899145
/origamiwolf/message-spam-detection-8ac75b,899123
/zaighum47/notebook135b554cbe,899110
/anbuaadhi/my-first-experiment-with-datascience,899217
/hero007feng/explore-mooc,899068
/cjwker/digit-recognizer-in-python-using-cnn,899050
