/micio1970/notebook6a82ed3983,1004645
/thirupathipattipaka/movies-analysis,1004642
/bryanwhiting/five-three-eight,1004634
/bryanwhiting/new-script,1004623
/arthurtok/test-01-two-sigma,1023997
/adamtache/notebookf5e6e73b48,1004552
/vigneshjothiselvaraj/fork-of-fork-of-fork-of-preparing-data-for-predict,1004523
/mabnote/notebook798804e4d1,1004518
/othmanesmyej/notebook5b7b1d2c41,1004513
/snowgushi/notebooka276a5c97f,1004509
/peteryim/notebook5bacce91cb,1004508
/andy12290/notebook99a1f8ac91,1004491
/andy12290/notebookd7f21771bd,1004488
/jiangchanglong1991/notebook5f065b691a,1004486
/belopheron/notebook81be10f4ea,1004457
/belopheron/notebookc52695baf1,1004455
/belopheron/titanic-v0-1-0,1004446
/atreyee/notebook87e4506edb,1004409
/tessa0709/notebookd17c8a2743,1004373
/gosuddin/k-fold-validation,1004453
/timmyneutron/notebook19045ba7bc,1004362
/michaelkang/notebook9490834077,1004348
/ytsai43/notebookd2c5160971,1004345
/golthitarun/notebook0b6716e1ac,1032652
/rednoselounge/notebook8b00c9b0d5,1004323
/cgomes/notebook8be4a2cd6d,1004712
/antonypadmaraj/multiplemodelsgenderrecognition,1004300
/adeeonline/notebookca59d0e66d,1004296
/ajleeman/notebook9bd92b942f,1004295
/chawlav/notebookc51ab676a0,1004288
/brteja/notebook35dcb75c0e,1004286
/codebender/where-is-the-new-data,1004962
/catiep/notebook7be099ed6f,1004256
/lyy326/notebook400dc9a041,1004246
/angieaguilar/notebook59b4ebb337,1004224
/hanchao/titanic-first-try,1004338
/hanchao/notebook8063651484,1004213
/songyh6320/titanic-binary-classification,1004209
/mattchr/notebook80d290447e,1004158
/sylvesterchiang/notebook1579bd4e2b,1004114
/hernanlee/notebookf72ff8afd0,1004100
/totalbro/myallstate,1006652
/lilythedataprincess/notebook995e2e0537,1004090
/skrekas/notebookfaab01b6d3,3259706
/atkr323/notebook6ae7b5f43c,1004052
/tenormanchilli/tensorflow-for-titanic,1004051
/hydenli/detection-driver,1004056
/hydenli/notebooka7817449d8,1003977
/sairohit96/testing,1003952
/brianon99/notebook95c2e7dfaf,1003927
/ritsyelsa/notebook346d82d8d2,1003918
/anitarau/notebookc061ea32aa,1003912
/maheshd/titanic,1003906
/s1lv3rf0x/notebook9bee82ca23,1003856
/aachandler/notebook31c5665c22,1003825
/bissben/notebook60c988305e,1003750
/wirehack/notebook01ce8284bf,1003738
/arahif/notebooka3c092def1,1003712
/nenuon/notebook933c013535,1003704
/jianyu/notebookb546705738,1003699
/baukjestienstra/rtitanic,1003757
/baukjestienstra/notebook47659fabb0,1003690
/gregspringett/notebook80091fc4f1,1003685
/inesnumi/notebookd59b4237a8,1003651
/greenreddy0/notebook9065fc1a3e,1003636
/dkniazev/notebooka1c1814f37,1003638
/dancolestock/notebookc970e8bfc8,1003629
/tirthsangoi/notebook4db4ee38d7,1003624
/smalav97/notebook265096922b,1003621
/madhukondaveti/notebookb85ca4ecf0,1003596
/maimiqin/exploring-survival-on-the-titanic,1003587
/georgem/bigtest,1003572
/zyf873753/notebook9324d874bb,1003513
/jonghopark/notebook70ac7ca270,1003502
/anitarau/top-3,1003487
/wupeng2017/notebookbe3927eb76,1003474
/jgomezromero/myfirst-test-titanic,1003422
/pagewang/notebooka7906217a1,1003393
/niels4/notebookb4e02ba3c0,1003392
/tigertiger/let-s-go,1003407
/prateek0608/comprehensive-data-exploration-with-python,1003361
/igwilson/notebook506d02cb1e,1003351
/chawlav/notebooke7c0a52943,1003443
/pavanraj/notebook9c8d04c6a7,1003303
/stefanon/notebook80eeb9b138,1003273
/xyqmichelle/notebook884617b76a,1003270
/adityajain93/test1,1003247
/igwilson/notebook739aefaf95,1003241
/assasgenius2/price-prediction,1003204
/anandpareek/library-randomforest,1003195
/foogeenie/notebook9884b627d6,1003166
/aveekroy/notebook914d2f96d3,1003165
/lingarajs/notebooke2568587db,1003154
/enigmali/notebook5ebdf78abf,1003099
/hackerkid/notebooka721ebe98a,1003076
/ballsten/notebookd6b905d3da,1003050
/tartieres/notebooka9a860b2cf,1003049
/eggplantpie/notebook0cff6b04d2,1003004
/mukundranjan/notebook190d4ac020,1013610
/gauravsatav/exploring-survival-on-the-titanic,1002963
/robinxu2000/script-kernel,1002952
/ignace/notebook9ba6ec1a8b,1002869
/aleczhang13/notebook2fd486cdc6,1027808
/cherie123/notebooke0cceeb330,1024311
/sundow/notebook842b7449c1,1002782
/robinxu2000/titanic-data-science-solutions,1002779
/mcreddy91/rolling-in-the-deep,1013961
/freefrog/5-alphanumeric,1002760
/hasangam/notebook5881893343,1002752
/meetika/notebookc67527b5b4,1002735
/codetradr/notebooke6f579700f,1002694
/pauldeepakraj/notebooke90179383c,1002680
/joseph2017/happydd,1002671
/mmxhm94/notebook0b34da0762,1002695
/lilukaggle/myfirstscript,1002729
/sanazb/notebook3f45a247b2,1002627
/meghananaik/basic-variable-exploration-of-the-iris-dataset,1047821
/kyb11111/tatinic,1002613
/kyb11111/titnic,1002609
/mindcoder/titanic,1002588
/wgtamg/notebookaedb8dd968,1002581
/bissben/notebook279cda2475,1002561
/kyb11111/notebook0e7019f334,1002533
/aarti1/house-prices-regression-and-bagging-techniques,1007759
/mlkaggle/xgb-1114,1002523
/maniagary/notebook689960bffb,1002514
/bellis1/dicom-learning,1002513
/iamdeowanshi/app-py,1002511
/abbyneill/abby-s-titanic-kernel,1002510
/tankinhbui/test-01,1002501
/joan37/notebook71733dce16,1002500
/syednasar/exploratory-study-on-ml-algorithms,1002499
/alvindaiyan/my-new-titanic-script,1002468
/yangruipis/notebook603ba5d012,1002460
/yangruipis/notebook90e06964f0,1002455
/plum356/notebooka819191095,1038846
/plum356/notebook427cc843b7,1002410
/yangbill/firsttest,1002400
/songwhu/notebookc4845b853b,1002374
/plum356/notebookbfff90dfd8,1002365
/rubydave/notebook6da1aa5a2d,1002361
/asangawick/notebook14be6a7d1b,1002360
/asangawick/notebook2aa2aabe44,1002352
/adityaroyal/exploratory-study-on-ml-algorithms-2dbdac,1002351
/viktorng71/notebookabf1ca43d0,1002348
/songwhu/notebooka7583de37e,1002341
/andrewsinclair/titanic,1002294
/pradyuth/notebook3e70709322,1002276
/koko31/titanic-trials,1002772
/joesph/fork-of-price-prediction,1002229
/atharvafulay/test1,1002254
/mchirico/vehicle-accidents-blizzard-of-2016-map,1004069
/elishay/titanic,1002183
/windaw/notebook0e8660565b,1002172
/roberthuynh/testing,1002154
/creptio/notebooka302909a89,1002136
/noelhym/first-script-of-noelh,1002130
/born2data/python-xgboost-starter-0-209-public-mcc,1002127
/zac401/zl-firstscript,1002118
/ngundotra/djiastock,1002110
/shaileshrathi007/notebook8b093bb4de,1002095
/luizhenriquesoares/notebook5c8459547c,1002092
/joesph/notebook65c1772600,1002078
/gdineshonnet/hypothesis-testing-and-predictive-analysis,1002069
/manifestlife/notebook2ac2ae50d8,1002064
/manifestlife/notebookb5bd9c5a39,1002062
/yz5548/notebookd8c06bc6e1,1002061
/mediocrates/notebookfad20c1ade,1002057
/neela23/notebook04d79f561a,1002056
/audelia/fork-of-regularized-linear-model-maj-audeli-9cab7f,1002026
/flerchy/notebook219d57e4f1,1001994
/kmiegs/notebook737b4629bc,1001986
/assasgenius2/fork-of-data-retreatment-linear-regression-52de44,1001985
/angiezyq/notebook44b094fd91,1001960
/thejohnbackes/notebookbd6000de17,1001954
/assasgenius2/fork-of-data-retreatment-linear-regression-v3,1001948
/teenvan95/notebooka8bec0a955,1001919
/teenvan95/notebookce9ac75505,1001912
/boyuan86/notebook17a5d40f40,1001907
/shawnxu1318/notebookc42f0337df,1001876
/sudonuma/notebookbfb6146a27,1001861
/sancor/prueba-sys,1001842
/singularity2045/titanic-test-exploratory,1001905
/vivekgopi/notebook9e43102c0a,1001802
/opsraven/notebookd7d3024593,1001799
/opsraven/notebook7de5a1407e,1001797
/opsraven/tests,1001796
/revster/trial,1001821
/mrbeeblebrox/test2,1001749
/amunnelly/notebooke69de91f5e,1001747
/zcapboo/tests,1001715
/stoutalex/notebookb24ead2187,1001703
/conniedang/notebook1e421b8e50,1001691
/anguswilliams91/first-kernel-titanic,1001681
/georgem/ansax2,1001917
/yannsar/test-titanic-1,1001635
/amitabha/notebook9bf90594a3,1001629
/tomnesbit/notebook2c2ed504be,1001628
/druidh/notebook82a4546eed,1001622
/piecurus/notebook3b28e535c0,1001599
