/takayan4/titanic,1872839
/nitin360/perceptron-algo-for-iris-dataset,1872751
/michaelheery/notebookb01a42b95a,1872696
/nath93/fork-of-5-day-data-challenge-day1,1872632
/svinthe/five-day-data-challenge-for-beginners-day-one,1872461
/jtanquil/data-challenge-day-1,1872431
/marypoppins/titanic-example,1872235
/darkanita/regression-challenge-day-1-409631,1872038
/darkanita/fork-of-5-day-data-challenge-day-1,1871953
/withsnaveen/5-days-challenge-day-1,1871869
/fuqiuai/pca-svm-in-sklearn,1973324
/fsaidmur/5-day-data-challenge-day-2-try-3,1877629
/gabrielsig/5-day-data-challenge-day-1,1876656
/fsaidmur/5-day-data-challenge-day-1-try-2,1871273
/srowell/regression-challenge-day-1,2090070
/kookaloo/5-day-data-challenge-day-1-python,1871042
/chunfeixu/my-5-day-data-challenge-chunfeixu-day-1,1883358
/nnnnnem0j/5-day-data-challenge-day-1,1870955
/jeannettetang/5-day-data-challenge-day-1-introductory,1870801
/mgibson23/5-day-data-challenge-day-2-r,1871606
/jbacal/5-day-data-challenge-day-1,1870668
/vishesh95/5-day-data-challenge-day-1,1870295
/saywoot/5daydatachallengeday-1,1877691
/aarchsk/5-day-data-challenge-day-1,1869846
/morenull/5-day-data-challenge-day-1-python,1870200
/tuliorc/classification-models-for-hr-analytics,1870192
/leonpaul93/initial-eda-and-memory-reduction,1869571
/moenl742/5-day-regression-challenge-day-1,1869431
/bitroy/mlb-top-hitters-2017-5-day-challenge-day-1,1869687
/bitroy/day-4-bar-chart-of-categorical-data,1897125
/rafaelchourio/5-day-data-challenge-day-1,1869472
/sawoff/fun-beginner-friendly-datasets,1869172
/bondmanu/5-day-data-challenge-day-1-python,1869078
/vikasanand1980/5-day-data-challenge-day-1-va,1903537
/shankarjee/titanic-prediction-well-my-titanic-lifeline,1869016
/kakurathi/getting-started-in-r-first-steps,1868950
/bilqiis/fork-of-5-day-data-challenge-day-1,1868817
/engsalas/5-day-data-challenge-day-1,1881569
/rirodrig/5-day-data-challenge-day-1-python,1869144
/bondmanu/5-day-data-challenge-day-1,1869053
/amritasave/python-5-day-data-challenge-day-1,1887716
/ecodan/user-logs-summarizer,1868472
/georgesturrock/regression-challenge-day-1,1868457
/raffaella17/challenge-day-1,1868360
/ermoore/regression-challenge-day-1,1868211
/rathorology/titanic-from-start-to-finish,9876826
/larika/day-1-challenge,1881921
/cenzoviola/5-day-data-challenge-day-1,1869656
/claudiovalim/fork-of-regression-challenge-day-1-5daychallenge,1868291
/hemanthkumargadi/fork-of-regression-challenge-day-1,1884444
/windytorgerud/5-day-data-challenge-day-1,1867227
/vedantpawar/let-s-analyze-cereals,1884681
/vamsitangutoori/5-day-data-challenge-day-1-vamsidhar,1867068
/meenaliyer/5-day-data-challenge-day-1,1867050
/leo1138967/fork-of-leo1-5-day-data-challenge-day-1,1867009
/freezback/exploratory-analysis-zillow,1866568
/lostlucidity/5-day-data-challenge-day-1,1866535
/laudeon/cnn-w-mnist-like,1876419
/mxolisi1/5-day-data-challenge-day-1-python,1967314
/sarathydw/5-day-data-challenge-day-1,1866153
/meenasirisha/fork-of-five-day-challenge-day1,1866140
/malgamves/happiness-report-5-day-data-challenge-day-1,1866045
/aithavenkatesh/notebook303efc4023,1866047
/vedantpawar/forestcover,1866062
/yusukesaito0141/regression-challenge-day-1,1865910
/bastienwinant/5-day-data-challenge-day-1,1865742
/vluijpen/datasets-regression-analysis-montreal-bike-lane,1865723
/seroppi/5-day-data-challenge-in-python,1875315
/suebayes/5-day-data-challenge-day-1,1865417
/mingdongt/salary-and-purchasing-power-parity,1865351
/wanhoim/titanic-machine-learning-from-disaster,1865210
/afetisov/titanic-classification-hw5,1865202
/shuchirb/voice-recognition-with-pca-test,1865138
/keii11/notebooke587a0af4b,1865044
/mqayyuumh/5-day-data-challenge-day-1,1865004
/bhavesh09/data-challenge-day-1-right-model-for-data,1864975
/lylofe/notebookcf3c1aa568,1864870
/ayushkush/5-day-data-challenge-day-1-py,1865023
/ayushkush/notebooka47112248c,1887139
/alexandrarp/house-price-predict-76c03f,1864763
/astronomyzhang/notebook13301ed11f,1864706
/rodrigolink/data-challenge-day-1-simple,1902142
/millatidy/5-day-data-challenge-day-1,1864702
/renatabarros/ways-to-prevent-landslides,1864576
/alexandrarp/house-price-predict,1864578
/stalinp/5-day-data-challenge-day-1,1865995
/renatabarros/5-day-data-challenge-day-1,1874378
/fluchi/5-day-data-challenge-day-1-by-fl,1874817
/bhavesh09/regression-challenge-day-1,1864814
/jayashreesridhar/regression-challenge-day-1,1864130
/elanbalu/5-days-challenge,1864084
/shuviru219/regression-challenge-day-1,1866280
/akashdan/notebook304165d5f7,1863776
/luisjc1/5-day-data-challenge-day-1,1870917
/newbee101/pytanic,1863588
/luyangk/5-day-data-challenge-day-1-lego-data-discovery,1863699
/andreybelski/5-day-data-challenge-day-1,1863410
/jayashreesridhar/5-day-data-challenge-day-1-first-kernel,1863296
/lz24707798/the-day-1,1863155
/lz24707798/the-first,1863129
/az5872/adadada,1863140
/jirivrany/5-days-challenge-so-survey,1862944
/makehopelivemhl/titanic-v0,1913073
/olgabelitskaya/5-day-data-challenge-day-1,5348757
/fazallahori/random-forest,1862720
/shilpyp/clustering-fashion-mnist,2200945
/padma2590/notebook6db9451bcd,1861688
/jaeyunkang/fork-of-scikit-learn-ml-from-start-to-finish,6607677
/vgudavar/submission,1861138
/prettyandhuge/ship-brand-cate-rigide,1861118
/prettyandhuge/true-ship-cat-brand-mlp,1861441
/mgibson23/5-day-data-challenge-day-1,1861235
/nklarer/h1b-visa-exploration,1861180
/sabirul/notebook1ff03d6dbb,1859486
/mughairhu/new-mugh,1858928
/siouxcitizen/my-7th-python-on-kaggle,1858738
/azmitrok/palm-oil-production-over-years,1858228
/aparnamakkapati/getting-started-in-r-first-steps,1857571
/yuridias/mushroom-classification-via-several-algorithms,1857528
/nitinpasumarthy/decision-tree-based-solution,1869622
/imrandude/gmm-modeling-use-of-pca-and-autoplots,1913272
/siouxcitizen/my-6th-python-on-kaggle,1858734
/gouravg2/comprehensive-python-and-d3-js-favorita-analytics,1855922
/tushartyagi/all-lending-club-loan-data,1855960
/siouxcitizen/my-4th-python-on-kaggle,1858726
/czar123/image-processing-working-f94bf9,1854792
/pradhan1234/fork-of-c-discount-image-classification,1855712
/zexyz123/tensorflow-cnn-only-6-feature,1854323
/sumedhas/doc2vec-with-keras-0-77,1890524
/aceccon/6-iris-dataset-learning-to-tuning-parameters,1852798
/chrisparker126/mnist-tensor-flow-model,1916584
/zexyz123/tensorflow-code-only-6-features,1851778
/konradk/ml-project,1851629
/danofer/regressing-during-insomnia-3ea24b-v6-fork,1850247
/vpaslay/2-level-stacker-with-log-odds,1853352
/keithmc/knn-from-scratch-in-python,1849883
/hedingxu/digit-recognize,1850117
/hwijongkim/analysis-r,1848825
/shubhs1211/primary-eda,1869865
/tomneeld/mushroom-tree-no-nose-and-weka-tree-compare,1846869
/bijay445/lending-club1,1846099
/kjbviji/clustering-analysis-on-iris-dataset,1845645
/kamalpangeni/mplclassifier-for-digit-recognization,1845594
/arunpirakash/notebookcafb5f049b,1845541
/panda06/data-sciencetutorial-for-beginners,1844962
/adityavcse/mercari-simple-rf-regressor,1844887
/vprincekin/titanic-data-science-solutions,1843903
/noklamchan/understanding-the-data-table-relationships,1843563
/qq1034616238/data-sciencetutorial-for-beginners,1843230
/vichuinweb/notebook5ee8d0b120,1842721
/vichuinweb/notebook9d83b39ae3,1842700
/z360477933/notebook0f99449a14,1842659
/divyashaagrawal/terrorist-attacks-in-united-states,1842656
/leedong/notebook56174cd273,1842361
/prettyandhuge/notebook70dc216453,1842390
/dhaval117/first-attempt-at-model-after-dansbecker,1843621
/lightkuli/titanic-data-science-solutions-940d4f,1841874
/andyxie/tutorial-numpy-indexing-and-slicing,1841388
/ravircit/data-sciencetutorial-for-beginners,1841247
/andyxie/ldsc-pandas-indexing-and-slicing,1841172
/sachid/education-series-1-numpy-basics,1841103
/schwery/brandonsroncbriang-a2-notebook,1849248
/alex09fc/titanic,1840895
/jgregs/titanic-basic-analysis-and-introduction,1840431
/aceccon/5-iris-visualization-of-svm-boundary-decisions,1839810
/xuanzz/stacked-regressions-top-4-on-leaderboard,1839954
/jihyeseo/dbf-file-into-pandas-dataframe,1838997
/jxvmiranda/similarity-checking,1838984
/jihyeseo/javascript-most-popular,1838788
/abhishekpokhrel/principal-component-analysis-of-new-york-city-data,1838743
/magdalenawojcik/averaged-xgboost,1838790
/datamin2017/why-employees-leave-and-how-to-predict-it-bed1be,1838383
/b2vivek/getting-started-in-r-first-steps,1838170
/leilitum/read-bson-file,1838589
/anettkl/notebook7fd7ae1846,1837281
/lclpku/baseline1,1836315
/lclpku/baseline,1836090
/arvindrama/titanic-survivor-logistic-regression,1863397
/sumedhas/basic-lstm,1895984
/christophriley/getting-started,2872643
/ywang311/lstm-sentiment-analysis-keras,1849580
/gustavolcorreia/notebookcf391f6cdf,1833580
/daiyaharsh90/data-sciencetutorial-for-beginners,1840843
/aceccon/4-iris-dataset-understanding-knn-parameters,1832350
/skbergam/test-publish,1831999
/ehsanfathi/notebook836da9ae55,1831375
/rheerhee/speech-dataset-exploration,1831891
/hanshv97/meie-andmet-tlus,1830915
/yahyatai/easy-python-tutorial-basic-for-beginner,1830752
/zeyichao/get-top-8,1829511
/ackshay/prediction-done-using-knn,1828896
/fwang18/some-basic-concepts-in-voice-recognition,1828785
/rainversion3/visualising-decision-boundaries,1884796
/emjosh13/joshuas-code,1830902
/yanchao727/pretrained-inception-v4-0-2-pl,1828515
/alexandrarp/titanic-predictive-model-3-features-81-59,1885191
/faisalmaqbool/loanstatus-classification,1827260
/sousagiovani/the-5-day-challenge-day-2,1827125
/nksheridan/keras-tf-lb-0-18,1827045
/cassion/lives-survived-from-titanic,1916332
