/jiangh52/regularized-linear-models-c3dd3122,585951
/aolejnichenko/notebookddf58efb25,585869
/vfdev5/fork-of-santa-quick-look,585772
/vincet/a-journey-through-titanic,585708
/markwell/ufo-reports-in-united-states,585637
/chengde001/fork-of-traffic-fatalities-in-2015,585561
/sreenivaskalahasti/achieving-100-accuracy,585504
/jesusrenero/a-comparison-of-few-ml-models,585442
/sharad3032/notebook2bbe9fe639,585436
/dhavalmodi24/notebook158214f343,585432
/yuan296103/notebookc2857aad5c,585390
/ryanhoward/a-journey-through-titanic,585378
/berendjansen/presenting-seven-classifiers,585347
/akshatt94/notebook6f0a17e260,585285
/yaoyi1992/notebookb843e0ca4a,585280
/justvidyadhar/notebook81f5e15e65,585199
/waghkunal93/notebookf41d62c0d4,585197
/qianglyu/notebook31332d7986,585093
/frovvn/traffic-fatalities-in-2015,585076
/rissonyao/notebook5765c8de1c,585038
/marquis08/draft,585014
/richardlui/principal-component-analysis-explained,584975
/yuanchima/house-price-prediction-part-2,584969
/mylive0203/plotting-all-data,589483
/jashojit/notebook68cd4bf643,584963
/yuanchima/house-price-prediction-part-1,584961
/prasenshah/notebooke333833a46,584958
/munmun1333/fork-of-notebookaf38da9e0f,584952
/josegzz/exploring-products,584931
/yoichi7yamakawa/testyoichi,584857
/bhargav265/notebook4772f057ce,584856
/liaojosi/hello-keras-cnn-l-b-1-4-b7328d70,584850
/xiaohano/notebookeb67013182,584820
/hychun/nips-analysis,584811
/vinayendra/notebookfe2c16ae55,584767
/jianyiyang/titanic-0-79-score,584750
/josegzz/lasso-model-for-regression-problem-44862650,584749
/vinayendra/notebook2ceb868acf,584748
/josegzz/lasso-model-for-regression-problem,584747
/shehebe/absabs,584985
/munmun1333/notebook6ea7af22a4,584736
/kingalez/notebook5a8be08272,584695
/no10n1/regularized-linear-models,584673
/prudhvipulipaka/notebook0583c34af0,584670
/bhairavm/test-bjm,584644
/dengzhen/in-depth-skewed-data-classif-93-recall-acc-now,584643
/jiangh52/regularized-linear-models,584626
/hsuxavier/notebookfb5c509f1d,584614
/yasasa/notebook13918e28ee,584611
/yange1/lasso-model-for-regression-problem,584609
/hsuxavier/notebook443e347b4d,584601
/keerthanamohan/explore-enron-a487c46c,587001
/yjaya12/explore-enron,584563
/keerthanamohan/explore-enron-2652283a,584559
/plus1second/support-vector-machine-svm,584524
/plus1second/principal-component-analysis-explained,584519
/huiyan/notebook8538dab3b0,584496
/chessmate/traffic-fatalities-in-2015-5af68725,584419
/chessmate/traffic-fatalities-in-2015,584415
/mattskone/notebook0e3bf7021f,584372
/madhulika189/notebook4990ae15c0,584330
/prakashverma/notebook1222f6c643,584317
/armandli/notebookdb22cffb27,584281
/mileskrains/notebook6d83f122ed,584244
/alexlu/notebookf17b14874c,584195
/musasi65/notebookc05f8097ae,584183
/k777777/notebook3ba5b36af2,584176
/rivasj/this-is-a-test,584181
/andy12290/simple-eda-feature-transformations,584134
/ncoolidge/notebook942cf913bd,584130
/skywalkerhc/titanic-best-working-classifier,584110
/oscarriddle/a-journey-through-titanic,584081
/jshih7/fork-of-car-price-prediction-013bb904,584043
/jshih7/fork-of-car-price-prediction,584035
/yaohuantong/exploring-top-500-cities-data,584001
/atwoodduan/notebooke577a7df2f,583978
/stephenkinser/notebook11a66d76c0,583951
/jayanayana0/notebookf1ee81738d,583943
/charleschanlee/notebook07a85bf448,583937
/yarufu/notebook925ed74b8a,583933
/charleschanlee/titanic-survival-tree,583932
/bankhv/my-scr,583743
/cubmask/player-characteristics,583738
/quej07/myfirstforest-py,583720
/kanabo/python-data-visualizations,583714
/rgozun/notebook51ee541c80,583702
/lingcheng/notebooke32e2ff871,583696
/stevende/notebook22220088b8,583673
/angelonardone/testangelo,583555
/ultradot/notebook2df7db918d,583550
/lepicaut/notebooka1887db160,583509
/lfiaschi/notebookc1ccbc9036,583442
/xuwh02/tensorflow-deep-nn,583427
/xuwh02/knn-from-scratch-in-python-at-97-1,583425
/mkatsimpris/notebook1ce7b0c657,583393
/hoodpanther/notebook54c58cbeb7,583371
/janekberger/notebook95af3d4206,583336
/garryduff/global-terrorism-trends-animation,583264
/yayson/polygon-transformation-to-match-image,583191
/cjachelski/babies-named-benjamin-over-time,583109
/toover/notebookc6374696a3,583056
/ssusie/notebookc7d064b3c2,583047
/benhamner/notebook605ed1923f,583028
/demetripananos/fork-of-mentally-ill-fatal-shootings,583002
/talsag/house-price-data-exploration,583000
/nishantisme/notebookfeb8cfca21,582866
/furita2/notebookf064c0691a,582813
/onkalcengiz/house-price-test,582805
/pneelamr/notebook36fee083ab,582745
/onkalcengiz/linear-regression-for-house-price,582735
/chopivy/notebook79e2ebcea2,582714
/berkju/titanic1,582676
/kaandemirel/digitrecognizeriron,582675
/reedayoungblood/python-data-visualizations,582667
/zerozero/fork-of-quick-gdal-checker-c4ea0a28,582665
/lamdang/notebook9113a5572f,582626
/handiandi/notebookeb1e2a6d09,582619
/benhamner/tsne-visualisation,582613
/mubashir2/notebook5798be19dd,582575
/dbsnail/airbnb,582552
/nitinvijay23/k-nearest-neighbour,582544
/oleg78/a-journey-through-titanic,582521
/benhamner/notebook8b433acfb8,582506
/nitinvijay23/naive-bayes-multinomailnb,582487
/f2ostie/shapelets,582484
/dadoes2/test2,582453
/alangham/detailed-cleaning-visualization-python,582443
/gfilla/trueskill-for-kitefoil-rankings-by-race,582439
/graham1352/notebook0190b5f2c0,582430
/lamdang/notebooke6edd3af25,582354
/annacarolinabarros/meu-script,582335
/vayila/hr-analytics-with-99-accuracy-using-random-forest,582334
/stealthq/test1,582460
/tylerwince/a-journey-through-titanic-c36bdca2,582213
/stealthq/notebook30bd467029,582190
/mehrshad/catdognet-keras-convnet-starter,582171
/vishnu001/a-journey-through-titanic-d30cda06,589174
/ranjanmaji/support-vector-machine-svm,582106
/architgarg1515/map-of-temperatures-and-analysis-of-global-warming,582055
/kembles5/notebooke7321d1c16,582034
/shixw125/testy,581952
/pgorni/ames-house-predictions,581934
/jangho/create-dataset-with-tensorflow-d915e134,581925
/ancientgeek/test1,581845
/thomas2/support-vector-machine-svm,581844
/bnasuti/traffic-fatalities-in-2015,581838
/dimonermolaev/notebook2e2cd457ee,581819
/dicksven7/polygons-over-images-and-5x5-mosaics,581770
/twarakavi/feature-extraction-from-images,581740
/wssholmes/notebookfed149c11f,581727
/tangyao0792/a-journey-through-titanic,581722
/alangham/notebookdbfe9e0662,581684
/arnauddelaunay/notebookf4a6081342,581676
/okideal/a-journey-through-titanic,581659
/wjddn1801/notebook6ff9c31111,581572
/gm1234/notebookb0b2086229,581568
/pablomonleon/exploratory-analysis-of-montreal-bike-lanes,581542
/uzmaiffat/notebook1bbe0ee75e,581537
/mindmi/99-accuracy-with-simple-tree-models,581488
/myst812/sklearn-try,581651
/bretthandrews/titanic-v1,581440
/prakritidevverma/titanic,581389
/irrwitz/intro,581370
/irfaandomun/notebookaeb43953d9,581336
/njuysen/rf-features-importances,581335
/nizhikebinesi/titanic-best-working-classifier,581321
/clusterduck/first-run,581310
/vtsing/notebookb05ec157bf,581307
/vtsing/notebookc397b13360,581306
/vtsing/notebooka54d3cd86e,581304
/dschwertfeger/notebooka772d9fd83,581279
/jeancharlesnaud/notebooke8485ff237,581269
/s7uff3r/keras-sample,581263
/dumplingli/notebook186ffb754f,581262
/mingze/notebookb71e79af8e,581256
/jtowler/plotting-example-gift-weights,581245
/ghochard/notebook8dfba53922,581140
/ghochard/model-benchmark,581136
/hoondori/catdognet-keras-convnet-starter-9ce08465,581132
/jtowler/santa-s-gifts-estimated-weight-and-bin-packing,581120
/rhart92/notebooke555e2b342,581056
/manohara/lending123,581022
/xfzhang1030/a-journey-through-titanic-d0f11dd3,580894
/kashchenko/notebookde607d8930,580884
/xlock5/hello-tt,580880
/vtsing/the-many-faces-of-6120-2-2,580876
/kcorpse/titanic-ml,580869
/tonydo/notebook1605bb08c3,580863
/mchirico/notebook524dafd971,580862
/cyriljoly/notebook09f774e04e,580784
/rodrigosantis/first-steps-in-eagle-digits-recognition,580745
/dylancui/a-journey-through-titanic,580734
/million/racestart,580760
/mathurinache/ma20161222a,580700
/sashia/notebookad6a90d11e,580679
/dominikp/getting-started-with-the-homicide-dataset,580662
/insight1/notebookb219b15c81,580635
/prajitdatta/notebookc2820db726,580610
/shunonoda/notebook3817e5cc3a,580600
/sivajid/frauddetectionanalysis,580596
