/akshay10/digit-recognition-with-tensorflow,1016782
/vikibytes/notebookde4e82d854,1016448
/runjiet/notebook8fdedb895b,2790411
/lutf93/notebook011a716f2a,1347540
/vaibhav24/notebookd1676bb5e2,1016365
/madhusudhanaithal/notebookdca5df9ec9,1017075
/shubahm/notebook0e4aefaa10,1016331
/nverma22/notebook48398e537e,1019127
/ranlocar/word-match-1,1016705
/facadev/notebook39adedfcec,1019065
/tomohirokoike/notebooka5e883c21c,1024927
/whitneyontheweb/titanic-data-analysis,1178221
/dylanli/notebookbb0b11675f,1213855
/mvishwali28/data-analysis-xgboost-starter-0-35460-lb-242a36,1016060
/alexxanderlarko/fork-of-data-analysis-xgboost-starter,1015962
/davidmercury/notebook015504a0fd,1015968
/michaelkang/testing-out-basemap,1020529
/alexxanderlarko/data-analysis-xgboost-starter,1015952
/azou415/notebooke11af7a306,1015911
/shreemoyeesarkar/data-analysis-xgboost-starter-0-35460-lb,1015886
/bpr1989/notebook67a81c41c6,1015860
/fave87/notebook6c688c8fcf,1017699
/jwegas/data-analysis-xgboost-starter-0-35460-lb,1015780
/caputomarcos/analysis-of-push-behavior-to-github-s-linux-kernel,1015745
/vbandaru/notebooka5e4ca4ce7,1017813
/akilaw/data-analysis-xgboost-starter,1015710
/briantmali/full-preprocessing-tutorial-25f4e1,1015699
/srik789/notebookdc9e26e8a7,1015585
/matlecam/notebookf87528e488,1015774
/shred45/notebooka6fa3d6f7e,1015463
/alexai/defautscript4,1032365
/hgsb10125/notebook281e61dca3,1015354
/rachels/notebookd352fc8fce,1015295
/lukaswarce/who-killed-who-familicide,1015245
/vbandaru/notebook0f9e87de1c,1015370
/chiragarora001/notebook9609a1abdc,1015127
/erikhambardzumyan/notebookf5c62bb3b3,1015082
/valli4/notebook436ad675bc,1015338
/julykaggle/notebookb7468ecfb7,1015263
/scolianni/titanic-kaggletrial-disection,1034928
/dinesh30/notebook4dde62d049,1489024
/keerthip/notebookc6412c630a,1014828
/prashantu/notebook8c40656c45,1014769
/miniwizard/notebooke10ba76206,1015116
/bguberfain/word-match-1,1014836
/deitrich/notebook9dd499f4da,1014746
/edipretoro/notebook20dd761037,1016380
/omeganoodle/notebooka603a26010,1014708
/michwojt/notebookb801e73bbb,1014674
/kmiegs/notebookb649fd0f08,1015924
/fheybati/notebookc3a0718fc0,1016385
/essa786/notebook98ddb51bb3,1014599
/gaobobo/notebook6a6d97129a,1402968
/chinmayg365/a-journey-through-titanic-9527ba,1014494
/abhishekmishra87/full-preprocessing-tutorial,1014485
/bssasikanth/notebook8badaa8730,1014483
/vinotharun89/exploratory-data-analysis,1014647
/ninetwo/fork-of-fork-of-a-journey-through-titanic-d-439e6a,1014427
/anguscc/house-prices-data-exploration-and-visualisation,1014410
/ninetwo/fork-of-fork-of-fork-of-a-journey-through-t-b51ded,1014405
/ninetwo/fork-of-fork-of-a-journey-through-titanic-d8741f-1,1014390
/ninetwo/fork-of-fork-of-a-journey-through-titanic-d8741f-7,1014368
/roboli/fork-of-a-journey-through-titanic-9eb96c-98c739,1014395
/roboli/fork-of-a-journey-through-titanic-9eb96c,1014322
/tranguyen/notebookc0094916b9,1014420
/ninetwo/fork-of-a-journey-through-titanic-d8741f-7b0042,1014315
/ninetwo/fork-of-a-journey-through-titanic-d8741f-6a891c,1014289
/emachado94/fork-of-a-journey-through-titanic,1014273
/kmiegs/notebook92afbf73d0,1014643
/kmiegs/notebook2d0cbbf996,1014242
/geethas/notebooke91b63414d,1523257
/geethas/notebookfdcc28e480,1014222
/somil1992/notebook552586531f,1014203
/chinstan/notebook249b4f3f5b,1014294
/jameswong1234/notebook7a2162477d,1021552
/p14v33n/notebook1aba77e59d,1014132
/mdquigg/global-terrorism-trends-animation,1098254
/adisaputra7/notebook8d80b30d40,1013918
/abhash6295/notebook0fe9ef505a,1202132
/arahal/notebook16e8acf5a0,1013798
/gggggach/notebook2e779990e9,1173198
/woters/exploratory-data-analysis,1013671
/isameer7/notebook8ec9575fb8,1013685
/jagratishivhare/notebook73056def85,1013882
/shreemoyeesarkar/notebook2f99963878,1014181
/tanghao/notebookc5df173d04,1013573
/jagratishivhare/notebooke7c5e5ef6a,1013574
/imsharad/notebook2a4fb4ce59,1013799
/dongzheng/notebook57d6c59426,1013472
/jimmyzou/first-pass-through-data-w-3d-convnet,1013438
/sagarmiglani/notebook2af7446386,1176398
/janestipe/notebook4b6dc84802,1013431
/rohanguuds/notebook38ef6d345b,1013314
/nehabatra/notebookb125666609,1013267
/busishu/notebookdb1f57a921,1013236
/yomizuno/notebook529875853e,1024276
/gautamworah/notebookb924bf00b8,1013180
/gautamworah/notebooke57bca3925,1013172
/hanekanna/notebookfc7bdd302d,1016221
/shreemoyeesarkar/notebook9031c1c508,1014158
/theiceman/exploratory-data-analysis,1013095
/gogocatmario/notebooke21f6982e8,1013214
/ismailej/notebooke47954582e,1049953
/parthib007/notebook3f4d1be7d8,1012963
/wchxu96/fork-of-hello-kaggle,1013370
/lilyjin/notebookd6b734617c,1148662
/satyaprakash1986/notebookbf051434e1,1013741
/errard/notebook324b44c1d6,1012827
/jackyguo77/notebook6025fab1cb,1012976
/ajniggles/notebooke64109f571,1012783
/richardos/notebook7cf381c250,1012780
/cuiyanzhe/notebookf2dce8cdd7,1012757
/jakepalmer/notebook58dbc7dfd6,2115371
/geethas/notebookcc6ac1bb4e,1040613
/errard/who-killed-who-familicide,1012705
/galinamalovichko/notebook37874f005e,1024467
/lepiedpiper/notebook2b4f683cf0,1012343
/oxfanf/notebook2ea89298d9,1012218
/willrenius/an-interactive-data-science-tutorial-d3219e,1012421
/markruddy/notebooke867359dae,1012119
/xueyingzhang/titanic-data-science-solutions,1012075
/rafaelgcpp/notebook581f48dcac,1825783
/debnomics/notebook793bd59f77,1011898
/vigneshjothiselvaraj/pca-modeling-and-prediction,1019859
/dugarsumit/titanic-data-science-solutions,1013889
/mohanareti/notebooke963b13ccb,1011705
/imscientist/notebookae648de1c4,1012322
/deepak94/notebook4278fd7360,1011664
/hamachi/notebookf639d7f407,1012173
/jungwon/notebook4404ca2bfc,1011769
/manfeyn/notebookeafa45c179,1017364
/arpitbansal297/notebook4ea7d1be82,1012042
/jmstone617/mushroom-ml-algorithm-comparison,1011633
/dbsnail/notebookde3f1835f3,1011941
/gsubramanian/notebook74c6a063e2,1011554
/ashogea/notebookb638c99104,1011509
/harmuth/notebook5c188f0f62,1011284
/infoscirocks/notebookd7de06d16e,1011711
/jiangzhiping/a-journey-through-titanic,1011214
/alexixu/notebook2c603e4d39,1011084
/anamika1292/notebookdd8ddb92b6,1011096
/yolandadlh/basic-exploration,1013997
/liyucan/titanic-data-science-solutions,1011060
/songwhu/notebookc6d3db6efb,1014066
/siriuscorp/notebookcb7ebe7afa,1012759
/pradyutparida/notebookc34215648b,1219186
/sebekx/notebook2eb4131a5f,1144352
/amineteffal/notebook27ea38743b,1010965
/joyimusigma/notebook1d576ec5d8,1010941
/frankchen0130/first-data-interpretation-correlation,1013391
/andyhu/xgb-visualizing-results,1010837
/wchxu96/notebook138882a72b,1012918
/namdori61/notebookde7cd5375a,1010690
/usumai/notebook8b99753b9f,1010678
/ming2020/notebookc27bdbd522,1010659
/nickzheng/an-interactive-data-science-tutorial,1010640
/sjch1988/notebookec5fa98f55,1010718
/nverma22/notebook12ca82097c,1013620
/datafleuret/titanic-data-science-solutions,1125713
/sisodiasaurabh22/notebooke4e4652b60,1010565
/scheung/notebookec80e77415,1010516
/kambarakun/notebook09fd6957b8,1054390
/looseleaf0727/notebook627647ed6c,1037774
/ambika04/notebook031d764e41,1010438
/tylerjaacks/getting-started,1010437
/canhunan/notebook6cab630b31,1010413
/veeramuthu/notebookced1822c8a,1011136
/vipyaohaobin/an-interactive-data-science-tutorial-d7edf2,1013294
/shub01iu/introduction-to-ensembling-stacking-in-python,1027432
/ayuk1234/notebook380ab1132d,1010295
/sameerqayyum/notebook2579baab0c,1010285
/yxlrei/notebook3b13b7c670,1011168
/wubingbing13/comprehensive-data-exploration-with-python,1010196
/xingzhi/notebookf648ff8d61,1010181
/sym60123/python-data-visualizations,1010100
/digigear/notebooke6f4275469,1010095
/databard/notebook07dd9bf6b8,1010079
/prudhviraj12/notebookf945a52fb6,1010016
/liyucan/notebook48a389a3cb,1010062
/vchada/an-interactive-data-science-tutorial,1009993
/zhuzhou/notebook8401692814,1010195
/penedon/notebook617cc32604,1009973
/evangelize/notebook4db02b13a0,1010091
/andrewjdyck/notebook52a111278f,1009946
/gisbee/notebookc808dd442c,1009944
/eazysmiles/notebooke426b94814,1009919
/adilherras/notebook6e6780f5b2,1009854
/andrewjdyck/test-submission-by-it-is-lit,1010094
/macpy1431/notebookee110f32b3,1009725
/evangelize/notebooke6ffe789e7,1009778
/hamachi/notebook3d56eed09e,1009771
/anirbanlahiri/notebook80196b422c,1009533
/ddemirci/notebook68dcf93ce6,1009508
/paulperry/technical-16-friend-of-time,1009501
/lukechen526/notebookdc11b3a027,1009487
/stayalone/notebook6876c13d9f,1014910
/interesting/notebook0a1ef5576f,1009529
/tilakd/notebook312b1239b7,1009475
/vladiz/notebook0dc1b3f4ae,1641318
/themikk/notebookbf49158b7f,1009305
