/balajisriraj/earthquake-animation-with-plotly,7600878
/balajisriraj/time-series-prediction-tutorial-with-eda,7600908
/balajisriraj/plotly-tutorial-for-beginners,7600828
/balajisriraj/seaborn-tutorial-for-beginners,7600823
/balajisriraj/python-groupby-tutorial,7600720
/balajisriraj/data-cleaning-challenge-scale-and-normalize-data,7600719
/balajisriraj/data-sciencetutorial-for-beginners,7600708
/balajisriraj/step-by-step-pandas-tutorial-for-beginner,7600660
/kerneler/starter-data-provided-0de94f42-1,7600469
/kerneler/starter-tweets-e5f9ced1-0,7599833
/kerneler/starter-idol-data-658546e6-9,8407348
/kerneler/starter-world-gdp-growth-rate-cc36b0f7-6,7598193
/kerneler/starter-sigcomp-2009-2f1ae255-b,7597488
/kerneler/starter-fontemailkhang-562b6d56-1,7597229
/kerneler/starter-plane-crash-a2fbc958-6,7597221
/kerneler/starter-dalocnhieu-5e5be4f2-6,7597156
/kerneler/starter-world-birth-death-rates-065dd121-3,7594822
/kerneler/starter-four-shapes-f649f0b3-e,7593981
/kerneler/starter-four-shapes-7c81ec32-d,7593840
/kerneler/starter-combustible-price-brasil-4d9c108c-7,7593654
/kerneler/starter-optical-interconnection-6a9324f3-4,7592178
/kerneler/starter-debate-sentences-part1-a7c425e6-a,7589425
/kerneler/starter-result-1-b1f75163-6,7589303
/kerneler/starter-abalone-dataset-cdc8927e-4,7588731
/kerneler/starter-list-of-international-airports-a57c3890-3,7588229
/kerneler/starter-modeldata-d7e810b3-8,7587769
/kerneler/starter-hsall-members-csv-67422bb4-5,7587746
/shivammittal99/exercise-syntax-variables-and-numbers,7589061
/kerneler/starter-caltec256-a0bb22e9-b,7587285
/kerneler/starter-classify-song-genres-from-b6088d2b-a,7586997
/anovax/fork-of-1811-submission,7586659
/virajsanghvi12/generate-x-test,7945739
/linyuko/pretrained-inceptionresnetv2-base-classifier,7596500
/kerneler/starter-software-defect-prediction-bbb3b169-b,7585455
/kerneler/starter-pakistan-census-data-2017-936a7af8-5,7585435
/kerneler/starter-vegetarian-and-vegan-0ec08ecf-5,7584732
/kerneler/starter-michael-vs-james-1c682637-0,7584319
/kerneler/starter-kodak-dataset-8741622a-8,7583920
/kerneler/starter-mcmaster-f901176f-4,7583881
/kerneler/starter-ronaldo-matches-0fcde4be-9,7583724
/kerneler/starter-chicago-community-areas-9cd02a34-9,7581326
/kerneler/starter-nadirs-first-b483e5a8-5,7580637
/kerneler/starter-asl-alphabet-train-28x28-e8c4a8a2-0,7580503
/kerneler/starter-trending-youtube-video-b8273efd-8,7580491
/kerneler/starter-asl-alphabet-train-50x50-11fd120f-a,7580479
/kerneler/starter-asl-lucas-200f868b-e,7579847
/kerneler/starter-honey-bee-pollen-f676ce1d-8,7578976
/rsreddy/fashion-mnist-hmwk3,7579465
/kerneler/starter-workshop-image-week6-daff066a-5,7577705
/kerneler/starter-he-toxic-multilabel-f6b92184-1,7577238
/kerneler/starter-salary-c322dc48-2,7576862
/kerneler/starter-medicare-43ba9919-2,7576415
/alessandrosolbiati/two-sigma-news-official-getting-started-kernel,7576836
/snakayama/pugb-nn,7575252
/jinkongpark/kba-challenge-starter-code-using-dnn-ad647a,7573114
/leejunyong/kba-challenge-starter-code-using-dnn-19f432,7614575
/kerneler/starter-personal-loan-in-delhi-e35ef6eb-b,7571698
/kerneler/starter-heart-disease-4f6bbe1b-2,7571438
/tu05next/logistic-regression,7617919
/rihadv/xgboost,7569789
/kerneler/starter-dog-vs-cat-imgdtgn-f06e3c7a-7,7569053
/rihadv/using-categorical-data-with-one-hot-encoding,7569366
/zahoorahmad/basic-nlp-with-nltk-fba294,7568692
/sitaramireddy1994/customer-churn,9869047
/kerneler/starter-titanic-38c8ce4b-f,7567244
/kerneler/starter-dsfg-cpe-acs-shape-files-e63ba838-6,7567022
/kerneler/starter-semantic-segmentation-7f4ce599-9,7565553
/kerneler/starter-okadanana-8bd0c1bb-2,7603440
/kerneler/starter-predict-traffic-of-lte-network-b464a5dc-c,7563248
/kerneler/starter-lending-club-loan-data-4e7d842d-a,7563236
/kerneler/starter-heartdisease-8e214d9c-f,7561627
/kerneler/starter-simple-wiki-sentences-22845740-6,7558908
/jimpsull/smoteappliedeachstepwithoutweighting,7580783
/kerneler/starter-colon-histo-0d105db9-0,7558153
/kerneler/starter-processed-7a3adaba-a,7556229
/kerneler/starter-ma-da-vs-sextupoles-for-a-ea7fb554-b,7555349
/kerneler/starter-yelp-dataset-based-on-fake-1fbb1806-0,7555318
/johnyquest/kernela48a72b7b1,7763171
/vghorakavi/kernel7ead11dde3,7553317
/kerneler/starter-ml-pj1-b9d16d69-d,7553301
/ifolkes/crop-summary-advanced-data-mining,7552706
/kerneler/starter-jersey-city-reval-4ce93d1f-9,7552491
/kerneler/starter-jrc-water-retention-index-12f3cead-a,8387536
/kerneler/starter-jrc-water-productivity-e8cca807-d,8387387
/kerneler/starter-jrc-water-mask-mappe-model-0306ef19-0,8387389
/kerneler/starter-jrc-water-consumption-17555f6d-9,8387371
/kerneler/starter-jrc-urban-proportion-c857a84c-a,8387367
/kerneler/starter-jrc-urban-flood-risk-b3d600c7-3,8387358
/kerneler/starter-udp-gdp-per-capita-by-metro-5bf123b2-4,8387354
/kerneler/starter-jrc-total-suspended-sediments-839d2d1e-7,8387380
/kerneler/starter-jrc-total-population-09ed333c-0,8387336
/kerneler/starter-jrc-topsoil-organic-carbon-e1819f95-e,8387339
/kerneler/starter-eu-archive-index-database-2cc8a235-1,8387319
/kerneler/starter-jrc-warnings-agricultural-0bf0efb8-b,8387302
/kerneler/starter-jrc-spm-latfactor-bc167ed9-9,8387315
/kerneler/starter-jrc-soil-retention-db6b13b0-3,8387286
/kerneler/starter-jrc-soil-erosion-control-9f3db5ec-6,8388087
/kerneler/starter-jrc-share-of-residential-area-31b37f50-a,8387228
/kerneler/starter-jrc-share-of-ics-areas-over-757a9fb1-1,8387213
/kerneler/starter-jrc-share-of-built-up-area-e5453afc-e,7551237
/kerneler/starter-comida-38a4e833-4,7643829
/kerneler/starter-cpi-for-all-urban-consumers-6511d967-a,8388977
/kerneler/starter-fakenewsonlytitlelower-4eb3fd2d-8,7550647
/kayg666/data-cleaning-visualization-and-exploratio,7550398
/kerneler/starter-shop-1-kaggle-9a20f22d-0,7549817
/kerneler/starter-fakenewstitlestobotzen-ed0de369-4,7549576
/kerneler/starter-cpi-for-all-urban-consumers-93e89776-3,8388973
/kerneler/starter-cpi-all-urban-consumers-c63197a4-3,8388968
/kerneler/starter-all-employees-wholesale-trade-6723e9ff-f,8388966
/kerneler/starter-all-employees-utilities-8df72c2b-1,8388963
/kerneler/starter-all-employees-service-b4a4e7f0-4,8388903
/kerneler/starter-all-employees-private-service-e612c5c9-7,8388901
/kerneler/starter-all-employees-nondurable-fc817e51-b,8388898
/kerneler/starter-all-employees-information-2c409d8b-4,8388896
/kerneler/starter-all-employees-goods-producing-2ddef392-6,8388895
/kerneler/starter-unemployment-rate-full-time-c9b07c73-0,8388777
/kerneler/starter-unemployment-rate-veterans-f72280a5-9,8388711
/kerneler/starter-unemployment-rate-in-northeast-e5bfacfe-0,8388628
/kerneler/starter-unemployment-rate-in-midwest-eb2ee62f-0,8388627
/kerneler/starter-unemployment-rate-in-frb-san-8effe160-5,8388621
/kerneler/starter-unemployment-rate-16-to-19-2c7896e3-4,8388619
/kerneler/starter-ne-unemployment-rate-time-46ec61f7-2,8388593
/kerneler/starter-unemployment-rate-in-montana-ce48a9c9-4,8388594
/kerneler/starter-nh-unemployment-rate-time-bb55d1e5-0,8388585
/kerneler/starter-vt-unemployment-rate-time-74a76507-2,8388580
/kerneler/starter-mn-unemployment-rate-time-b05b4fc9-5,8388576
/kerneler/starter-fakenewsonlytitles-53ca7c8c-f,7548268
/kerneler/starter-me-unemployment-rate-time-4eecf098-3,8388551
/luizfkcunhautfpr/processamento-title-gerando-arquivos-para-sa-da,7551058
/kerneler/starter-in-unemployment-rate-time-3dc03d59-f,8388545
/kerneler/starter-ct-unemployment-rate-time-11aef2b8-d,8388527
/kerneler/starter-ks-unemployment-rate-time-e4d38041-c,8388518
/kerneler/starter-btc-price-9ec1e42c-d,7547964
/kerneler/starter-unemployment-rate-in-9184aacb-f,8388481
/kerneler/starter-vggweights-ed1e9f7c-c,7547800
/kerneler/starter-hi-unemployment-rate-time-2c4c5b7b-4,8388478
/kerneler/starter-ak-unemployment-rate-time-098158c2-4,8388468
/kerneler/starter-xrayschest-224sla-63fbb260-9,7547140
/kerneler/starter-seed-from-uci-d4f90bf4-b,7546624
/kerneler/starter-test-d-8fa051c0-5,7546441
/kerneler/starter-test-upload-7970cf4e-e,7546110
/jbeltranleon/mobilenetv2-224sla-f-noimagenet,7545962
/kerneler/starter-digits-weights-193e985c-d,7545557
/sokoolx/exercise-convolutions-for-computer-vision,7580662
/kerneler/starter-test-data-dd1c29d4-7,7544398
/kerneler/starter-landslide-f65982d9-e,7544086
/kerneler/starter-landslide2-b3da4429-1,7544073
/crilancelo/pytorch-in-kaggle,7544901
/kerneler/starter-pokemon-data-set-for-analysis-cfc6edc6-7,7540298
/kerneler/starter-asl-alphabet-f004e93b-9,7689840
/kerneler/starter-neurosleepy-4a8a233f-2,7538974
/thawatchai2018/statistical-learning-tutorial-for-beginners,7558981
/thawatchai2018/seaborn-tutorial-for-beginners,7558974
/kerneler/starter-cumulative-solar-power-d49d6d45-2,7538041
/syleeie/pubg-eda-findings-model-and-tricks-0-453876,7536406
/kerneler/starter-beer-consumption-sao-paulo-0230e55f-c,7535967
/lucasvieirademiranda/alexnet-2-test,7538797
/kerneler/starter-rakuten-test-dataset-6a186f40-a,7535580
/kerneler/starter-title-img-b4f845f8-2,7534296
/rihadv/submitting-from-a-kernel,7533775
/rihadv/exercise-random-forests,7533479
/docongminh/exercise-random-forests,7770683
/kerneler/starter-adult-data2-38161bba-c,7533022
/kerneler/starter-adult-data2-9bd4afef-a,7532929
/rihadv/exercise-underfitting-and-overfitting,7532622
/rihadv/underfitting-and-overfitting,7532216
/rihadv/model-validation,7531177
/kerneler/starter-insurance-claim-info-for-31809c25-f,7528328
/kerneler/starter-heart-disease-8419ae4c-8,7528184
/diligent133/simple-lstm-for-text-classification-1cd5b2,7572323
/hangnguyen1997/kernel2edae8eb3c,7759699
/kerneler/starter-masdasda-ba34386f-c,7524822
/kerneler/starter-puc-data-b7192745-0,7523242
/kerneler/starter-houseprice-bab9d393-4,7522031
/kerneler/starter-quick-draw-numbers-for-dec-badc8139-4,7519810
/kerneler/starter-weights-u-net-22846471-a,7519620
/kerneler/starter-an-lise-de-s-ries-temporais-ea1d35e7-a,7519599
/kerneler/starter-cbcnews-93b7c4b7-6,7518230
/kerneler/starter-assignment1-predictions-d80115f0-2,7516449
/rice010101/fork-of-exercise-machine-learning-competitions,7516322
/rihadv/explore-your-data,7516271
/kerneler/starter-pesos-digits-cnn-c6519487-4,7515876
/jeegarmaru/predictmatchresult-baseline,7520573
/mjnirale/approaching-almost-any-nlp-problem-on-kaggle,7512196
/emrebck/makine-ogrenmesi-odev,7665474
/kerneler/starter-find-my-medicine-2173357e-a,7511195
/jiehanzhu/fork-of-cs229-market-data-profile,7520130
/kerneler/starter-nba-matches-2013-2018-38efe678-7,7510538
/akashdeepsingh8888/learn-ml-level-2-exercise-2,7528277
/ozberkgunes/kernelf3bca497d5,7535698
/kerneler/starter-twosigma-770215c9-2,7508154
/jaychitransh007/plotting-with-seaborn-90a2af,7506721
/jatinmittal0001/search-for-exoplanets-using-cnn,9280552
/kerneler/starter-ipldata-a9c906e1-d,7506104
/kerneler/starter-ranked-users-kaggle-data-9aa5e4ac-3,7504732
/kerneler/starter-pokemon-83930859-d,7504484
/kerneler/starter-finalyearproject-ba4dcdaf-9,7504442
/kerneler/starter-weights-26e98a9c-9,7504419
/kerneler/starter-wine-quality-5051c609-f,7502122
/kerneler/starter-wine-project-6be3db33-2,7501995
