/homerzhm/notebook4dab74683f,1093724
/anirband/notebook02beeef403,1093715
/navya21/notebook8db65eca48,1093707
/rheainmaryland/notebookee1151aa2f,1093691
/jrkohli/testing,1093673
/ankitpac/notebook764fb3c165,1095570
/framosga/notebook8424b6e739,1093645
/natbusa/first-note,1093642
/iretifash/notebook3cfa306b9c,1093635
/divyakantyadav/notebook428b27e13a,1093633
/lavrent888/notebookd2dd5333fa,1093614
/khvoric/notebook43e2496b4d,1093613
/leclem/notebookbb2def02ac,1093565
/leclem/notebookb69dc41dc7,1093545
/jinhokim79/notebookacb28ff29a,1093533
/jinhokim79/notebook0509bddde0,1093527
/jinhokim79/notebook5046b7037d,1093522
/drproduck/notebooke01d8d7c12,1093519
/gabrielwry/notebookb08dacccb3,1093514
/doneland/notebookc4cfa2d330,1093512
/hariramn147/notebook524a140480,1892076
/jialiangcui/notebooka7bd7760db,1093497
/aagundez/newsfeed,1093483
/athirajacob/notebook71afc16cf3,1093440
/aahhoo/test-20170419,1093430
/stanzles/notebook3cd9386212,1093413
/matenciio/notebook86c452e6be,1093389
/matenciio/notebook9bfd60d1c0,1093385
/soseidell/titanic-v01,1093383
/piotrekw/notebookb60453b2d5,1093382
/lorenacl/notebook7af0fd3ffc,1093379
/matenciio/notebooka0729efa2a,1093373
/matenciio/notebook4369b3346b,1093372
/matenciio/notebookbc20589ae9,1093366
/rtessier/notebook72997cbb5c,1093350
/vijaybj/notebook3d1890c607,1093349
/michea/notebook3e56c180be,1093334
/msaiganesh/notebook33cb8d0e48,1093333
/msaiganesh/kaggler,1093321
/pierretisseur/median-mean,1093318
/thenightfox/notebookc87c432d58,1093300
/zckly133/titanic,1093287
/dkdupuis/notebook8920c9b162,1093279
/luisblanche/cv-statistics-better-parameters-and-explaination,1093252
/faytang7/notebook97cb5f735c,1093237
/rubenf/notebooka1cc0e8302,1093225
/zhuangzma/notebookf314c48e2d,1093224
/aminoid/notebook9fe25b2282,1093215
/lapland/notebook6f966b50e3,1093211
/lapland/notebookeb036a6f31,1093210
/zhuangzma/notebook50ceed4452,1093208
/amarimuthu/notebook646898f31e,1093197
/ndesign/notebookaef2e790a5,1093170
/sharnam19/notebook80df9f2f03,1093158
/sharnam19/notebook4c91acf389,1093148
/e78314/test0419,1093141
/vchezganov/mysteststs,1093139
/sharktip/notebook62ae3b249a,1093137
/adriaanslechten/notebook58b80fe62b,1093128
/adriaanslechten/notebookda140a6526,1093126
/hanyining/introduction-to-ensembling-stacking-in-python,1093087
/myszkiewicz92/titanic-r,1093067
/divyaponnambalam/ibm-attrition-analysis,1093049
/nburton/notebook87284b2071,1093037
/mohitagarwal/mohit-s-house-prices,1093014
/deepak25/titanic-problem-dky,1093009
/ianmclaury/notebook0e4c14a1e7,1092992
/yliu999/cv-statistics-better-parameters-and-explaination,1092987
/deepak25/titanic-problem,1092984
/kevinqian/titanic,1092958
/bhoflack/notebook8d5aa761cd,1092947
/noddabodder/random-forest-test,1093338
/dm14348164/cv-statistics-better-parameters-and-explaination,1092866
/krishnagutta/notebookccc85e7f7e,1092868
/dhc321/test-quora,1094377
/niranjanaryan/notebookcf0d96af74,1092853
/ashishmagoo/analysis-on-credit-card-fraud-detection-data,1094566
/frankchen0130/tensorflow-deep-nn,1092732
/czlowiekrakieta/simple-eda-for-fraud-detection,1092721
/bellahannn/notebookef8b6d1893,1092688
/nshokeen/shokeen-digit-recognizer,1092671
/vvarkey/latlong-cluster-output,1093328
/samm13/notebook088fa3f2b1,1092640
/e78314/titanic-test,1092633
/dayhaha/exploratory-study-on-ml-algorithms-426261,1092626
/xinqing/notebook44baa2336c,1092613
/mfandreas/notebook8516ae5e5a,1092580
/attilaviniczai/notebookefd92489e9,1092573
/mfandreas/notebookb2742c5751,1092570
/nightberry/notebook88e4d1cec2,1092561
/deevisha/notebook55fc18d5cd,1092760
/theminer/notebookfb3ccc7ad9,1092824
/mariekev93/full-classification-example-with-convnet,1092534
/stevendu/notebook844637cef9,1092519
/sudeshnakundu/deep-convolutional-network-using-keras-su1,1092506
/giorgiop2it/notebookf73b2268df,1092505
/raghavsardana/titanic,1092477
/vishnugangineni/notebookfd42048dd0,1092457
/marcboettinger/notebook7beef465e5,1092455
/beyondacm/notebook3eb3a7acd9,1092439
/beyondacm/notebook7dd802b7d6,1092438
/chaochengli/house-regression,1092435
/chaochengli/notebookb5d0922923,1092429
/varunku/notebookdd4fae3fbc,1092395
/jianghuiying/notebook2533ec315c,1092384
/dotanrs/notebookad4f23c2ee,1092308
/dssgsra/first-try,1092300
/takehilo/titanic-machine-learning-from-disaster,1092299
/beyondkaggle/get-coordinates-using-blob-detection-456e7d,1096837
/dheerajp/machine-learning-from-disaster,1092266
/sandeepmokashi/notebook630fdbba5b,1092261
/sandyasu/notebook95f2120a9f,1092259
/mikerale/exploratory-study-on-ml-algorithms,1092204
/varunku/notebook63a06f5c8b,1092203
/fayeful/notebook0cbc63dd82,1092194
/raymondlee2333/notebook1b131f3cb4,1092193
/jeongjooni/notebookd5893675a7,1092192
/shivsood/notebook1c7776ca1b,1125775
/zj040045/notebook975e70a0c1,1092166
/yangyw/notebook934158fd31,1092164
/barry0281/notebooka35b04f324,1092158
/laiba2008/notebookb3fdafb184,1108721
/zhkzhang0304/cv-statistics-better-parameters-and-explaination,1092130
/yogesh408/analytics-libraries-install,1092119
/sigmapie8/title,1092106
/maxiop/notebook90f73b84c6,1092098
/maxiop/notebook0729bfea53,1092096
/vishket/mytest,1092097
/oferhalevi/notebookccb7e6b7f4,1092093
/oferhalevi/notebook41691608a2,1092089
/stevelatuidahodotedu/exploratory-study-on-ml-algorithms,1092088
/sunil07/notebook814822f0db,1092080
/hariramn147/notebookd14f7378b9,1092048
/qqplus/notebookedd7fe175c,1094676
/peiyangdata/notebook1d4154d6f8,1092032
/abbystrellnauer/dataexploration-python,1092036
/gawain/notebookf663c55fe6,1091949
/gawain/notebook54edb68f14,1091943
/kagglesir/notebookb7c7bde44c,1091926
/maheshcr21/notebook462b1d1015,1091925
/sunstorm/notebook70137e3bdd,1091923
/gawain/notebook798547bb56,1091919
/sammyheups/notebook596875fbe9,1091917
/lizididi/notebook2dd076a75c,1091915
/bwarner14/titanicattempt,1096661
/heyrexjohn/notebook0e5eeecae0,1091867
/xiaoyaonanjiea/notebook7ef505170a,1091851
/danielurencio/notebookf49adf5d46,1091845
/adisingh/notebookad2a8ee66d,1091824
/ginniehhjy/notebook62610622a7,1091819
/jeongjooni/notebook7ca89cfadb,1091808
/mengyiwang/notebookb470a87a87,1091806
/dm14348030/test-v1,1091780
/davidm20/notebook36246b5d2e,1091763
/kbx1025/titanic,1466179
/jeongjooni/notebookad210ca14e,1091733
/mrmessy/titanic,1091727
/ryanmfw/notebook97ef7065d1,1091706
/yujunnes/notebooke406fd86a3,1091691
/zsaurk/notebook2ef90bc25e,1091682
/guhaifudeng/notebookcb0e1224a8,1091677
/guhaifudeng/notebooke8e1d756a0,1091674
/yjhust/notebookeae755c231,1091671
/reshmikunnath/notebook2f6dfd5858,1091649
/jonmak/simple-regression-on-breast-cancer-script,1113691
/sheriytm/twosigmadata-keras,1091632
/gtobben/titanic,1091630
/phungleson/notebook8d46104deb,1091627
/syedm101/notebook8a5522e69d,1091618
/ellieseoejung/notebookfac2fc5a42,1091617
/kira0992/notebook9887992f4e,1091604
/adarshr/notebook2bd554637e,1091601
/leclem/notebook002a508ef6,1091595
/jinhokim79/notebookc7f91f363e,1091586
/wert23239/notebookc923f27c6a,1091578
/shosur2/notebookbe42e7293d,1091575
/qywang0/notebook765b34419a,1091569
/kinglock/notebookdbef7c6663,1091563
/sonalj003/notebookc245076933,1091523
/blayzovich/new-script,1091516
/mintystate/cv-statistics-better-parameters-and-explaination,1091513
/hongyuzhang/notebook31f04d502c,1091486
/vinicarlos56/notebook7dddf354fc,1091480
/thibautf/notebook3615a839a3,1091463
/southwlm/notebook270333b0a7,1091434
/mmliucat/notebook1c04640847,1091430
/alperaltinoy34/notebookef1d71be61,1091412
/snzivgupta/notebook8bf755686d,1091404
/bbuluttekin/notebook8ef6678133,1091402
/js71300/notebook5ab567060d,1091362
/antonellab/notebook306511b2c6,1091349
/itaispiegel/notebook5e651293e7,1091332
/theoutsider/notebook919d04f177,1091286
/antonellab/notebookaa71b969b6,1091277
/bullit/notebookdc69682f39,1091242
/smokeout/notebooke76159fb82,1091237
/wzhiwei/rscript-0-86547,1091221
/dkdupuis/notebooka567494e12,1093054
/hongying/test3,1091208
/smokeout/notebook970b059bc2,1091187
