/datastudent267/could-the-titanic-have-been-saved,617472
/salamandera/notebooka4e3a48efc,617358
/betbay/a-journey-through-titanic-d2b40c1f,617332
/betbay/a-journey-through-titanic,617326
/fmcalcagno/notebook1ac88beb74,617299
/sushmit/notebookcbe1048c98,617254
/martinnasse/svm-implementation-for-nature-conservatory,617243
/aravi28/myfirstdata,656965
/vigilanf/debugging-plotly,617018
/yuvalb/notebook94236a53fe,616927
/nlpforhackers/notebook1fe257d538,616917
/mendessp/principal-component-analysis-explained,616911
/syonoki/data-exploring-part-1-indicators,616893
/shreyverma93/exploring-survival-on-the-titanic,616887
/praboo/testing-first-script,616783
/kinjal/notebook3d18770a1b,616700
/demetripananos/notebook75ef2834b1,616698
/enian82/notebookb8378db28c,616681
/notgibs/notebookf592bbc519,616670
/elephantpanini/notebookffe374ade9,616667
/praboo/notebookea51a59dd3,616655
/zacsketches/simple-randomforest,616653
/pseudocode/notebook5c9d7321e2,616623
/yasunori/notebook1c22b60e09,616614
/pashak/notebookdc062853ef,616592
/pashak/data-exploration-and-visualization,616564
/ashalynd/celebrity-death-analysis,616477
/pecooper/celebrity-deaths-1,616448
/camjohnson/python-data-visualizations,616418
/hasibmujtaba/gravity-first,616336
/sandeep8530/philippines-energy-use,616323
/jewelltp/titanic-analysis-who-survived,616288
/ahughes/notebookfa490da4a1,616243
/dmk1995/notebookf6fa103c85,616190
/saadzniber/the-most-predictable-league,616173
/yassin6/notebookdb8bcabfc8,616165
/superpanxin/python-data-visualizations,616155
/dinghaiyang/terrorist-attacks-in-united-states,616141
/leonardog/notebook2e9fa1d071,616108
/adorozhko/notebook409d05c908,616086
/rohanparikh92/the-most-predictable-league,616063
/wannjiun/notebookb106213e97,616012
/learnedai/a-journey-through-titanic,615975
/duanhb/a-journey-through-titanic,615937
/funnyface/fisheries-monitoring,615876
/funnyface/notebookbe9a3529ca,615873
/avaneesh9/terrorist-attacks-in-united-states,615845
/zozi88/notebook0bdc4c7420,615753
/rodriguesra/map-of-temperatures-and-analysis-of-global-warming,615703
/xirudieyi/in-depth-skewed-data-classif-93-recall-acc-now,615689
/samuelecozzi/notebook166d4aa031,615688
/zozi88/notebook2688bc2932,615612
/zozi88/notebook194bfda778,615601
/generativist/notebooka05ff73c5f,615584
/dieden/notebook021f9447df,615557
/aevinq/a-journey-through-titanic,615532
/didichou/map-of-temperatures-and-analysis-of-global-warming,615521
/farhandhanani/notebookf68cfa08de,615509
/npat0003/global-terrorism,615487
/kapetis/test123,615444
/roshanshetty/outbrain-eda,615434
/kapetis/fffff,615423
/uruzaner/notebooked075c074a,615380
/braeumic/notebookd96ce5ebd6,615313
/clevereve/notebook39f1bff85f,615299
/snlpnkj/notebookb6279562a4,615296
/vbhattad/pilot,615310
/anguyen52024/sample-test,615292
/dagwitch/continents-and-medals-count,615271
/aekkav/homesale-v1,616972
/dineshsellathamby/terrorist-attacks-in-united-states-b836fcf9,615264
/dineshsellathamby/terrorist-attacks-in-united-states,615261
/dineshsellathamby/us-county-level-mortality,615257
/roger24/notebookc8e8aad9eb,615248
/wellingtonbengtson/notebook67cbe6b254,615203
/gnanagurus/notebook9da628a17a,615173
/siyidong41/principal-component-analysis-explained,615167
/sathley/notebooke6ed78acc5,615139
/llliuzh/python-data-visualizations,615134
/munmun1333/outbrain-eda,615033
/sshallwey/comparing-random-forest-pca-and-knn,614959
/valent1ne/trying-to-process-cabin-titanic-dataframe,614889
/jayrumi/modeling-prices,614880
/mjandy1126/digit-recognizer-in-python-using-cnn-37531b9d,614876
/valent1ne/trying-to-process-cabin,614874
/cityhunter/99-9-fraud-detection-on-credit-card,614872
/ibirtic/notebook750a04b4e8,614858
/orion5/the-console-wars-playstation-vs-xbox-vs-wii,614848
/valent1ne/fork-of-notebook13b8fe093f,614816
/ipranata/my-first-script,614794
/fmcalcagno/notebooka891f5d3b3,614769
/yue222/terrorist-attacks-in-united-states,614755
/yue222/hr-analytics-why-are-so-many-employees-leaving,614747
/berkkarahan/xgboost-lasso,614725
/alfazick/fork-of-simpe-operation,614721
/sidchat04/tensorflow-deep-nn,614715
/jsl9208/terrorist-attacks-in-united-states,614700
/sunildharani/fork-of-test1,614643
,None
/anbansal/ankur-1,614636
/alfazick/simpe-operation,614588
/wuzhongcan/notebooka15db04df5,614575
/rahulvks/notebook16b014328d,614544
/monishma/terrorist-attacks-in-united-states-6e54fcc4,614511
/kevinelstri/test-python,614508
/monishma/terrorist-attacks-in-united-states,614496
/enjeayang/hr-explore-predict-rf-who-to-quit-the-job,614495
/scirpus/gp-model,621034
/aevinq/notebookb78a54c868,614490
/satishmishra/notebook5b6fdb6739,614484
/wavegu/titanic-best-working-classifier,614474
/ranjeetprasad/notebookaa17fee237,614473
/linusdeike/terrorist-attacks-in-united-states,614456
/n4n4n4/notebook149b728913,614451
/freesuraj/notebookae93a48d89,614430
/freesuraj/men-vs-women,614418
/phoanghuong86/notebookfa4bbf4a31,614569
/yue222/notebooke2f3dfb4bf,614395
/twein89/study-of-tree-and-forest-algorithms-b3628828,614391
/silentguardian/notebookf3d44e9a84,614386
/lpok08/notebook00b8e45b20,614381
/ainey3024/notebook48f370c6a6,614363
/trop100/notebookcd7c81970d,614327
/wuchenfei/tmp-py,614311
/mjandy1126/digit-recognizer-in-python-using-cnn,614274
/zhangrong/twitter-airline-sentiment,614271
/romaingauthier/notebook7d1819e78c,614218
/freesuraj/terrorist-attacks-in-united-states,614212
/hotham/a-journey-through-titanic-2,614326
/vipnikki/notebookc21b132bcb,614196
/n4n4n4/create-a-correlation-heatmap-for-the-imdb-data,614184
/manoharm/exploring-survival-on-the-titanic,614178
/guapier/a-journey-through-titanic,614126
/ankitagrawal619/forest,614438
/munmun1333/notebookfbb3d365e4,614030
/mrsilver512/title,613935
/ijingo/a-journey-through-titanic-968ffb71,613878
/kishorekumar25/notebook3e7ff0692a,613875
/kaka94/notebookdfa12cf67c,613851
/ankitagrawal619/digit,613844
/fluffygravy/regularized-linear-models,613814
/orionnr/notebook105e5af71e,613779
/sanilahuja4/hr-analytics-why-are-so-many-employees-leaving,613759
/mojozinc/notebookd1d193fc74,613703
/sergiogq/notebookfb7d33be7e,613543
/tanxrong/terrorist-attacks-in-united-states,613523
/yyq263/terrorist-attacks-in-united-states,613472
/dhanvanthri94/the-console-wars-playstation-vs-xbox-vs-wii,613453
/steffigu/regularized-linear-models-3f888be4,613450
/ksjhint43/notebookfd26e51a48,613446
/detroitteatime/exploration-and-plotting,613394
/shravanumn/notebookc4cf7d2597,613388
/namsangboy/outbrain-eda,613358
/retrieverjo/outbrain-eda-start,613356
/steffigu/regularized-linear-models,613349
/namsangboy/notebookd8e8dde963,613348
/dean2016/notebook7c2ded4714,613347
/frankbuaa/the-console-wars-playstation-vs-xbox-vs-wii,613336
/creatrol/notebook7edebed9f5,613319
/withchris/principal-component-analysis-explained,613313
/dcrush/keras-embeddings-with-user-anime-rating,613243
/ebnerkm/a-journey-through-titanic,613237
/bootuikey/fork-of-extinct-languages-in-united-states,613200
/dean2016/titanic-best-working-classifier-a2caa9fe,613184
/choluxann/notebook2ba593d7c8,613145
/guzicang/script,613123
/arthurpivz/exploratory-study-of-ml-algorithms-96b058d5,613115
/dean2016/titanic-best-working-classifier-99b4abbb,613096
/dean2016/a-journey-through-titanic,613053
/biopedro/notebook1d240684cd,613019
/chungyehwang/digit-recognizer-using-cnn,612998
/luckygirl123/notebook35a89d10ba,612901
/iliana/testkernelnotebook,612883
/mutian/basic-insights-of-hr-data,612871
/rajacsp/medals-and-continents,612859
/nyartsgnaw/notebook3247eb3ccd,612835
/twein89/fork-of-study-of-tree-and-forest-algorithms,612830
/wencyang/exploring-survival-on-the-titanic,612825
/nyartsgnaw/notebooke2a0031454,612821
/bcrad22/santas-bags-2016-12-29,612805
/rshengg/a-journey-through-titanic,612779
/luckygirl123/notebook67c177abb3,612762
/mingtong/fork-of-first-submission-ridge-lasso,695559
/aekkav/something-looks-fishy,612747
/katherton/testing-rfs-on-rfs,613175
/luckygirl123/notebookb4daeb3b9f,612655
/alexleut/a-journey-through-titanic,612626
/psahoo/notebook6a80217771,612601
/psahoo/notebook141adfeef3,612599
/gudrn9/notebook50c551c78b,612528
/harsimrans/notebookfac4aaeb16,1493462
/prajjval/terrorist-attacks-in-united-states,612466
/uzzang/hr-analytics-complete-analysis-and-prediction,612407
/aekkav/test1,612386
/aekkav/ntsb-data-exploration-1948-2016,612380
/xaaero/notebook3cfbc39269,612345
/arthurpivz/exploratory-study-of-ml-algorithms-24c5eebe,612303
/arthurpivz/exploratory-study-of-ml-algorithms-f34b8487,612287
/shpandya/first-script,613236
/l3nnys/notebookca652520a7,612192
