/aassaf/notebookf0a29e52da,348911
/joshuaslocum/notebook9aa0aef7db,348906
/jeongyoonlee/notebookdef6426391,348869
/neiltolani/notebook72f1580dbf,348851
/dssariya/notebook73dae6c407,348850
/alipsilv/notebook22cdcd9da2,350553
/madmaxliu/python-data-visualizations,348831
/ductran258/notebook18e70780c7,348780
/pvzlin2/notebook8d59e1cdcc,348778
/abhilashawasthi/notebookd6e23cfc20,348775
/katerynad/logistic-regression,349172
/andrewbigmac/notebook5c02a79166,348756
/mraykay/digit-recognizer-in-python-using-cnn-27a1ca69,348720
/hskksk/notebook4c8e8ba0fc,348665
/zhangjunustc0405/a-journey-through-titanic,363619
/keisei/knn-from-scratch-in-python-at-97-1,350406
/ep13b015/notebook6c8c3fa2ee,348627
/window98/scikit-learn-ml-from-start-to-finish,348625
/hankhill2989/notebook3b76914634,348620
/rsifrain/notebookfe213dfcbc,348612
/jngreen94/extracting-goal-times,348602
/comartel/notebook0b1613b6c0,348533
/cococo/house-price-prediction-part-1-84216b00,348530
/sunnyrain/a-journey-through-titanic-67837e1e,348528
/wilsonfu51/notebookc85fef19df,348518
/ashishdutt/need-to-delete-this-script,349207
/mourinholiuxiaojun/visualizing-pok-mon-stats-with-seaborn,350124
/zenithfzh/exploring-features,348483
/krautdata/notebook344585b66a,348475
/prajitdatta/notebook556e1a1368,348444
/arcluke/exploring-survival-on-the-titanic,348415
/jals123/notebooka6dd1f2c64,348412
/afshinamiri/notebooka490b985a8,348394
/s3ni0r/exploring-features,348309
/s3ni0r/python-data-visualizations,348305
/cnheider/brand-and-model-based-benchmarks,348299
/cnheider/geolocation-visualisations,348284
/vishesh21/notebook7c7511d055,348281
/vedprakash93/python-data-visualizations,348278
/weiouyang/tensorflow-deep-nn,348273
/oxoxox/notebook453a660993,348255
/pegartillo/notebookd1d61f4783,348248
/aditagrawal/notebookec01fb512f,348187
/holl42/notebooka7b30e2cc8,348139
/ajithsekhar/democratic-prediction-using-randomforest,348136
/apapiu/notebook4c37b39cc1,348127
/rickyall/notebook3e6c910570,348103
/yuikita/a-journey-through-titanic-295b523c,348102
/xlinsist/geolocation-visualisations-971dab7c,348087
/zanjibar/fork-of-japan-usa,348078
/rickyall/notebook3b047a3b7a,348066
/williamqzc/raddar-0-98-xgboost-sparse-matrix-python,348075
/xlinsist/geolocation-visualisations,348044
/brainleochang/decision-tree-and-clustering,348030
/luenebus/notebookb5e7aaf76c,348005
/miaomiao1203/notebook7cbb7ca82e,347997
/sitano/a-journey-through-titanic,347994
/weiyii/notebook9363c0d830,347980
/yuikita/a-journey-through-titanic-6275a80b,348036
/cococo/house-price-prediction-part-1,347937
/seanwang/notebook2bb59fa70c,347933
/pyx123/talkingdata-exploration-434a3373,347893
/kaushikchowdhury/the-biggest-impacts-on-name-popularity,347884
/abcsds/notebook8ac202e87c,347883
/dragonheart/explore-expedia-search-data,347872
/felixinml/a-journey-through-titanic,347936
/dragonheart/the-locations-puzzle,347851
/williamqzc/python-ver-of-group-1-and-date-trick,348021
/nsynsy001/notebookb423b18d98,347841
/sterlingsun/notebookb727aeb39f,347829
/dragonheart/predict-hotel-type-with-pandas,347823
/datadu/notebook68f870f998,347819
/williamqzc/notebookbe6b6d59db,347814
/emeeks/notebook763cf0a0b4,347809
/liangrc2012/notebookd683b24c0f,347847
/duxinyuhi/simple-perceptron-classifier,347811
/haoshuai/notebooka17d5bd8c0,347790
/traincra/notebook7937dd93e6,347782
/zhangjunustc0405/notebook271f1566b2,347770
/tanlikesmath/xredboost,356131
/ildefonso/a-journey-through-titanic,347750
/bonanzhang/python-data-visualizations,347746
/mraykay/digit-recognizer-in-python-using-cnn,347744
/jasoncolon/notebooka244a78ab3,347721
/nufo17/notebookb4efe23418,347714
/apapiu/notebookbf4b04c175,347699
/hvitebjorn/notebookc4c30d5cb1,347698
/ledbetter/notebookb9d649a9c2,347686
/aagundez/notebookbcca9581e5,347685
/bblatsfoot/notebook3dbc3fb190,347684
/antgoldbloom/notebooka9c2bb268e,347677
/katerynad/notebooke4ae876bce,347672
/alizeb/python-data-visualizations,347662
/luoyao/notebookf126bed12f,347650
/rodrigowiggers/visualizing-pok-mon-stats-with-seaborn,347652
/geekdad/geolocation-visualisations,347637
/dongdongwang/tensorflow-deep-nn,347588
/slemasne/notebookcb86d23e28,347571
/ahmedg/the-biggest-impacts-on-name-popularity,347453
/gsordyl/a-journey-through-titanic,347435
/mikeyhu2014/notebook8bdab43c07,347397
/agarwalsneha/notebookd7c78429ef,347393
/mikeyhu2014/notebooka352de16f9,347366
/rplaca/notebook9421ff27f0,347335
/lijantropez/notebook6326d87817,347299
/austincap/notebook234f348fa7,347374
/igpogo/who-not-to-fly-with,347297
/zhanli/notebook9dd7bf66fe,347217
/jth359/data-analysis-for-beginners,347200
/surajpoojary/unearthing-the-mystery-titanic,347578
/tonylau/notebook1c76de84a9,347163
/informationminer/notebook0232457a33,347156
/scratgirl/notebook2fe4030bb3,347126
/lokendradevangan/notebookb39fe9ea66,347123
/liaison/visualizing-pok-mon-stats-with-seaborn,354261
/vrbala/user-portraits-a823de0d,348630
/roelsmits/notebook6c24fe45b3,347097
/mikesm/notebook35b64173c3,347087
/iwant2py/notebook51e3012a35,347080
/piakarski/notebook577625d91e,347079
/jesustorres/notebookcb5f67c007,347075
/lihongqiang/notebook1da0aaf609,347071
/poiss0nriot/fork-of-notebook42d4b808a6-14fa1c25,347068
/jparchure/country-mention-map-through-hrc-emails,347189
/heschmat/notebook35033fc614,347029
/beepboopbeepboop/a-journey-through-titanic,347018
/lihongqiang/notebookcb21fe087d,347004
/konyrevdmitriy/notebook5828adde71,346998
/uthalcalthing/notebookbc2c4de5d3,346996
/lihongqiang/notebook3b8285c990,346989
/joshuajeon/notebook6a32a4f1b3,346976
/zeugma/notebook7633b6cba3,346963
/poiss0nriot/fork-of-notebook42d4b808a6,346953
/shubham0420/a-journey-through-titanic,349011
/iwant2py/notebook296f467c30,346925
/smeierch/exploring-clinton-emails-fb0dff53,346921
/lndmitry/a-journey-through-titanic,346945
/omaxim/notebook1aa3deae55,346893
/ahoerman/notebook9496e52f39,346885
/trarbish/a-journey-through-titanic,346866
/haitran/tensorflow-deep-nn,346829
/huanghuang1991/notebooka18c5ee4d1,346785
/guoyalun/python-for-padawans,346784
/itsmanoj/python-data-visualizations,1650720
/jennysy2002/a-linear-model-on-apps-and-labels-1a62c7ef,346778
/iportugal/notebook4068b5b3cb,346776
/iportugal/notebookf2953134d4,346775
/jennysy2002/a-linear-model-on-apps-and-labels-29a47711,346770
/dimensiondoor/python-data-visualizations,348124
/yuikita/a-journey-through-titanic,346721
/itsmeumesh/fork-of-evaluation-of-gender-classification-model,346802
/asherlee/a-journey-through-titanic,346692
/solomonroberts/if-football-players-were-betting-on-themselves,346687
/jiangyuan1988/python-data-visualizations-5441f9a9,346673
/cheninkaggle/a-journey-through-titanic,346672
/ramyaanalyst/notebookf20098b04c,346666
/dmitrii1985/notebook93a5250a92,1544462
/achraf112/fork-mislabeled-training-images,346641
/statarb/notebookf053f1de28,346627
/dragonheart/preliminary-exploration,346625
/omkaaa/a-journey-through-titanic,350169
/itsmeumesh/evaluation-of-gender-classification-model,346693
/psawant/a-journey-through-titanic,346603
/moshiour/the-most-predictable-league,346567
/gabcool/notebooka3692613a3,346554
/gabcool/notebook820c6db913,346546
/gabcool/notebook19c095fe75,346533
/kgkalani/notebook39339d2258,346523
/emeeks/notebookbecfe6acd6,346514
/tedrand/notebook1410e657e5,346487
/gabcool/notebook66d1792cac,346484
/josealberto/notebook3316e1f279,346485
/shivani192/notebook29c38bba4b,346458
/weihanglo/notebooka420b74075,346429
/bandari/notebookdcf89df08a,346414
/smeierch/exploring-clinton-emails,346410
/benhamner/notebook7ba68676b3,346405
/matsulab/notebook477f1388b2,346387
/johncr3/python-data-visualizations,346383
/vrbala/user-portraits-26ccccd9,346374
/mangeption/notebook55c82cc1d9,346369
/kenzheng/brand-and-model-based-benchmarks-5bdc75dd,346367
/nitink12/notebook056c0f6a68,346345
/progdrum/notebook4438eb9024,346344
/nicksonsone/the-biggest-impacts-on-name-popularity,346318
/vrbala/user-portraits,346317
/dragonheart/regression-methods-for-bike-sharing-data,346313
/benhamner/notebook29fbc0a11c,346311
/nikhi264/geolocation-visualisations,346292
/daphna/exploratory-analysis-and-predictions,410342
/xiaofei/exploring-features,346272
/sunsp4rk/python-data-visualizations-d2707815,346271
/clandgon/notebook0dac70e78c,346270
/cupello/notebook8681d26866,346268
/sunsp4rk/geolocation-visualisations,346264
/stelukutla/notebookec279fa6e1,346260
/rickyall/notebook3785404a2b,346246
/adelriscom/notebooka19f8f33ac,346244
/sunsp4rk/python-data-visualizations,346235
/sonalipandey/notebook62da47acd2,346214
