/kerneler/starter-train-v1-7be92138-c,7916885
/datalass1/rek-ml-random-forests,7907834
/kerneler/starter-cats-and-dogs-data-for-87a57d8a-3,7905998
/asmaafawzy/building-models-from-convolutions,7905979
/kerneler/starter-gacrptest-0687c40a-5,7904334
/kerneler/starter-stock-market-analysis-6a00921e-e,7904491
/kerneler/starter-gacrp-citytopopulation-64c7d736-1,7903677
/asmaafawzy/exercise-convolutions-for-computer-vision,7903832
/kerneler/starter-image1-0fe82c27-1,7903314
/kerneler/starter-flattened-csv-27702b01-8,7903222
/kerneler/starter-olympic-dataset-b7f4b713-5,7903093
/amdoshi/exercise-explore-your-data,7903271
/omkark36/eda-for-iris-dataset,7902449
/kerneler/starter-spamdetection-edfd16ca-9,7902054
/kerneler/starter-flattened-csv-7581d932-b,7901648
/kerneler/starter-ds201x-finalproject-5e7adab9-e,7901596
/xhlulu/yelp-logreg-l2-bow-saga,7968289
/kerneler/starter-2018-ml-ds-survey-kernels-fd036541-5,8090551
/kerneler/starter-number-plate-dataset-c114987b-d,7896740
/wouterlefever/transfer-learning,7895934
/shbaran/subplots,7895758
/volodymyrgavrysh/a8-demo-implementing-online-regressor-s-6642df,7895325
/willbrazil/the-data-scientist-s-toolbox-tutorial-1,7894562
/kerneler/starter-nepal-bike-numberplate-db8577a2-6,7894330
/goolli/bike-share-rentals-data-exploration,7895127
/piyushjain1/banking-classification-regression-model-practice,7927542
/ankitbasu/bivariate-plotting-with-pandas-ddcaf0,7890083
/shbaran/styling-your-plots,7889904
/kerneler/starter-wa-fn-usec-telco-customer-05c825b4-5,7889232
/prayog/exercise-machine-learning-competitions,7889728
/shbaran/bivariate-plotting-with-pandas,7889123
/medfarouk/exercise-explore-your-data,7886582
/kerneler/starter-student-data-0b415bf1-b,7885386
/mgiraygokirmak/keras-tensorflow-approach,10109106
/kerneler/starter-person-holding-knife-af69f8de-5,7884076
/kerneler/starter-fhrftr-ee840830-c,7883864
/kerneler/starter-fgftyth-46a5dea5-4,7883750
/abedkhooli/fastai-text,7900418
/damminhtien/development-model-densenet121-nadam,7889258
/zfturbo/concorde-for-5-hours,7882533
/kerneler/starter-monsoon-data-e4a0fc1a-b,7882298
/nursitinugraha/kernel288dede593,7885926
/kerneler/starter-lemonde-aca4b9f5-c,7882050
/kerneler/starter-lemonade-99bffb21-d,7881990
/volkanburc/black-friday,8045653
/patthoo/fast-ai-lesson-2,7894224
/vimlord/digit-recognizer-cnn,7904683
/kerneler/starter-movie-titles-5c1be7fd-0,7878710
/justinbosscher/k-nn-correct-avg,7878583
/kerneler/starter-eeg-micro-experiment-314aeedc-b,7877439
/damminhtien/development-model-inceptionv3,7882437
/kerneler/starter-attest-fe1efdd1-8,7876217
/kerneler/starter-yelp-reviews-2015-733ea82d-9,7876205
/kerneler/starter-recreational-activities-2013-2183f27c-9,7876188
/kerneler/starter-recreational-activities-2013-e9735dd5-4,7876190
/damminhtien/development-model-densenet121,7882457
/damminhtien/development-model-resnet50,8767532
/birduncle/renaming-and-combining-workbook,7876192
/damminhtien/flirck-8k-dataset-explore-image-desnet121,7875701
/damminhtien/flirck-8k-dataset-explore-image-resnet,7876767
/damminhtien/flirck-8k-dataset-explore-image-inceptionv3,7876919
/kerneler/starter-shufflegz-da81d267-d,7874722
/frizzles7/tutorial-latent-dirichlet-allocation,7874332
/pchrist/kernel22f5a5c426,8051220
/kerneler/starter-nj-transit-bus-to-port-ec9a4cf9-f,7870681
/speng1/kernelb6f68fc4e5,7870212
/kerneler/starter-model-ready-dataset-e85cc19d-3,7869196
/kerneler/starter-steam-ds-e4dca84c-7,7869161
/herbison/kernel295f5536cc,8575252
/islame/tp-pok-mon-6643fa,7868940
/tushars95/forest-cover,7879359
/yasmino/spotify-chart-trend-seasonal-arima,7866326
/mirzada/exercise-syntax-variables-and-numbers,7865569
/yasmino/arima,7866186
/kerneler/starter-english-wikipedia-articles-c10b17a8-e,7864711
/kmader/classifying-opacity-tiles-using-conx-gpu,7861857
/kerneler/starter-data-for-gradient-decendent-d5e46624-1,7861620
/rezwan249/deep-learning-keras-ga-revenue-prediction,7885162
/shbaran/univariate-plotting-with-pandas,7861322
/sumitamaiti/smote-train-pos,8001404
/renanmoraes50/cnn-for-hand-digit-recognition,7868968
/flubber/clustering-gower-distance-pam-on-smoted-data,7916319
/kerneler/starter-iris-model-d661846f-1,7858198
/kerneler/starter-iris-model-d1f33555-d,7857902
/kerneler/starter-iriscv-15a35470-8,7857060
/kerneler/starter-google-n-gram-d27ea749-f,7856855
/kerneler/starter-art-movements-57b00e5d-a,7855568
/kerneler/starter-glass-id-61787ddd-4,7854350
/kerneler/starter-sf-salaries-685689c2-4,7853727
/kerneler/starter-iris-model-50810aa2-e,7853695
/kerneler/starter-art-movements-d2add478-8,7852781
/sirojiddin/fork-of-time-series-data-analysis-using-lstm-tuto,7852713
/kerneler/starter-web-data-amazon-movie-reviews-88449f28-6,7852489
/smartyme/data-cleaning-challenge-handling-missing-v-6574da,7850609
/cggn344/credirtcard-ml,7849392
/ankitbasu/bivariate-plotting-with-pandas-5ebb0c,7852136
/chenyiyi/model-validation-b18dd3,7845570
/kerneler/starter-stevejobs-pic-e77f5b35-e,7843619
/akshatgupta001/toxic-comments-classification-using-keras-f9dda6,7843429
/rihadv/seaborn-tutorial-for-beginners,7843522
/kmail82617/exercise-model-validation-3b672a,9568925
/kerneler/starter-diabetes-8f65bd57-0,7841354
/kerneler/starter-it-jobs-cb7c2523-f,7840058
/kerneler/starter-mlb-team-statistics-871fdf03-2,7839701
/kerneler/starter-nyc-high-school-data-ec7ee539-d,7839276
/kerneler/starter-movies-and-tv-5-89b75a5d-1,7839195
/kerneler/starter-rmu-dissertation-predictive-9863651f-2,7839067
/kerneler/starter-ph-ng-kh-m-a-khoa-h-u-th-a869cf69-5,7838943
/kerneler/starter-s-p500-index-data-5b955d79-9,7838409
/kerneler/starter-ames-housing-data-e31db56b-0,7838334
/samaxtech/predicting-house-prices-fs-techniques-linearreg,7929999
/kerneler/starter-mlb-game-data-from-retrosheet-f0aa10d2-a,7837906
/kerneler/starter-mlb-game-data-from-retrosheet-5175dc13-7,7837828
/kerneler/starter-mlb-games-data-from-retrosheet-98302aa4-b,7837596
/kerneler/starter-chinook-music-store-data-75750bfb-0,7837567
/kerneler/starter-cia-factbook-data-da9a2e28-c,7837450
/kerneler/starter-star-wars-survey-data-47a11095-0,7837317
/samaxtech/visualizing-gender-gap-in-college-degrees,7861333
/kerneler/starter-college-earnings-by-major-accf898f-2,7836931
/samaxtech/visualizing-earnings-based-on-college-majors,7861378
/mpollind/car93-data,7834824
/kerneler/starter-nhl-game-data-3f1fb987-2,7834809
/kerneler/starter-buan6340project-9e864506-4,8197916
/kerneler/starter-premier-league-2016-2017-and-0b8b9cb0-9,7832964
/jiangkun1994/r-ukpolitics-political-opinions,7832634
/kerneler/starter-jazz-ml-ready-midi-c9ff1253-a,7832554
/jiangkun1994/most-controversial-subreddits-73af07,7850313
/kerneler/starter-newdata-c4905c9b-8,7830407
/kerneler/starter-juno-train-dataset-889f6355-c,7829195
/kerneler/starter-densenet-model-259f7627-5,7828954
/kerneler/starter-credit-risk-loan-eliginility-5fd01ead-2,7828595
/kerneler/starter-manchester-united-season-2018-6f50615e-0,7828521
/kerneler/starter-extracted-features-for-yelp-5b3421cb-4,7828160
/kerneler/starter-pollster-politician-favorable-5c5d0896-8,7827624
/kerneler/starter-pollster-politician-job-01542334-2,7826915
/deepikaggupta/plasticc-a,8228622
/kerneler/starter-pollster-mayorlal-primaries-cd338197-4,7826730
/ananthrajsingh/exercise-strings-and-dictionaries-96824f,7826703
/kerneler/starter-pollster-uk-eu-referendum-ed984416-9,7826588
/ocelaiwo/pneumoniacnn1000,7938158
/kerneler/starter-exporting-flower-world-wide-88098848-9,7825893
/kerneler/starter-bank-account-f122c166-e,7825543
/yashwanth3003/kernelaaf9ae0dd6,7825214
/kerneler/starter-flower-types-artificial-374780de-7,7824418
/kerneler/starter-flower-types-flowers-in-pots-f123ac12-c,7824102
/kerneler/starter-flower-types-natural-flower-5909ef4d-5,7824022
/richegger/an-evaluation-of-baseball-pitchers-by-hand,7824631
/fridaleoeva/dmhw2kagglekermel,7835420
/kerneler/starter-iranian-dastgah-music-72a23803-3,7823223
/ai2prx/dog-or-cat-acc-90,7827411
/kerneler/starter-boy-kilo-c15646c4-3,7823105
/babak87/pipeline-1,7826558
/kerneler/starter-iranian-traditional-music-53bf4ddc-0,7822455
/kerneler/starter-hr-attrition-f4f19e9c-e,7822396
/kerneler/starter-genbank-prrsv-data-a309b18e-6,7822123
/gaelblanch/fold-two-doodler6,7821082
/sokoolx/exercise-time-series-modeling,7820517
/kerneler/starter-rmu-dissertation-project-6ce44313-d,7820320
/snehabansod/twitter-sentiment-by-lstm,8997105
/yuta0001/keras-cnn-in-japanese-score-0-99442,7980109
/kerneler/starter-sonarrocksmines-1c65673a-3,7818129
/jackyyang111/kernele36d57a8e1,7875969
/kerneler/starter-alcl-train-4-7-9cfbcaea-7,7852734
/kerneler/starter-alcl-train-8-11-3ac3c871-c,7856258
/kerneler/starter-flowers-dataset-0a4189e3-8,7814409
/yhcho1918/fork-of-no-feature-engineering-using-conv1d,7813824
/rhkdtjqql/bag-of-words2,8510477
/kerneler/starter-headbrain-1aac50c7-b,7810224
/den3b81/sharing-code-publicly-is-not-allowed,7810080
/ankitbasu/univariate-plotting-with-pandas-6a722e,7810123
/kerneler/starter-customer-uyrew-8e3ef301-1,7809612
/kerneler/starter-products-ig-f49f0561-2,7809460
/kerneler/starter-submission-53cb726c-a,7809328
/arteip/planos-de-governo,7809599
/malyada/basicunet-v1,8025690
/mohsenshahverdi/mnist-using-resnet,10027442
/sandeepkumarkushwaha/exercise-booleans-and-conditionals,7808047
/gauravsinghania/digit-recognizer-ml-knn,7807985
/kerneler/starter-hr-analytics-91ec8119-5,7807970
/kerneler/starter-mushroom-100f1f8d-4,7807918
/kerneler/starter-lasvegastripadvisor-f0c01ce7-3,7807884
/kerneler/starter-malaysia-life-expectancy-1b5f51a2-c,7806976
/karthikjvk/initial-eda-ba165b,7806306
/kerneler/starter-kaggle-survey-7bfd320c-d,7806299
/kerneler/starter-srcatch-or-not-3da59e4f-f,7806769
/kerneler/starter-diabetic-data-ecc18a8f-1,7805153
/dkasprick/king-county-sales-regression,7804583
/abhi1999/kernela0e1205146,7804321
/shitalborganve/deep-learning-tutorial-for-beginners,7802722
/patthoo/fast-ai-lesson-1,7894225
/kerneler/starter-kaggle-survey-for-data-science-70ffa6f2-e,7801581
/kerneler/starter-nasdaq-apple-news-787a2c85-a,7800892
/kerneler/starter-finalprojectdata-020be3db-5,7800421
/kerneler/starter-alcl-train-0-3-660c969f-e,7848872
/kerneler/starter-dataset-of-vowels-5fbf4781-c,7799900
/kerneler/starter-dataset-of-vowels-297125c8-4,7799754
/kerneler/starter-machine-learning-in-action-2537337d-a,7805045
/sabittan/selectkbest,7799958
/kerneler/starter-college-admissions-c79081de-c,7799000
/kerneler/starter-college-admissions-f2a31392-f,7798850
