/bsvetchine/convolutional-neural-network-for-mnist-using-keras,6646635
/kerneler/starter-neocase-case-category-7ac3857d-c,6627216
/kerneler/starter-prostate-cancer-4ab2b415-d,6626729
/kerneler/starter-uci-communities-and-crimes-2b7b2331-4,6626719
/kerneler/starter-20-newsgroup-original-e850d874-3,6626521
/kerneler/starter-20-newsgroup-original-cmu-0798b401-2,6626387
/kerneler/starter-wikia-census-50517349-3,6626264
/kerneler/starter-ownership-by-area-eff-and-anc-10b9d4b0-5,6626243
/raynem/fork-of-fasttext-gru,6626185
/kerneler/starter-my-social-media-status-fe80a0c3-4,6625825
/adrian1acoran/3-1415926-876d61-3d4aa7,6627383
/nvinayshetty/order-by,6627253
/kerneler/starter-economic-freedom-of-the-world-391788fd-1,6624695
/kerneler/starter-salary-data-fdc783d9-d,6624387
/adrian1acoran/fork-of-3-1415-876d61,6624394
/kerneler/starter-decathlon-fb336ecb-d,8116709
/kerneler/starter-irisasimages-6c95b299-f,6623541
/kerneler/starter-titanic-dm-subset-1a5f2448-3,6623531
/kerneler/starter-pokemon-data-simplified-e103a7b4-a,6623496
/kerneler/starter-nysetradingdata-e57e0eb1-6,6623133
/kerneler/starter-apache-spark-universal-part-of-8813a5c1-8,6735389
/dmayboroda/transfer-learning,6623479
/kerneler/starter-suicide-data-from-who-5128546c-c,6622615
/kerneler/starter-opensar-imagery-data-in-numpy-9f22b99e-e,6622596
/kerneler/starter-churn-data-f6e4ac9c-f,6622487
/kerneler/starter-seisdata-a70907b9-d,6622109
/dmayboroda/programming-in-tensorflow-and-keras,6622106
/kerneler/starter-house-prices-predictions-8ed22bd3-0,6622020
/kerneler/starter-patientscsv-f4a014dd-b,6621949
/kerneler/starter-celldna-756cf725-c,6621830
/dmayboroda/exercise-convolutions-for-computer-vision,6621556
/ankur1809/breakhist-dataset-image-classification,6832174
/kerneler/starter-car-make-and-model-95dc69ac-f,6620142
/kerneler/starter-102flower2-69c05d27-e,6619825
/kerneler/starter-precipitation-data-of-pune-fff95ed8-7,6619618
/kerneler/starter-car-accidents-0468f01c-1,6619506
/kerneler/starter-50-start-up-companies-and-d9213ab2-3,6619497
/volneigm/mask-rcnn-and-coco-transfer-learning-v1,6632957
/gurpreet23/kernelce8dfefa83,6619090
/kerneler/starter-images-ibm-35390cc7-4,6618645
/kerneler/starter-images-ann-ibm-c09bcd7e-0,6618630
/kerneler/starter-movielens-100k-ccdda11d-a,6956279
/kerneler/starter-imdb-movie-review-dataset-c433ef13-e,6617776
/bhavanaveturi/basic-visualization-and-clustering-in-python,6617777
/kerneler/starter-imdb-movie-review-dataset-0b7cd02e-7,6617420
/kerneler/starter-imdb-movie-review-dataset-081be012-4,6617269
/kerneler/starter-imdb-movie-review-dataset-08195db1-c,6616937
/kerneler/starter-2017-2018-daily-game-488887d1-a,6616755
/kerneler/starter-imdb-data-cvs-5ce6a390-d,6616526
/kerneler/starter-swell-heart-rate-variability-245b266c-9,10109118
/riyanagpal/renaming-and-combining-workbook,6615145
/nvinayshetty/group-by-having-count-886290,6614102
/riyanagpal/data-types-and-missing-data-workbook,6614152
/deepaammu1997/topic-5-ensembles-part-1-bagging-5fd113,6644520
/nvinayshetty/group-by-having-count,6613419
/deepaammu1997/gradient-boosting-simplified,6613248
/santoshbothe/digit-recognition,6612814
/kerneler/starter-google-search-results-pages-f3419fcd-3,6637813
/kerneler/starter-xrays-chest-299-small-aug-less-ff6f8a88-a,6611955
/kerneler/starter-seattle-email-metadata-0307055b-b,6611827
/kerneler/starter-state-of-the-union-corpus-ceca839d-3,6611475
/kerneler/starter-pubg-v2-0e330119-3,6610648
/kerneler/starter-web-text-corpus-69652a5a-d,6610575
/kerneler/starter-nltk-data-simplified-092e7ac6-f,6610586
/kerneler/starter-unix-words-1d2d2dd6-6,6610532
/kerneler/starter-movie-reviews-14a7dbea-2,6610516
/processsuccess/kernel8fa40c583d,6610415
/kerneler/starter-brown-corpus-c679ec18-3,6610251
/kerneler/starter-fpa-code-2a25afa7-8,6856914
/kerneler/starter-soccer-data-from-2010-5ca2ebea-2,6609470
/kerneler/starter-australian-broadcasting-7d5e4de9-3,6607908
/kerneler/starter-911-csv-f3b236c4-7,6607041
/swapnilbarwat/titanic-survival-prediction,6607051
/fermatsavant/clustering-homework-news,7662238
/kerneler/starter-chexnet-keras-weights-163544d9-f,6606188
/kerneler/starter-test123jhlajsdf-2f3a0ebd-c,6606280
/sklasfeld/truevotenumber,6796375
/refaee/kernel93aeccbc4e,6605714
/plsms21/02exc-univariate-plotting-with-pandas,6606026
/kerneler/starter-school-shootings-us-1990-08c6f8de-1,10150550
/kerneler/starter-bike-sales-d969d342-2,6605541
/kerneler/starter-quick-draw-model-weights-for-b7324570-e,7089142
/kerneler/starter-world-development-indicators-9b925026-a,10783078
/kerneler/starter-world-bank-projects-928d8fac-6,10783018
/kerneler/starter-sustainable-development-goals-3f04e4f0-5,10782925
/kerneler/starter-poverty-and-equity-database-918bcfb7-2,10782903
/kerneler/starter-govdata360-5a575b67-a,10782858
/kerneler/starter-ida-results-measurement-system-8bbd1c5f-2,10782853
/kerneler/starter-global-financial-inclusion-dd525047-a,10782843
/kerneler/starter-global-financial-development-54d94886-7,10782842
/kerneler/starter-global-economic-monitor-b50e1ad9-4,10782833
/kerneler/starter-education-statistics-9b10c28f-a,10782826
/kerneler/starter-doing-business-88d20f74-6,10782768
/kerneler/starter-data-on-statistical-capacity-296a0f44-1,10782760
/kerneler/starter-country-policy-and-79078473-9,10782721
/kerneler/starter-world-bank-population-4eded76f-4,10782620
/kerneler/starter-world-bank-millennium-3ba54416-6,10782592
/kerneler/starter-world-bank-international-debt-142d8648-4,10782586
/kerneler/starter-world-bank-health-nutrition-b151ceac-d,10782582
/kerneler/starter-world-bank-gni-ranking-atlas-74b71334-3,10782549
/kerneler/starter-world-bank-gdp-ranking-46bb2214-f,10782543
/kerneler/starter-world-bank-climate-change-data-79437a7e-4,10782541
/omersen99/log-reg,6603627
/kerneler/starter-noaa-global-historical-876cec0c-e,10781151
/kerneler/starter-usa-states-0ea6b71a-0,6602872
/kerneler/starter-opt-data-tracitt-c8f138d0-4,6601917
/rajatpatil777/3-library-for-visualization-black-friday,6601633
/kerneler/starter-homicides-1a92749d-3,6601030
/kerneler/starter-consumer-opinion-surveys-86117a63-6,9577171
/kerneler/starter-world-exports-of-goods-and-92f3a7e2-a,9577166
/kerneler/starter-oecd-value-of-total-retail-9a39b7ff-9,9577165
/kerneler/starter-total-industry-production-72ed8378-5,9577161
/kerneler/starter-oecd-sales-value-of-total-5a80d360-d,9577159
/kerneler/starter-oecd-passenger-car-ce2ddf03-8,9577158
/kerneler/starter-oecd-total-share-prices-for-317e5507-8,9577157
/kerneler/starter-leading-indicators-oecd-gross-334a24f9-8,9577154
/kerneler/starter-oecd-government-final-650affb4-7,9577153
/kerneler/starter-oecd-total-current-account-8d3bf720-0,9577139
/kerneler/starter-oecd-consumer-price-index-b7dd78da-0,9576731
/kerneler/starter-oecd-current-account-balance-53d0cb00-3,9576726
/kerneler/starter-oecd-consumer-price-index-of-793fdd78-f,9576752
/kerneler/starter-oecd-consumer-price-index-of-ba6616a9-e,9576679
/almazkun/exercise-syntax-variables-and-numbers,6600133
/kerneler/starter-consumer-opinion-surveys-oecd-20a13b29-9,9576595
/kerneler/starter-3-month-or-90-day-rates-and-b04d90db-9,9576607
/kerneler/starter-oecd-constant-price-gross-f12aafbb-6,9576593
/kerneler/starter-oecd-business-tendency-surveys-ddaf6114-c,9576578
/kerneler/starter-active-population-and-activity-3ae9a05e-6,9576575
/douglasandrade/hello-kaggle,6936887
/kerneler/starter-nba-2017-18-stats-and-fantasy-5f271040-5,9652977
/kerneler/starter-twitter-data-58597faf-8,6599057
/kerneler/starter-turkey-population-2018-a668332c-d,6598285
/kerneler/starter-quick-draw-model-weights-for-f3ad3d66-a,6598058
/kerneler/starter-car-components-23c779e6-6,6597775
/kerneler/starter-sana-dataset-1924a6db-6,6597630
/alqamahjsr/strings-and-dictionaries,6599021
/kerneler/starter-gstore-prepared-dataset-72360fed-f,6596900
/kerneler/starter-car-components-72a6f6fb-0,6596417
/kerneler/starter-car-components-6d43c773-f,6596239
/kerneler/starter-tokenized-corpus-a5f5f980-d,6595359
/yakolle/gs-nn-uv-train-1-4-10,6596155
/kerneler/starter-102flowers-1-0ffec88f-1,6594699
/kerneler/starter-imodel-80312953-6,6822150
/kerneler/starter-102flowers-17f65c93-9,6593167
/kerneler/starter-google-landmarks-dataset-3f5ec255-8,10807194
/kerneler/starter-nypd-accidents-bca47ccf-3,6591864
/kostaspapastamos/kernel235258fe44,6594232
/kerneler/starter-meta-kaggle-29ac4bb3-c,10767292
/kerneler/starter-wind-turbines-spain-87a45b50-a,6590268
/kerneler/starter-text-corpus-7a35e1e1-d,6590140
/tarunpaparaju/mnist-digit-recognition-with-capsulenet,6592860
/kerneler/starter-russian-troll-tweets-40e63cce-e,6589561
/kerneler/starter-resident-population-time-e1e08134-b,10726494
/kerneler/starter-total-revenue-time-series-bf8b9a9a-0,10726257
/kerneler/starter-total-households-time-series-898c9609-c,10763598
/kerneler/starter-total-married-families-with-dc3bde84-2,10726375
/kerneler/starter-poverty-universe-all-ages-b8eeaa2d-b,10726360
/kerneler/starter-population-estimate-of-non-52fdb76b-c,10726358
/kerneler/starter-population-estimate-of-african-66fb3f96-b,10763637
/kerneler/starter-median-age-of-the-population-23b34bcf-d,10763592
/kerneler/starter-mean-adjusted-gross-income-for-55ec6bdc-f,10763589
/kerneler/starter-health-insurance-coverage-in-84b5445d-0,10763586
/kerneler/starter-family-households-with-married-07a52dd2-0,10763585
/kerneler/starter-home-homeowner-vacancy-rate-41ce7435-b,10763579
/kerneler/starter-population-time-series-data-3fa2e6e7-1,10763571
/kerneler/starter-value-of-manufacturers-59dc89d8-8,10763567
/kerneler/starter-value-of-manufacturers-03f8fc70-6,10763562
/kerneler/starter-value-of-manufacturers-c1e55442-0,10726298
/kerneler/starter-total-public-construction-4011d7a8-e,10726125
/kerneler/starter-total-private-construction-e8b6c29a-b,10726116
/kerneler/starter-total-construction-spending-61d639e8-e,10726094
/kerneler/starter-total-operating-expenses-time-98328a4c-c,10763541
/kerneler/starter-total-merchant-wholesalers-30f24180-7,10763535
/kerneler/starter-total-business-inventories-and-31e23503-b,10763530
/kerneler/starter-kansas-state-government-tax-3d87105f-6,10763512
/kerneler/starter-snap-benefits-recipients-data-ea4ee9d5-5,10725995
/kerneler/starter-retail-and-retailers-sales-9031c871-d,10763499
/kerneler/starter-internet-reaearch-agency-e32a64dd-f,6588618
/kerneler/starter-real-median-income-data-90196afb-c,10763266
/kerneler/starter-rental-vacancy-rate-data-dc91c224-7,10763220
/kerneler/starter-real-mean-family-and-personal-741c6829-6,10763090
/kerneler/starter-new-private-housing-units-with-6e067062-d,10763074
/kerneler/starter-quarterly-financial-report-u-b1773b97-6,10763087
/kerneler/starter-manufacturers-inventory-to-1d579977-0,10763086
/kerneler/starter-percent-of-population-below-baa8fa0d-a,10763057
/kerneler/starter-people-25-years-and-over-5426614c-f,10763048
/kerneler/starter-net-migration-flow-time-series-f8cca561-a,10762963
/kerneler/starter-merchant-wholesalers-792122ed-f,10762939
/kerneler/starter-median-personal-family-and-5e8c67ad-c,10762912
/kerneler/starter-mean-commuting-time-for-e0038425-d,10762877
/kerneler/starter-manufacturers-sales-and-5f3abee9-7,10762865
/kerneler/starter-income-inequality-time-series-e9498f8a-0,10762859
/kerneler/starter-income-gini-ratio-time-series-160698b5-7,10762848
/kerneler/starter-household-and-housing-9fdb9783-f,10762835
/kerneler/starter-estimate-of-people-of-all-ages-3d8a2f14-6,10762696
/kerneler/starter-advance-retail-sales-time-1521ee1c-7,10762654
/kerneler/starter-e-commerce-retail-sales-series-d0fc8256-f,10762652
/kerneler/starter-breakdown-of-revenue-by-type-b079f4f8-9,10762643
/kerneler/starter-bachelor-s-degree-or-higher-07d8b37d-2,10762640
/kerneler/starter-advance-u-s-international-64381692-f,10762629
