/mkstar/helloworld,553859
/andyz422/notebookd7893eacff,553849
/tianji/tensorflow-deep-nn-digit-recognizer,553835
/fatarea/feature-importance-v1-009ac2ca,553833
/fatarea/feature-importance-with-extratreesclassifier,553813
/fatarea/feature-importance-v1,553810
/zed9941/notebook94738f690b,553807
/nincha/notebook375afe1a57,553766
/fzhurd/tianic-v11h-20161216,553658
/kqdmqx/test-notebook,553649
/sksdudtjs/notebook92ee5e4647,553645
/mg1633081/notebook0505eaafa5,553639
/gavinp/regularized-linear-models,557816
/alexks8/notebook624445cd76,553631
/bradysheehan/exploratory-study-on-ml-algorithms,553597
/yibing/exploratory-tutorial-titanic,553594
/pstavro/ufo-reports-in-united-states,553589
/tezdhar/reduce-size-of-dataset-to-1-gb-7133f494,553582
/sshahriari/regularized-linear-models-526efe41,553559
/sshahriari/911-calls-visualization,553558
/sshahriari/regularized-linear-models-ss,553552
/devang18/a-journey-through-titanic,553546
/matsuo/notebook1d3a560e07,553545
/sshahriari/regularized-linear-models,553539
/lockelee/a-journey-through-titanic,553531
/shubsja/notebookc109d3da6d,553526
/s7uff3r/57uff3r-titanic,554329
/janga1997/titanic-best-working-classifier-8f9c400f,553504
/mjayam/notebook32a7669db9,553500
/cher93/notebookb1ad3541b7,553496
/cher93/notebookbb3795fde3,553482
/sun1507/support-vector-machine-svm,553474
/devang18/notebook97c515011a,553451
/invokeralex/titanic-best-working-classifier,553434
/yanyang729/detailed-cleaning-visualization-python,553430
/tezdhar/reduce-size-of-dataset-to-1-gb-10f6929a,553417
/tezdhar/reduce-size-of-dataset-to-1-gb,553399
/vishvicky/notebooka77298bf88,553393
/apartin/kerneltoy00,1101177
/jashmehta/principal-component-analysis-explained,553348
/matthawes/notebook8bc2317bc3,553339
/lynn123/notebookc867f57ea8,553323
/sandeep2010/data-visualisation-for-ipl-datasets,553312
/tonypoe/data-exploration-nature-conservancy,553282
/ohhhlisajerry/getting-started-with-the-homicide-dataset,553279
/dalgacik/exploration-and-plotting,553271
/poojamangla/ml-from-titanic-disaster,553197
/cloudcity/notebookddb2113d99,553182
/quark6/leaf-class,553243
/stevenkrone/alpha,655055
/minggli2015/notebookbba705ce5a,553134
/hayeke/notebook5028d8a67c,553074
/dmnielsen/notebookf5433e5fa4,553061
/redoul/salvum-fac-populum-dilexit-titan,553040
/ctrlaltdel/play-with-keras,553030
/mukundha/notebook3e4103d9a8,553028
/conanex/notebook7f2b4cfefc,552997
/yanmengk/notebooke58a1412f3,552995
/shindannin/version-test,552990
/ctrlaltdel/play-with-deep-learning,552975
/highroom/notebook382a6b09cb,552965
/sgmaldonado/stephs-code-test,553155
/lzhao1217/notebooka8b9a29bfb,552827
/ilyeshammadi/notebook61b8e555f6,552811
/manojb/principal-component-analysis-explained,552800
/janpreets/notebook42f05b2d58,552783
/ilyeshammadi/testo,552782
/even5ww/notebook4f02b8cb6a,552712
/sflender/notebooke71eef0636,552704
/kallevato/titanic-test,552870
/nahomabi/principal-component-analysis-of-pokemon-data,552660
/guilhermesantos/simple-exploration-notebook,552650
/gilrosenthal/notebook88ac7364a5,552648
/vishalvikram1992/regularized-linear-models-f9bd36fb,552645
/akinhwan/notebooke8220fee28,552607
/glegoux/principal-component-analysis-explained,552597
/gsinapi/notebook1ed5579117,552583
/nkornel/notebookfaf521c61d,552553
/nkornel/notebookdc56c69e5b,552548
/ayoussef/dummies-for-dummies,552502
/barrym/notebookc3d988114b,552465
,None
/gianthawk/notebook9cd2342596,552397
/hakjosef/notebook4b6190bc07,552305
/rohitkt/notebookc9b3c889df,552291
/waleedalhaider/notebookf0db0b3d18,552223
/varunrisbud/notebookb239ee5d95,552215
/justfor/testscript,561386
/lkavanagh/keras-cnn-with-explanation,552109
/francescodesimone/notebooke483631247,552103
/drgarg/keras-version,552054
/bargach/a-journey-through-titanic,552043
/ooluwadeyi/comprehensive-exploration-and-visualization-1,551975
/epattaro/notebook0573f7ab60,551970
/sabihachoudhry/notebook00d8599c11,551937
/tmrrtm/principal-component-analysis-explained,555735
/jbuhler/notebookba88e860da,551891
/wendykan/test-updated-files,551883
/nikitarub/notebooka1257faa07,551863
/mardom/exploration-and-plotting,551860
/noziar/notebookd9ce60d656,551851
/degree2space/notebook4fdb30dc2c,551849
/mtdonovan/earthquakes-in-italy,551847
/noziar/hello,551846
/richabhuria/building-a-prediction-model,551836
/slygeorge/1-0-exploration-and-plotting,551833
/vasilykomyagin/timeseries-analysis,551831
/lorismichel/notebookce8d4df517,551819
/cookepm/explorsdd,551808
/sr71nighthawk/classifying-mental-state-sklearn-logistic-tf-nn,551796
/yongyeol/notebookfbf9a5e383,551774
/mercuryboard/notebook5907399228,551751
/mercuryboard/notebook5ec9ef8950,551745
/worldeditor07/three-level-classification-architecture-bfdd23da,551743
/gongzhitaao/mlp-with-image-pixels,551742
/gongzhitaao/rescale-aspect-ratio-kept-raw-images,552372
/henviso/a-journey-through-titanic,551699
/mlemacks/map-extinct-endangered-languages-matplotlib,551662
/uzuru99/titanic-classification-uzuru99,551659
/brudder/keras-cnn-with-explanation,551488
/thiagohdeplima/notebooka53cad6542,551480
/jjgarcia/notebookf33512dfdb,551471
/wangqixun/notebook23f23463cc,551468
/johnlam/a-journey-through-titanic-f5ea60dd,551467
/mk28468/notebook99a1328f18,551437
/truongquybrvt96/exploring-survival-on-the-titanic,551436
/hohobrothers/python-data-visualizations,551405
/siddharthvashishth/comprehensive-exploration-and-visualization-1,551335
/saiashirwadr/notebook43bd3597cf,551317
/betterplace/tensorflow-deep-nn,551291
/nmcintyre/notebook3eef64cda8,551269
/antgoldbloom/detailed-cleaning-visualization-python,551237
/antgoldbloom/test1,551234
/dadoes2/notebook0b11ecd6fd,551230
/dadoes2/test1,551226
/delange/3-basic-classifiers-and-features-correlation,551193
/kagglepoo/notebook88f0bccfd5,551157
/delange/image-preprocessing-exploration-2,551156
/luissuall/notebook696caaf1a2,551153
/dandelionron/terrorist-attacks-in-united-states,551151
/bidamon/notebook68f74feb00,551142
/samuelfletcher/notebook3a02165a84,551123
/luissuall/notebookff9706e80a,551122
/anuragpatil94/artificial-neural-network-ann-on-loandata,551216
/robo87/regularized-linear-models,551108
/mikky1996/fish-detection,551100
/liukun/liukun,551094
/lavande233/regularized-linear-models,551087
/dtomlares/notebook0a9955c9eb,551059
/lapolonio/exploration-and-plotting,551052
/iamrpandey/titanic,551058
/tfrmarques/r-base-prediction,563960
/anuragpatil94/c5-0algorithm,551044
/rockking126/fishy-keras-lb-1-25267,550978
/yyin0801/notebook08398f54c6,550976
/andreytapuzov/keras-convnet-lb-0-0052-w-visualization,550974
/shadoe/roy-s-titanic-notebook-ef613094,550959
/shadoe/roy-s-titanic-notebook-b142cd25,550948
/janga1997/titanic-best-working-classifier,550926
/sfcarroll/catdognet-keras-convnet-starter,550921
/dhfromkorea/a-journey-through-titanic,550901
/tracetidwell/notebook699d40da6e,550894
/varunaa/time-series-analysis,550844
/orchard/cleaned-used-cars-database,550833
/kaolian/notebookc775a26d1c,550809
/haneesh/randomforestregressor-demo,550726
/xmyqsh/notebookf2badb9863,550722
/shubvyas/titanic-best-working-classifier,550712
/haneesh/randomforest-demo,550697
/shadoe/roy-s-titanic-notebook-d4326813,550695
/hukuuu/hihihi,550683
/charma69/notebookbdbe730628,550676
/dc4data/notebooke66e3be516,550674
/feshch/notebook14ed9560a1,550663
/amanullahtariq/a-journey-through-titanic,550780
/joje90/notebook203a0d3e64,550639
/haneesh/demo-i,550626
/andreytapuzov/leaf-classification-dc,550585
/slvabtop/notebook26abe66e08,550544
/starxuan/titanic-best-working-classifier,550478
/rosenswag/regularized-linear-models,550459
/chico89/notebook93e3568ae7,550455
/janga1997/notebook4dbb9ef931,550412
/qiaoyangzheng/notebook49adf1d212,550403
/terryocy/finding-boatids,550395
/kgt0228/when-less-is-more,550385
/sushilkumar/aviation-investigation-statistics,550383
/sushilkumar/notebook3195befea5,550382
/huiyingjiang/notebookddfe74ce75,550380
/mohsan/notebook41286abefa,550370
/coderanger/ghosts,550369
/kembles5/notebookb826e34c6a,550364
/laurae2/exploration-and-plotting,550338
/yuvraj/notebook85b06134e4,550297
/cosmogeek/notebook4e87c1cf98,553493
/roiispol/reduce-size-of-dataset-to-1-gb,550259
/afrato/notebook1161197044,557676
/erickmuzart/exploration-and-plotting,550243
/afrato/notebooke131e661f4,550240
/ajeshbabu/notebook895061f48b,550196
