/anapty/notebookfe25887c89,1032233
/verdecal/xboost-test,1032228
/nikhil2008v/test-xgb,1036328
/alexlau0907/notebook1d4cf1377d,1032165
/verdecal/test-script-svc,1034276
/briannacodes/notebookb860742c6e,1032156
/nbose2/notebook93d54397eb,1032147
/nbose2/er-help,1032117
/athabascaai/test-titanic-svm,1046821
/briannacodes/notebook1343f40f1c,1032091
/xndr007/notebookd97e8fe3c0,1032076
/machaxx/machaxx-titanic,1032068
/nageshnaik/iris-dataset-analysis,1032055
/xndr007/notebook15fa48d87b,1032053
/diegoirrazabal/notebook7759e3206c,1032047
/nageshnaik/notebook5bcc48f995,1032038
/owais829/timeseries-of-interest-vs-unemployment-inflation,1032025
/alxndrkalinin/resnet50-features-xgboost,1031982
/nottourist/exploring-survival-on-the-titanic,1031972
/rajseb/notebookb9b109f2af,1031971
/diegomenbo/prueba1,1031966
/kaeruair/notebookf7bb2b6724,1031911
/maheshak04/notebookd48640f3db,1031902
/wbooth/notebook92638b5c91,1043415
/lestatzhang/notebook494f6b3e14,1031889
/vivekbawa/notebook5b978ef3bb,1031868
/chintansavla/notebook6762e9fa05,1031844
/wbooth/first-forest,1043456
/stevorobs3/notebook4698c867d6,1031837
/rsskumar/notebook1687249026,1031825
/royalballoonbruce/notebookc6b7614fa7,1031827
/prashanthmrgn/notebookc0a541fb3b,1031816
/pinky89/notebook695e63f6b6,1031810
/caoqian/notebook44051cffcc,1031800
/bluewhales/notebook8ef8073567,1031790
/cdnguyen1994/notebookd2a0fb94b2,1031778
/lavinialau/leaf-classification-1,1031755
/mukultaneja/notebooka1301e220a,1031722
/norah23/notebooka31e4a0e1b,1031716
/anilkr/notebookf7a7699233,1031711
/maheshak04/notebookcb339d5b5a,1031704
/rice010101/notebooke97c299861,1031692
/anilkr/okanil,1031698
/ricky1993/notebook44e5b0036c,1031588
/msindhu/notebook854dc69148,1031577
/aenache/test1,1031560
/mayankdhingra02/notebookca72020ccc,1031545
/bombatkarvivek/notebooke9472d3202,1031543
/penakazato/notebookd91df8e0ed,1031518
/alexiscl/notebook4be2638ac7,1031498
/vaishk30/notebook7db1482874,1031491
/nlk511/fork-of-hr-explorative-analysis-7d18fb,1031490
/artemvl/notebook96d97a3d70,1031465
/johan01/notebook15d2388f74,1031460
/shiyili/titanic-data-science-competition-my-practice,1031444
/shiyili/notebook82772d296a,1031443
/shiyili/notebook9f66909a58,1031441
/onestar1967/notebook2023379974,1031431
/coffeezavia/notebookc1e1e3b85e,1031387
/coffeezavia/notebook7ab9adeb8b,1031386
/pabloalvarez/learning-embeddings-with-cbow,1031385
/guyodub/notebook3b9187880d,1031376
/alexai/defautscript6,1031379
/trenzalore888/old-not-in-use-anymore,1090056
/dreamworld/knn-svm-adaboost-compare,1033175
/zhaofenqiang/notebook792f386863,1031344
/alexandersanity/notebook5347258378,1031337
/mitulsurti/notebook717ded8523,1031320
/gsingh70/testing,1031314
/zhengrui/notebook3fae61b434,1031305
/noelzubin/notebookf53d5ab9de,1031304
/solidmaso/titanic-logistic-regression,1031302
/fastkms/first,1031274
/mcmarine/notebook2725ed778f,1031266
/kevinl59/notebook42574f9c69,1031224
/guillaumemarce/notebookce3d57a751,1031223
/qianbi/titanic-nnet,1031209
/qianbi/titanic-svm,1031203
/jaykjcho/notebook0380f13020,1031195
/zhangrong/notebook6b6e18a95c,1031147
/lu007heng/sdfsdfsdfdsf,1031135
/nrcjea001/notebookfa52f30acd,1031110
/akashrana/notebooka6e6a0d594,1031080
/melvinroy/dfsfsd,1031071
/swzheng/notebook3fa81589f6,1031067
/jaykjcho/notebook40dfdff33e,1031023
/u12373649tukscoza/notebookfd0f0f278b,1030992
/crs3ven/titanic-survival-prediction,1030971
/davemiles94/notebookff2628cb0e,1030969
/zxzx74147/credicard,1030910
/zxzx74147/notebookeed384ba23,1030908
/shakos/notebookc6def2f8c0,1030905
/xavierekkel/notebook62a1a1cbcc,1030875
/crystal1017chen/notebookf7a295e7dd,1030864
/draken/nltk-xgboost-draft,1030861
/namannagar/notebooke188bf0ac3,1030855
/jaykimnz/titanic,1030899
/dkaravaev/notebook6fd8e1f99a,1030795
/stamang/frenchie,1030789
/sakaekamizato/notebooka069a1f39f,1030742
/koutrgor/empty-bymistake,1046271
/hannarud/first-try,1030688
/aneeshc/wordmatchminlogloss,1030844
/amer0000/notebook33ded6f5a8,1030665
/xushengyao/notebookf54a8a6eea,1030645
/yasirunar/used-cars-data-explored,1030642
/shunkb/notebook7964a97824,1030619
/xushengyao/notebook0250203c8f,1030617
/newbeehunter/notebooke2e1acebda,1030607
/sarvajith/nn-keras,1030588
/hughweinbridge/notebook82b4eaef53,1030569
/nodata/notebook39404be813,1030563
/shunkb/notebookd89d1a264f,1030558
/stevenc49/hello,1030537
/stevenc49/notebookafdfe94859,1030528
/abhilashm/notebook37f4270a8d,1030516
/afiz23/getting-started-with-python,1030513
/rahuldasari/notebooke75dfcb466,1030511
/rodriguezo/notebooked989a59a2,1030505
/fastkms/notebook94b5c8fc5b,1030503
/elisayao/singularity-is-great,1034537
/fonsies/notebook845c6196a1,1030483
/gmf3232/notebookf998cde849,1030481
/abhinavsrivastava/notebook73ce58f22b,1030480
/manjunath10/titanic-script,1030479
/anmaijvn/notebookc92d81ca7b,1030475
/manjunath10/notebook44eb249763,1038585
/xupanda/introduction-to-ensembling-stacking-in-python,1030801
,None
/dianluyuanli88/notebookf944be8b95,1030441
/lefnire/just-a-test,1030440
/bingshen1990/notebook01d943e734,1030426
/arunkjuvadi/notebook3ed241d6af,1030424
/zhanggengxin/notebook64ef99dcec,1030376
/xupanda/notebookacf6807e90,1032674
/krrish1729/random-forests-for-prediction,1030355
/msdandan/notebookcfecf93485,1030338
/liu298871369/first-try,1030337
/blkbltguitarist/digit-test,1030336
/penakazato/notebook7a167cca01,1030335
/chmjackychm/notebookd54affaf75,1030332
/pradeepchandy/notebook8646761980,1030328
/subgutti/titanic,1031962
/sroland68/notebook6e7815d87c,1030315
/kathicp/notebookd52807395a,1030300
/akmalsan/notebook5090bf2fa2,1030295
/varunmittalabcd/notebookfa3195dc42,1030276
/researchace/researchace,1044122
/sroland68/notebook8f9e99566e,1030248
/sroland68/notebook2e464f8d1f,1030246
/researchace/notebooke8479c0829,1030243
/sharmaprashant19/visualization-on-a-2d-map-with-t-sne,1030240
/sroland68/notebook1067e672da,1030219
/researchace/notebookc7f0a79954,1030209
/mrrobot314/notebook1c1e76436b,1030197
/mrnewby/getting-started-with-titanic-data-science,1030181
/leonfl/notebook2de083eab1,1030164
/brianyu/brian-test,1030092
/gmilte/kikjhjkh,1030091
/qjian3/notebook1738c4bbe1,1030058
/swein09/notebook65e2650183,1030043
/pingofpong/notebook8cd8993d75,1030030
/jjkinger/notebookb4e5d5e565,1030013
/tiger0810twin/notebookd0f42e4187,1030009
/pingofpong/notebook4c293cd216,1030003
/yishuaidu/notebook097cca826f,1030002
/miner36/notebookc77fae9acd,1029996
/juliatu/notebook52edabfc27,1029983
/luisandersonsp/notebook6677ab855e,1029978
/hbsjzzxgssqb/notebook3eaf0d0e52,1029972
/diegoirrazabal/notebooka714be257c,1029930
/msdandan/notebooke4ff7b0f55,1029909
/davidchang/notebookab3933a988,1029887
/chris90/notebook1c9cbaa45d,1029885
/davidchang/notebookb9d7e6b030,1029884
/chris90/notebook3267d7ab44,1029879
/kspivey/notebook6d1adde886,1029863
/bam865/notebook7200c330f6,1029859
/aawiegel/notebooka4a76cc31d,1029844
/cbouey/notebook4efd0cfda6,1029838
/cbouey/notebook2a20ab390c,1029823
/vardangabrielyan/notebook44774c14cb,1029807
/chennudexter/notebook98ee82dc02,1029772
/yufei666/notebook6c48ae152c,1029764
/sonia34/notebook814ae147e8,1029628
/cschultz/notebookf239311a20,1029590
/heraldxchaos/notebookced9b73dbb,1029580
/jww001/weoipwirtjpwofio,1029528
/cconway17/notebook4b15faf0f0,1029511
/mnbvcx/notebook5c0adf591f,1029499
/totalbro/totalbrobankdata,1029487
/banubakin/notebook02513620d1,1029484
/himanshudua/notebook8880c74563,1037764
/mzacks/notebook0e0458b509,1029448
/pokutnik/notebookdbac0800cd,1029416
/adb991/notebook2b65d6cbe2,1029411
/ragsx123/notebook11257b97ce,1029368
/visardida/notebookb8370f444a,1029341
/sachiangle21/notebookadf3d174b8,1029333
/beckettman/notebook691dda2430,1029315
