/returnofsputnik/792-lb-lgbm-with-smile-feats-newer-than-365,4141294
/shaswatabisi/learn-python-challenge-day-6-exercises-235bc5,4142512
/mukul09/titanic,4189331
/renjukrishna/learn-python-challenge-day-2-exercises,4142616
/renjukrishna/learn-python-challenge-day-2-068e50,4140926
/cynthiacho/learn-python-day-6-exercises,4160866
/palakmodi/credit-card-fraud-detection,4140632
/jinjinge/learn-python-challenge-day-5-exercises,4141588
/zwanshi/learn-python-challenge-day-6-exercises,4140193
/juzershakir/learn-python-challenge-day-2-exercises-68b8bf,4142337
/bicubico/a-clean-code-is-a-happy-code,4172968
/lonelyobserver/learn-python-challenge-day-4-exercises,4186631
/daphna/sql-scavenger-hunt-day-5,4139894
/bigmom/nba-data-exploration-visualization,4140593
/partha8vijayan/data-cleaning-challenge-scale-and-normaliz-6a3bca,4139047
/partha8vijayan/data-cleaning-challenge-handling-missing-v-43c1e5,4139453
/bicubico/if-you-like-it-you-should-put-a-xgboost-on-it,4138211
/eedubraz/learn-python-challenge-day-6,4137935
/hefcyt/data-cleaning-challenge-scale-and-normaliz-8511dc,4139213
/datascienceai/house-price-prediction-d,4196911
/trivikramchalasani/learn-python-challenge-day-6-exercises-8359a6,4179231
/marison/titanic-dataset-first-kernel,4138779
/ramongilmoreno/learn-python-challenge-day-5-exercises,4137329
/beefking/learn-python-challenge-day-4-exercises-8e1837,4138050
/itesla/simple-neural-network,4136652
/vgandrap/learn-python-challenge-day-6-exercises,4137269
/vgandrap/learn-python-challenge-day-5-exercises,4137035
/ramongilmoreno/learn-python-challenge-day-6-exercises,4137339
/frizzles7/data-cleaning-challenge-scale-and-normalize-data,4136509
/jkamaumburu/learn-python-challenge-day-6-exercises,4137496
/dpkenna/house-prices-eds-attempt,4136577
/touchance/getting-started-in-r-graphing-data,4136117
/manishkathait/titanic-eda-with-logistic-regression,4137566
/ayushibansal/data-cleaning-challenge-handling-missing-values,4136174
/honeysingh/learn-numpy,4142968
/gbykov/optimization-estimation,4190783
/ashar7/mnist-with-cnns,4146799
/ivyriry/lpc-day-6-exercises-by-lily-r,4138305
/mhsparsa/python-challenge-day-6,4145101
/aakankashas1/learn-python-challenge-day-5,4135101
/ace1999/data-cleaning-challenge-handling-missing-v-7d96d8,4134861
/returnofsputnik/792-lb-lgbm-with-smile-feats,4134429
/aakankashas1/learn-python-challenge-day-4-exercises-4a4006,4134475
/kieroneil/2018-world-cup-rosters-cleaning-and-summarizing,4134147
/apalshah/pima-indians-dataset-tensorflow-linear-classifier,4134343
/trivikramchalasani/learn-python-challenge-day-6-75e6dc,4136373
/munirazj/aims-ds-2018-mym,4133837
/bobhiltner/python-challenge-day-6-bob-hiltner,4143974
/ivyriry/lpc-day-5-exercises-by-lily-r,4133936
/jpatrick9793/data-cleaning-challenge-scale-and-normalize-data,4133523
/sivakumarrajendran/learn-python-challenge-day-1,4132525
/srujanbelde/titanic-solution-1,4132532
/zhengshen812/data-cleaning-challenge-scale-and-normalize-data,4133317
/mitalibhurani/learn-python-challenge-day-6-exercises,4132155
/oanafurtu/learn-python-challenge-day-5-exercises,4136195
/ivyriry/lpc-day-4-exercises-by-lily-rod,4132609
/oanafurtu/learn-python-challenge-day-4-exercises,4131612
/goharry/data-cleaning-challenge-scale-and-normalize-data,4131135
/richardhildebrand/exercise-data-augmentation,4131412
/ashwini607/data-cleaning-challenge-scale-normalize-data-2,4131818
/mitalibhurani/learn-python-challenge-day-5-exercises,4131346
/jpatrick9793/data-cleaning-challenge-handling-missing-v-ae619d,4132664
/oanafurtu/learn-python-challenge-day-3-exercises,4131188
/oanafurtu/learn-python-challenge-day-2-exercises,4129787
/pinabertoglia/titanic-influenza,4130282
/sriharim/titanic-data-set-prediction-for-begginers,4129160
/sparsha/learn-python-challenge-day-6-exercises-953c12,4128991
/oanafurtu/learn-python-challenge-day-1-exercises,4129387
/anmol26/getting-started-in-r-graphing-data,4128890
/anbilly/data-cleaning-challenge-scale-and-normalize-data,4128476
/graemem74/learn-python-challenge-day-6,4130103
/lorynunez/nlp-starter-base-kernel,4128091
/anmol26/submitting-from-a-kernel,4127696
/vostankovich/learn-python-challenge-day-6-exercises,4128350
/shubh1596/learn-python-challenge-day-3-exercises,4134442
/alexwar/lineardiscriminantanalysis,4141736
/chenyingjie/donorschoose-insights-from-data,4148694
/itesla/bi-gram-job-skills-counter-tf-idf-in-python,4213083
/muralimunna18/learn-python-challenge-day-4-exercises,4126532
/itesla/webscrape-job-data,4195251
/shubh1596/learn-python-challenge-day-2-exercises,4126391
/cswathi2410/learn-python-challenge-day-5,4126298
/pritambar/predicting-house-prices-in-the-us-state-of-iowa,4125678
/swetash22/learn-python-challenge-day-4-exercises-7a7890,4124912
/rameshsuchindra/learn-python-challenge-day-5-exercises-7f9c6b,4124265
/oneinchman/eda-model-text-model-and-comdined-models,4124485
/ayonroy/data-cleaning-challenge-scale-and-normaliz-52d2c0,4124127
/zwanshi/learn-python-challenge-day-5-exercises,4138976
/alarehage/learn-python-challenge-day-6,4171682
/hiriley/data-cleaning-challenge-scale-and-normalize-data,4124293
/loryn808/baseline-bag-of-words-linear-regression,4127042
/mikaholic/learn-python-challenge-day-6-exercises,4124642
/joybhalla/5-day-data-challenge-day-1,4123241
/shibashis/learn-python-challenge-day-4-exercises,4124305
/nullprogrammer/python-challenge-day-6-exercises-not-complete,4126101
/rickkoch/python-challenge-day-5-exercise,4158169
/shyamprasad/learn-python-challenge-day-6-exercises,4126734
/tonylong/learn-python-challenge-day-5-exercises-1,4122977
/zf2004/data-cleaning-challenge-handling-missing-v-8b9243,4122691
/venkatakrishnat/learn-python-challenge-day-6-exercises,4122815
/annap2/learn-python-challenge-day-6-exercises-6b0b3b,4123088
/mikaholic/kernel37bd19e90a,4122445
/nnqkfdjq/which-channel-is-consumed-the-most,4122491
/shettyh/predicting-housing-prices-using-xgboost,4122016
/lvchong/learn-python-challenge-day-6-exercises,4158842
/pranathichunduru/svm-for-multiclass-classification,4121141
/daphna/sql-scavenger-hunt-day-4,4136960
/ruppala/learn-python-challenge-day-1-exercises,4120519
/soulorc/learn-python-challenge-day-6-exercises,4120605
/sindhoojamullapudi/learn-python-challenge-day-6-exercises,4119814
/saeed93/learn-python-challenge-day-4-exercises,4120111
/oscare1970/learn-python-challenge-day-6-exercises-18c996,4119962
/akadavan/cat-vs-dog-adv,4125086
/hefcyt/data-cleaning-challenge-handling-missing-values,4120338
/pinabertoglia/titanic-epidemic,4121211
/guamedo/learn-python-challenge-day-6-exercises,4119897
/schnelzer/learn-python-challenge-day-2,4118899
/schnelzer/learn-python-challenge-day-3-exercises,4259066
/rajesh13/learn-python-challenge-day-6-exercises,4136968
/stchrist/learn-python-challenge-day-6-exercises,4133553
/vostankovich/learn-python-challenge-day-5-exercises,4118896
/demislav/learn-python-challenge-day-2,4118416
/carrie1/decision-tree-classification-using-zoo-animals,4195479
/leandr0garcia/learn-python-challenge-day-6,4119534
/jwood803/image-classification-with-keras,5094446
/vostankovich/learn-python-challenge-day-4-exercises,4118411
/mlechner/learn-python-challenge-day-6-exercises,4125922
/yokolet/kernelcfbd2360d8,4121004
/frizzles7/data-cleaning-challenge-handling-missing-values,4118220
/zhengshen812/data-cleaning-challenge-handling-missing-v-a75921,4119242
/stchrist/learn-python-challenge-day-4-exercises,4118153
/liaoxf/learn-python-challenge-day-1-exercises-809bf2,4119148
/bernardf/learn-python-challenge-day-6-exercises-34b0de,4119022
/mlechner/learn-python-challenge-day-5-exercises,4117925
/andreeaarama/learn-python-challenge-day-6-exercises,4118393
/saeed93/learn-python-challenge-day-4,4119682
/riya77/learn-python-challenge-day-6-exercises-6e8e7a,4119617
/bingqizhu/learn-python-challenge-day-5,4116987
/alkismaz/day-6,4130642
/rajesh13/learn-python-challenge-day-5-exercises,4118715
/cynthiacho/learn-python-day-4-exercises,4118282
/simonhtql/youtube-caps-title-analysis,4118537
/mlechner/learn-python-challenge-day-4-exercises,4117331
/alkismaz/learn-python-challenge-day-5-exercises,4116824
/mitalibhurani/learn-python-challenge-day-4-exercises,4130338
/statgrrl/learn-python-challenge-day-6-exercises,4118948
/cswathi2410/learn-python-challenge-ex-day-5,4131109
/serarm/learn-python-challenge-day-6-exercises,4135427
/vsovetkin/learn-python-challenge-day-5-exercises,4119723
/anshul14july/kernel4f176b083a,4133986
/goharry/data-cleaning-challenge-handling-missing-values,4116312
/opcho93/fork-of-capsule-net-with-gru-8e85d9,4117530
/jenisam/gradient-boosting-python,4116152
/anmol26/my-first-machine-learning-model,4127253
/martinphilipp/learn-python-challenge-day-6-exercises,4116484
/raquelspain/data-cleaning-challenge-handling-missing-values,4115218
/sabupjoseph/colin-python-challenge-day-2,4116590
/zwirams/learn-python-challenge-day-6-exercises-e10abe,4116799
/sawibrah/learn-python-challenge-day-2-exercises,4115939
/mlechner/learn-python-challenge-day-3-exercises,4116631
/anbilly/data-cleaning-challenge-handling-missing-values,4114527
/saeed93/fork-of-learn-python-challenge-day-1,4113633
/saeed93/learn-python-challenge-day-3-exercises,4116889
/scottchristensen/least-squares-vs-nearest-neighboors,4115026
/dpsingh/learn-python-challenge-day-3-exercises,4114781
/pbhagavatula/learn-python-challenge-day-6-exercises,4113552
/bingqizhu/learn-python-challenge-day-4,4112964
/rajesh13/learn-python-challenge-day-4-exercises,4116140
/jkamaumburu/learn-python-challenge-day-4-exercises,4114086
/kks123/kernelb577d93585,4114570
/saeed93/learn-python-challenge-day-3,4113538
/ashwini607/data-cleaning-challenge-day-1,4114937
/goharry/learn-python-challenge-day-6-exercises,4115738
/randaadel75/fork-of-fork-of-fork-of-kernelc0d7b8b970-28e8a2,4111933
/randaadel75/fork-of-fork-of-kernelc0d7b8b970-28e8a2,4111901
/sergeykir/learn-python-challenge-day-6-exercises,4130968
/jsacris/iris-demo,4114604
/accamar/day-6,4117136
/nkhan4/exercise-1,4111485
/ivan866/learn-python-challenge-day-6-exercises,4114088
/juzershakir/learn-python-challenge-day-1-exercises,4113529
/mhashem/learn-python-challenge-day-5-exercises-fe885a,4111091
/swetash22/learn-python-challenge-day-3-exercises-8cadaa,4112737
/rajesh13/learn-python-challenge-day-3-exercises,4112918
/amikulich/learn-python-challenge-day-6-exercises,4134687
/osunderdog/learn-python-challenge-day-6-exercises-8521a6,4114201
/didizlatkova/learn-python-challenge-day-6-exercises,4115542
/codeblooded03/learn-python-challenge-day-6-exercises,4111672
/sparsha/exercise-dropout-and-strides-for-larger-models,4112523
/okdidns/learn-python-challenge-day-6-exercises,4111715
/rajesh13/learn-python-challenge-day-2-exercises,4110794
/jugalashar/regression-challenge-day-2-jugalashar,4110505
/panpluto/bike-demand-notebook,4192900
/chenglungsung/learn-python-challenge-day-6-exercises,4110941
/sparsha/exercise-modeling-from-scratch,4110126
/veronica1428/learn-python-challenge-day-3-exercises-8970ca,4110507
/martinjr/day-6-python-kaggle-competition-jr,4112764
/zwanshi/learn-python-challenge-day-4-exercises,4111302
/veronica1428/learn-python-challenge-day-3-48d007,4109572
/nbolte/data-cleaning-challenge-inconsistent-data-entry,4109356
