/sarthakagarwal/notebook7142e33516,890360
/tbfang/explore-enron,890337
/wheeler8/keras-convnet-lb-0-0052-w-visualization,890331
/wario7/starter-explore-youtube8m-sample-data-ac376a,890328
/mikelangel/introduction-to-ensembling-stacking-in-python,890326
/qqgeogor/improve-perfomances-using-manager-features,890324
/navinbhaskar/titanic-data-science-solutions,890294
/wario7/starter-explore-youtube8m-sample-data-6c0f04,890290
/duchaolv/fork-of-notebookb31497db50,890276
/sushantb/notebook201a683d85,890262
/sushantb/notebook22db543746,890255
/henrylosangeles/notebook991744e23e,890253
/hoangnh/notebookd7c520d14b,890241
/adriaanslechten/notebook31080d8874,890214
/sushantb/regression-housing-data,890238
/sushantb/notebook59f65c049f,890197
/yogeshsinghrbt/in-depth-skewed-data-classif-93-recall-acc-now,890186
/yogeshsinghrbt/first-pass-through-data-w-3d-convnet,890179
/yxrupc/first-pass-through-data-w-3d-convnet,890169
/yxrupc/candidate-generation-and-luna16-preprocessing,890165
/datanerd0/titanic-data-science-solutions,890162
/ashvinee9/notebook2e94423a10,890155
/oystein/homicides-initial-analysis,890140
/warunayapa/analyzing-fake-news-using-random-forest,890121
/stephenfzp/fork-of-notebook0a427ba43b,890099
/adriaanslechten/notebook23f9458d14,890077
/abenahmed1/setting-up-a-prediction-problem-dota-2,890060
/jmquintana/fork-of-solar-flares-from-rhessi-mission,2343084
/rawdatum/titanic-random-forest-82-78,890009
/kazutak/notebook651157a95f,890007
/munirsalman/notebook29366e0d4e,889999
/zhangyang/digit-recognizer-in-python-using-cnn,889994
/youver/notebook24a9da5db5,889990
/hustry/fork-of-titanic-data-science-solutions,889978
/greenbull/titanic-data-science-solutions,889958
/lianyangfeng/titanic-data-science-solutions,889932
/algocomp/a-journey-through-titanic,889922
/wanyuaaaa/notebookdcbd9f7d7e,889921
/davidcsgf/zero-are-important-value,889896
/riktim/a-journey-through-titanic,889876
/asdftoger/tensorflow-deep-nn-a1aef9,889864
/ykkwon/first-data-interpretation-correlation,889833
/chestnut3108/notebook8a374e2cf6,891380
/hustry/started,889808
/xiangshuai/notebook4ba942a6fd,889777
/xiangshuai/notebook078c93368e,889773
/harshratde/notebook9457f459c3,889748
/jie8357ioii/a-journey-through-titanic,889744
/tarunchoubisa/exploration,889736
/riheng/notebookf7ea4e3d99,889733
/jerrytseng/notebook295937e44d,889718
/tarunchoubisa/no-show,889714
/riheng/regularized-linear-models,889712
/patilsushant1/82-accuracy-with-simple-svm,889670
/dexter01/notebook0849fa7da7,889654
/iamnuomi/a-linear-model-on-apps-and-labels,889624
/wario7/starter-explore-youtube8m-sample-data,889608
/rays2210/notebook60993cb20f,889552
/seifchaabani/notebook804de19451,889550
/ocorcoll/starter-explore-youtube8m-sample-data,889528
/gynagy/starter-explore-youtube8m-sample-data,889460
/rudzha/notebookbdc8557cf8,889455
/kswada/fork-of-exploration-and-visualization-step-by-ste,889367
/unlikelybutpossible/introduction-to-ensembling-stacking-in-python,892323
/biterfy/notebook6e6fbb1b0d,889303
/dukasguo/full-preprocessing-tutorial,889279
/dexter01/10-classifier-showdown-in-scikit-learn-556963,889277
/yosuke919/notebook37e63a8fae,889256
/tgoodm/first-pass-through-data-w-3d-convnet,889238
/yananwu/principal-component-analysis-with-kmeans-vi-b07774,889198
/niravjain/who-will-leave-next,889114
/fheybati/notebook7345d9d180,889101
/eoghanf/house-prices-eda,889083
/victor133/a-journey-through-titanic,889071
/yananwu/principal-component-analysis-with-kmeans-visuals,889060
/dexter01/10-classifier-showdown-in-scikit-learn,889046
/snbhanja/notebookd22da6ca35,889041
/tangyudi/omg-nlp-with-the-djia-and-reddit,889037
/algroznykh/catdognet-keras-convnet-starter,888997
/kalyanperi/glass-machine-learning-techniques,888975
/willren/python-data-visualizations,888948
/tangyudi/global-terrorism-trends-animation,888941
/gyronee/starter-explore-youtube8m-sample-data,888908
/niranjanmudhiraj/nn-through-keras-copied-mod,888897
/sekunde/notebookda2055ae25,888870
/sekunde/notebook9c92df9139,888866
/antnajj/notebookbf5e48f172,888799
/foreverzh/notebook21bf09b4fb,888778
/xingjia/notebook2dd4afc1c6,888770
/taesiri/notebookaa11ae2c15,888761
/xingjia/notebook8c58aa1da3,888751
/anuragrallabandi/titanic-data-science-solutions,888703
/maximus19/notebook03d971e36b,888682
/cattan/notebook547458934b,888672
/navasardyan/regularized-linear-models,888669
/futoase/notebooke6134da0fb,888664
/anuragw/notebook389348b077,888572
/gegentana/notebook8026396ac2,888571
/asdftoger/manifold-learning-and-autoencoders-e47071,888482
/crsarav/descriptive-statistics-and-machine-learning-ad7584,888478
/wallea/starter-explore-youtube8m-sample-data,888427
/warunayapa/fake-news-nlp-stuff,888413
/kevins/exploratory-study-on-ml-algorithms-51a7a6,888394
/pawananalyst/notebook347702cdc7,888386
/msugimura/first-pass-through-data-w-3d-convnet,888352
/roongr2k7/starter-explore-youtube8m-sample-data,888333
/nhejazi7/full-preprocessing-tutorial,888331
/rshield/a-beginner-s-approach-to-classification,888323
/shreyasbakre/detailed-exploratory-data-analysis-using-r,888317
/rshield/notebooka40276175d,888316
/ykkwon/metal-by-nation-and-genre,888286
/mrinalarun/notebookc0ac25fede,888258
/iamanshulmalk/first,888303
/jstzhyd/notebook6f5a326d75,888246
/shreyasbakre/airline-sentiment-part-2,888238
/asdftoger/tensorflow-deep-nn,888229
/wmitsuda/notebookbd374b2ae8,888221
/nazanindelam/notebookcca932a229,888174
/plainsailing/fork-of-python-data-visualizations,888173
/nplevitt/full-preprocessing-tutorial,888167
/henryckw/notebook5db1e627ea,888149
/pavithral/notebook5f510bedcd,888148
/henryckw/speed-dating-experiement,888146
/antnajj/a-journey-through-titanic,888138
/sarvajith/house-prices-eda,888132
/efzfish/notebook80c9b99c26,888108
/ninjacoders/notebookb6ca097127,888107
/nplevitt/exploratory-data-analysis,888102
/sheoran/notebookcce184c1df,888093
/iijjkk/full-preprocessing-tutorial,888088
/jehronpett/hello,888026
/chwanlouis/model-py,901894
/gegentana/notebook4cc2c770e9,887995
/tsriharsha/principal-component-analysis-with-kmeans-visuals,887994
/glbayaraa/homicide-report-i-visualization-82159d,887965
/albertliu/titanic-random-forest-79,887935
/hhobayy/titanic-best-working-classifier-527c5b,887933
/hhobayy/titanic-best-working-classifier,887930
/albertliu/exploring-survival-on-the-titanic,887929
/tengmf/metal-by-nation-and-genre,887926
/albertliu/notebook6ad1d150be,887906
/mdeguzman827/full-preprocessing-tutorial,887902
/sachinkv/notebook3b277cfad7,888607
/jindongwang92/bike-rental-predictions-using-lr-rf-gbr,887857
/clydewang/notebook8341bb99af,887837
/justonsong/notebookc1074312a1,887836
/naidu1242/fork-of-human-resources-analytics-notebook,887833
/jindongwang92/notebookd7b43899a7,887793
/suxuannan/notebookc77975312a,887797
/yananwu/metal-by-nation-and-genre,887786
/zhangyang/regularized-linear-models,887760
/jlooney/titanic-data-science-solutions,887724
/degree2space/starter-explore-youtube8m-sample-data-877e56,887719
/degree2space/starter-explore-youtube8m-sample-data,887713
/kazukit/notebook8bfe6a8037,887687
/wchxu96/notebook79bb46a7cc,887665
/smayru/notebookfa52c57f11,887655
/smayru/notebook971241c78b,887635
/smayru/notebook697cdc5eae,887629
/bschrift/notebook4917c8964b,887606
/bschrift/notebook53e28abf1e,887600
/xpharry/titanic-data-science-solutions,887534
/wolfgangmorton/notebookb0537ae97f,887531
/sonder/do-managers-matter-some-insights-on-manager-id,887517
/xpharry/notebook32a0b34d42,887515
/fireleg77/metal-by-nation-and-genre,887508
/naidu1242/human-resources-analytics-notebook,887507
/sonder/improve-perfomances-using-manager-features,887493
/protatoes/notebookcff7cbbeb0,887491
/emmating/notebook0898869af8,887444
/diekanugraha/notebook9c07763405,887438
/h4q9y4/regularized-linear-models-e75fd7,887427
/h4q9y4/regularized-linear-models,887426
/drjunoh/notebook04d7b44a27,887421
/bigbabyjack/python-data-visualizations,887406
/filmona/match-outcome-prediction-in-football-eda959,887385
/skynode/predicting-fraud-with-tensorflow,887384
/karimkardous/valarmorghulis,887399
/majstorbob/notebook134cfd2669,887303
/cockapotamus/keras-convnet-lb-0-0052-w-visualization-b6dc70,887285
/hcai5658/notebook3ba32832bd,887275
/wninghj/metal-by-nation-and-genre,887231
/wninghj/notebookcbfee8e777,887214
/louisjier/notebook8ab35492d7,887188
/kieroneil/draft-exploratory-analysis-vietnam-war,887109
/kdhuleshia/introduction-to-ensembling-stacking-in-python,887098
/kalyanallada/improve-perfomances-using-manager-features,887046
/kalyanallada/notebook7edb8a3cc0,887018
/nathanm/best-subs-for-upvotes-worst-words-for-upvotes,887013
/travista22/notebook4252c1b1d2,896730
/gynagy/titanic-data-science-solutions,886926
/freerrrrrr/notebookce42f7bac6,886925
/alexnorton/notebook6fd4358bf8,886912
/ffontan/gender-differences-in-mate-selection,886907
/cockapotamus/keras-convnet-lb-0-0052-w-visualization,886898
/ffontan/notebook22b92fd715,886870
/mikhailyurasov/metal-by-nation-and-genre,886941
/giader/exploratory-analysis-rossmann,886820
/willyboy0/a-simple-2-layer-neural-network-model,886809
/mconstenius/exploratory-analysis-and-predictions,886796
