/karora/notebookbc94a8650a,1197551
/shgupta/notebookd7cd8c132f,1197311
/parulm/simple-classifiers,1201629
/jeannief/microsoft-lightgbm-starter,1197230
/strider1125/sbzero,1197238
/navasardyan/spell-py,1197223
/richardnutton/notebook0af93b88c5,1197209
/cpromonet/notebook19ca85f187,1197203
/eranah/xgb-hk-cln,1197193
/dm2max/pytanic-e006d2,1197154
/mcantarutti/notebook13f8c98708,1197135
/tonemarie/detailed-cleaning-visualization-python,1197116
/gasia44/spell-py,1203897
/andreyrzhaksinskiy/exploratory-study-on-ml-algorithms,1197085
/rishabh8492/once-class-svm-to-detect-anomaly,1197081
/foreveroka/notebook74fe8be41a,1197078
/foreveroka/notebook396a15cbeb,1197076
/strider1125/explanatory-notebook,1197037
/kuldeepluvani/human-resources-analytics,1197033
/anshulsingla/notebook2befcf9340,1197030
/vievie31/testing-keras-with-mnist,1197045
/bonnysatbadre/notebook07ae4078e9,1197002
/sattia/notebook1e84b21119,1196922
/kartinator/notebook77c247299b,1196920
/nerucius/notebookb2149e387e,1196913
/machinesearch/test1,1196876
/rajasaravanan/raghav,1196852
/orafanunes/notebookbda9dc1df8,1196841
/mendax29/notebookefd81a2498,1196789
/craigwang/zillow-price-error,1196775
/craigwang/notebook797eac226e,1196774
/hheuer/notebook23391a5fc8,1196770
/craigwang/notebook11da98c389,1196764
/dollyi/notebookb37d18eb03,1196723
/terkelbo/r-kernel-titanic,1196741
/baiken/notebooke0f5fc1cef,1196702
/anmol2892/notebook2ad8b7965f,1196686
/omprakashrs/my-first-code,1196672
/ldviki/notebook50198929b0,1196657
/harycane/notebookacf4e5c563,1196649
/zbasper/notebook323f50fd2a,1196603
/botondspilko/notebookf1793a6151,1196596
/sobach/notebook0c905a943b,1196553
/swapnil2129/eda-part1,1196545
/squishymage/titanic-testing,1202599
/mierobot/notebook119d7d1689,1196480
/unfabuluosd/notebook879e89fc35,1196464
/kriti01/notebook1cce894fdd,1196461
/jinrui/youhaizhiwu,1196366
/dtran262/notebook543c20308f,1196302
/mjyang/xgboost-with-simple-automl,1196284
/pramud/myfirstscript,1196257
/iliyakostov/notebook3ae5012be1,1196191
/chendongnz/notebook20ccdd24e8,1196066
/matrixzx/notebookfe4e0f9929,1196061
/ishada/notebook40bdbc5d54,1196046
/chendongnz/simple-lightgbm-4,1202093
/felixb/testing,1195971
/dushaniwcse/notebook92b900d8c3,1195962
/maheshak04/bayo-russian-home-changes-29052017,1196011
/therealjawss/notebook54af088162,1195893
/kpapachr/notebook4147c62c09,1195875
/karthiv/notebooke061171588,1195797
/jackzou/decision-boundaries-visualization,1195789
/kanishkapsingh2/notebook27f0fbd624,1195750
/yoyo233/notebook7bb4062067,1195723
/haritha1313/sentiment-analysis,1195713
/isaac7/notebookf9dac50b99,1197958
/andreyd/a-study-on-regression-applied-to-the-ames-dataset,1195657
/mariaslopezoller/notebook81178ced5b,1195653
/sountherfish/a-very-extensive-zillow-exploratory-analysis,1195600
/mohsintirmizi/notebookb811ac7745,1195595
/marklma/predict-the-basketsize-very-simple,1195583
/pardhu/notebook8ae25b1e9a,1195573
/rabiabashir/notebookc365eb0b57,1195566
/jcuypers/notebook93880fe40f,1195540
/nrcjea001/notebook95a1a2cbf1,1195470
/jdebartola/notebooka54e38d512,1195468
/mayccc/exploratory-study-of-ml-algorithms,1195467
/thuljx/different-location-questions,1195501
/amite21sh/notebook50471f298d,1195438
/arians/notebookcb61ce20c9,1195416
/schoolpal/gradient-in-python-2-0-313,1195327
/vivekadarsh/pokemon,1195324
/worstcoder/notebook55f5b9af3f,1195321
/arabbacy/notebook90edd23f6a,1195311
/kidoman/pranabtest1,1195491
/umirsaed/notebook444565faf8,1195269
/arabbacy/notebook8e167e7fd9,1195260
/xiaoguo/notebook91161174de,1195097
/takaoshimizu/notebookaa5e9b85de,1195072
/rahuldevmishra/notebook83b4d76a32,1195054
/crepe3/randomtitanic,1195044
/alespa/exploratory-study-on-ml-algorithms,1195019
/crepe3/logistictitanic,1195027
/deepakvraghavan/notebook169743b195,1194976
/neutrinooo/notebook39e6fe1094,1194924
/linayachika/notebookae49ace43f,1194923
/fitzclutchington/zillow-exploratory-analysis,1194856
/zalecisco/lightgbm-starter-0-33342,1194849
/lukejsea/notebook82816cb8c7,1194820
/darkmatter11235/a-study-on-regression-applied-to-the-ames-dataset,1194813
/kingselta/titanic-in-r,1194788
/abasu1/abasu1,1303428
/aharless/gunja-agarwal-xgb-lose-bad-points-tunelength-3,1212562
/lanlan2017/test1,1194772
/datacanary/notebooke92f1dfa5d,1194757
/joehou/notebook7493168323,1194746
/wtzen9255/titanic-tutorial,1194736
/ryadav/notebook337b02e46b,1194733
/liliany18/notebook6c125daeda,1194732
/alexsierkov/notebook2ae0dba487,1194721
/ryomiyazaki/notebook2dfa9e49d9,1194684
/lokeshchandra/zillow-competition-1,1194666
/lokeshchandra/notebook51cddd91f0,1194664
/lokeshchandra/notebookd59584ff47,1194663
/yitingqian/notebook455bafad59,1194631
/brunomauricio/notebook63efa0a74b,1194577
/krutko/cleaning-and-boosting,1194596
/abhishek75/notebooke5278d6a99,1194558
/jscotkin/notebooka8256fd32b,1194551
/ricostynha/notebook2503380f67,1194520
/ricostynha/notebook41f2be0b40,1194517
/tikkle/notebook71e2f74014,1194494
/dciangot/notebook17459ca1f2,1194429
/arpitshah101/notebook4c9439ab3b,1194396
/jdiamond/titles,1210727
/xingke1116/knn-benchmark-with-96-7-accuracy,1194388
/mgierlach/gradient-boosting-regression-0-33,1195326
/tonymit1/pytanic,1227703
/andhacoder/notebook3cea09abbf,1194299
/adamski/xgboosted-script,1194321
/kgharbi/notebook1c085d98ad,1194252
/adamski/notebook8c6a743ff3,1194249
/zuarez/notebookb9e617c59f,1194245
/kh0828/notebook02b87cf86e,1194198
/pietruszka/simple-deep-mlp-with-keras,1194173
/justinqtaylor/notebookbb7f3adab4,1194142
/justinqtaylor/zillowtest,1194404
/shivampanchal/fork-of-fork-of-fork-of-xgb-with-jhaccard-magic,1194131
/shivampanchal/r-gbm-primer-in-parallel-0-0654374,1194127
/samratdevkota/notebook83dec5f3ec,1194058
/snassimr/simple-keras-starter,1194029
/ys31415/notebook1ee450a628,1193980
/arqmain/shine-bright-like-a-diamond,1193905
/dzjkb1/another-simple-xgboost-0-32,1193959
/sahil95/titanic-survival,1193887
/benoitdescamps/notebook1590a74749,1193883
/mcw0089/test4,1193881
/mcw0089/test3,1193876
/jeeplin/notebookc4db82f8be,1193844
/radioactive47/titanic-dataset,1193842
/kkoras/russian-housing-market,1193856
/houkii/tensorflow-prediction-99-9497-now,1193767
/neelshah16/using-xgboost-for-feature-selection,1194220
/agilajah/myfirstkaggle,1193735
/houkii/notebook09653403f8,1193733
/y2017840735/xgb-starter-12357,1193707
/ankitmttl/notebooke45f23618a,1193703
/neelneelpurk/notebook7d3dae98b7,1193694
/inawhile1021/notebookd838f2b00b,1193659
/arashnouri/notebook7b96cf8c2f,1493491
/viv696/notebooke6e2ac42ab,1193645
/hchen9119/notebookbd2a6a140e,1193644
/yuqingxue/simple-lightgbm-88,1193640
/bertranda/notebook76dbe4beff,1193634
/libolga/notebook92812dfa85,1193597
/xzl524/titanic-predictor,1193591
/ryankuang/notebookdc4376ece0,1193551
/shahane96/spell-py,1193678
/sharmanaman/notebook41a040061b,1193516
/gwerner/moooo,1193452
/jessicanyc/notebook8782cd8909,1193439
/gwerner/script-test,1193413
/zgcgreat/notebookc34b48c584,1193319
/elcorso/titanic-1st-kernel,1193291
/sarapsg/sample,1193290
/alexcatlla/notebooke553801fd2,1193183
/winston1/diamondpricepredict,1193176
/erncyp/test-workbook,1193201
/tof111/notebookf4870f9b63,1193065
/rdoume/notebookdfdd655c5c,1193053
/joannap/notebookbd843a6a06,1193047
/joannap/notebook7145599542,1193029
/elsayedmt/test-script,1193021
/answer1992/lb-0-158-xgb-handcrafted2,1193013
/joncle/test1,1193059
/rajkumar76/notebook63e77bdd96,1193000
/xiaoqiangkx/notebook199ad66857,1192959
/bhavesh09/notebook41debc4a17,1192952
/dushaniwcse/notebook21bc928050,1192945
/nicolashhh/naive-xgb-lb-0-317-d1b560,1192944
/pachinko/lb-0-18-lstm-with-glove-and-magic-features,1192941
/nandu310/terror,1192905
/kidoman/titanic-test,1192851
/vibish/test123,1192838
/hotsang/asdfasdf,1192832
/wallevarr/notebookfd86bc827d,1192818
/hakobavetis/spell-py,1192825
/dulyanov/lb-0-158-xgb-handcrafted-leaky,1192811
