/ouranos/simple-nb-gbm-script-in-r,45137
/melvindunn/h2o-gbm-benchmark,45054
/domcastro/xgb-v1-1,47104
/firebug/mlr-submission,45181
/sebda1/xgbooost-222,45764
/rocelot/r-xgboost-starter-script,44259
/looluo/xgbooost3,47651
/pchitta/lm-nnet-try-1,45651
/duttaroy/exploration,53232
/domcastro/xgboost-al0708,43514
/merwin/logistic-regression-with-r-0-65,43407
/marjanmaz/caterpillar1,43318
/domcastro/xgb-v1,56391
/danielsack/x-to-the-gboosting,42632
/kumareshd/modified-xgboost,41931
/sebda1/0-2748-with-rf-and-log-40-8000-feat-eng,41724
/miguel2523/keras-starter-code,41539
/jonathanslomka/rf-xgboost-keras-flatline-try,41238
/duttaroy/modified-xgboost,83131
/inderpuneetsingh/testing-script,40626
/jamesdlawrence/hello-world-from-recursive-regexes-ii,41119
/drpatrickchan/keras-deep-learning,40296
/longpei/san-francisco-top-crimes-map,40254
/ajaychat3/cabin-position-may-affect-survival,40212
/nixvirus/blah-xgb,40034
/looluo/xgbooost-2,52280
/luciferase/emsemble-rf-and-xgboost-r-0-379,39262
/danielsack/keras-nn-rescaled,39176
/sahildahiya/connected-particles-iii-bl-ocks,39049
/luciferase/logistic-regression-with-r-0-65,58830
/ajoo88/low-freq-0-80-refactored-2,38631
/kumareshd/h2o-gbm-benchmark,38560
/victorcantor/xgbooost-2-1,39536
/ianintas/x-yyy-with-gbm,39167
/yasharzeighami/xgbooost-2,37925
/domcastro/blah-xgb,37919
/kumareshd/rf-xgboost-keras-flatline,38727
/sionek/rf-xgboost-keras-few-variables,37562
/looluo/xgbooost,38882
/mattvonrohr/xgb-benchmark-adapted,36784
/n3n77i/julia-template,37705
/titericz/sample-gt001,36377
/domcastro/0-24-with-xgboost-in-r-v2,36372
/ouranos/rf-xgboost-example-2,84620
/thodime/titanic-v1,36266
/kumareshd/just-xgboost,36194
/jijosunny/modified-cosine-similarity-0-00632,76807
/n3n77i/j-rxd2,38221
/julesvanligtenberg/modified-cosine-similarity-0-00556,35585
/heyitsryan678/blah-xgb-rank,45056
/sairaviteja/xgbooost-23,40461
/vivekag/histogram-of-all-fields-with-labels,35208
/sushize/later-stopping,35087
/miguel2523/a5000,34921
/domcastro/et-small-but-random,35366
/cavaunpeu/beating-the-benchmark-2,34674
/duttaroy/rf-xgboost-trial,35146
/domcastro/kera-try-1,64496
/domcastro/xgboost-ne,34621
/chandrad/xgboost-ne,55240
/thodime/cpc-v6,34563
/n3n77i/j-xdict-genrecount,34869
/n3n77i/j-logtable2-3,34214
/domcastro/how-come-it-never-runs-for-me,34415
/fbaiml/visualization-of-taxi-trip-end-points,35043
/qandah/random-forest-gbenchmark,33593
/qandah/random-forest-benchmarkppp,33580
/deepcnn/keras-starter-code-deep-pyramidal-mlp,33409
/kumareshd/simple-low-freq-0-80-another,33268
/deepcnn/rf-xgboost,34089
/hyposulphite/test-1,32804
/lishubin/xgboost-benchmark-0-380638-improvement,32774
/inpefess/logistic-regression,32484
/lnicalo/simple-low-freq-0-80,32430
/mrooijer/my-first-python,32181
/chandrad/xgbooost-definitely-overfitting-2,44801
/hyposulphite/benchmark2,33231
/goldenbearami/python-data-explorer,31754
/miguel2523/0-2748-with-rf-and-log-transformation2,31307
/jijosunny/beating-the-benchmark,31217
/deepcnn/xgb-btb,30990
/anoxon/nominal-ordinal-syndrome-00b,31323
/chandrad/cosine-similarity-of-user-and-coupon,30599
/dltmd6262/0-2748-with-rf-and-log-transformation,30537
/jijosunny/nominal-ordinal-syndrome-00,36129
/karma86/xgbooost-v3,30116
/jeffhebert/read-avito-ad-clicks-train-data,30040
/alexlzzz/join-test,29975
/laiyuanhao/san-francisco-top-crimes-map,29918
/karma86/xgbooost-v2,29372
/heyitsryan678/r-xgboost-with-gini-eval-and-stopping,29273
/dhavalmodi24/0-2748-with-rf-and-log-transformation,29168
/dreamdelta/simple-grasp-with-sklearn-0-70,28886
/cleerline/simple-grasp-with-sklearn-0-70-plots,46286
/robsanta/0-2748-with-rf-and-log-transformation,26967
/wigglewoof/0-2748-with-rf-and-log-transformation,26647
/sangsulee/normalized-gini-scorer-xgboost-0-371,26515
/maccam912/ensemble-of-rf-and-xgboost-in-r,26533
/nigelcarpenter/nominal-ordinal-syndrome,26508
/chandrad/xgbooost-exp,26520
/frankhan91/example-handwritten-digits,26336
/harshalsoman/firstscript,33393
/nkhuyu/logistic-regression,28668
/aflyax/random-forest-benchmark,25913
/woters/logistic-regression-on-ctr,32239
/clapaucio/gini-scoring-numpy-pandas-version,25830
/bountyhunter/xgbooostlll,25828
/soutik/ensemble-of-rf-and-xgboost-in-r,26064
/soutik/random-forest-benchmark,25819
/jijosunny/3xpreds1-plus-7xpreds2,25994
/kumareshd/3xpreds1-plus-7xpreds2,25758
/hmnshu/oussamabest1,25180
/sushize/xgb67-ss,57111
/ys19931006/xgboost1,24749
/sorenravn/done-done-2,24684
/kirubakumaresh/done-done-3,24539
/sushize/xgb-51-shize,25886
/abhijitk/done-done,24514
/lancerts/data-exploration,24513
/sushize/test-ss-4684,24458
/kumareshd/test-test-subsamp-change,24345
/gonnatobuymac/test-test-giba1,24334
/nathanelbaz/0-2748-with-rf-and-log-transformation,24260
/jimenezluna/0-2748-with-rf-and-log-transformation,24008
/rocelot/combining-models-xgboost-rf-0-37568,23994
/rocelot/test-test-giba1,24857
/krabhijeet/random-forest-benchmark,23736
/rocelot/xgboost-benchmark-0-38019,23993
/kirubakumaresh/not-everything-categorical,23354
/vivekag/xgboost-for-r,22000
/maccam912/xgboost-benchmark-0-38019,24712
/jahandideh/random-forest-benchmark,21946
/znafziger/test-test,21859
/sushize/test-xgb-each,21802
/sorenravn/tubes-processing,21680
/matthewshirley/neural-network,21702
/znafziger/xgboost-benchmark-0-38019,21552
/codingneo/data-exploration,23623
/maccam912/random-forest-benchmark,24688
/ramansharma/test-test,21916
/ys19931006/random-forest-benchmark,21118
/milivojevic/xgboost-benchmark-0-38019,20564
/ai2015/xgboost-benchmark-0-38019,26149
/ryutek/logistic-regression-on-histctr,26793
/milivojevic/clubbing-2-benchmarks-geometric-mean,20168
/rinzewind/0-2748-with-rf-and-log-transformation,20059
/drpatrickchan/clubbing-2-benchmarks-geometric-mean,20007
/praveen241/data-samples1,20114
/pakozm/sklearn-rf,19819
/sushize/keras-starter-code,19744
/denistsitko/0-2748-with-rf-and-log-transformation,19786
/betterplace/chunks-of-large-sqlite,19547
/victorcantor/0-2748-with-rf-and-log-transformation,19449
/lilisun/0-2748-with-rf-and-log-transformation,20240
/rafsanrahat9/revised-simplex-implementation-201736016,10715117
/thakd123/first-kernel,10715058
/vishnurapps/amazon-food-review-study,10715028
/linkma/starter-amazon-reviews-for-sentiment-b9ebb399-9,10713150
/passionista/eda-gender-by-hear2,10712372
/venezolano/0-2748-with-rf-and-log-transformation,20158
/abhishek/beating-the-benchmark-v1-1-28,19329
/lishubin/test-code,19237
/zxstest/random-forest-benchmark-r,207858
/jeeban/beating-benchmark-0-57,18935
/drpatrickchan/five-models-averaged-not-optimized,18716
/lancerts/clubbing-2-benchmarks,18496
/jasiekgda/simple-lasagne-nnb-lc,18379
/dstuck/python-benchmark,19244
/aethertide/cabin-position-may-affect-survival,17562
/nkhuyu/beating-the-benchmark-rf,17407
/nkhuyu/stacking-benchrf-porterstemmer-0-626,17395
/borisp/why-calibration-works,17056
/victorcantor/blending-2-benchmarks,17226
/nkhuyu/porter-stemmer,16642
/kymhorsell1/simple-lasagne-nnbz,15703
/nkhuyu/kappa-intuition,20353
/xinqianh/random-forest-benchmark,17773
/mahangfreedom/svm-0-6,15829
/signipinnis/simple-lasagne-nnb-m2,14781
/kymhorsell1/simple-lasagne-nnbb,14525
/masaya1982/lucky-names,32391
/kymhorsell1/enhanced2,14258
/signipinnis/simple-lasagne-nnb,14103
/qiujiqiong/h20-gbm-0-73057,14045
/alexxanderlarko/nn1106,13652
/thakurrajanand/testing-2,13459
/deepcnn/xgb-0-69,13128
/nagababu/svm-0-6,13085
/askrotov/enhanced3,13015
/askrotov/enhanced2,12908
/askrotov/lb-0-71957-updated-forked-code,12900
/manskj/random-forest-benchmark-r,14431
/vk4arm/simple-lasagne-nn12,13418
/popfido/porter-stemmer,12631
/askrotov/enhanced1,12594
/retep007/succumbing-to-benchmark-fork,12577
/dimitrislev/simple-lasagne-nn,13089
/nishshah/random-forest-benchmark-r,14613
/xgwang/simple-lasagne2,11991
/gregwmoore/random-forrest-test,11871
