/zouzouzou/first-kernel-8e3ecf,1948695
/georgepopescuc92/prediction-using-one-hot-encoding-model-stacking,1948576
/zouzouzou/first-kernel,1948393
/xialiangmeng/notebook9100127264,1947992
/hcc1995/version-1,2036962
/masato/dummy01,5238956
/danieleewww/no-0-price-items-ridge-2-lgbm-lb-0-44113,1955066
/maheshsinha/mercari-test1,1946479
/qinhui1999/keras-pretrained-model-pb0-96,1946552
/nathdip/analysis-of-diagnosis-data,1950086
/kenuit/forest-type-prediction,1945846
/kenuit/house-price-prediction-final,1945715
/nacerix/notebooke73d5fb3d3,1984389
/gfedorov/5-day-data-challenge-day-4,1960001
/ycalisar/notebook35faa1a283,1944399
/zouzouzou/just-one-lgbm-lb-0-44444,1944314
/zouzouzou/go-go-go,1944268
/npd1211/id-title-wikipedia-sept-2016,1944252
/submarineering/submarineering-naval-force-2017,1944170
/oxanderv/fork-of-pacientes-orotop-dicos-multilabel,2014859
/jorese/restaurant-visitor-forecasting-notebook,1949506
/vinaykumar2491/machine-learning-tutorial-for-beginners,1943792
/sanjeet41/fork-of-operation-on-indian-language-data-set,1943702
/chanoramirez/first-steps-in-kaggling-with-titanic-and-python,2346983
/pushkar39/understanding-pokemon-data-generation-1,1942866
/jihyeseo/seaborn-visualization-with-iris-data,1942510
/yangwb/fork-of-submitting-from-a-kernel,1942407
/jihyeseo/fraud-detection-data-cleaning,1942317
/yanyuzhy/hello-kernel,1943671
/zahoorahmad/pakistan-drone-attacks-descriptive-stats,2668533
/ofershl/mushrooms-14122017,1987376
/marcvon/loan-default-prediction,1939954
/jkdudadude/an-interactive-data-science-tutorial,1939749
/rjhaba/fork-of-flight-study,1939537
/yangwb/my-model-9d4c9d,1939564
/mykcbel/sebel-mst604-week3-assign4,1939240
/guigessele/basic-wind-energy-production-analysis,1938598
/lugark/ho-ho-datahackers,1938835
/swl554/machine-learning-analysis-for-classification,1938147
/hsx500/notebook551aedcf59,1937247
/nadafathallah/sentiment-analysis-movie-reviews,1937008
/jihyeseo/is-liver-healthy,3456350
/preend/xy001,1936479
/jihyeseo/cleaning-animal-data,1936372
/ayanmaity/credit-card-fraud-data-exploration-and-analysis,1982644
/evaristoc/exploring-use-of-other-resources-survey-2017,1935884
/macalester/andmet-tluse-kodut,1935083
/arunkumar413/linear-regression-applied-to-multiplication-table,1935156
/zouzouzou/cnn-with-keras,1934778
/mwj351878605/titanic,3515946
/preend/my-model-db8ed1,1934451
/napianlin/notebookce917ac7fb,1933851
/fengyingzhu/data-sciencetutorial-for-beginners-9f042b,1932631
/nanduriprabhakar/5d-challenge-beginner-level-day-1-2-3-4-5-py,1932571
/merelylove/notebook7c87710bc8,1932601
/fengyingzhu/data-sciencetutorial-for-beginners-75af83,1932436
/briley01/first-attempt-at-data-science,1932311
/accidentallysam/titanic-machine-learning-from-disaster,1931850
/nairamatosyan/multinom-model-on-iris-dataset,1931400
/angelag/findings-on-starbucks-drink-menu,1931374
/nairamatosyan/iris-dataset,1931105
/talikert/tulirelvadega-p-hjustatud-surmad-usas,1935806
/angelag/findings-on-student-alcohol-usage,1930613
/angelag/visualization-for-happiness-report-2017,1930551
/angelag/cluster-analysis-on-armenian-pubs,1930470
/sonali18395/fork-of-artwork-classification,1933359
/andres8/5-day-data-challenge-day-1-py,1937524
/nappleyjq/notebookc1e130bf15,1930028
/nanev13/notebook23366a1a76,1929359
/naka13yy/titanic-data-science-solutions,1965441
/sedasedrakyan/notebook7e70901148,1927985
/arshakmkhoyan/naive-bayes-and-random-forest,1927996
/deeptirajput/notebook78abcad8c7,1927383
/aleks12345/world-hapiness-report,1927356
/stantay/notebookd1c63c161c,1927104
/owenlin/data-sciencetutorial-for-beginners,1926861
/joonhokim/titanic,1927060
/alexey789/notebook0c4c99ff1e,1926417
/rshengg/rigde-xgbm,1925680
/leedong/predicting-fraud-with-tensorflow,1925064
/fadhli/classifying-delicious-shrooms,1924897
/sinxtus/notebookd5cdd82862,1924070
/sinxtus/notebook40cccf1750,1930533
/rtatman/testing-college-scorecard-12-11,1922855
/nicksyna/gtd123,1922627
/pubuduslp/svg-onload-confirm-hawksecurity,1922481
/ravitejat9/lower-back-pain-problem-gmm-modeling-few-plots,1922338
/anikeshishyan/random-forest-analysis-on-red-wine-data,1929081
/lmundira/fork-of-regression-challenge-day-1,1922210
/zintemann/development-of-quarterbacks,1922194
/lmundira/regression-challenge-day-1,1922638
/soumyaansh/predictive-model-car-price,1923316
/kaarelloide/fork-of-kodut,1920760
/chuncaicai/hi-i-am-the-ice-mountain,1920804
/glowingbazooka/semi-supervised-model-using-keras,1967354
/scirpus/transform-target-to-error-space,1920704
/koljalka/ted-talks-analysis,1920508
/manojchitteti/back-pain-spine-clustering-and-prediction,1920218
/ramgree/anime-c4c486,1919762
/inkzuko/sissejuhatus-erialasse-kodune-t-c6db32,1919751
/zhouzhiguang/notebookbf64408456,1919746
/chvraj/beginners-guide-to-eda-and-random-forest-us-c1e2b2,1919465
/chvraj/beginners-guide-to-eda-and-random-forest-using-r,1919680
/rkojha/notebook545c57a3fc,1919416
/willstr/autode-m-k-usas,1935592
/triangle1225/notebook93cc8619a2,1918751
/bleeeeee/sissejuhatus-erialasse-kodune-t,1919756
/mayankkjaiswal/notebook388afbad32,1918404
/tangyaliang/first,1918347
/bearenon0743/notebooke09f030bea,1919437
/annibabani/exploration-of-svm-vs-neural-network,1918045
/ceciliahslee/surviving-the-titanic-shipwreck-eda,1917761
/htredleaf/models-for-behavior-scoring,2906911
/jhihjian/notebookd624e55068,1917360
/franciscaifebuzor/classimbalance-in-r,1917243
/raozvo/pandas-harjutus,1916851
/tautvydas/titanic-challenge,1916822
/markusleemet/pilaste-alkoholi-tarbimis-harjumused,1920811
/raultolp/65-world-indexes-study,1918238
/maneyeganyan/draft,1923920
/xxmanxmensxx/tulirelvade-kasutus-terroriaktides,1916175
/xxmanxmensxx/fork-of-relvade-kasutus-terroriaktides-212d-412dfa,1916071
/xxmanxmensxx/fork-of-relvade-kasutus-terroriaktides-212de3,1915937
/luke1977/5-day-challenge-day-5,1915891
/tianyiwang/cifar10-with-cnns,1915166
/kumaravels/hopkins-statistics,1915144
/kumaravels/silhoutte-clusters,1915096
/haitamdata/notebook1a7ed33e22,1914956
/bondmanu/5-day-data-challenge-day-4,1915467
/robbie78669/tensorflow-deep-nn,1963756
/leengsmile/basic-exploration-of-san-francisco,1914473
/saeedar/keras-cnn,1914417
/pnvijay/kaggle-5-day-challenge-day-5,1914412
/alifanov/forked-results,1914406
/alifanov/stack-mean,1914402
/pnvijay/kaggle-5-day-challenge-day-4,1914319
/mayurjain/home-depot-solution-with-0-88-score,1914756
/georgepopescuc92/terrorism-in-western-europe,1947724
/silver1996/notebookd9fe7aed36,1913644
/amontoyal/terrorism-analysis-in-nepal-from-1985-to-2016,1913561
/myashish/fork-of-ibm-hr-analysis-with-90-3-acc-and-89-auc,1913410
/myashish/plant-seedlings,1913514
/markusleemet/fork-of-alkoholi-tarbimine-tudengite-seas,1912967
/pranoybiswas/5daychallenge-day3-ttest,1912879
/saimageshr/breast-cancer-wisconsin-by-saimagesh-r,1912889
/mihkelkruusi/harjutused-pandas-teegi-kohta,1921407
/kstaud85/data-visualization-project-3,1911971
/sdxingaijing/time-series-analysis-for-bitcoin,1911787
/adkansara/notebookdf4107663b,1911657
/nookki/fluent-python,1912028
/gustavo94/regression-challenge-day-5-5daychallenge,1911049
/yuridias/predicting-abalone-s-sex-with-logistic-regression,1910468
/wnixalo/5-day-data-challenge-day-3-python,1909933
/yuridias/exploratory-analysis-on-happiness-data,1910415
/wnixalo/5-day-data-challenge-day-2-python,1909551
/mukulsingh/regression-challenge-day-1,1909197
/bastienwinant/5-day-data-challenge-day-5,1908327
/sagalich/basic-cnn-with-batch-nom,1908325
/walsen/data-exploration-and-xgboost-model-r,1908291
/andreamar/bayesian-opt-of-xgboost-hyperparameters-mice,1908342
/rajauzairabdullah/svg-onload-prompt-2,1907763
/andreloit/notebook347144cdb4,1907665
/malathiarumugam/data-challenge-all-5-days,1908469
/dellimxx/tf-neural-network-pre-processing-and-k-fold-cv,1907413
/srgrace/simple-eda,1906991
/srgrace/notebook733ba8ba5d,1906924
/ddhiraj/5-day-data-challenge-day-5,1906823
/vedantpawar/b-or-m,1906593
/riyuzak2510/svc-on-titanic-data-set,1906599
/rakeshbhat9/mercari-simple-data-exploration,1907476
/nitishkat/breast-cancer-data-blind-analysis,1906426
/aschett/5-day-data-challenge-day-5,1905784
/sarathydw/5-day-data-challenge-day-5,1905573
/witeko/notebookbc146f0877,1904961
/nathdip/5-day-data-challenge-day-5,1904938
/cocojam0/titanic-machine-learning-from-disaster-kaggle,1904913
/jb13579/5-day-data-challenge-day-4,1904711
/ifeomao/5-day-data-challenge-day-5,1904638
/kitushan/titanic-data-science-solutions-dc3035,1904434
/jmarca/regression-challenge-day-3,1938062
/wnixalo/5-day-data-challenge-day-1-python,1904075
/cabadsanchez/5-day-data-challenge-day-4,1903804
/neurotronix/5-day-data-challenge-visualizing-categorical-data,1903526
/boulderslayer/data-challenge-day-5,1903480
/nommrichard/karl-rain-ja-richard-andmet-tluse-kodut,1916760
/aldiansyahs/5-day-data-challenge-day-5,1906109
/rirodrig/5-day-data-challenge-day-4-python,1903289
/muqaddasrashid04/regression-challenge-day-1,1922044
/saimageshr/gaussian-mixture-model-by-saimagesh-r,1903238
/jrigger/5-days-data-challenge-day-5-python,1903003
/nicholaskrupa/5-day-data-challenge-day-5,1902952
/mauromanclossi/fork-of-regression-challenge-day-2-mauro-r,1902736
/ngabriel/5th-day-penta-day-data-challenge,1902677
/ouafaa123/notebook00b695737f,1902533
/navinrdyy/gender-recognition-by-voice,1902242
/anasvaf/parse-files-mfcc-extraction,1902295
/aniket2203/regression-challenge-day-1-cc55f5,1902207
/umutozdemir/house-price-predictions,1902130
/suyue715/stats-review,1902120
/bobbonne/data-challenge-day-4,1902015
