/yonatanmedan/mystarterscriptadghkkhfjhfdfg,490196
/tomtum/titanic-v1,489761
/johnnygreco/notebookbc2b9a8a64,489682
/dc4data/notebooka7fbb7b03c,489648
/sebasantana/predictors-of-a-match,489601
/zhenqiangx/notebook26f01a26cb,489534
/dc4data/notebook24ba1b2657,489506
/dimitrisiakovakis/notebook0e5a54fcb5,489503
/pannagas/notebook56c315b5de,489493
/raphael0202/house-price-prediction-part-1-3c12c336,489486
/dimitrisiakovakis/notebook1512178017,489480
/ziamandl/notebooka5a4260c91,489470
/ziamandl/notebooke60ee50ff8,489442
/xiyacao/notebook07d43c68b9,489428
/athirajacob/notebook21d0dfd8aa,489402
/jmseman/markov-chain-monte-carlo,489369
/jmseman/r-script-scoring-1113-93-on-plb,489363
/jarafi/tensorflow-deep-nn,489358
/yuki11nsmr/notebook575ff54b8f,489357
/avehtari/notebookbc5df713f3,494149
/ahmermalik/notebookcbff813db0,489336
/kainaguo/notebook53bcecf24b,489310
/aconsapart/notebook2c2ac86e1f,743277
/cgomezfandino/notebook8c3a5b63e5,489293
/elmoslimani/traffic-fatalities-in-2015,489243
/drashtibandi/notebook31a2518635,489239
/avannaldas/titanic,489225
/shubvyas/exploratory-tutorial-titanic,489210
/emirates/bbbbbb,489140
/weinssrw/wordcloud-of-tweets,489132
/onwardmahachi/notebook85c6ae45b7,489130
/shubvyas/notebook43258ce52a,489094
/xenophon/exploring-survival-on-the-titanic,489083
/yuki11nsmr/notebook76562160ce,489057
/drzerge/notebook67fb3774e2,488916
/mauriciolongato/notebook033ca13fa8,488899
/llbestmvp/notebook4df10ba779,488841
/lmz8241/python-data-visualizations,488812
/jpdorism/notebookb4d6d9d7b2,488771
/ih9ahghai4/notebook4228536246,488758
/llbestmvp/notebook854cb3bbff,488739
/alexkeenan/regularized-linear-models-55ee3601,488691
/jrahul/traffic-fatalities-in-2015,488679
/surfield/notebook916bc84503,488648
/avsilva/notebook2758f670e8,488625
/vasanth/notebookb661f96d4e,488539
/chalusf3/a-journey-through-titanic,488478
/ivagabond/highest-ranked-imdb-directors-and-actors,488471
/mip2014/fuckaway,488458
/peterlau7520/cleaned-used-cars-database,488421
/abidaaslam/dataset-visualization,488422
/jhonyjacobi/notebook1dc2960304,488377
/deningteng/notebook02d59acd35,488363
/viejodrauet/notebook519c7f45f0,488309
/gabrielle1726/want-to-get-low-interest-rates,488273
/mahirkukreja/exploratory-study-on-ml-algorithms,488241
/pierre54/titanic-mix-of-techniques,488266
/nikolalsvk/sentiment-classification-and-analysis,488228
/sablair/notebook16a9a4c4db,488225
/vishnupriyapm/notebook79e228b95a,488219
/zhaoqi94/a-journey-through-titanic,488218
/avannaldas/knn-from-scratch-in-python-at-97-1,488210
/chanchan/notebookece446b20b,488202
/loghwn/firsttry,488183
/prototype96/demo1,488174
/rajat7/notebook80ec85593b,488158
/zjjhxkc/notebook2b83f42617,488123
/zjjhxkc/notebook8e5f2bd0bc,488122
/tezdhar/simple-exploration-notebook-v3-0,488118
/malsund/python-data-visualizations-99fc7a9d,488078
/carlaestopa/notebook46c1afa646,488064
/lg895342449/outbrain-eda,488048
/vkulkarni/first-run,488046
/adslwang4602/notebooke869ad6b17,487979
/cacruzl/digit-recognizer-in-python-using-cnn,487978
/midwinter1993/when-less-is-more,487965
/han4wluc/testtest,487950
/yongyehuang/mytest,487944
/kobets/notebookb9d7679b09,487930
/s7uff3r/notebook6ae423486d,487869
/jjionee/notebookffc472cd6b,487849
/manojsukhavasi/regularized-linear-models,487835
/cisven/getting-started-with-sampling-data,487827
/prakashyadav008/notebook20ec0ac70f,487822
/adamjermann/my-first-kaggle-solution,487779
/thechirayu/a-journey-through-titanic,487773
/ashleyt2016/notebookb488d30b1f,487768
/nil666/trial1-1,487876
/mip2014/hifuckoff,487877
/ravediamond/notebookb87e1112c5,487717
/lufthansa747/notebookba179c4484,487675
/yash21/notebook3428c029ad,487634
/fanxain/notebookff02598567,487627
/zcbmxvnyico/95-k-fold-accuracy-svm-to-cancer-prediction,487604
/milind81/traffic-fatalities-in-2015,487603
/milind81/wordcloud-of-tweets,487602
/ch11yx/notebooka431b3bf82,487563
/mpascal/omg-nlp-with-the-djia-and-reddit,487560
/omerbarsadeh/a-journey-through-titanic-a1eeca4a,487553
/tomwoudenberg/intro-titanic,487545
/andrewcrab/notebooka62aae5988,487459
/sreekarg/a-journey-through-titanic,487413
/heshilin/predicting-box-office,487408
/vinay6666/sigmoid,487380
,None
/adityakumarsinha/xgb-lb-1106-33084,518323
/vinay6666/notebookfb69b39638,487310
/xingobar/notebookd8a1533c5b,487301
/hacknitish/notebookd6f0f3e012,487294
/poanwang/dataset-walk-through-911,487285
/vinay6666/notebookc814519978,487284
/staunchjun/notebook2950ff9c8a,487272
/staunchjun/titanic-passenger-survival,487252
/freedom098/feture-choose,487226
/yongyehuang/traffic-fatalities-in-2015,487212
/vincentpham/traffic-fatalities-in-2015,487148
/mahgoobi/notebook5338828e6f,487114
/mkoberst/notebookc33df6f5a1,487108
/deepupai/notebook2a997137e5,487081
/chengshenggan/a-journey-through-titanic,487063
/valadi/fishy-keras-bbb44bjayaram,589822
/insikk/testtt,487013
/xhuang25/nn-through-keras-copied,487010
/analyticsguru/feature-selection-for-house-prices,487009
/vigilanf/linear-regression-allstate-notebook-big-losses,486977
/xhuang25/neural-network-through-keras,486974
/pranavmachingal/notebook80447ff008,487860
/boreas/notebookbf857b2f2f,486925
/gisellek/traffic-fatalities-in-2015-997d9f2d,486899
/anjithgeorge/nn-through-keras-copied-mod,486860
/rpersd/exploratory-study-on-ml-algorithms,486855
/boreas/notebooka261acbeb2,486821
/zinsword/a-journey-through-titanic,486813
/junots/catdognet-keras-convnet-starter,486764
/boreas/notebook15590a0968,486704
/sushmitavgopalan/notebookc6e82132d5,486677
/boreas/count-id,486691
/mingu600/exploratory-notebook,486662
/vmarkovic/predicting-box-office-196cff2f,486643
/wanderbene/time-travel-eda,486638
/demetripananos/notebook9c626a3a24,486629
/mdmilgrom/a-journey-through-titanic,486590
/wongchen/regularized-linear-models,486538
/icsmith23/finding-boatids,486537
/rpersd/just-an-easy-solution,486528
/icsmith23/fish-detection-86851f5a,486524
/icsmith23/fish-detection,486502
/antgoldbloom/us-college-sailing-rankings-individual-sailors,486455
/hassan9224/clean-feat-fit-and-submit,486416
/fighteryou/notebook2dd3e22abd,486368
/stevenkwong/fish-detection,486330
/yogiman/timeseries-analysis,486303
/sagar3393/notebookc64a096f78,486229
/devanshis24/finding-dependencies-states-roads-age-alcohol,486214
/zcbmxvnyico/python-data-visualizations,486152
/jianyao/exploratory-study-on-ml-algorithms,486145
/mumuri/video-games-analysis,486144
/leticiacabral/detailed-cleaning-visualization-python,486119
/samkennerly/a-journey-through-titanic,486116
/shsnail/cnn-on-digit-recognition-5f9a016c,486093
/simoncjs/a-journey-through-titanic,486042
/porter97/notebook0008552cf9,486030
/momentaj/notebook025df42c7b,485943
/naomi7/survival-on-the-titanic,486127
/lilyelizabethjohn/notebookfe2f0b19e4,485816
/dpzhang/notebook048a8e986d,485805
/anokas/exploratory-data-analysis-3,485782
/larryzh08/notebook05392c71fb,485781
/larryzh08/notebook0ed2cf8c13,485742
/larryzh08/detailed-data-exploration-in-python,485737
/larryzh08/footest-1,485620
/smurph35/notebooka253a8347c,485611
/larryzh08/footest,485610
/finoear/notebook861c44f850,485602
/outfox330/mushroom-decision-tree-and-gbm,485621
/hohobrothers/notebook1d39f11912,485576
/sadgnome/notebook0afd278e28,485565
/momentaj/notebook1485db0558,485517
/leomachado1/allstate-claims,485511
/porter97/notebooka825969a3a,485485
/harshilkorani/imdb-genre-based-analysis,494412
/suhedaacar/notebook332633e2c3,485390
/vmarkovic/movie-dataset-boosted-trees,485464
/therealnoahwhereman/notebookc5496c240f,485307
/calosa/testtest,485302
/therealnoahwhereman/notebook1bd0cbba3c,485284
/maciejujma/the-ripper-algorithm,489321
/kaggle4mayank/fork-of-retention-vs-avg-daily-hours-at-work,485204
/emrearslan/detailed-exploratory-data-analysis-using-r,485074
/lihui870222/notebook11585e6b4b,485022
/suavemint/titanic-starting-space,484967
/tiffanyxu0104/outbrain-eda,484950
/janmeyer/notebookcf7a1a1005,484935
/niteshkv/notebook8bb295c317,484866
/shubhamgoel27/catdognet-keras-convnet-starter,484758
/enirtium/notebook68a0063226,484752
/rmferg/notebook581af79e15,484736
/adderbyte/notebook66deb8b4be,484704
/bnroths/br-exploration,484697
/bnroths/exploration,484693
