/isaacinyang/notebookf9a5a17c71,771159
/bllitu12345/titanic-code,771169
/bllitu12345/notebooke0e20d7c75,771131
/alcaspar37/titanic-random-forest,784399
/clisakowski/myfirsttest,771914
/marcsv87/notebook3e52f98ae0,771009
/gzuidhof/notebook033abfe007,770996
/snthpy/filling-up-missing-values,770944
/tamasszuromi/full-preprocessing-tutorial,770899
/kmunson/packages,770885
/ayourb/most-number-of-attacks-proportion-of-people-died,770871
/daaave/notebook451dae00fe,770866
/fouillededonnees/regresion,771060
/duhamelalexandre/notebook431f80998b,770820
/qlidct/notebookaeac176f3a,778453
/filipecosta/notebook1ab4b97785,770808
/barthelemy/notebook9a7a93f27d,770780
/uberjd/detection,770773
/duhamelalexandre/notebookc01ab39ecc,770751
/rohantheman/testrun,770713
/akilendra/racial,1097994
/ashwinphatak/a-journey-through-titanic-972383bc,770680
/mailanilkamath/notebookac81c27ee4,770665
/nelmaya/improved-lung-segmentation-using-watershed,770658
/cityhunter/full-preprocessing-tutorial,770657
/mailanilkamath/trying-to-predict-used-car-value,770628
/shlomitsteinberg/notebooka6b2e8325b,770625
/nelmaya/full-preprocessing-tutorial-cd6720b6,770621
/mcleodx/lung-segmentation-and-candidate-points-generation,773163
/nelmaya/full-preprocessing-tutorial,770611
/har33sh/a-journey-through-titanic-b85cd2ee,771539
/xrafael/notebook7f4942a49e,770558
/zasimov/notebook07db71acb4,770557
/ayushbansal/trying-to-predict-used-car-value,770524
/ayushbansal/beer-by-name,770519
/angryziber/a-journey-through-titanic,770498
/simofn/a-journey-through-titanic-f66877da,770423
/himasagar/the-console-wars-ps-vs-xbox-vs-wii,770347
/terje72/an-interactive-data-science-tutorial-b0e4b04c,770319
/yangyin/notebook130ac0d959,770318
/emanuelsygal/titanic-survival-prediction-end-to-end-ml-pipeline,770252
/mcleodx/loading-and-processing-the-sample-images,770245
/mcleodx/full-preprocessing-tutorial-b1138561,770239
/wilzyx/full-preprocessing-tutorial,770238
/cassiommpereira/notebookf00499643f,770227
/mucheru/unemployment-rates-visualization,770218
/gsk967/text-mining-with-sklearn-keras-mlp-lstm-cnn,770204
/matias3/interactive-intro-to-dimensionality-reduction,770182
/maraim/text-mining-with-sklearn-keras-mlp-lstm-cnn,770168
/tap222/notebookb7d042b701,770147
/darshpatel27/notebook9ab09c0063,770102
/kurage10/notebookf60d937dfc,770100
/girmak/full-preprocessing-tutorial-2d8b5639,770079
/tjscience/notebook9b10bdb836,770057
/vicvega/notebook243b88c80e,770001
/nschejtman/interactive-intro-to-dimensionality-reduction,769896
/jorgelopezgonzalez/notebook028bdee790,769893
/svesal/notebook87f520fd76,769863
/svesal/loading-and-processing-the-sample-images,769852
/sadao53/notebooka5e5648734,769831
/velmyk/predict-match-score,769665
/alexbella/full-preprocessing-tutorial,769621
/pauline144/notebook84f1263b2a,769616
/lukedong/dogvscattestfile,769610
/triwandaseptian/word-cloud-with-python-4f3abc68,769567
/triwandaseptian/python-data-visualizations,769553
/subbumani/notebookf7c4655371,769527
/dreamgonfly/notebook4df67a1ea3,769507
/desource90/what-influences-final-grades-portuguese-class,769496
/rmisra/random-forest-model,769535
/elenagiusti/notebook292a0574ad,769453
/triwandaseptian/data-visualization-and-analysis-with-tidyverse,769593
/lagotus/regularized-linear-models,769440
/vedandri/notebookd878f4723f,769408
/om1042/deep-learning-in-the-deep-blue-lb-1-279,769397
/asymptote/notebookf4ce994e4b,769390
/fengchengjue/notebook2761341745,769383
/minto4644/notebook0a845965aa,769364
/aiswaryaramachandran/notebookf7f56976a9,769319
/danieleewww/full-preprocessing-tutorial-13a602e1,769317
/jensonbenjamin/notebook6d65107f95,769281
/kassidiegoddard/lung-cancer-detection,769224
/alfrediwasaki/a-journey-through-titanic,769221
/zliu66/a-journey-through-titanic,769191
/colintjs/titanic-survival-prediction-end-to-end-ml-pipeline,769083
/danielrk/full-preprocessing-tutorial,769078
/tai001/test2-renamed,769070
/sonicboom8/full-preprocessing-tutorial,769023
/zhoukj/notebookbc115b9749,768993
/enagarajan/full-preprocessing-tutorial,768977
/gdjedjero1/notebook7d7564683e,768915
/panflutes/notebook04915b8af5,768908
/k999999/notebook9c8ca67b4b,768900
/honeybird/feature-extraction-from-images,768886
/tobiaswright/global-terrorism-trends-animation,768870
/honeybird/leaf-classification-study-cw,768836
/shravanumn/notebook1319aadf50,768816
/goldenstate/notebook79ebea429d,768781
/anithic/cleaned-used-cars-database-105c55e3,768749
/anithic/cleaned-used-cars-database,768743
/natdsou/notebook4e09434cbe,768722
/darcnyte/notebookefcb52e7f6,768717
/vivekvks19/xgboost-vs-betting-markets,768713
/royestone/notebook3916c56d77,768636
/clarkkk/notebook9cd70856e2,768620
/kaggleray/import-pssa-data,768618
/dorthyflowers/notebook76b833388a,768560
/clarkkk/notebook837c268bb1,768517
/realhiroshi/analysis-and-predictive-model-for-alcohol-abuse,768447
/pantelisvlachas/exploring-survival-on-the-titanic,768437
/alicew1800/exploratory-study-on-ml-algorithms-dea158a9,768427
/alicew1800/exploratory-study-on-feature-selection,768421
/satyaraspi/hrdata,768379
/clustersrus/fork-of-house-prices-handling-the-missing-data,768359
/alicew1800/exploratory-study-on-ml-algorithms,768291
/geofly/digit-recognizer-in-python-using-cnn,768246
/datafordays/notebook8cc9f9cf2a,768239
/rossm1/notebook2c55eed909,768177
/leon72/notebook123c02027c,768126
/jmlearn/full-preprocessing-tutorial-7871801d,768118
/attilatamask/a-journey-through-titanic,768112
/tachieme/script,768079
/maestro972/notebook97e682ad71,768068
/jmlearn/full-preprocessing-tutorial,768041
/dpodobny/fdhgnfgh,767991
/dirceuneto/notebookaf8de787ba,767988
/geofly/tensorflow-deep-nn,767968
/arthurtok/notebookc138271a58,767950
/derekvalles/notebook6c1beb3c18,767915
/surajsubedi/notebookdc28750328,767883
/chetanhere/an-interactive-data-science-tutorial,767822
/petarpavlovic/notebook978db65c1f,767792
/hlqiao/hr-explore-predict-rf-who-to-quit-the-job,767760
/djolof021/notebooke0398a80fc,767747
/sahilrggupta/fork-of-notebook24868205a6,767742
/ceklein/fish-detection,767735
/yxl1149/notebook531850e934,767691
/jcrowe/notebookd736baba3c,767633
/vaishaligarg/notebook9cc30323e1,767601
/whymath/notebooka3c68e2baa,767570
/jcrowe/notebookb56fd203db,767547
/javiermares/full-preprocessing-tutorial,767999
/rmisra/logistic-regression,767515
/rbardenet/notebook36cbc0ae02,767493
/mobavarian/detailed-cleaning-visualization-python,767474
/ikha27/housing-price,767278
/aledahl/an-interactive-data-science-tutorial-a64c6656,767254
/hzhang14/notebooke303bdcc45,767195
/kendallgillies/python-data-visualizations,767133
/kendallgillies/notebooka686877b97,767124
/kendallgillies/notebooke3f4c53675,767118
/therandomdude/notebookf12790a085,767110
/sambit7/iris-with-tensorflow,767098
/xingxu1978/regularized-linear-models-learning,767023
/zihaozhang92/digit-recognizer-in-python-using-cnn,767021
/roopalik/3-ways-to-leave-your-employer,767019
/tayfurr/catdognet-keras-convnet-starter-db2a20fb,766990
/simonelis/notebookbe33c55124,766970
/dilshan/top-500-indian-cities,766885
/adasan/notebook7257c71b04,766872
/dilshan/notebookfa1a2a14df,766870
/vabatista/eda-first-look-at-outliers-cf018070,766837
/vabatista/eda-first-look-at-outliers,766816
/babdebuba/basic-data-visualization-use-ggplot2,766789
/dileepponna/notebookae602c20ce,766750
/afleischer/notebooke193d5b300,766708
/gtejadap/notebookfdfeb74938,766695
/babdebuba/exploratory-analysis-rossmann,766687
/zrcahyx/titanic-survival-prediction-end-to-end-ml-pipeline,766663
/dfroslie/notebook875f4cfca7,766659
/babdebuba/exploring-survival-on-the-titanic,766645
/youver/notebook5833ef795f,766642
/medvediev/full-preprocessing-tutorial,766618
/gloorianne/in-depth-skewed-data-classif-93-recall-acc-now,766617
/goutham794/an-interactive-data-science-tutorial,766612
/youver/notebook5a6dcc65ed,766607
/youver/notebook39e330b254,766602
/youver/notebooke1c5e00c07,766601
/zakkchen/newbie,766599
/vapenaysh/fraud-detection,766598
/aceloc/a-journey-through-titanic,766564
/bharatverma/titanic-kaggle-bharat-verma-k-svm-py,766560
/feroxx/full-preprocessing-tutorial,766512
/danvalente/notebook62aa23b077,766475
/bharatverma/titanic-kaggle-bharat-verma-ann-1-py,766529
/aliosha/exploratory-data-analysis,766446
/aliosha/full-preprocessing-tutorial,766440
/bharatverma/titanic-kaggle-bharat-verma-ann-py,766393
/vicarizmendi/kaggle-titanic-python-v2-vicarizmendi,806642
/pavelsa/notebook6a1ba37c7a,766331
/joaquinreina/notebookd8af9d69a6,766295
/cheetar/put-everything-on-a-map,827104
/harold55/notebookcc4ac36c63,766260
/wendykan/determining-confusion-after-an-eeg-test-276e172e,766256
/wendykan/determining-confusion-after-an-eeg-test-9d726bd1,766253
/marek5050/an-interactive-data-science-tutorial,766206
/dtstuart/trueskill-for-kitefoil-rankings-by-race,788598
/dantepawn/an-interactive-data-science-tutorial,766153
/berandon/cat-dog-notebook,766107
/kay0822/terrorist-attacks-in-united-states,766101
