/paulorzp/notebook5730290604,1012670
/ilyasorokin/test-competitionhostsegments,1012629
/harrischiu/notebookf53e8c1884,1012617
/christopherfrank/notebook22a9df1dc9,1012584
/nuclear/catdognet-keras-convnet-starter,1012529
/bravoz/notebooka08bf45f5e,1012522
/tzungtzu/notebook5bbfbd814e,1012492
/sikayena/exploring-movie-metadata,1012487
/danocian/notebooka8e33f8e11,1012441
/kmaitra/notebook4064338e48,1012438
/nomads4/notebookf061b25280,1012405
/nomads4/notebook36b27a237b,1012383
/pedropreto/notebook87484ff621,1012379
/naixlee/titanic,1012374
/mrcoolkrish/notebook77d7987088,1012358
/dmulley/notebook8ff069780e,1012291
/queondagt/notebook1079c7ddba,1012266
/lhincenberga/nodules-detection-with-opencv,1012245
/mchendrix/notebooka90c1e5e44,1012229
/grantzvolsky/notebook77f7660d8e,1012225
/lepiedpiper/notebook66d56857ce,1012224
/willrenius/first-kaggle-entry,1012203
/andriytretynko/notebook881ba6d890,1012176
/slavaglaps/notebook6dc96aeb0c,1012168
/bill10/college-scorecard-2,1013154
/ravigarg27/notebook67e84cba24,1012133
/jsaumya/notebookd23b0ba524,1012088
/cambellcode/notebook92eec69133,1012074
/akaakaaka/notebook9c89bef64f,1012010
/ascote/notebookf66b276abe,1011965
/andreeapascu/looking-for-patterns,1011943
/aryaamit/credit-card-fraud-analytics-v1,1011932
/debnomics/notebook317e5bb1ef,1011920
/mdquigg/notebook305f511a67,1014047
/mosnoiion/notebookedb32c5e69,1011894
/douglaspicolotto/notebook0d9953dd55,1011877
/nerfpte/notebook31b4a65afa,1011842
/alexai/defautscript3,1012181
/gsubramanian/notebook61a7d7c5c3,1011737
/shray27/notebookb29bd629d8,1011719
/udaykrizna/notebookff5f041c27,1011713
/randseay/notebook25d643a71e,1011703
/wazoombah/notebook7f99c49b7f,1011697
/randseay/notebookccdf075dc1,1052236
/jinaypatel/scikit-mnist-py,1011605
/parrudahs/notebook05f2251f5a,1011604
/shakos/fishy-keras-lb-1-25267,1011602
/asmith370/notebookce6fd08c22,1011596
/arpitbansal297/temp1,1011590
/lwgray/notebookc4a284d8c9,1011580
/shakos/notebook3c79509669,1011574
/prernar/principal-component-analysis-explained,1011572
/kulprit5/titanic-test,1011639
/subnkve/starter-script-with-xgb-in-r,1011545
/kranthireddy/myfirstscript,1011541
/alanwu9296/notebook5cf4d83fc5,1011525
/silpa1/x-eda-rawdata,1011529
/ellguso/notebook59b8fd6185,1011519
/lauralikespi/notebook936847194a,1011495
/nquan9290/notebook72d145778c,1011485
/cryptica/sssssssss,1011505
/yunzhizhou/notebook055e163427,1011450
/corrod3/notebook88c90ed38c,1011424
/yuatlas/notebook78a9be3723,1011414
/superl33/it-is-lit,1011412
/dsnegi/notebook384d91e4dd,1011402
/yuatlas/notebook40a4b70ff4,1011396
/fg2vec/test1,1011393
/krice100/notebookf123f8f71b,1011370
/armandspenser/test-11,1011367
/ucaksbu/benhall-2,1014122
/mathandmad/yet-another-data-exploration,1011349
/sachiangle21/notebookb47cb6d609,1011333
/nikmar/notebooka06ddcf174,1011311
/athresh/notebook84ff16936d,1011310
/ayush1808/notebook2270caefab,1011306
/ayush1808/notebook7c82013071,1011305
/which0326/notebook1bf114279a,1011281
/karlanka/notebookef9ad45e43,1011268
/nlarusstone/notebook466dbdcc04,1011262
/theopavlakou/it-is-lit,1011257
/ucaksbu/benhall,1011344
/ucaksbu/notebookdb8d77bc7e,1011250
/kmader/anisotropic-diffusion-py,1011225
/jarivalesin/myfirsttry,1011221
/kulprit5/notebook59fdaeb080,1011200
/lobsteravr/deep-neural-network-keras-way,1099825
/aileronajay/notebook12120642e8,1011182
/zirubai/notebookd8d57e3ac7,1011154
/lilinuncio/notebookf3ff855dd8,1011129
/sachiangle21/notebook33c9a37700,1011122
/milesbs/notebooka423e46660,1011120
/veeramuthu/notebook09217570c7,1011117
/altereber/notebook06feddd55b,1011041
/aveekroy/sales-prediction,1011033
/dynastyforwang/notebook7a9d6667e4,1011015
/wwj718/notebooka44b1471f0,1010996
/moonunit432/titanic,1010981
/wirehack/gdfgdfgd,1010976
/krmcenery/notebookc13e86f62f,1010959
/arpitbansal297/notebook04a16e4e2e,1010955
/charki/practice,1010946
/flpxiao/notebooka45ce8e6fb,1010942
/arpitbansal297/notebookbd08c105b7,1010931
/mciesiel/titanic,1010930
/yasminedejeu/titanic1,1010929
/jiangzhiping/notebookf87172c9bf,1010927
/jieyangdublin/notebook14000eda01,1010914
/poornimashanbhag/titanic-poo,1010910
/wangbingning/notebookd007b96d42,1010904
/ibrahimparvez/notebookf00c70d0dd,1010898
/choupicece/titanic,1010896
/xiaoxiaolu0531/notebook6d32f87f4e,1010890
/hpcnerd/notebookaa338ca472,1010874
/penedon/notebook794d5daa4a,1010867
/ankursin/an-interactive-data-science-tutorial,1011017
/michelledebock/notebookd8a3bab9f8,1010856
/parkhwin/notebook403464056d,1010845
/sufiyakarim/notebookbcd5c95b4a,1010841
/machine/fishy-keras-lb-1-25267,1010823
/thijshermans/notebook082afaad1d,1010818
/pragatigarg/notebook87f8c81aa9,1010773
/pakeman/test-sql,1010768
/kittithu/notebook7e37cd355e,1010723
/vvarkey/0316-submit1,1010711
/balmukund/notebookc9b0bcbe03,1010705
/dm14348174/notebook93801a647a,1010697
/usumai/titanictest,1010691
/wfshan/notebook1b3d6604c3,1010686
/ming2020/notebook83c479cdfa,1010670
/dataverge/notebook1f92a77fb5,1010668
/ming2020/notebook247fe4d6f0,1010667
/henrye28/notebook1d109e9c5a,1010623
/akuprianov/notebook76ec0b4ed5,1010602
/xiaoqianjiang1987/notebook68514d9c4a,1010597
/vas007/notebook5b7891b0dc,1010590
/tilakd/digit-recognizer-using-tensorflow,1010556
/wiryanto/notebook2d72b8003d,1010553
/zhangpeng12138/python-data-visualizations,1010526
/emily91/test1,1010510
/nicolasmon/notebook8aecce1361,1010506
/amitkag/first-script,1010480
/tanghao/notebookb757fdd794,1010431
/yangfeiml/knn-svm-adaboost-compare,1010398
/nickzheng/notebookcdd2b967af,1010385
/koaras/notebookfe172c66f7,1010356
/tngodup/notebookfc24d649a7,1010354
/koaras/just-for-test,1010353
/huinanliu/notebook4f2779f943,1010344
/majunli/notebook17179582f2,1010332
/canwaals/titanic-data-science-solutions,1010321
/phanny/notebook81b7094bd0,1010277
/mayankpritman/notebook746e085dd8,1010266
/royatwork/notebookb87ece93db,1059372
/mayankpritman/notebook412d9bac87,1010240
/kay0822/notebook17811d78f5,1010235
/wyasuda/notebook20a2496650,1010234
/nandha95/notebook352ee2d935,1010230
/wyasuda/notebook11093490f7,1010223
/ambika04/titanic4,1010212
/ambika04/titanic,1010211
/shanshanlv/notebook16161f187a,1010197
/fgmsu2014/notebookbc0ee1a942,1010179
/fgmsu2014/notebookd10696a8c5,1010177
/lewjae/notebook742c0f0d4c,1010169
/posiedon/notebookd3cfc88708,1011135
/arjoonn/first-look,1010153
/robone/hello,1010142
/yinglunxu/notebooka0f02556a5,1010134
/leese517/notebook39d6476d8f,1010101
/osmanh/notebook76d84a13fb,1010097
/wyasuda/notebook644f1a216b,1010050
/wyasuda/notebookccba034ffd,1010041
/wyasuda/temp-script,1010040
/pengzhao99/notebook92ff289efc,1010034
/kailou/notebook9003dc3ec9,1010038
/pengzhao99/notebook9989b514a1,1010025
/krrish1729/data-exloration,1036291
/rheyniel19/an-interactive-data-science-tutorial,1010012
/chinandrei/notebook0dc2970b5c,1010011
/smallone1/firsttry,1010020
/jhoncarrillo/notebook73f626fdf8,1009998
/dbrout/notebook3b9ccd960d,1009959
/juandoso/feature-extraction-with-pretrained-deep-model,1009954
/rmtogether/yftest,1009928
/kwongtszyanjane/notebook31bf31e4c5,1009920
/rmtogether/notebook9c3db4c97a,1009908
/meatloaf1/notebooka86794bc48,1009897
/ericnana/testkoogle,1009956
/kevindiaz/data-science-bowl-script,1009877
/nearby/notebook4b2dcb4d53,1009868
/drawstring/asdfasdf,1009863
/caixiang0704/notebook50fd0f400e,1009861
/dbgriffith01/notebooka331f2588d,1009851
/kaelchan/notebook5db81fa1f4,1009837
/shababa/notebookdafeb9806c,1009777
/veliquette/notebook25746dc22d,1009773
/doubled2190/notebookbd8f8d5d4a,1012263
/wonhopark80/notebook5f2a330917,1009751
/brockie111/notebook777bf2f048,1009742
