/teresajurado/first-practice,664102
/villefranche/123456,664074
/yarmini/a-journey-through-titanic-6cb31047,664051
/gtrimarc/notebookaa574b53b2,673772
/gawthami/celebrity-death-analysis-37aaddc1,663944
/gawthami/celebrity-death-analysis,663925
/elmiramb/python-data-visualizations,663915
/doubii/principal-component-analysis-explained,663907
/kasemsit/notebookd423037487,663897
/zetary/zetary-main,8966050
/mollyyyy/a-journey-through-titanic,663778
/chiehichen/notebooka9e589ba52,663719
/sie16jj/gffdgdfsgsdfgdfsfgsdfgdfgdgdfd,663705
/wenwei1007/tensorflow-nn,663684
/sayfeld/know-your-data-part-3-change-in-products,663679
/chuckyin/notebook82410ebc50,663676
/ahmedassal/exploration-and-plotting,663675
/learnerr/25-images-with-polygon-overlay,663664
/chuckyin/notebook7120f43a5d,663662
/chuckyin/notebook52a55b4870,663660
/samiozsoy/titanic-data-science-solutions,663654
/fess38/notebookd6c2a986ee,663602
/dhrubajitdas/notebooka3e48d55fe,663593
/sandyl/notebook556be71ea5,663576
/tdurchde/notebook1506d46604,663563
/tobikaggle/fork-of-nn-through-keras-copied-mod-40de711a,663526
/nigeln1975/a-journey-through-titanic,670334
/mojoynwa/fork-of-the-console-wars-ps-vs-xbox-vs-wii,663506
/mojoynwa/the-console-wars-ps-vs-xbox-vs-wii,663494
/utsavsingh/principal-component-analysis-explained,663493
/karishmaa/principal-component-analysis-explained,663487
/magneto77/digit-recognization,663480
/venkateshkoduri/notebook0cb2a80fb1,663451
/sharpfire/notebook34f9e448a6,663425
/thegr8h/a-study-on-regression-applied-to-the-ames-dataset,663402
/freakyoiseau/tensorflow-deep-nn,663386
/kaggleme/visualizing-pca-with-leafs-b3f58c95,663270
/akritisingh/notebook5b0f760828,663268
/filiprafaj/feature-importance,663243
/kaggleme/visualizing-pca-with-leafs,663215
/doubii/notebook74bacfb494,663142
/wenwei1007/notebook78ac8dc9ff,663056
/dmstkd7/notebookc91744066b,663022
/sreak1089/digit-recognizer-in-python-using-cnn,663005
/samkugji/notebook7e47df2aa2,662993
/mingduo/my-test,663088
/chenyenan/notebookae35b69ca2,662980
/jianminsun/notebook52b3e8a8f7,662968
/ravsom/death-by-suicide,662944
/mauricesimon/notebook8f701bb50e,662915
/mauricesimon/notebooke2e815c08a,662914
/fr4nkyb/notebook2ec40502d1,662886
/squaresun/notebook81fb279e60,662883
/tmckinney/notebookc02a10a7ed,662839
/hadiatmajaya/notebookc379e875cc,662816
/hadiatmajaya/implement-logistic-regression-test-other-models,662812
/samkugji/notebookf934f8611d,662771
/hbk008/nn-through-keras-copied-mod,662596
/kaggleme/notebookdd8b944e08,662566
/hbk008/notebookd72f0c3a1c,662544
/gatesm/first-run,662543
/ja153903/notebook72f58418c9,662476
/zackor/first-script,662444
/geniusgeek/python-data-visualizations,662556
/robertoruiz/notebookba940f0096,662362
/kentran/hr-analytics,1716482
/yankeemike/the-first-voyage-of-james-cook-3d,662308
/sandeep8530/fork-of-fork-of-notebook747288c448-332ebadb,662301
/yangus/house-prices-advanced-regression,662279
/gtrimarc/outbrain-eda,662263
/gtrimarc/notebooka3202d68e0,662243
/cteant/a-journey-through-titanic-4a0e058f,662218
/terrannation/intro,662211
/mingyangzhou/notebook19a1264ffb,662206
/huyizheng/notebook303f4a2e57,662199
/wjholst/notebook7ba604292c,662027
/rmalshe/notebookbadcad4d32,662007
/nir0303/notebook4d89f87709,661920
/batuhanbardak/python-data-visualizations,661907
/jetpackdata/outbrain-eda,661879
/sandeep8530/titanic-best-working-classifier,661817
/kcmbonu/notebook8dc169f068,661766
/dataninja2014/farons-xgb-starter-ported-to-r,661735
/hcqhwanda/notebook0adcdfe670,661701
/batuhanbardak/randomforestregressor0123456,661633
/batuhanbardak/randomforestregressor,661632
/sandeep8530/fork-of-fork-of-notebook747288c448,661605
/karsonleperi/principal-component-analysis-with-kmeans-visuals,661461
/angelmm/outbrain-pandas,676782
/supersp1234/notebookbc69420932,1694931
/apurbaroy/ps-plot-image-6f7cb883,661410
/busrabaykal/notebook99818f1ad8,661405
/busrabaykal/notebookc769902eaf,661358
/thisparameter/home-advantage-by-country,661346
/frankcash/notebook71d4a20975,661273
/hubain/titanic-data-science-solutions,664377
/pauls3/notebook191ff65ac1,661187
/apurbaroy/ps-plot-image,661184
/apurbaroy/home-advantage-by-country,661183
/bharveep/notebook7171be4367,661164
/mmcodesso/notebook580dc2b489,661143
/bharveep/notebook871d4b87e3,661128
/angelmm/pandas-is-cool-lb-0-63714,661257
/herrhorror/a-journey-through-titanic,661037
/dadler6/notebook6caaa5a9ff,661019
/dadler6/driver-py,661014
/amirfz/99-using-grid-search-and-random-forests,660977
/jotarodriguez/time-travel-eda,660932
/zhangfan1990/notebook5c072f5551,660834
/fominss/average-digit,676239
/zhangfan1990/notebook61c2e0bc35,660831
/fominss/notebookfce7afbb32,660825
/fominss/notebookce153d6d25,660822
/amirfz/notebook8f67071628,660718
/lynknowsbest/notebook3bcaeb36a3,660712
/ryubashi/a-journey-through-titanic-551a72da,674578
/ryubashi/a-journey-through-titanic-15a1b345,674574
/ryubashi/a-journey-through-titanic,674577
/basilrormose/notebookae3546976a,660654
/ryubashi/titanic-data-science-solutions-de1f80c2,660636
/ryubashi/titanic-data-science-solutions,660634
/newtomblue/gender-and-racial-bias,660620
/amirfz/99-accuracy-with-simple-tree-models,660609
/zcy111222/notebook813716234e,660608
/zcy111222/small-vehicles,660580
/javierayunta/notebookef54e58ea0,660544
/kas123/regularized-linear-models-908d1661,660450
/rafaelnadal/notebook2141548716,660449
/fominss/notebookdaae6d5739,660445
/maxmen/a-journey-through-titanic,660419
/dexterr/titanic,660404
/akksutra96/celebrity-death-analysis-9e0b3b7b,660374
/sananalyse/notebookc17044e17f,660339
/antopor/notebook86ee319154,660290
/dataninja2014/exploring-survival-on-the-titanic,660597
/sotirisnik/notebook782444ae14,660254
/avinrosh/death-by-suicide,660189
/betterplace/notebook4b3fdbd200,660188
/gtrimarc/visualizing-pca-with-leafs,660138
/sebm70/notebook6caa0b2fcc,660074
/sethcpaul/notebookb7674d565b,660048
/jpotts18/notebook5d37ac57bc,660010
/ndr101/mushroom-test,660008
/marinaueb/notebook423fc43039,659951
/skymonkey/notebook1b828240f8,659944
/guangliang2016/notebook2289599873,659928
/ecythml/image-preprocessing-exploration-2,659901
/ecythml/sometesting,659934
/mattialife/a-study-on-regression-applied-to-the-ames-dataset,659877
/kivijoshi/notebookb1d3ab2c42,659860
/kivijoshi/notebookb67d80f423,659859
/kivijoshi/notebook9b8fb4b93d,659858
/kivijoshi/notebookf2497c2689,659857
/kivijoshi/notebookc35cda94e3,659853
/somilbansal/notebooke414c718d1,659851
/solisolid/visualizing-pok-mon-stats-with-seaborn,659842
/ashishjagani/principal-component-analysis-explained,659746
/paddyt/notebook8d65e0c2bd,659733
/rshirochenko/exploration-and-plotting,659707
/samiozsoy/titanic-best-working-classifier,659697
/davidstein65/lkjlu,659670
/malaybarik/notebookbc8081cc87,659662
/nitin007/notebook9bda7e0bc6,659530
/bartekh/meteorite-landings-simple-analysis,659507
/bartekh/educate-women-for-better-india,659485
/shahir/eda-outbrain,659455
/osseon/educate-women-for-better-india,659414
/osseon/exploring-top-500-cities-data,659400
/rahul1995/python-data-visualizations,659388
/alanch/notebooka6e48fedbf,659291
/thomashthoresen/a-journey-through-titanic,659206
/suribes/notebook4ef1978800,659181
/cescfangs/can-we-improve-by-increasing-variance,659160
/shivinder/neurohacking-in-r-week2-lecture2-the-nifti-format,659126
/kwangje1991/notebooke41e12af92,659124
/rene00/notebookf02ebcc602,659083
/rohitkota/celebrity-death-analysis,659058
/rseung/notebook1c42248354,659049
/inhochoi/notebook46891a0ee9,659026
/chandan1996/notebook66a08e13f9,658999
/protonuber/notebookcfd8d450c6,658994
/anilhk/sneak-peak-at-the-data,658962
/uyuutosa/deep-learning-in-the-deep-blue-lb-1-279,658890
/denmaz/hungary,658882
/unlikelybutpossible/titanic-survival-prediction-end-to-end-ml-pipeline,658846
/cjd1989/notebook610ee7d901,658784
/nefise/exploring-survival-on-the-titanic,658747
/dburridge/notebook56a646c1d8,658690
/eegeorge/notebook5ad4da184d,658650
/knowhurt/notebook1a15146561,658646
/gwsetra/a-journey-through-titanic,658638
/jasonwango/test-kaggle-01,658899
/cjd1989/notebookd3f7030e8f,658615
/duketim/notebookd696beeb23,658581
/rnmourao/notebooka1a405a1dd,658565
/duketim/notebook3a0bda2bcd,658564
/alanch/notebookae489affb0,658544
/changingivan/outbrain-eda-8331b575,658501
/mikewalpole/notebookc6809abd61,658488
/cjd1989/names-exploration,658476
