/chuntakung/a-journey-through-titanic-532842d6,462774
/mohilbajaj2002/a-journey-through-titanic,462771
/chialun/notebookc30860a5f0,462732
/cepheaus/notebook29eb42edfc,462730
/vikramgarg/notebook486a43749b,462729
/chuntakung/a-journey-through-titanic,462725
/rajkumar1234/notebook564d1eeb57,462721
/liuzhiqiang/notebooka759a38b4f,462720
/chialun/exploring-survival-on-the-titanic,462709
/xiaobailong/fish-detection,462704
/vikramgarg/notebook5f5af9fc82,462667
/skv321/notebook9613769ed0,462666
/xuliang/comparison-between-classifiers,462663
/openthinks/notebookeca08589db,462658
/johnzheng23/notebook6454cdc12e,462643
,None
/asaflevi1983a/asaf-try,462625
/venkataramesh/a-journey-through-titanic,462623
/lemmaril/trial2,462622
/chinhiroshi/notebook7c7084f442,462611
/zhuchengqi/detailed-cleaning-visualization-python,462593
/dineshrai/basic-ml-best-of-10-classifiers,462575
/hansky/exploratory-study-on-ml-algorithms,462562
/bosscolo/notebook32e15cb3ee,462561
/kanishkapsingh2/notebook49aefaea87,462514
/munelive/notebookb22e28cad2,462513
/jamesledoux/fastknn-visualizing-decision-boundary,462507
/patilpravin/startingscript,462504
/dgorham/getting-random-data,463590
/akki0206/giba1-data-table-is-cool-lb-0-63714,462493
/rachaelcrozier/pokemon-team-type-evaluation-calculator,462492
/sunnyqin/notebooke3dd037d1d,462489
/fenggao/notebooke2ce0768ae,462474
/mariopasquato/svm-cv,462473
/kgtmyk/notebook66611e5bb7,462461
/kgtmyk/notebook984846c1c4,462455
/kanishkapsingh2/notebookb79b4ea391,462451
/kgtmyk/notebook1227b3303b,462449
/znzn95/feature-correlation,462447
/null5432/notebook4e8c1decb8,462427
/anithasiva/regularized-linear-models,462417
/dzhou19/detailed-cleaning-and-visualization-python,462411
/scottwalsh13/finding-boatids,462409
/kaylim/notebook66be8e7c85,462404
/dgorham/select-random,462419
/jacobverghese/notebook9e26787b73,462393
/penmily/20161123,462391
/renjithmadhavan/notebook0941c6d8a5,462388
/mariopasquato/linear-model-1,462399
/free4ever/notebooka3ad562120,462379
/pandelani/cnn-for-digits,462375
/wshxj123/processing-data,462360
/hzhangbrown/utilize-basic-ggplot2,462347
/patilpravin/notebooke7f9233dd1,462344
/renjithmadhavan/know-your-data,462340
/zhengjiaqin/the-most-predictable-league,462338
/wenchenkof2001/kaggle,462405
/joelbaumert/notebook4cabcb5166,462286
/citydreamer17/notebooke0c64183bc,462277
/biandou001/notebookd22d649338,462273
/lchu122/exploratory-study-on-ml-algorithms,462266
/litgupta/notebook8a0d01a0e3,462260
/benblunt/a-journey-through-titanic-a9ee8721,462257
/piyushdugar13/forest-practice,462255
/johnsonlarryl/notebook682dcd5534,462248
/dylan9/notebook91affdc34b,462247
/lastplacelarry/playground,462242
/selmee/notebook93186c06b7,462240
/piyushdugar13/exploratory-study-of-ml-algorithms,462238
/litgupta/imdb-genre-based-analysis,462236
/vib1990/notebook3d4b48c35b,464247
/kagmon/tensorflow-deep-nn,462226
/akilaw/fish-detection,462224
/vib1990/notebookfd03b125f6,462212
/robscovell/ghouls-ghosts-and-gaussians,462214
/rtochtermann/fish-detection,462197
/hankedwards/cloning-of-cleaning-steps,462187
/anubhutim1/titanic-survival-genderclass-model,462220
/imnoone/notebook897437a0eb,462180
/jamcarwal/exploring-survival-on-the-titanic,462176
/antgoldbloom/finding-boatids-c38394c5,462167
/boulderkiwi/when-less-is-more,462165
/jonlee317/explore-dating-data,462163
/motus2/notebook99ec3dc169,462157
/jonlee317/notebook0483a98d9e,462136
/jmdsimple/notebook266fc7c7bd,462117
/nzubeezudo/notebookbb614bbcfd,462115
/achawkins/titanic-introduction,462183
/sinayoko/regularized-linear-models,462082
/pmathur/notebookc42a26c445,462065
/yuguan/notebook253dc0257c,462059
/sayedmohamed/notebook93a83a70c2,462047
/aiglesias/tensorflow-deep-nn,462046
/sashaq/newscript,462034
/kuchiki/a-journey-through-titanic,463769
/elisasalamanca/tensorflow-deep-nn,462005
/yangky/notebook0c8aa9a6ba,462001
/kalpuk/notebook57ea414b15,461992
/rodrigosalles/zero-data,461988
/nforde/notebookf3d050ee48,461987
/isnehal/notebook07c9103558,461986
/kevindiaz/santander-product-recommendation-script,470689
/akaakaaka/notebookc84887fb8a,461974
/kevindiaz/outbrain-click-prediction-script,461973
/kevindiaz/nature-conservancy-fisheries-monitoring-script,461972
/akaakaaka/notebook9efda574e9,461971
/akaakaaka/notebookaf9be4a524,461970
/yymiao/data-visualization,461964
/akaakaaka/notebook81a615c2e7,461962
/livingprogram/detailed-cleaning-visualization-python,461958
/snojekba/notebook00c6957f7b,461938
/achalshah/notebook0400835e92,461924
/hrishikeshgokhale/notebook603e321993,461919
/tomehta/basic-linear-benchmark,461917
/aarti1/notebookea7ea241d3,461913
/archananan/read-data,461933
/snojekba/notebookea3d5f8983,461903
/hhsieh/notebook2bd13f0504,461896
/wenyuzhai/notebook79fa09de78,461895
/rahuld/data-processing,461900
/timkung/notebooka35c1889d8,461872
/bakman329/notebook17c2c131ae,461862
/brandonlmorris/a-journey-through-titanic-8474e6b2,461859
/sashar/match-xml-colums-to-db,461849
/sujitranjan/notebook51601da930,461828
/maschwax2/notebook3f2fd3b4ca,461827
/alkim312/my-first-kaggle-script,461813
/gylovedyf/notebook45c6693f22,461802
/tejsarup/notebook0c50439b00,461799
/ethanfetaya/temp1,461797
/mymkyt/xgb-fitting-practice,461795
/sanwork/notebookc9c94607db,461792
/rsalaschile/fishy-keras-asdadslb-1-25267,463513
/tayden/fork-of-titanic-death-decider,461782
/siddharth691/pca-svm-random-forest,461777
/scottyiu/notebookb7da69b1c9,461764
/jeremynixon/tensorflow-deep-nn,461763
/akshaykulkarni/exploring-used-cars-database,461747
/maling6154/building-a-prediction-model,461720
/mjschaich/notebookb6dda8662f,461713
/lmhh10656/notebooked59e3deff,461712
/serd95/notebook310b03fd8e,461697
/mcneelyra1/data101-project,461696
/aomari/catdognet-keras-convnet-starter,461675
/euhwang1/cleaned-used-cars-database,461651
/moominbamboo/notebookbd9d923378,461627
/tsabtahi/data-exploration,461612
/saeedhadikhanloo/data-visualization,461605
/dazaraf/notebook602e32df16,461599
/lunaguan/notebook5801384e8a,461598
/dazaraf/test-1-2,461597
/rachel2016/deep-learning-in-the-deep-blue-lb-1-279,461588
/scottyiu/data-visualization,461572
/ranjith786/model-comparison-sklearn,461554
/gasior/notebookf46454d768,461543
/sfdn00/1tryff,461517
/vvkmnn/bayesian-logistic-regression-with-rstanarm,461503
/hrsfn9/bismillah,461500
/tmfukui/notebook21c6741148,461485
/bakman329/notebooke538f00c4d,461484
/oscarsilva/notebook53c586c462,461483
/rosabadia/notebook30b4f9433f,461478
/s0182840/a-journey-through-titanic,461477
/zyunzhou/notebook9e35e35b0f,461467
/nanou021711/comparison-between-classifiers,461440
/zyunzhou/exercise,461443
/zyunzhou/notebook87847b900b,461430
/pandaczm/notebook9561447b03,461412
/rimonkey/data-visualization,461408
/rmferg/titantic,461404
/vmrosario/notebook9a8396f219,461388
/rpertusa/allstate-analysis,461359
/scp173/finding-boatids,461328
/amitweil/notebook0a918139b7,461310
/jhouwayne/notebookf8a443ee9d,461304
/narae78/fork-of-fish-detection,461287
/randolphyao007/notebook5b384b9796,461283
/harahelix/grid-of-voxels-to-train-linear-model,461268
/lucgudev/ghosts-n-goblins-n-neural-networks-lb-0-74858,461254
/mtitkov/notebookc6c24aea72,461250
/babbelkaggle/toptop,461245
/opanichev/feature-extractor-matlab2python-translated,461239
/anirudhainamdar/a-journey-through-titanic,461232
/czachor/notebookfbb4fb7301,461229
/schengalath/data-visualization,461223
/adooba/finding-boatids-4be39b78,461191
/andyjee/notebook6a3f51d990,461186
/pierreru/notebook2c284312f1,461152
/timmmy/test-keras,461419
/adooba/finding-boatids,461137
/sirijet/notebook45af3b29f4,461134
/kottok/notebook687ec97851,461133
/rpertusa/notebooke851605036,461088
/varunsharma3/notebook32bfb23a68,461080
/abdulazizalaa/deep-learning-in-the-deep-blue-lb-1-279,461071
/pypycaca/notebookb6a6aa4588,461050
/gelana/exploratory-study-on-ml-algorithms,461021
/doublefox/reduce-size-of-dataset-to-1-gb,461017
/yumatsu/notebook13563e3033,461003
/kckoay/1-0-titanic,461063
