/gunjan17/notebookf59fd2ea56,1217113
/arasaraja/myfirstkernel,1217112
/sushize/trying-lightgbm,1240146
/sanginchun/mnist-lenet,1469245
/ug2409/notebook459f43649c,1217018
/ishaanv/notebook27aa9d6b9e,1217002
/taeheekim/tensorflow-practics,1216999
/allenash/notebook1db3bfc0f1,1216997
/ewabruur/notebookc53d14c29a,1216990
/den3b81/notebookf1eed5dbdf,1216949
/maheshak04/sgd-with-cleaning,1216958
/dboland77/sberbank-basic-eda-tutorial,1220023
/maheshak04/bayes-with-cleaning,1216913
/deltahedge/notebook056a5aafb5,1216901
/valadi/simple-xgboost-starter-0-0655-newparams,1216880
/kiranlakkimsetti/notebookd1ba15bea6,1216865
/brambram/notebooka138bc7c46,1216861
/deltahedge/notebookc8a54d6f8a,1216822
/brambram/zestimate,1280315
/guluguluru/notebookfe02e99270,1216797
/deeley/mlb-startingpoint,1216826
/grvarora/notebookb7fcf804d8,1216783
/deeley/bpd-mlb-test,1216763
/maheshak04/lasso-with-cleaning,1216818
/ramadevi17/notebook6eb1949c80,1216699
/haritha96/notebook0ac2f9e581,1216669
/maheshak04/ridge-with-cleaning,1216745
/vishwajeet993511/word-to-vector,1216665
/manjunath461/first,1216633
/loveall/advanced-feature-engineering-ohe-pca-ica,1216625
/maheshak04/linear-regression-with-cleaning,1216598
/gunjan17/notebook58bd412043,1216568
/maheshak04/simple-xgb-with-cleaning,1216557
/naveenvarshney29/second-kaggle,1216616
/raquelgbma/new-feature-idea-order-diversity,1216548
/ug2409/notebook9d85e31a70,1216535
/nileshkr1203/gameofthrones-throne,1216523
/timhenry/xgb-7-wsef,1216507
/vaibhavthapliyal/detailed-data-analysis-ensemble-modeling,1216497
/emilkayumov/notebook86f494163f,1216468
/ilivans/fork-of-data-analysis-xgboost-starter-0-35460-l,1218529
/upvedm1512/naive-xgb-lb-0-317,1216426
/outlier1119/notebook278de3a008,1216412
/prashaku/notebook8a5cf0dd28,1216388
/sherinantony/exploring-survival-on-the-titanic,1216380
/sataruparc/notebookc5e048872f,1216356
/naveenvarshney29/first-kaggle,1216371
/umeshsati/data-exploration,1216417
/nakengo/test-run,1216607
/kokuno/notebookd3693b5b73,1216284
/sanupl/notebook89ffd2f608,1216266
/matthieujacquot/notebook9287395a7f,1216255
/kengoueki/principal-component-analysis-with-kmeans-visuals,1216250
/zyajnokid/notebookc9c0e0ae0d,1216224
/wellydp/learn1-titanic,1216877
/rshvkmr/instacart-orders,1216183
/vigneshinfy/latest-iteration-in-this-silly-game,1216168
/hankpeng03/notebook323367342c,1216242
/nasirahmad/pairingkernel,1216156
/vivek84/notebook89891a9e17,1216122
/avirupm/notebook1dfaecfbae,1216089
/hrchill/hr-analytics,1216070
/kevingau/test1,1216042
/say2deepak/notebook187206a6c2,1215997
/johhnybravo/pyth-on,1217119
/davidmercury/notebook14705bfc13,1215939
/janureddi/notebooke7c2f52286,1215916
/hkreddy/notebookd3e55a8c34,1215906
/cezhang/notebookdd8347c1e0,1215878
/davidmercury/notebook47125a75a6,1215861
/yazhew/notebookb222120aed,1215854
/greg9382/notebookb540a624bb,1215824
/vishwajeet993511/quora-duplicate-pairs,1215806
/amrkhalifa/notebookff565b2887,1215789
/weizhou2273/silly-games,1215769
/lukaszs/another-one,1215753
/dingyuliang/notebook2ec553c443,1215747
/valadi/silly-games-modified,1215825
/yixincai/notebook9370d7995c,1215681
/kmk4204/notebook48bed10d14,1215677
/mgfischer/notebook793c577786,1215620
/neutrinooo/notebook692fad5d07,1215614
/mgfischer/mercedes-submission,1225668
/ono619/notebooka234b9e45c,1215586
/abagalkotkar/notebook4f96677a22,1215526
/ansem15/notebook92d4328b6e,1215524
/tomask/notebook7bdf3e525f,1215518
/niks2000/mercedez-baseline-2,1215504
/ryomiyazaki/pymc-test,1266238
/ryomiyazaki/notebook0d7cd77959,1215487
/fmassoud/my-lightgbm,1215493
/sunbydw/zillow-py,1215445
/hmorrisl/notebookab7c2028f7,1215439
/shrapxiao/h1b-visa-prediction,1215421
/domie21/notebook8f4fb5b26b,1219972
/aka7hs/glmnet-ridge-lb-0-52,1215359
/erictassone/notebook0c778aaf7c,1215310
/ananditajuneja/notebooka9a6d803f0,1215306
/wirebus/notebook25863d55df,1215305
/indianotaku/basic-randomforest,1215348
/shariati/european-professional-football,1215248
/austincap/notebook1641f33ed1,1215235
/sophieyuepan/exploratory-study-on-ml-algorithms,1215234
/austincap/notebook2a3727b592,1215231
/tomas23s/exploring-survival-on-the-titanic,1215216
/shankarps/notebookd0fbe2cf9e,1215148
/tongwu2/notebookf4032ce926,1215146
/lukaszs/notebookd571a05a5b,1215116
/elliottyan/fork-of-notebooke99d6de61e,1215104
/pingwang/absenteeism-analysis-an-example,1215099
/felixmusil/notebookbe473d352d,1215027
/pdeosthali/attempt1,1215018
/rajeshpg/notebook18670fe850,1215017
/ecagiral/intro,1216532
/lukaszs/house-prices,1214978
/triznakj/mushroom-id-ing,1214977
/ti921p/notebook8c3a8231aa,1214974
/lukeschmerold/exploring-survival-on-the-titanic,1215780
/mocknaught/hp-art-first,1222372
/sachinpatel/notebookbaf014cf5b,1214919
/juanm12i/notebook64461b08c2,1214917
/dianereynolds/notebook891531503b,1214915
/sayanimaiti/notebookdc169b3613,1214807
/rikker/rikker-titanic-survival-test,1214729
/kevingau/notebookc18b3a6a6d,1214703
/tomstan/titanic-quest,1214696
/lobsteravr/notebookbe0c8e20ea,1214691
/psnallam/simple-exploration-notebook-zillow-prize-28d25d,1214627
/gelihappy/exploring-survival-on-the-titanic,1214588
/abunwier/tatinic,1214566
/sudsa89/asd123,1214555
/alexxanderlarko/lol-tell-me-more02,1214496
/shobhar/notebook61f25861b1,1214699
/brunopazetti/notebook980956ef00,1214475
/scofieldyoo/first-test-case,1214472
/phamkhanh/a-study-on-regression-applied-to-the-ames-dataset,1214447
/victorlang/notebooka0dad86fe5,1214467
/linkinyu/notebookfc87340f04,1214431
/phamkhanh/exploratory-study-of-ml-algorithms-9137c0,1292866
/ckroxigor/notebook5e1ed1189d,1214410
/abac00s/my-competition-submition,1214393
/elliottyan/notebooke99d6de61e,1214384
/nikhil2008v/xgboost-sklearn-test,1214373
/nneema/notebook6fe4073af2,1214359
/qiuqiuistdumm/titanic-don-t-touch-the-iceberg,1214340
/joas77/notebookaed7b4783b,1214325
/arrubo/notebook74efa29717,1214312
/hconner2/notebooka9796eb541,1214302
/honegger/testing,1214295
/mishallovic/first-linear-regression-python,1214270
/wjweve1/notebook5481402b01,1214202
/andrewi/notebook465424259b,1214193
/varunnambiar/rf-regressor,1214219
/yogesh536/mercedez-benz-xgboost,1214187
/theforecastkid/latest-iteration-in-this-silly-game,1214167
/spartak/notebook373bc0e64e,1214131
/tongwu2/notebook16d47640c4,1214123
/saeedt2977/tttyyy,1214107
/riddledle/exploring-survival-on-the-titanic,1214096
/scofieldyoo/notebook99fc4cd24a,1214091
/den3b81/latest-iteration-in-this-silly-game,1214040
/n1tn31ht/titanic-first-tutorial,1213934
/youngwookkim/tttyyy,1213920
/tobikaggle/pipeline-to-mercedes-luxury,1213899
/dandynaufaldi/first-attemp-random-forest,1213891
/tobikaggle/mb-h20-dnn-average,1213879
/ankurraj/test123,1213819
/ankurraj/notebooka2b1ffbf19,1213806
/rishabhkumarjha/scrpt,1213738
/rishabhkumarjha/new-notes,1213713
/guoshi28/notebookfb4eb407d5,1213701
/guoshi28/notebook35b00ac985,1213698
/guoshi28/notebookc77ee05d3d,1213689
/benmarafino/data-exploration,1213671
/ation1122/notebook206f5a5927,1213642
/elliottyan/fork-of-my-quora-script,1214233
/wenjie1204/notebook49e2034404,1213614
/suchitgupta60/pokemon-stats-test,1213611
/beemit/notebook1d8db65882,1213567
/fzhurd/20170603test,1213564
/ceabadie/notebookaca1d7cef7,1215768
/libra202ma/notebook8caef4c8e5,1213537
/murphyc/notebooka5234e20c2,1213536
/rahulkumaraws/notebookba9441b350,1213525
/jeffmoser/direct-connection-test,1220821
/invisiblet/exploratory-analysis-instacart,1213506
/danerb/notebook17e47a4f88,1213502
/valadi/latest-iteration-in-this-silly-game-new-params,1214314
/duynguyendinh94/notebookbf4edd8e81,1213493
/danibarretto/a-study-on-regression-applied-to-the-ames-d-c830a1,1213487
/brandonbryan/notebook0f8e0410da,1213470
/emily426/notebooka5ed1a652a,1213462
/jmarsh/exploring-survival-on-the-titanic,1213458
/shigetaka/notebooka387ea53c0,1213423
/shigetaka/notebook9bb9898bc1,1213419
/hconner2/notebook217f3608d2,1213417
/anirudhk/xgb-baseline-lb-0-55859,1213383
/andrewmerz/notebooke0a35f6365,1213307
/andrewmerz/python-titanic-project,1213305
/abhilashanil/notebook19ba170645,1213293
