/szhosseini1988/indexing-selecting-assigning,9238283
/szhosseini1988/creating-reading-and-writing-workbook,9233178
/datacapitalist/learn-python-challenge-day-6-exercises,9274242
/szhosseini1988/exercise-explore-your-data,9232595
/thunt13/indexing-selecting-assigning,9232080
/thunt13/creating-reading-and-writing-workbook,9230918
/hchilakamarri/changes-in-nba-offenses,9977999
/kitekaggle/exercise-loops-and-list-comprehensions-b92c45,9230262
/xsakix/one-hot-encoding-and-torch-v2,9232417
/tobytoyin1234/exercise-booleans-and-conditionals,9284806
/kitekaggle/exercise-lists,9218277
/xsakix/bilstm-base-classifier-fold-unfreeze-meta-v2,9220765
/niekunlin/exercise-your-first-machine-learning-model,9216869
/shihabshahriar/cifar-10-using-pytorch-1-0,9341029
/xiaoqihuluwa/exercise-functions-and-getting-help,9209909
/iconoclash/getting-started-image-processing-basics,9206347
/alsharai/creating-reading-and-writing-workbook,9203370
/cttacm/exercise-your-first-machine-learning-model,9200913
/pluto1717/nfl-punt-analytics-starter-kernel,9201787
/bhattpushkar/exercise-strings-and-dictionaries,9194780
/xsakix/cnn-base-classifier-fold-meta-2,9216664
/xsakix/one-hot-encoding-and-torch,9218479
/vnqmai/exercise-loops-and-list-comprehensions,9189647
/jropp1/exercise-syntax-variables-and-numbers,9188854
/kitekaggle/exercise-booleans-and-conditionals,9188274
/kgeorge/spam-classification,9184102
/vnqmai/exercise-lists,9187546
/kunal1952/exercise-lists,9185883
/kitekaggle/exercise-functions-and-getting-help,9183080
/chenyukun/learn-python-challenge-day-2-exercises-7278a7,9182607
/xsakix/one-hot-encoding-and-keras-v2,9185891
/oskinm/dashboarding-chicago-311-service-rat-complaints,9514183
/xsakix/cnn-base-classifier-fold-unfreeze-meta-v4,9180513
/kunal1952/exercise-booleans-and-conditionals,9176590
/anith88/exercise-loops-and-list-comprehensions,9176303
/kunal1952/exercise-functions-and-getting-help,9172744
/xsakix/cnn-base-classifier-fold-meta-v3,9174578
/rpgfly/aicamp-ensemble-exercise-4,9169418
/red8012/gru-final,9516296
/cttacm/renaming-and-combining-workbook,9169982
/nagaveni/learn-python-challenge-day-1-exercises,9170627
/cttacm/data-types-and-missing-data-workbook,9168240
/cttacm/grouping-and-sorting,9166868
/tboyle10/stacking-cnn-google-news-vectors,9407773
/showerylobster/exercise-using-select-from-where,9157327
/xsakix/cnn-base-classifier-fold-unfreeze-meta-v2,9601938
/xsakix/cnn-base-classifier-fold-unfreeze-avg-weights,9179944
/chandanshyam/exercise-lists,9177765
/thunt13/exercise-functions-and-getting-help,9150953
/toosengwei/learn-python-challenge-day-2-exercises,9149998
/vdemario/teste-de-c-digo-nlp,9150407
/kcbighuge/tuning-with-hyperopt-20190103,9153188
/kcbighuge/malaria-fastai-v1-20190103,9149743
/bkkaggle/shakeup-prediction-template,9147664
/mcevatb/data-visualization-of-wine-reviews,10138348
/cttacm/summary-functions-and-maps-workbook-e8cce5,9143496
/chandanshyam/exercise-booleans-and-conditionals,9151507
/kunal1952/exercise-syntax-variables-and-numbers,9166616
/punikn/airline-price-optimization-micro-challenge,9151587
/ankitbasu/an-interactive-data-science-tutorial,9133071
/rakeshlal/exercise-booleans-and-conditionals,9129635
/zitorelova/lgbm-nn,9311839
/emrahtx/indexing-selecting-assigning,9114577
/datacapitalist/learn-python-challenge-day-4-exercises,9114594
/kitekaggle/exercise-syntax-variables-and-numbers,9150924
/emrahtx/creating-reading-and-writing-workbook-1e980f,9113824
/xsakix/separable-cnn-base-classifier-fold-unfreeze,9115421
/xsakix/glove-base-fold-unfreeze,9102365
/xsakix/cnn-base-classifier-fold-unfreeze,9102611
/krithi07/learning-about-word-embeddings-i,9132162
/cttacm/indexing-selecting-assigning,9101300
/ranjithudayakumar/exercise-functions-and-getting-help,9097697
/cttacm/creating-reading-and-writing-workbook-4ecd71,9101160
/xsakix/bilstm-att-base-res-clr-unfreeze,9157155
/zhenhua1981/exercise-machine-learning-competitions,9097084
/ranjithudayakumar/exercise-syntax-variables-and-numbers,9093849
/xsakix/base-classifier-fold-unfreeze,9094623
/cttacm/exercise-explore-your-data,9199632
/haidarwarsi/exercise-working-with-external-libraries-ab53ab,9090646
/ace920820/sql-scavenger-hunt-day-2-0157fc,9088423
/flubber/decision-tree-cart-final,9084759
/datacapitalist/learn-python-challenge-day-3-exercises,9078225
/mhassell/exercise-using-select-from-where,9075996
/xsakix/bilstm-base-classifier-fold,9091330
/prasad0896/exercise-syntax-variables-and-numbers,9069821
/goelpravin/exercise-working-with-external-libraries-501770,9067462
/praxitelisk/moviereview-5-dl-and-pre-trained-embeddings,10122318
/naveenkumar1/exercise-machine-learning-competitions,9062750
/prodigalprodigy/stock-market-movement-prediction,9089565
/flubber/logisticregression-final,9069523
/bkkaggle/skip-rnn-cv-meta-shakeup-seeds,9094569
/xsakix/base-classifier-fold,9065855
/sreejeet/exercise-underfitting-and-overfitting,10082694
/sujit92/exercise-syntax-variables-and-numbers,9090053
/ayush07/quora-insincere-questions-classifier-using-cnns,10632977
/naveenkumar1/exercise-your-first-machine-learning-model,9051102
/datacapitalist/learn-python-challenge-day-2-exercises,9044201
/rpgfly/aicamp-ensemble-bias-vs-variance-exercise,9043303
/rpgfly/aicamp-ensemble-exercise-2,9043205
/rpgfly/aicamp-ensemble-exercise-1-6f6258,9043180
/doyinabike/learn-python-challenge-day-1-exercises,9043163
/bejaybee/exercise-as-with,9108911
/bejaybee/exercise-order-by-9c32ab,9041393
/jbottala02/data-types-and-missing-data-workbook-7f7be5,9049665
/vahidsaffarian/exercise-syntax-variables-and-numbers-98fac9,9038502
/jmourad100/fork-of-dogsvscats-keras-convnet-kfold,9073554
/stefanogizmo/fork-of-fork-of-exercise-machine-learning-competi,9036850
/sijayray/exercise-syntax-variables-and-numbers-e0f3af,9224043
/murphydan/conference-realignment-other-ncaa-bball-data-viz,9483997
/xsakix/bilstm-att-base-classifier-residua-word2vec,9035713
/kunwarbisht/text-data-clustering,9098800
/jmourad100/dogsvscats-keras-convnet,9056716
/surajtalreja/data-cleaning-challenge-cleaning-numeric-columns,9027971
/skyislimitz/aicamp-week5-session3-face-cluster-15f12f,9024907
/flubber/decision-tree-c50-final,9060360
/skyislimitz/ai-camp-neural-networks-otto-homework,9023863
/skyislimitz/aicamp-ensemble-exercises-3,9022150
/skyislimitz/aicamp-ensemble-exercise-2,9021757
/skyislimitz/aicamp-ensemble-exercise-1,9020140
/jungan/ensemble-bias-vs-variance-experiment,9019718
/skyislimitz/aicamp-ensemble-bias-vs-variance-exercise,9020246
/geeknurse/petfinder-h2o-automl-combined,9276892
/sandipanpatra/indexing-selecting-assigning-e82587,9014731
/datacapitalist/learn-python-challenge-day-1-exercises,9044259
/praxitelisk/moviereview-3-ml-and-pre-trained-embeddings,10122267
/bejaybee/exercise-group-by-having-count,9008838
/bkkaggle/skip-rnn-meta-features-shakeup-prediction,9039892
/shaygeller/assignment-2-ml-course-lior-rokach,9042532
/dlaury/learn-python-challenge-day-6-exercises,9117521
/bejaybee/exercise-using-select-from-where,9007748
/goelpravin/exercise-loops-and-list-comprehensions,9020441
/shreyashnadage/time-series-prediction-using-cnn-with-10days,9156651
/surajtalreja/data-cleaning-challenge-deduplication,9004070
/surajtalreja/data-cleaning-challenge-outliers,9000584
/surajtalreja/data-cleaning-challenge-imputing-missing-v-d3b33b,8999370
/mraabe/dashboarding-ii-visualization-with-plotly,9059589
/jiafengliao/ai-camp-logistic-regression-optimization-9899f4,9003984
/jmourad100/unet-with-simple-resnet-blocks-1,9089116
/neha024/exercise-your-first-machine-learning-model,9033742
/goelpravin/exercise-functions-and-getting-help,8989914
/lucasvinicius42/exercise-lists,8989582
/iorideepp/exercise-machine-learning-competitions,9402284
/jepupu/fork-of-titanic-preprocessing-nn,8985614
/sreejeet/exercise-model-validation,10082626
/fabsger/brazilian-e-commerce-seminararbeit-ws18-19,10017810
/jepupu/titanic-preprocessing-prediction,9937436
/annamontse/maxm16-foam,9212856
/sreejeet/exercise-your-first-machine-learning-model,8976065
/juanmarcos/exercise-machine-learning-competitions,8995160
/flubber/merged-test-dataset-new-data,8974312
/flubber/feature-selection-v2-pca-mca,9058753
/flubber/feature-selection-v2,9038365
/dromosys/radek-fast-ai-whale-full-stage6,9195216
/dromosys/radek-fast-ai-whale-full-stage5,9171267
/dromosys/radek-fast-ai-whale-full-stage4,9155088
/dromosys/radek-fast-ai-whale-full-stage2,9114986
/stevencsu/exercise-syntax-variables-and-numbers,8964198
/thsalsdn23/r-exam1-11111,8963814
/aeaswar81/exercise-loops-and-list-comprehensions,8960867
/iorideepp/exercise-underfitting-and-overfitting,8953210
/sunnhao/decision-tree-exercise-3,8979973
/plarmuseau/nothing-interesting-here,9036154
/bhattpushkar/exercise-loops-and-list-comprehensions,9192714
/cabral85/creating-reading-and-writing-workbook,9455410
/anirbank/elo-cards-predictive-modeling-scratchpad,9799450
/anirbank/merging-new-features-with-test-data,8943869
/francescapaulin/exercise-underfitting-and-overfitting,8942833
/francescapaulin/exercise-model-validation,8941343
/lucastsantana/exercise-functions-and-getting-help,8941211
/lucastsantana/exercise-syntax-variables-and-numbers,8937361
/anirbank/combining-lag-features-1-and-2-files,8935532
/anirbank/lag-features-with-hist-data-2,8934707
/orsymonitz/kagglescript-9b31cd,8993788
/dlaury/learn-python-challenge-day-5-exercises,8927352
/chaturvedir/exercise-syntax-variables-and-numbers,9187090
/mrgeislinger/renaming-and-combining-workbook,8923742
/mrgeislinger/data-types-and-missing-data-workbook-b79a81,8923532
/yliu40/ai-camp-neural-networks-otto-homework-7a1bd8,8924574
/jbottala02/summary-functions-and-maps-workbook,9021835
/hanhdan/exercise-loops-and-list-comprehensions,8923260
/randomnesshacker/delta-fat-lb-0-00140,8919718
/darrellulm/test-run-for-the-pre-trained-sample-set,9075365
/jbottala02/creating-reading-and-writing-workbook-077b20,8915774
/sandipanpatra/exercise-model-validation,8916443
/shobitarawat/exercise-machine-learning-competitions,8933070
/brokersandro/learn-python-challenge-day-1-exercises,8909519
/rquintino/save-hdf-full,8904668
/chenyukun/learn-python-challenge-day-1-exercises,8904534
/neha024/exercise-explore-your-data,8943099
/yannisp/sf-crime-analysis-prediction-base-model,9334889
/ikomalchauhan/exercise-syntax-variables-and-numbers,8897889
/bornrmi/exercise-syntax-variables-and-numbers,8893600
/dlaury/learn-python-challenge-day-4-exercises,8887909
/kcbighuge/exercise-shap-values-2018-12-26,8883275
/kcbighuge/exercise-advanced-uses-of-shap-2018-12-26,8883831
/yliu40/ai-camp-logistic-regression-titanic-homework,8884236
/sunnhao/aicamp-decision-tree-exercise-2,8950933
/yliu40/ai-camp-logistic-regression-homework-dfa3fd,8880994
/yliu40/aicamp-week5-session3-face-cluster-f858c0,8878058
/faathimafayaza/data-types-and-missing-data-workbook,8873929
