/ericray/a-journey-through-titanic,816522
/hkeshav/notebookde94e04309,816503
/rspeare/exploration-of-us-mortality,817829
/pd90506/notebook1c545ed3a3,816464
/narae78/useful-text-preprocessing-on-the-datasets,816423
/cl2ev1/keras-convnet-lb-0-0052-w-visualization-442e9f82,816399
/jinhui/exploratory-analysis-visualization,816391
/trsumit/notebook0317de9e69,816372
/boshiwang/notebookaf91156b46,816367
/manishjangid/a-journey-through-titanic,816333
/chaituac/notebook4eac17bf3d,816332
/zfonseca/an-interactive-data-science-tutorial,816313
/mattwright/xgboost-with-n-trees-autostop-0-12638,816301
/tlinnet/fork-of-testing-the-titanic-problem-first-kaggle,816291
/gszjulcsi/different-looking-leaves-in-same-class,816285
/housingteamcuboulder/xgboost-10-kfolds-with-scikit-learn,816284
/dianekarolyn/match-outcome-prediction-in-football-be97c12b,816238
/dianekarolyn/match-outcome-prediction-in-football,816236
/carlosdanielcsantos/cc-v1,816216
/rscopigno/breast-cancer-proteome-analysis,816198
/nithaab/notebook7bd8f6b4ca,816227
/stayingfoolish/tensorflow-starter-kit-544b2902,816174
/mona1109/notebooke420ff76d4,1532070
/nbalawat/notebookb1d3d61731,816151
/liliad/notebook6b208917ec,816140
/housingteamcuboulder/regularized-linear-models-7d4adbd7,816134
/duchezbr/titanic-survival-prediction-end-to-end-ml-pipeline,816107
/programng/notebook6a37cbe7f9,816086
/tlinnet/fork-of-notebooke123a5018f,816082
/housingteamcuboulder/regularized-linear-models-b87ddb7b,816046
/nobuyoko/notebook742942c033,816026
/timbaj/a-quick-random-forest-on-glass-classification,815993
/luanjunyi/notebooka3cabe8aa1,815929
/eldiab/global-religion-from-1945-to-2010,815898
/psfotis/r-tableau-analysis,815879
/yonilev/notebookb1e6ba5df9,815872
/maniarpa/a-journey-through-titanic,815847
/stayingfoolish/tensorflow-starter-kit,815839
/yonilev/notebook42534c7267,815728
/yonilev/notebook6ba946150f,815703
/diegocalvo/notebook89b734d5ca,815684
/diegocalvo/notebookc31e478734,815669
/shakul20/full-preprocessing-tutorial,815655
/shakul20/setting-up-a-prediction-problem-dota-2,815646
/mcallaghan/notebookd706a8c575,815614
/jwilsey/pandas-exploration-fandango-dataset,815592
/jacarpio/full-preprocessing-tutorial,815579
/diegocalvo/notebookdc5434db4e,815550
/draschemus/notebookfe4b68bfef,815540
/blarrousse/match-outcome-prediction-in-football,815534
/jsenoret/titanic-data-science-solutions-7aa5cd18,815521
/jsenoret/titanic-data-science-solutions,815504
/navopel/uber-data,815490
/ebizaxe/notebook49ff8b0401,815466
/csamukesh/pandas-exploration-fandango-dataset,815440
/paulsari/test-titanic,815446
/talgatbkk/testing-py,815393
/robincoste/fork-of-notebookc19be8d66f,815341
/utkarshbharadwaj/an-interactive-data-science-tutorial,815237
/rohitmohan96/leafs,815381
/jonathanbouchet/notebook635e3abd76,815222
/madhusudhanaithal/a-journey-through-titanic,820633
/chgzchgz/notebook2a0ad0f47b,815125
/dolremi/house-prices-eda,815123
/zakkchen/fork-of-xgboost-example-python-by-datacanary,815094
/alperbasaran/video-game-sales-by-genre,815081
/alperbasaran/python-data-visualizations,1648023
/igorbpf/notebook78d5514e23,815050
/shulin/notebook51e1694e7d,815007
/dorahuang/full-preprocessing-tutorial,814983
/ugoborrey/notebooke7d21559fe,814951
/letiziatrinca/xgboost-lasso,814945
/rohitmohan96/fork-of-random-forest,814847
/eldiab/pandas-exploration-fandango-dataset,814843
/rohitmohan96/randomforestscript,814836
/mongface/regularized-linear-models,814826
/eldiab/generation-unemployed-interactive-plotly-visuals,814820
/monamoni/notebook14a6a1e7a2,814801
/cclzxl/a-journey-through-titanic,814793
/samatcha/notebook74bb008fbd,814736
/eldiab/notebookc909fc71c5,814724
/germanmad/donald-don-t-build-this-wall,833403
/germanmad/puxsutawney-phil-and-the-creeping-temperatures,814663
/anhntmpi/python-data-visualizations,814650
/cameronhoh/a-journey-through-titanic,814626
/majidmortazavi/keras-convnet-lb-0-0052-w-visualization-52107b23,814570
/dtcarrot/notebook178a4c599e,814398
/lihaorocky/full-pipeline-demo-poly-pixels-ml-poly,814388
/kinetik/titanic-random-forest-82-78,814373
/noruen/lb-0-56130-resnet50-features-xgboost,814366
/elegzander/notebook310b08042b,814361
/chloepont/notebook610e96c9d4,814349
/robincoste/notebook64ffc37005,814296
/arin006/notebook3cb160914b,814284
/jccampagne/titanic-random-forest-82-78,814229
/karthikhegde/notebook89e8437703,814213
/vincentclaes/regularized-linear-models-47163124,814194
/nmalizia/notebook38369bbb39,814180
/tschmoog/notebookae35023bbe,814166
/kentot/notebookc6bd9083e0,814148
/rafadc/notebook18fd55afe6,814139
/changbinlu/yezimama,814189
/petwill/a-journey-through-titanic,814119
/nurislam/script-v6,814113
/sheriytm/notebookc8b403a5a3,814107
/shefti/script-0,814080
/unlikelybutpossible/predict-glass-types-using-svm,814070
/afempadir/data-exploration-and-visualization-f64b43ec,814067
/thaingoctu/exploratory-data-analysis-3b06afc6,814062
/thaingoctu/full-preprocessing-tutorial,814054
/datanerd0/interactive-intro-to-dimensionality-reduction,814052
/afempadir/data-exploration-and-visualization,814051
/wildwestduck/test0,814036
/arthurtok/notebook304a429243,814031
/rahulsh555/predictive-modelling-a-simple-approach,814019
/stevenhedges/exploratory-data-analysis,814018
/nacicansao/prueba1,813995
/sheriytm/notebookce24a5fc42,813984
/delidir/testsss,813983
/delidir/notebook65198dd1fa,813966
/sheriytm/rate-by-coverage-level-metallevel-c05655b6,813793
/sheriytm/rate-by-coverage-level-metallevel,813791
/nandy141421/first-gen-pokemon-stats,813785
/jaggit/notebook60a2546a34,813754
/gaurav12/imdb-data,813750
/jiangxihj/python-data-visualizations-3ab1009c,813735
/vishalk9/bush-vs-obama-administration-f6a32690,813676
/manaranjan/comparing-lin-regression-ridge-lasso,813641
/oatama/notebookf6411931eb,813611
/amitkothari/notebookc7bfed414d,813608
/prwied/notebook0669c5cd7c,813555
/igauty/full-preprocessing-tutorial,813538
/kamaljain77/how-isis-uses-twitter-analysis,813461
/theinoo/notebooke93892efc7,813371
/rowman/notebookf83c0219b1,813331
/sominwadhwa/explore-sf-salary-data-quick-eda,813324
/unlikelybutpossible/digit-recognizer-in-python-using-cnn,814024
/zwjamesd/notebook211ffafc07,813287
/vikramtiwari/generation-unemployed-interactive-plotly-visuals,813211
/maver1ck/full-preprocessing-tutorial-8726f49c,813206
/tokyocity0406/notebook59c43021df,813173
/viveknium/studying-titanic-data-and-creating-features,813167
/natthakornk/titanic,813166
/jessica16/python-data-visualizations,813161
/festa78/exploratory-data-analysis,813154
/khalibartan/hitting-the-jackpot-accumulator-betting,813144
/rsanyal/wordcloud-time-series-cluster-modelisation,813122
/sudzarator/kamathsutra0,813107
/coderdada97/notebookdfbcda79bc,813103
/sudzarator/kamathsutra,813101
/linw1995/notebook5095fbd8a3,813098
/nsingh12/notebook7d9d01f872,813097
/qlixxz/an-interactive-data-science-tutorial,813093
/ptaneja/notebook5d9280bbf6,813071
/isarth/notebook6b7ee15837,813066
/sr71nighthawk/notebook78e0ea1cb6,813061
/goldendomer/full-preprocessing-tutorial,813059
/aarav7509/xgboost-vs-betting-markets-40fda62e,813020
/boldlygo109/notebookdd9b3d83b7,813019
/varun2145/regularized-linear-models,813002
/mtcmr2/video-game-sales-by-genre,812991
/worldmovers/regularized-linear-models,812987
/ivanko/full-preprocessing-tutorial,812984
/adalau/full-preprocessing-tutorial,812953
/mongrelmessiah/a-journey-through-titanic,812952
/mobilematthew/simple-mlr-model,812943
/minkelly/a-journey-through-titanic,812934
/aarav7509/xgboost-vs-betting-markets,812919
/threecifanggen/first-try,812890
/threecifanggen/notebook06d5738d0a,812888
/lalwanidilip9/notebookdd1a2431a3,812857
/singhshubham/notebook106d0ecbf5,812823
/riawang0721/notebook5bbadc0a0b,812819
/jlaventall/an-interactive-data-science-tutorial,812719
/wemakeit/the-perfect-score-script,812711
/maxmccann/tensorflow-starter-kit-583ba5eb,812703
/hoangle96/rgb-using-m-bands-example,812672
/ocrush1/notebook1c1c0a26e7,812601
/datanerd0/regularized-linear-models-15a5117f,812561
/jianshuzhao/full-preprocessing-tutorial,852261
/audrijamukh/titanic-random-forest-82-78,812527
/rdchambers/full-preprocessing-tutorial,812473
/alimah/exploratory-analysis-and-linear-regression,812466
/datanerd0/regularized-linear-models,812437
/maver1ck/svm-implementation-for-nature-conservatory,812435
/evdata/in-depth-skewed-data-classif-93-recall-acc-now,812429
/maver1ck/deep-learning-in-the-deep-blue-lb-1-279,812427
/presario/notebook12f3ba2c06,812410
/evdata/notebookcb341cc59b,812403
/aplunket/notebook3932a594e3,812394
/anupamprakash/glasstest,812392
/imuyang/notebook6ef1f5dd11,812375
/maver1ck/candidate-generation-and-luna16-preprocessing,812347
/wyouya/titanic-random-forest-82-78,812329
/maver1ck/quick-look-at-the-data,812326
/minus100/load-a-3-band-tif-image-and-overlay-dirt-tracks,812289
/akirarose721/python-data-visualizations,812272
/srhoades10/notebook3a6d34c398,812261
/pmiori/geolocation-visualisations,812257
/mnguy127/test-script,812254
