/alvations/test-nombank-why-is-it-broken,1759783
/knaraghi/character-level-classification-using-cnns,1758955
/tooth15/keras-cnn,1758405
/viktor923/notebook02ef6eeade,1763638
/annalee7/broad-look-at-video-game-sales,1758335
/ashukr/naturallanguageprocessing-using-nltk,1759574
/noriuk/exploration-of-u-s-educational-attainment-data,1757173
/codebreaker1/data-analysis-xgboost-starter-0-35460-lb,1757038
/malapatiravi/graduate-school-data-set,1756976
/saimageshr/lending-loan-data-by-saimagesh-r,1756385
/gecosistema/gaussian,1919015
/ebertolo/basic-naive-bayes-tutorial-pt-br,7716857
/koheiotani/fork-of-titanic-best-working-classifier,1759369
/ebertolo/ml-workshop-numpy-intro-zero,1768174
/sdalvi/pytorch-cnn-sixth-generation,1755091
/sxtaylor/mnist-97,1755065
/ewrfcas/simplest-solution,1755514
/manuelaochoam/credit-card,1754865
/tomkealy/text-understanding-from-scratch,1754829
/kotuzov/n-kotuzov-s-recognition,1754468
/jagadish1994/notebookc06ce7eb67,1754147
/jessica1033/notebook3b21e61089,1754099
/j0xffrey/first-kernel,1753841
/pcbaradhwaj/wta-data-understanding-basic-plots,1754711
/martinyamane/notebookc8294e4b08,1753431
/yuqingxue/a-keras-prototype-0-21174-on-pl,1752508
/ycanario/home-insurance-r-notebook,1869533
/nathanzhang3/zillow-home-value-prediction,1752045
/clinma/exploring-players-csv-file-basic-visualisation,1752087
/sriharshavogeti/insights-of-employed-respondents,1751937
/ayanmaity/fork-of-network-attack-prediction,1751306
/azmitrok/analyzing-sharing-bike-data-in-santander,1750843
/rinykane/fork-of-notebookf197467313,1750706
/rinykane/notebookf197467313,1750506
/haraldh/introduction-to-metrics-evaluation-candy-edition,1750463
/qiandong/binary-category,1750382
/doletan/notebooke2b8f69094,1749908
/sachin1512/notebook8af04db5e0,1749807
/shreyas3108/notebook1a060164d5,1749738
/nookki/notebook48c86df7a8,1749696
/manjeetsingh/data-crunchers,1749646
/aelvyn/notebooka3a2afc12f,1814169
/nikilsivakumar/beginner-s-tutorial-python,1749571
/axelinate/tubes3,1749538
/ejackf/simple-example,1749509
/ttseng5897/digirecognizer-v1,1749502
/jacquelinetiefert/diamond-price,1748953
/loveall/forza-baseline-ssk,1748855
/yuqingxue/eda-to-prediction-dietanic,1748325
/yuqingxue/novice-to-grandmaster,1748319
/boostsc/introduction-to-ensembling-stacking-in-python,1747973
/datamin2017/titanic-data-understanding,1796651
/burhanusm/yps-clustering,1747183
/fangya/summer-olympic-medal,2221840
/ikleiman/net-paycheck-minus-housing-rent-world-comparison,1747145
/loveall/forza-baseline-g0kagglers,1746370
/loveall/entity-embedding-neural-net-gokagglers,1746142
/loveall/rgf-with-10-newfeatures-gokagglers,1746190
/claudiovalim/lb-0-287-porto-seguro-mix,1745924
/loveall/forza-baseline,1745790
/aceyoung/notebook423fca39bf,1745224
/zainatappslab/notebook507bc60478,1745067
/ashukr/fbregression,1745035
/raaz181/test1111,1760281
/sunnyfung/dfhgjshfshdflsdfj-psdffsdfj-ldsf,1744472
/loveall/forza-baseline-gokagglers,1744365
/loveall/victor-s-mix-with-logits-instead-of-ranks,1743004
/loveall/all-csv-files-a-glance,1743024
/billfish/video-game-sales-and-ratings,1742629
/soaxelbrooke/count-dm-requests,1742261
/darthvader1/film-recommendation-engine,1758117
/jiuzhang/titanic-framework,5440378
/sudosudoohio/average-per-month-then-caculate-mean-of-four-ends,1739279
/mitusha/sentiment-analysis,1739241
/mitusha/email-classification,1739118
/darrellulm/keras-test-run,1771660
/youngseoklee/house-price-prediction-with-randomforest-vs-lasso,1738970
/daniluvatar/persisten-forecast-performance-baseline-notebook,1738905
/danieleewww/squeeze-baseline-lb-0-14,1788026
/bhagyashreek/house-sale-price-prediction-using-pca,1741958
/nguyenhnguyen/notebook030007e986,1738263
/esleao/primeiro-vez-na-vida-0-60570,1739693
/loveall/nine-regressors-gokagglers,1738363
/wotacid/notebookbde4a79e9d,1737271
/loveall/feature-engineered-0-67500,1737519
/ruhshan/ppi-experiment-mlp,1859327
/abhinavralhan/a-journey-through-titanic,1736526
/mack0094/notebook086838aaa0,1744329
/loveall/lb-0-286-from-4-public-kernals-gokagglers,1736437
/xiaokang/fork-of-notebook2d2d0fb3b1,1735936
/salsamarisha/ghoul-goblin-and-ghost-boo,1735837
/feixianhu/digitrecognizer-svm-knn-rf,1735747
/loveall/mr-freeze-s-ocean-gk,1735653
/loveall/what-do-those-who-earn-the-most-do-different-gk,1736332
/loveall/mean-baseline-gk,1735630
/loveall/data-science-survey-2017-interactive-notebook-gk,1735624
/loveall/rgf-target-encoding-upsampling,1735596
/vishbin/predicting-fraud-with-tensorflow,2882249
/sunnybangale/finding-overlap-between-train-and-test-datasets,1734971
/saimageshr/loan-data-analysis-by-saim,1734588
/dylanbstorey/asdfasdf,1734423
/gcattani/eu-states-basic-analysis,1734012
/hbeezub/project2-hrdata,1734023
/joechen95/rfc-and-sgbc-on-titanic,1733396
/padma2590/notebookfc9f77d535,1733232
/dpetrini/machine-learning-comparison-for-mnist,1733076
/vishinema/fork-of-notebooka6ccda8171,1732983
/shiheyingzhe/introduction-to-ensembling-stacking-in-pyth-e618d1,1732281
/loveall/fork-of-time-series-analysis-and-forecasts-with-p,1732236
/vishinema/notebooka6ccda8171,1732980
/loveall/0-285-lb-average-of-3xgboost-lightgbm-nn,1731954
/hk1997/my-kernel-digit-recognizer,1731820
/charithreddy/billboard-wordcloud,1731737
/loveall/favorita-analytics,1731267
/linxiang/my-leanring-1,1933629
/dipikabaad0107/elbow-curve-for-text-clustering,1730590
/mahendrasinghmeena/notebookce982a6579,1730358
/sunnystrange/unser-erstes-notebook,1730309
/nunenuh/notebookaa9c393e81,1730008
/shamim/play-around-with-titanic-dataset,1729639
/shamim/notebook5067aed457,1729903
/zhangfei/introduction-to-ensembling-stacking-in-python,1729371
/jcoolin8s/titanic-survival-predictions-with-randomfor-4b484e,1728902
/nautiyogi/multiclass-naive-bayes-for-iris-data-from-scratch,1728075
/knatarajan1866/lending-loan-club-exercise,1727867
/venkatakumar81/lending-loan-dataset,1727568
/dusin2000/notebook8a551e505a,1727196
/clucido1/notebook41fe384e02,1726715
/atulbiniwale/fork-of-introduction-to-regular-expressions,1726597
/bigfly/notebook13847e6299,1856063
/amunnelly/biplotting-the-evolution-of-the-nba,1725749
/srikanthkon21/new11111,1725602
/ganeshvanama/tumor-classification-using-random-forest,1725566
/hawa112/csrf-tessssssssss,1725492
/hawa112/csrf-new,1725451
/praveen7851/sms-spam-collection-r-code,1724329
/sivajid/bad-characters-in-songs-and-song-extra-info,1725043
/aaluumian/visualisation-of-sacred-texts,1723720
/guyattia/5-day-data-challenge-day-1-2-lego,1722953
/mustiege/mushroom-classifier,1722368
/madhavthegod/easy-to-understand-linear-regression,1720782
/spiritgunn22/use-pretrained-keras-models-lb-0-3,1723560
/madisonchung/simple-fraud-detection,1720267
/kunalrdeshmukh/credit-card-fraud-detection,1785163
/qq459281912/dota-ana,1720011
/shareef99/titanic-survival-predictions-beginner,1718823
/zhangwuya/genetic-programming-lb-0-88,1717900
/saqibmujtaba/growth-of-investment,1717445
/newhardwarefound/datacamp-random-forest,1717316
/loveall/run-length-in-python-shorter,1717159
/essans/test1,1726820
/lstguardleft/notebookf634b4ac48,1717016
/mweathersby/eda-to-prediction-dietanic,1716882
/samuelsujith/integrate-angle-into-calculations,1717940
/kg5284/zillow-prediction,2112006
/rahavendranmohandass/notebook033d0568ec,1766093
/cjolley/xgboost-model-in-r-with-puzzling-results,1716749
/qiaolan295/short-randomforest-code,1716642
/ashukr/simple-content-based-recommenders,1716382
/larui529/notebook66e27753a2,1716355
/ankitsingh43/notebook88aff22e09,1716067
/analystamit/notebook88d5efed03,1715451
/nishant4k/time-series-lb-0-558,1715331
/theredbaron/comprehensive-data-exploration-with-python,1715749
/pravinba9495/test-1,1714602
/thealgo/ensemble-methods-for-iris,1722613
/smzimran/first-kernel-learning-from-disaster-titanic,1713494
/govardhan100/notebookb532332a73,1713395
/govardhan100/linear-regression-py,1713378
/senjuhashirama/roc-auc-score-999,1713130
/liaofz/ranked-accuracy-matrix,1716529
/vijaydeshpande/a-journey-through-titanic,1713024
/marcocarnini/notebook704115e44d,1712998
/ayanmaity/fork-of-spooky-1,1712485
/thir13enth/webanalyticsworkshop,1712416
/viswajithkn/titanic-firstsubmission,1711930
/brandonsegal/titanic-learning-from-disaster-workbook,1711519
/tigerblood/notebook9c120e8431,1710671
/aneeshc/clusterization-of-users-based-on-the-products-data,1710525
/leozwang/titanicmltest,1710592
/danxs72/use-pretrained-keras-models-lb-0-3,1710023
/loveall/cancer-predictor-gk,1709724
/raghavprasad/titanic-data-science-solutions,1709754
/preend/my-model-c22f79,1709761
/paolo8/what-drives-demand-for-dc-bike-rentals,1709066
/navisimple/use-python-pandas-matplotlib-seaborn,1709457
/jiuzhang/knn-framework,5425252
/koheiotani/titanic-python,1708379
/jiuzhang/matplotlib-10-mins,1708333
/koheiotani/titanic-survival-predictions-beginner-fd3bab,1708261
/davibarreira/porto-seguro-a-bit-of-data-exploration,1709808
/yuqingxue/tools-algorithms-exploration,1707328
/hasier/soccer-analysis,1706932
/domcastro/log-moving-averages-forecasting-lb-0-547,1707691
/jaidevbhatia/loan-data-visualization-j,1734333
/sistasp/data-visualization,1855787
/wangkai9512/trail-for-tsa,1705944
/smid80/results-by-sex,1705459
/siddhary/comprehensive-data-exploration-with-python,1705629
/vijaikm/learning-materials-on-kaggle-0f36ce,1705000
