/kerneler/starter-estimate-of-median-household-8f1bcf7e-4,5779374
/kerneler/starter-estimate-of-people-of-all-ages-5eb0b878-1,5779365
/kerneler/starter-advance-retail-sales-time-3cafacbf-4,5779351
/kerneler/starter-e-commerce-retail-sales-series-dea4dfab-7,5779349
/kerneler/starter-breakdown-of-revenue-by-type-c40fd105-9,5779346
/kerneler/starter-bachelor-s-degree-or-higher-bc8795f9-5,5779343
/kerneler/starter-advance-u-s-international-d1c989af-a,5779342
/kerneler/starter-total-revenue-time-series-13ae0e6c-d,5778544
/kerneler/starter-value-of-manufacturers-aa57550a-f,5778530
/kerneler/starter-total-public-construction-65481a3c-6,5778459
/kerneler/starter-total-private-construction-21a06977-0,5778458
/kerneler/starter-total-operating-expenses-time-fbfe4eec-6,5778446
/kerneler/starter-total-construction-spending-cf7806af-4,5778445
/kerneler/starter-total-merchant-wholesalers-afc97283-2,5778442
/kerneler/starter-total-business-inventories-and-4fc899c4-5,5778423
/kerneler/starter-kansas-state-government-tax-76fc4757-e,5778413
/kerneler/starter-snap-benefits-recipients-data-798c6865-7,5778409
/kerneler/starter-test1234-a629226c-f,5778321
/kerneler/starter-homeownership-rate-time-series-f3399c01-4,5778135
/kerneler/starter-manufacturers-sales-and-ba3785e3-3,5778109
/kerneler/starter-income-inequality-time-series-3dfc6505-5,5778102
/kerneler/starter-income-gini-ratio-time-series-1f3b1455-1,5778098
/kerneler/starter-household-and-housing-82ff4fc5-9,5778093
/kerneler/starter-estimate-of-median-household-5e14bfab-8,5778044
/kerneler/starter-estimate-of-people-of-all-ages-cc720b08-a,5778035
/kerneler/starter-advance-retail-sales-time-f52f72f3-b,5778023
/kerneler/starter-e-commerce-retail-sales-series-4244efe0-c,5778004
/kerneler/starter-breakdown-of-revenue-by-type-bccfd72c-2,5777995
/kerneler/starter-bachelor-s-degree-or-higher-ab113e80-5,5777988
/kerneler/starter-advance-u-s-international-0372e8f9-5,5777985
/hotrank/aicamp-week5-session3-face-cluster,5781007
/kerneler/starter-automobile-3cb49892-a,5777901
/rish321/kernela6100375f7,5815841
/kerneler/starter-world-development-indicators-9a06b82f-5,5777309
/kerneler/starter-world-bank-projects-d9f21e5c-d,5777252
/kerneler/starter-sustainable-development-goals-34cd75b0-a,5777169
/kerneler/starter-poverty-and-equity-database-247a66fe-3,5777124
/kerneler/starter-govdata360-687e3ab1-4,5777052
/kerneler/starter-ida-results-measurement-system-78c444ed-1,5777042
/kerneler/starter-global-financial-inclusion-cf423da7-0,5777030
/kerneler/starter-global-financial-development-924ae255-1,5777024
/kerneler/starter-education-statistics-d15632a9-3,5777021
/kerneler/starter-global-economic-monitor-b93bf21c-e,5777016
/kerneler/starter-doing-business-57721091-1,5776964
/kerneler/starter-cs-go-competitive-matchmaking-ba7ac8d1-8,5776963
/kerneler/starter-cs-go-competitive-matchmaking-8420c655-7,5776951
/kerneler/starter-data-on-statistical-capacity-79882ba8-4,5776940
/kerneler/starter-country-policy-and-b24d0b10-a,5776922
/kerneler/starter-world-bank-trade-costs-and-c9fe0996-0,5776858
/kerneler/starter-world-bank-quarterly-external-d2c949d4-1,5776842
/kerneler/starter-world-bank-population-a56586fa-0,5776837
/kerneler/starter-world-bank-health-nutrition-9d6bce46-7,5776806
/kerneler/starter-world-bank-millennium-7c7d0c02-a,5776803
/kerneler/starter-world-bank-international-debt-f03ff022-f,5776795
/kerneler/starter-world-bank-gni-ranking-atlas-3c5d3e1d-9,5776735
/kerneler/starter-world-bank-gdp-ranking-4a1a3581-8,5776709
/kerneler/starter-nndss-babesiosis-to-ac26eeae-d,5775826
/kerneler/starter-train-ea-3252d327-1,5775816
/kerneler/starter-nndss-infrequently-reported-0d0214d7-7,5775677
/kerneler/starter-speechcommandv0-2-cleaned-54e62f9b-2,5774593
/kerneler/starter-stars-in-sky-c2089d21-4,5774482
/kerneler/starter-nchs-vsrr-estimates-for-adbcc7d9-b,5773975
/kerneler/starter-nchs-natality-measures-for-ef040797-a,5773944
/kerneler/starter-nchs-infant-and-childhood-cde4fc90-e,5773902
/superuser15/digit-classification-using-keras,5807154
/nikhilikhar/rsna-classification-with-densenet,5772792
/plarmuseau/fork-of-find-concurrent-use-of-medication-groups,5772505
/kerneler/starter-prescriptiontransactions-19e0cd45-c,5772030
/superuser15/mnist-with-keras-for-beginners-99457-4abcd2,5771479
/manvalls/creating-reading-and-writing-workbook-9d1a71,5789976
/kerneler/starter-prescriptiontransactions-a2249b05-d,5769598
/kerneler/starter-prescriptiontransactions-405ff2e2-2,5769029
/kerneler/starter-prescriptiontransactions-1e578801-2,5768927
/kerneler/starter-employeerecd-f6525ef4-a,5768568
/kerneler/starter-olympic-results-biathlon-eb8ac8cd-0,5768559
/vitoss/data-types-and-missing-data-workbook,5770651
/kerneler/starter-handwritten-alphabets-f3819ca3-4,5767227
/kerneler/starter-google-landmarks-dataset-a25e5823-3,5767192
/kerneler/starter-meta-kaggle-2a6f2e8f-a,5766846
/kerneler/starter-iris-data-e71aafc7-b,5766568
/kerneler/starter-prescriptiontransactions-da2c54df-3,5765514
/kerneler/starter-handwritten-character-baf22847-0,5765497
/kerneler/starter-prescriptiontransactions-82b78673-7,5765331
/sanikamal/data-wrangling-with-pandas,5766190
/mosses/fork-of-lb-0-42-ultimate-full-solution-run-on-yo,6138049
/kerneler/starter-helthcare-data-41caa786-a,5763978
/kerneler/starter-sao-paulo-rent-price-index-f09d01a8-6,5763953
/ezzeldinahmed/exercise-machine-learning-competitions,5764126
/ezzeldinahmed/exercise-random-forests,5763818
/kerneler/starter-bird-tracking-29d6f843-2,5763005
/prashantsaraswat123/bird-migration,5763113
/kerneler/starter-wifi-stretgth-for-rooms-9919d545-9,5762788
/kerneler/starter-electricity-production-9122ca06-d,5762198
/kerneler/starter-electricity-production-58580b60-6,5762048
/atrisaxena/keras-plant-seedlings-vgg19-augmentation,5839244
/kerneler/starter-sao-paulo-rent-price-index-2634d109-c,5760450
/kerneler/starter-world-soccer-archive-of-d18f5117-8,5759044
/kerneler/starter-japan-trade-statistics-62867639-7,5758724
/shammii/poisson-1,6109246
/shammii/probability-normal-distribution-math,5758539
/kerneler/starter-nyc-ela-and-math-results-2014-3d51e539-9,5758321
/shammii/probability-problem-2,5758298
/shammii/probability-distribution-math-2,7683442
/kerneler/starter-nyc-ela-and-math-results-2015-99e0d6ea-1,5757795
/nasrur8/probability-distribution-math,5758518
/shammii/probability-distribution-math-1,5758046
/nelima/probability-distribution-draft,5757947
/prattaysaha/distribution-related-problems-and-their-solutions,5757540
/kerneler/starter-sort-of-clevr-88c15d5e-2,5757052
/kerneler/starter-ljspeech-a2ebaa1c-e,5756155
/eunji0116/query-for-us-census-for-2000-and-2010,5760479
/kerneler/starter-vgg19-imagenet-963353c9-0,5756037
/kerneler/starter-necta-test-results-c35d8b42-4,5756007
/lenamkhanh/semi-supervised-gan-for-fraud-detection,5755823
/kerneler/starter-top-freq-english-words-7c473f67-8,5755810
/kerneler/starter-nyc-ela-and-math-results-2016-d5690c56-4,5755789
/kerneler/starter-annotated-honey-bee-images-26d0e465-f,5755571
/lenamkhanh/mnist-autoencoder-vae,5755703
/kerneler/starter-ap-statistics-california-2017-d4d2d710-9,5755155
/kerneler/starter-world-development-indicators-5a7af017-d,5753709
/kerneler/starter-world-bank-projects-90a18c87-a,5753658
/kerneler/starter-sustainable-development-goals-6ba06ae5-6,5753576
/danofer/user-level-lightgbm,5753574
/kerneler/starter-poverty-and-equity-database-9cfb6a5c-3,5753542
/kerneler/starter-govdata360-6d14046a-6,5753503
/kerneler/starter-ida-results-measurement-system-caee1f43-d,5753494
/kerneler/starter-global-financial-inclusion-16b5c132-4,5753487
/kerneler/starter-education-statistics-b72f6e2a-1,5753481
/kerneler/starter-global-financial-development-6ef8375d-8,5753480
/kerneler/starter-global-economic-monitor-cee4c503-d,5753476
/kerneler/starter-doing-business-f8113376-b,5753428
/kerneler/starter-data-on-statistical-capacity-ecd10b3b-4,5753423
/kerneler/starter-country-policy-and-ab873550-b,5753400
/kerneler/starter-world-bank-trade-costs-and-5d7189ee-8,5753358
/kerneler/starter-world-bank-quarterly-external-8de7ab65-e,5753355
/kerneler/starter-world-bank-population-d478e8b4-b,5753330
/kerneler/starter-world-bank-health-nutrition-5f5f44cb-5,5753313
/kerneler/starter-world-bank-millennium-4dc5cfaf-b,5753311
/kerneler/starter-world-bank-international-debt-245d67d8-9,5753306
/kerneler/starter-world-bank-gni-ranking-atlas-b62a8d1d-a,5753270
/kerneler/starter-world-bank-gdp-ranking-3f8dde86-f,5753246
/kerneler/starter-irisflowers-testdata-bf10aa3c-6,5752967
/kerneler/starter-recommender-systems-tutorial-d6c77383-d,5752105
/kerneler/starter-iris-aula-knk-5cbcc24e-4,5751876
/kerneler/starter-sentimentosteste-5f98fd7a-9,5751863
/kerneler/starter-atividade-2d33e53e-9,5751849
/kerneler/starter-us-oil-and-gas-production-june-322507cd-5,5751142
/kerneler/starter-cdc-sugar-consumption-2003-fd49c031-a,5750458
/spscientist/underfitting-and-overfitting,5774585
/hammadzahidali/fast-ai-cats-and-dogs-lesson-1,5885960
/kerneler/starter-gaivr-train-fb-7739f0f5-5,5749919
/kerneler/starter-laptops-for-sale-olx-afe8921e-f,5749636
/kerneler/starter-nfl-scores-and-betting-data-3155edcb-4,5748867
/kerneler/starter-us-oil-and-gas-production-june-036e983c-d,5748773
/kerneler/starter-us-oil-and-gas-production-june-60525dff-4,5748492
/kerneler/starter-winequality-pratices-126fd2a9-0,5748129
/kerneler/starter-normal-greater-than-950d3d73-1,5747972
/kerneler/starter-winequality-pratices-f8daabe3-6,5747708
/kerneler/starter-iris-basic-in-ml-bb415151-c,5747539
/kerneler/starter-iris-basic-in-ml-25477db7-9,5747525
/kerneler/starter-testdata-3f4517b9-7,5746911
/kerneler/starter-rock-scissor-paper-hands-207ce7e8-a,5746747
/kerneler/starter-mnist-npz-a363d92e-8,5746513
/amkum78/statistics-correlation-crude-price-and-cpi,6135211
/kerneler/starter-dogs-and-cat-recognition-c6bddf90-c,5745380
/kerneler/starter-google-landmarks-dataset-0fb8f20e-4,5745232
/kerneler/starter-meta-kaggle-0351585d-3,5744910
/kerneler/starter-rs-costa-rican-household-d7480956-a,5744263
/shubhamaheshwari/kernel407dfd4e60,6263734
/kerneler/starter-google-draw-8e8cfad4-d,5743718
/kerneler/starter-cs6510a1q2-5c4a904d-1,5743689
/ezzeldinahmed/fork-of-exercise-explore-your-data,5743038
/monica06/fork-of-kernel780929ea12-d1e356,5743011
/kerneler/starter-nypdcrime-acd6a1d1-a,5742776
/kkyoden/data-cleaning-challenge-parsing-dates,5743408
/kerneler/starter-plant-disease-fe469cc1-c,5742035
/kerneler/starter-training-data-229e4bb5-a,5742027
/kerneler/starter-real-data-78ef029e-4,5741993
/kerneler/starter-wine-data-set-68179a6e-2,5741830
/fholzkamp/submitting-from-a-kernel,5741795
/kerneler/starter-real-overeating-cd7bd736-9,5740882
/kerneler/starter-real-skinny-dfc14169-e,5740828
/kerneler/starter-datasetflower-350e7985-1,5740225
/kerneler/starter-csc555-p1-2fdfc4ee-2,5740025
/kerneler/starter-fcn-trained-on-ddsm-images-cb6e1099-1,5739947
/kerneler/starter-new-employee-promotion-07f81a40-4,5739701
/sayandasgupta97/day-2,5765251
/kerneler/starter-australian-domestic-airline-2654504b-3,5738920
/kerneler/starter-watermelon-datasets-667b302e-6,5738724
/kerneler/starter-watermelon-datasets-ff3028f7-d,5738114
/kerneler/starter-cs-go-competitive-matchmaking-87265541-6,5737057
/kerneler/starter-zero-shot-learning-d7446974-f,5736332
/wguedes/kernel3f9567dbca,5969504
/kerneler/starter-skinny-2cd8506d-f,5735379
/kerneler/starter-toomuchfood-7f4374ed-a,5735335
/ahbon888/xgboost-baseline,5735194
/kerneler/starter-donald-trump-s-tweets-c59a8776-0,5734624
/kerneler/starter-donald-trump-s-tweets-97609976-c,5734618
/kerneler/starter-china-census-data-2010-c7733428-f,5733937
/kerneler/starter-imdb-pt-br-cab0de91-9,5733495
