/muthu4all/recognize-the-number,104830
/mefbif/ingradient-matching,105593
/uditsaini/explore-python,104739
/anantb/testabc,104295
/dimon0981/hello-world,104250
/prakashanand/myfile,141620
/javoros/pprueba1,103699
/muthu1086/mplabs,103461
/sajeevm/ushighereduanalysis-sm,107129
/haopeng/script,103270
/juverstraeten/titanic-test-3-decision-tree,104302
/gspraneethreddy/digit-recoginzer,111702
/juverstraeten/titanic-test-2,102748
/khyh00/otto-score-progress,102053
/drwonka/testing,101928
/wtichen/first-try,101618
/renjithmadhavan/test-123,101502
/zengty/titanic,101449
/sanary/asdasd,101378
/alemozz/script-py,105569
/mschou/titanic001,101298
/davidfernandez/first-test-of-kaggle-script,101162
/jacekpardyak/functions,101118
/sanary/sanary2,101102
/swagathvk/kaggle-digit-recognizer,101036
/mattjans/predicting-acs-response-mode-attempt-2,104274
/dkant75/testing,100943
/panosc/my-modif,100886
/mattjans/predicting-mode-of-data-collection,100681
/jake94x/script3,103282
/pdandu/testjohnsnow,100437
/jiangjin/1st-try-with-kaggle,100146
/skylord/temp-2,101657
/shrirangphadke/test-script,100151
/skylord/exploring-usa-census,100082
/pluvara/test1,99799
/langtao/breaking-ice-testing,120093
/astromis/titanic-practice,99618
/astromis/kaggle-test,103711
/sylvaner79/test1,98993
/gracexiong/location-info,102797
/kennyxu/test4,98319
/jpereda/test1,97727
/lstrait2/sentiment-analysis,97209
/alionakh/xxxxxx,100480
/huili0140/gradient-boost-with-h2o,99591
/anilmaharjan/kaggle-test-sheet,96583
/huili0140/random-forest-1,96685
/pchitta/sbsts,107212
/mlivingstone/mltest,96246
/appuch/trail10,96183
/kennyxu/test1,95967
/marathon54/titanic-check-1,95877
/datasj/xgboostr,95871
/anthonykenny/practice,95698
/antongoy/random-forest-validation,95706
/zxxr1234/cubist-with-sales,95496
/sakenk/random-forest,95448
/datacanary/smoke-test-for-our-r-container,301464
/rachar1/test-a,95385
/lkirch/testingrossmanndata-ipynb,120914
/llbehappy/test1,94469
/shikib/tests,95013
/lplewa/not-a-racist-test,93811
/alegrand/yolo-o,93813
/mdomar/gbm-basic,105232
/srinisid/brbrr,93664
/indi27/titanicattempt,93440
/srinisid/test1,93108
/xjm1021/12345,93027
/sento82/decision-tree,93592
/sento82/randomforest-01,92708
/songpol/what-is-cooking,92514
/djmmoss/pca-randomforrest,93245
/lkaushik/irony-analysis,91407
/adelv88/featuresselection,94230
/adelv88/datasetexploration,94073
/zhouchangwei/data2003,90520
/saurabh2086/sfcrime-v1,94831
/bjwiley/tutorial-practice,89256
/vijaykrishnacholleti/trial,101385
/saurabh1331/testing-rossmann,89044
/saurabh1331/testing-h20-benchmark,115479
/lilithasya/test-ay,88960
/n3n77i/sf-lazygraph,91447
/brianr/just-messing-with-ideas-in-r,88233
/alkrot/first,87590
/jadeddib/try11,87566
/vadimmalykh/test-for-titanic,113785
/lihao814386741/first-try,87098
/kristysimmons/exploratorydataanalysis,87077
/sarvajith/firsttry,86934
/esingh9/es-111,86866
/bynumi/lab6inclass2,86431
/srinisid/titanic3,86462
/digitalninja/mgmt-lab6-1,86485
/srinisid/titanic,86370
/jasonkuruzovich/mgmt6963-lab6-python,86471
/yuxiangzh/python,86129
/mco995/titanic1,86021
/selmiy/data-se,85910
/justfor/ensemble-boost-2,85627
/jkane3/titanic-ipynb-test,84818
/nlapidot3/i-don-t-know-what-i-m-doing,84982
/garywyj/test1,84755
/spkkarri7/springleafrf,89436
/ankurv857/xg-boost-lb-11,108134
/flippke/rossmannmain,88794
/seryog/solutions-1,83968
/coloskier/playing,84087
/panchapolc/testss,82608
/phiaseitz/exploring-the-reddit-data,103227
/cakesofspan/test-test-test,89233
/weiweihuang/titanic-myfirsttest,82660
/dchen71/linear-model,85733
/kumareshd/own-xgboost,80696
/vinotharun89/ground-hitting,80276
/antonyadopo/debut,79276
/zhengtianyu/sltest,78771
/jchazin/testing-reddit-data-2,78714
/benhamner/hi-myles,77672
/halvard/rossmann,78733
/bharathiitm/digit-reco,76766
/cappuccinos/shen-test-20150929,76541
/hechaohui/asd-123,76493
/bharathiitm/test1,76353
/alexlzzz/cosine-further-updated,76335
/andreburk/test1,82811
/gbytomcat/aaaaaaaaaaaaaaaaaa,78756
/ahujack/code-for-love,75847
/dish42/getting-started,75748
/tmjiang/vanilla-bi-class-gbt,75972
/ukkoislost/test1,75417
/zhiboguo/clinton-s-focus,76365
/khyh00/html-output-template,74225
/pchitta/group-vars,75312
/benhamner/seeing-the-latest-magic,73473
/karadgipooja/file1,81869
/ypscut/test-3,72901
/ankitccuser/uboost-gb-xgb-ada,72739
/ayratzay/python-pandas-decision-tree,73317
/jayjay75/featureplot,90077
/feirie/first-script,72298
/ypscut/test1-1,72428
/ampaho/around-the-world-in-80-lines-of-code,72140
/pinocchio/adaboost,76494
/justinlu/springleaf-r,71709
/jamieiong/attempt-2,71680
/ayratzay/testing-data,72358
/ceyhun/recognize-digits,71624
/totalrecall/model-for-titanic,79480
/rstellmaker/exploring-the-data,71176
/kumareshd/try-something,72606
/shoutrain/testing,70722
/justfor/rf-xgb,83741
/madsbuch/tester,70346
/tomasulicny/showtables,70152
/tomasulicny/counts-non-matching-keys,70145
/tomasulicny/non-matching-keys-check,70143
/yfwz100/mnist-rf-py,69429
/pchitta/h20-deep-learning,76475
/khyh00/ge-competitions,69453
/justinlu/trial,69012
/mikeskim/hillchain2,68426
/skmgowda/census-testing,71277
/drewyh/multiprocess-prime,73734
/drewyh/primetest,68075
/gabrielsqsf/starting-with-digitrec,66933
/ankitccuser/gradientboost-uboost-binflatnessloss,66592
/zamnzamn/asdtestttttt,66822
/isakov/starter-code,65699
/mrchill/mydigit,65477
/dpaul93/kaggledeb,66386
/twtw5201/testscript,65279
/sandipb/word-starting,64709
/oattart/test-data,90939
/oattart/test2222222,93333
/aishijiang/titanic-3,67237
/baldoino/hello,63362
/baldoino/testing,63294
/amineteffal/script-at-springleaf,65807
/ayushpatel/trying,62823
/zihexu/test1,65953
/ouranos/xgboost-1,63135
/staromoon/number-of-vehicle-in-each-type-of-family,98255
/darshanbutiya/darshan1,62349
/souravsarangi/script3,62195
/gramolin/simple-svm,62386
/amhchiu/crime-at-different-hours-of-the-day,61539
/chinmay95/first-script,61306
/benedictes/exploring-1,61115
/benedictes/exploring,61096
/jobshiach/titanic,60831
/falakmarri/sampling,60721
/theskulls/testas,60586
/hmboxwala/trying-new-things,66746
/abhinavagarwalla/springleafr,60045
/pchitta/test111,65185
/toddzzr/example-todd-1,59777
/cleberamaral/script-7,59415
