/shifur/notebookfcb5fc9122,976918
/fruscillo/notebook831f9e0dd3,976897
/wuyunsdu/logistic-regression,976895
/kyletabor/introduction-to-ensembling-stacking-in-python,976892
/leilabidad/run-while-i-m-reading,976879
/tramac/full-preprocessing-tutorial,976874
/vikash2829/titanic-random-forest-82-78,976857
/gouravawasthi/notebook08e10e72f9,976856
/masteroflogic/notebooked57176918,976850
/marcelomedre/eda-epirecipes,977009
/dreimarkt/notebook19eb92d707,976821
/ttruepfep/notebooke185c74b46,976798
/walkerps/mnist-prediction-on-randomforest-benchmark,1008202
/karolinamadella/notebook6be20016f7,976757
/goldenshark/titanic-01,976748
/zhuchengqi/xgb-starter-in-python-5bf448,976736
/jackle45/digti-try,976721
/mchirico/notebook733b02dce3,976709
/adrien34/first-look-at-the-data,976708
/ajayatluri79/notebook9cbabdf84e,976693
/shubhamkumar/notebookef3b8d987b,976687
/hanaatucl/fork-of-fish0302,976624
/obfuscator/notebook92c9341bfa,976617
/bhavyas/titanicbh,976613
/yeyedaren/notebook891da340e0,976609
/donalmaceoin/raddar-0-98-xgboost-sparse-matrix-python,976674
/parkhwin/notebook8f973f59a8,976586
/danielll/hello,976588
/danielll/notebooke3730e4a4b,976567
/drdanialrusdi/notebook7f87ddee4f,976561
/drdanialrusdi/notebook16ab236892,976560
/albertle5/titanicfirsttry,976549
/vineet15/notebook9e51503671,976548
/aelvyn/notebook84b096eba9,1814171
/manyam0106/eurosoc,976511
/sadao53/notebook14d734d61a,976488
/ykatou/notebook871159494d,976485
/xiaoliuyujia/wfwtl1,976452
/vahidnik/notebookd032570df5,976439
/ypargaien/c2-submission003-csv,976435
/tangzy/notebook0e1491205e,976415
/pravalsharma/notebookff0793fafc,976411
/goldenshark/notebook30b40b369c,976396
/kevins/tensorflow-notmnist,976313
/valentins/exploring-chicago-crimes-2012-2016,976311
/rheinhamburger/notebook533d359d70,976296
/qicongsheng/notebook55449a4651,976284
/dimitrismich/testing-sql,976285
/violaciao/first-pass-through-data-w-3d-convnet,976218
/kbncpo/notebookc84449fc81,976187
/kchandrasekhar/accuracy-prediction-by-logistic-regression,976154
/kchandrasekhar/predicting-70-accuracy-by-logistic-regression,976146
/wangjue444/exploring-survival-on-the-titanic,976173
/lxghust/notebook0ac1715ea6,976121
/lxghust/notebookab7144349e,976117
/superzhang828/notebookb02304c8ea,976097
/ambercloud/notebook93149faf4d,976069
/aprilguian/notebook1c29346d39,976025
/sleepywyn/notebook024b9fe168,976023
/ludan15207/notebookc1f748cb22,976021
/deepin/notebook67af89b16a,976015
/miningjerry/a-bad-case,975998
/asadnadeem/eda-medical-appointment-no-show,975981
/pavanvavilapalli/c50-titanic-survivors-prediction,1038551
/sooraj2189/notebook663893b3b2,975960
/sreelekshmyselvin/notebookf942317286,975950
/liubovp/notebook6ca46bfac4,975917
/mzhouliang/notebook4016f0e45e,975880
/dingraham/notebook7d680b87d8,975878
/adolphe/adolphe-cancer,975809
/adolphe/notebookd83c0cbe1a,975807
/oldfox/notebook1b32e88a27,975775
/marziyh/notebookb62b862ce5,975770
/fruscillo/notebooke5ff518f52,975741
/fruscillo/notebookc74488985a,975716
/elnazmr/taxi1,975715
/omoplata/notebookf028e607ed,975711
/nanmuic/notebook20a52d2d27,975706
/a2296820/notebook7c41f95b33,975704
/a2296820/notebook4145ea3820,975700
/a2296820/notebook8ac1417238,975677
/phdata/notebookfde6296be5,975668
/kaushiknuvvula/exploratory-study-on-ml-algorithms,10259695
/alexreb/notebook6cb6e498eb,975636
/anes95/notebookc02386b2e7,975631
/alexreb/notebookbd47f5f35a,975622
/elnazmr/taxidata,975615
/liziyuann/notebook92c414f24e,975610
/alexreb/notebookf5c16dca66,975600
,None
/khushhall/testingdqeq2e,975581
/scp173/notebook3edeb57045,975577
/lulubai/notebook6e36feed78,975547
/awahab/adnan-s-first-notebook,975530
/saurabh0526/notebook7751b746f2,975526
/surajprasad/notebook34ae889b93,975507
/jsab16/notebook5930e633d6,975504
/dkarmah/building-a-neural-net-to-predict-default,975499
/martagarcia/notebook1d60d1229d,975442
/asavla/notebook6c9926896b,975438
/yangxiaocs/digit-recognizer-in-python-using-cnn,975437
/ryangoy/geneticprogramming,975431
/willyboy0/notebookc0383cd71f,975415
/xiaoliuyujia/wfwtl,982643
/talhazza/notebook0bc0208a5b,975320
/ashleydavis/notebook32fa869ec6,974938
/thomasjobin/notebook3c5fb404f2,974860
/taradevlin/notebook0f597abe06,974854
/taradevlin/taraa,974852
/talbalaw/notebook207db1c033,974843
/taradevlin/notebooka9ac51cb25,974841
/nurika/notebook44f48ac5cb,974805
/fyl0417/notebookdf1224b462,974651
/kswamy15/notebooke476d0495b,1175929
/jraj0615/notebook9833cc5697,974417
/nickbol/bol-hw9,974513
/chenzhijiao/zc-tag-pred,974406
/kswamy15/testing-kaggle-competition,974354
/mozanunal/notebookee7362326d,974111
/republic966/online-learning-027-offline-result,974082
/sarnavim/notebook50e5bb0b82,974013
/republic966/univariate-linear-regresssion-with-trained-weights,974009
/veedeejee/notebook7838205fac,973892
/assasgenius2/fork-of-lasso-model-for-regression,973873
/vaishaligarg/visualisation-and-analysis-of-food-data,973867
/huayud/notebook95edbf6232,973844
/assasgenius2/fork-of-lasso,973772
/randomforestfanatic/notebook012502dfa8,976125
/assasgenius2/lasso-model-for-regression-problem,973737
/jeffwess/notebook937f509aa6,973734
/vanyaslobodchikov/notebookdf2dd8a922,973695
/sheenag/notebook414946570e,973612
/chriskamphuis/notebook5ff6511d1d,973611
/mchirico/breaking-entering,1655107
/chriskamphuis/notebookde9a301c1f,973599
/devishamodi/notebook03698c16b1,973446
/alwond/survival-probability-on-board-titanic-model,973409
/gilligk2/notebook678e23fd88,973386
/tizaino/notebook17f05a34c0,973385
/a13xk13m/predicting-visa-applications,973365
/ctyler88/notebook5839e438a2,973312
/neerajmalik/notebookff7b6d84ad,973275
/z4432045/notebook8a52d7b591,973098
/balasel12/notebook53fdb0d897,972858
/ethangela/tests,972822
/robi395/notebook2bdc9f0157,972783
/adaniel1205/exploring-the-academy-awards-dataset-in-r,972660
/prakritidevverma/notebook4c8bffed17,972611
/akash007/titanic-machine-learning,972330
/angatpuri/notebook6aaa6facf6,972304
/akerlyn/testxgboost,972177
/ucekmez/notebook455f42f6ef,972132
/sanjayjeyavel/my-first-ml-script-suggestions-are-welome,980873
/donalmaceoin/sklearn-ensemble,971966
/ezyyyy/fishy-keras-lb-1-25267,972985
/sanjayjeyavel/teste,971912
/naxalpha/notebookd183e7ce69,971866
/zhukovvlad/notebook9f89f8698c,971830
/rksksm/notebookbaf7902269,971777
/quangvh/notebook8718214cab,971763
/dantevitobeagland/exploring-titanic-survival-data,971735
/scalacoder/notebook59c287f08e,976086
/ethangela/notebooke6172e9f7a,971334
/vinodraj531/notebookfb3c8ac8e9,971266
/celite/notebookc295640260,971193
/levima/levi-s-titantic,1505672
/levima/notebookb48b604d43,970918
/orchidmajumder/notebook39d6487a8c,970862
/verios/notebook93da8dd545,970829
/scalacoder/sample,970825
/drdanialrusdi/notebookead1467ca4,970750
/alwayssai/testing,970761
/drdanialrusdi/notebook436ead5c87,970686
/lvaleriu/test123,970677
/jfshields1221/test-1,970537
/gavinxgcao/knn-test,970500
/letsbattle/notebook1725abe67c,970340
/nicoring/notebooka5a3b4c822,970170
/thang30/notebook4e50658bb9,970125
/prakhar05/notebooka43b97915e,970052
/vronsky3333/notebooke2ea5d6ffc,970032
/akerlyn/notebook9f58eaa56a,1037407
/davidprakash/nn-kernel-1,977083
/jacekkrawiec/first-attempt,969945
/manjunath249/gradient-descent,976349
/shivani21/notebook5db75eec70,969869
/mzacks/testing-keras,969862
/den3b81/simple-autoregressive-pub-score-0-025-submit-fail,972274
/hmnshu/testing,969740
/helenskaggle/notebook06a6769833,969613
/wonjin911/notebook1929214aae,969419
/venkateshwarj/notebookc02d753e05,969291
/lordcenzin/titanic-learning,969269
/xsjh520/notebook5b2f21e35d,969189
/shanmughasri/exploring-survival-on-the-titanic,969147
/songwhu/notebook4d7e9302e8,969038
/xinyuitan2/notebookb6a497b608,969009
/brakets/notebook43442168a0,968952
/happycube/202-with-two-feature-xgb,968991
/rickdom/notebook8961b53b27,968888
