/kerneler/starter-marvel-superheroes-74f22274-3,9300288
/kerneler/starter-tcc-isic-5cd00a10-9,9299852
/abhilasha10/testing,9302589
/kerneler/starter-smart-fridge-data-a8df3662-f,9298428
/kerneler/starter-smart-fridge-52b0143f-e,9297884
/fallsit/ml-2-2-categorical-data-with-one-hot-encoding,9505937
/yeri008/kernela444f5b9b6,9297460
/myhy48/exercise-your-first-machine-learning-model,9295657
/tarunpaparaju/movie-review-sentiment-with-bigru-capsule,9331226
/fallsit/ml-2-1-handling-missing-values,9505790
/sitaramireddy1994/cross-entropy-rl,9402571
/kerneler/starter-annotated-video-review-nfl-6aa31fd8-b,9291140
/zcbmxvnyico/facial-keypoint-detection,9290877
/sergeyzlobin/pca-with-extra-trees-5-fold,9290822
/kerneler/starter-gxx-data-d77da4f4-f,9287542
/kerneler/starter-950k-music-playlists-98893482-a,9283631
/kerneler/starter-twitter-sentiment-analysis-d757feec-6,9282899
/sahilbansal28/quora-eda-model-selection-roc-pr-plots,9283681
/sitaramireddy1994/gradients-in-pytorch,9282319
/gabouko/exercise-your-first-machine-learning-model,9280220
/jianhuiben/airbnb-new-users-bookings-forecast-using-r,9279512
/preetkaur02/digit-recognizer-using-knn-model,9279920
/cttacm/exercise-random-forests,9278297
/mhasler/learn-python-challenge-day-5-exercises,9620756
/kerneler/starter-vostok-ice-core-ab608515-1,9277959
/potadolovegun/fork-of-house-prices-analysis,9278154
/tangyuemeng/just-trying,9279268
/kerneler/starter-nfl-turf-pdf-615b4eb7-4,9273965
/kerneler/starter-hpa-0475-cab57298-4,9319330
/kerneler/starter-2011-current-ncaa-basketball-81a63349-0,9272253
/shanky97/udacity-pytorch-challenge,9271522
/kerneler/starter-academic-decathlon-state-fa615a55-c,9268968
/kerneler/starter-mcu-movies-195a1977-3,9267875
/kerneler/starter-air-quality-data-gij-n-city-d70c47b8-0,9264708
/kerneler/starter-national-merit-semifinalists-25a9d04a-a,9264257
/sreejeet/exercise-machine-learning-competitions,9262849
/fallsit/ml-1-5-random-forests,9504020
/kerneler/starter-museos-tenerife-json-196aa4f2-d,9254969
/kerneler/starter-pulwama-killing-twitter-data-27b10902-3,9253039
/kerneler/starter-turkish-super-league-2018-2019-a1c92f0d-3,9252127
/kerneler/starter-t1t1t1-3a693825-d,9252114
/kerneler/starter-superlig-9f364675-3,9252112
/kerneler/starter-trstsl-b56a2607-b,9252110
/kerneler/starter-tslkis-075783fc-d,9252102
/kerneler/starter-yututut-68362569-2,9252097
/kerneler/starter-eeeeew-1b0ca1fc-e,9252095
/kerneler/starter-asasas-63691acf-1,9252049
/kerneler/starter-stories-of-br-telecom-797e00ef-2,9251951
/kerneler/starter-hpa-external-modified-3-319594eb-2,9251942
/kerneler/starter-hpa-external-modified-1-cdc78cd5-a,9251410
/kerneler/starter-paniit-hey-b085e559-8,9250072
/kerneler/starter-more-keras-pretrained-models-1adc1894-8,9253329
/omrimeitav/kernelf47eac16a9,9410237
/suchith0312/vggnet,9250241
/abhishekdandona349/ameriprise-case-study-06-01,9252456
/ashuvishnoi/kernelc2b889aa76,10300733
/kerneler/starter-dt-pan-17e35577-a,9246430
/kerneler/starter-early-biomarkers-of-parkinson-b653c873-2,9246070
/muhriddinuzb/udacity-pytorch-lab,9373824
/sandyyim/exercise-machine-learning-competitions,9253173
/yeinlee/exercise-random-forests,9244107
/kerneler/starter-fruits-data-96ed6bdb-d,9243575
/d25091c/data-science-and-machine-learning-cheatsheets,9239967
/kerneler/starter-us-election-results-882a1bac-c,9239845
/kerneler/starter-geometric-embedding-7c944eae-a,9239703
/kerneler/starter-kaggle-s-most-upvoted-eaec0d36-4,9238263
/kerneler/starter-majority-vote-a7bfd636-d,9237487
/kerneler/starter-hadi-input-523f9870-0,9236061
/kerneler/starter-cuj-test-dataset-collab-2d185e08-8,9227915
/kerneler/starter-cuj-test-dataset-collab-ef5fd5f6-c,9227773
/kerneler/starter-fuzzy-time-series-77333dc8-5,9227517
/gagankarora/accuracy-before-and-after-qwk-optimization,9229117
/kerneler/starter-book-dataset-2bf3d2d1-e,9224158
/kerneler/starter-elevation-lods-e5ddf9b1-c,9223484
/kerneler/starter-uci-har-dataset-a584092a-d,9223336
/kerneler/starter-roman-urdu-dataset-d950e971-f,9220056
/flyingdreamer/welcome-to-data-visualization,9216988
/sujoykg/keras-xception-pretrained-dataaugment,9901893
/nidhish1080/clustering,9417237
/sherylee/comprehensive-data-exploration-with-python,9210331
/kerneler/starter-gapminder-a3539626-6,9208042
/kerneler/starter-auction-f1ffef12-3,9207415
/kerneler/starter-mayo-clinic-primary-biliary-cb57828c-9,9207204
/kerneler/starter-house-price-eda-b43fe4e5-1,9206486
/kerneler/starter-titanic-54e76f99-9,9205770
/sherylee/a-comprehensive-ml-workflow-with-python,9206628
/catneko/tl-gan-demo,9202189
/adheshgarg/kernel422ccc9083,9262302
/kerneler/starter-alcl-testb-a4303b1c-f,9791906
/kerneler/starter-48bit-alien-faces-d356ec8e-b,9203365
/kerneler/starter-imdb-top-250-movies-info-194df4a4-0,9459768
/kerneler/starter-jail-bookings-2018-broward-1109b2a8-7,9195664
/kerneler/starter-facebook-stocks-2012-to-2018-3e5dc600-1,9193270
/stoppie/wine-analyse,9193323
/cansu325945/exercise-explore-your-data,9674163
/kerneler/starter-2018-calorie-exercise-and-6ce6a7ee-1,9191266
/vnqmai/exercise-explore-your-data,9190204
/sz1816031/nmsz1816031,9434362
/kgeorge/linear-svm-classification-of-sentiment-in-tweets,9184641
/kerneler/starter-installed-power-generation-ind-5ba04850-3,9181899
/kerneler/starter-fer2013-images-c2c9512d-f,9181521
/innojia/a-basic-ann-implementation-with-lgbm-output,9181745
/kerneler/starter-airquality-985112bc-a,9180160
/libiao1994/kernel2201d31c40,9180220
/kerneler/starter-r-downloads-from-tidy-tuesday-4ebd6bc7-9,9176643
/quintshekhar/dominance-analysis-on-breast-cancer-dataset,9176514
/adcastillogill/r-downloads-around-the-world,9843178
/ungvarirobert/unexpected-jump-submitter,9187512
/ranjit233/titanic-beginner-s-guide-with-sklearn-cbff7d,9174962
/kerneler/starter-vegetables-d8785e42-6,9172885
/mariusils/sudoku-cudnn-lstm,9428358
/kerneler/starter-amazon-dress-dataset-12794596-9,9169692
/tcapelle/resnet-18-with-fastai-sz-512,9194220
/yliu40/ai-camp-neural-networks-otto-homework-7fcd03,9167201
/kerneler/starter-vegetables-c345d93d-0,9166510
/srujanperam/basic-text-mining,9166867
/kerneler/starter-woejfowiefjowfj-e0804d42-4,9162070
/dgorelik/over-90-accuracy-with-fastai,9162648
/kerneler/starter-human-protein-atlas-image-ce5e6f10-7,9157594
/kerneler/starter-input-data-39c941ac-4,9382893
/johnwass/mlb-stats,9608171
/kerneler/starter-human-protein-atlas-image-9fe6d42a-8,9157775
/kerneler/starter-kaggle-protein-classes-augment-01630ed9-a,9156621
/xsakix/cnn-base-classifier-fold-meta,9156543
/kerneler/starter-chicago-lobbyist-data-7c285995-0,9158084
/datacapitalist/learn-python-challenge-day-5-exercises,9231595
/kerneler/starter-terrain-elevations-dc493d40-b,9155305
/aysekahveci/fork-of-kaggle-da-regresyon-sayisal-tahmin-calis,9154292
/indranilbiswas/data-augmentation,9151342
/abubakar8156/kernel7f53c5a700,9170654
/kerneler/starter-train-sequential-9d9c7274-9,9148625
/kerneler/starter-splitter-cf9ce037-1,9148619
/kerneler/starter-itemsvd-b9fe2473-e,9148614
/kerneler/starter-clusters-6a1c02b7-a,9330962
/rosebv/downgrade-fastai-to-0-7-0,9149989
/kuuuurija/hello-world,9143523
/ajithvallabai/elo-world,9143021
/agoel00/weather-prediction-new-delhi,9141890
/danofer/prediction-based-on-test-data,9139911
/aysekahveci/iris-classification-using-tensorflow,9133904
/yzfaiyxj/pubg-finish-placement-prediction-learning,9132696
/aysekahveci/fork-of-normalizesomethingdifferentfeatures-abc0be,9134330
/kerneler/starter-microsoft-stock-price-daily-a9c922f7-9,9131181
/kerneler/starter-pyramid-scheme-profit-or-0c4f29a9-a,9131066
/kerneler/starter-brute-force-santa-2018-initial-d1304d37-d,9127835
/mwest500/x-y-data-for-players-at-the-snap,9243021
/kerneler/starter-pub-gg-d239fbe1-f,9125616
/dlaury/learn-python-challenge-day-7-exercises-d16bf0,9124865
/yuanwentian/exercise-loops-and-list-comprehensions,9121549
/kerneler/starter-mimic3a-93fdeb9c-e,9118184
/kerneler/starter-mimic3d-51fefa14-c,9118145
/kerneler/starter-mimic3c-0bd2f895-6,9118124
/kerneler/starter-organtibio-9e4da846-2,9118075
/kerneler/starter-human-protein-atlas-additional-4e9283cc-6,9132006
/kerneler/starter-kaggle-survey-2018-gender-pay-55db0498-3,9115690
/kerneler/starter-customer-churn-f435c085-9,9115674
/zfturbo/local-optimization-using-google-or-tool,9130217
/brtobin/fork-of-petfinder-grids,9113627
/khieunguyen/hello-python,9112652
/aikahak/kernel0a978712ab,9112003
/kerneler/starter-piotte-0b0551f1-0,9109824
/sreejeet/exercise-random-forests-898466,9947729
/kerneler/starter-seinfeld-text-corpus-41649b56-b,9347700
/kerneler/starter-census-block-group-american-1d7ac5ca-a,9108363
/kerneler/starter-chit-fund-exercise-49389b42-9,9105757
/sreejeet/exercise-random-forests,10082591
/harshayerasi/basics-of-pandas,9238290
/eshantsah/kernelf7aa33eacb,9262209
/kerneler/starter-hpa-external-data-666dbc9f-8,9100122
/kerneler/starter-hpa-external-data-2-b7635984-0,9100108
/kerneler/starter-tsaclaim-af8acab5-2,9098748
/voquocbang1996/kernel040c80e2e0,9100021
/godfather0309/kernel5699a151d1,9167802
/jennivine/the-ugly-truth-of-people-decisions-in-speed-dating,9097318
/bkkaggle/combined-shakeup-prediction,9147008
/ungvarirobert/physical-meanings-of-tec-20-forkedversion,9094225
/kerneler/starter-catch-me-if-you-can-7181e865-4,9091946
/kerneler/starter-pet-adopt-8fcef417-9,9091221
/vrb1920/fork-of-mnist-digit-classifier-competition-7f5465,9525040
/kerneler/starter-diabetic-retinopathy-numeric-c-6f7c04c1-1,9087062
/kerneler/starter-ottawa-bike-counters-time-5b69d62a-3,10004124
/kerneler/starter-noaa-gsod-grouped-pkl-0a85a9d6-a,9081392
/krishamehta/protein-atlas-exploration-and-baseline,9075825
/mhassell/group-by-having-count,9075973
/mhassell/select-from-where,9075944
/kerneler/starter-resnet-50-model-keras-0fcf77a2-2,9514172
/kerneler/starter-population-un-data-12e3cb16-7,9697629
/jaswar/machine-learning-to-predict-results,9074167
/jaswar/machine-learning-based-model-to-predict-results,9073934
/kerneler/starter-one-flower-7e5c7c73-a,9073324
/ssimontacchi/kernela4f99e82a8,9189933
/kerneler/starter-tkd-sales-for-region-4-2eeea52f-a,9071411
/stefanogizmo/fork-of-exercise-machine-learning-competit-fill,9068773
/kerneler/starter-protein-atlas-lib-7fa8d59e-7,9068525
/kerneler/starter-protein-atlas-lib-b2f8b61a-8,9068467
/kerneler/starter-2018-chicago-employees-e79f30fa-a,9068079
/stefanogizmo/fork-of-exercise-machine-learning-competit-f36337,9067813
/sevgiyilmaz/red-wine-quality-sy,9156042
/bkkaggle/skip-rnn-cv-meta-shakeup-15-20,9073153
/bkkaggle/skip-rnn-cv-meta-shakeup-10-15,9094596
