/ammbernardes/a-journey-through-titanic,688020
/progmatix/notebookf1894c520c,688014
/z0mbie/explore-enron,687988
/cfeij3594/terrorism-attacks-in-the-world-1970-2015,687985
/jolhe006/notebook4603333037,687950
/kartikpadmanabhan/notebook4910b8927e,687940
/scascar/titanic-data-analysis-and-machine-learning,687938
/patrickheront/notebookd2870e9421,687837
/vcop2x/notebook6b14cf8a55,687836
/michellejw/shelter-animals-exploration-and-visualization,687829
/mrunaals/ufo-sightings-in-selected-states,687817
/chechir/fish-keras-forked-forked,687735
/jackzzj/notebook733a5d6183,687732
/robotsinheels/notebook3fd2bd6655,687675
/robotsinheels/notebook03ca75d8a3,687669
/mgaringo/notebook49586ae705,687614
/zhanar/notebook3216020126,687600
/arulmozhivarmank/the-fans-stay-loyal-the-players-move-on,687584
/ywenlu/notebook1de90aef3f,687504
/dean2016/first-prediction-project,687491
/xerxes01/notebook57ed8c52d6,687483
/dean2016/notebook409c69cc3c,687481
/fizik2/notebookf48aec0577,687459
/tripathis/joyful-death-analysis,687455
/pujakumari/notebook7bdaca9013,687434
/spirit11/notebook2d7e950c23,687420
/sparrow260/a-journey-through-titanic,687418
/osheam4/expedia-competition,687406
/spirit11/notebook39e3e01d4f,687361
/sonderella/notebook521cdd295d,687345
/sonderella/notebook7f216a7b31,687342
/maerville/notebook851581225c,687510
/shuangsong/star-clusters-prelim-data-sorting-and-clustering,687309
/germanmad/time-series-analysis-of-hilary-s-emails,687294
/vinodmang/eenet-model,687304
/jhuno137/notebookfbeb421091,687262
/seemakanuri/notebook457d1db54d,687240
/lilsamsam/plots-pivots-ml-and-correlations,687238
/coding2fun/in-depth-skewed-data-classif-93-recall-acc-now,687211
/mlowen/notebook7e9c4b2ecd,687179
/sumanth1211/fish-yolo,691952
/sumanth1211/notebook8325ddba2d,687092
/nebular87/regularized-linear-models,687059
/angelmm/outbrain-pandas2,692303
/kotobotov/frequent-words-model-v3,686909
/cteant/titanic-mechanic-machine-learning,686873
/md524252968/notebook43f6146a31,686859
/scascar/an-artist-s-favorite-words,686852
/scascar/notebook8f0d398472,686840
/devangkulshreshtha/catdognet-keras-convnet-starter-b70ec4a7,686792
/devangkulshreshtha/catdognet-keras-convnet-starter,686790
/shevon/random-forest-benchmark-python,686770
/nowaxsky/notebook470763aac4,686753
/stelzc/python-data-visualizations,699941
/meixiyue/notebook762a745bed,686744
/op1490/a-journey-through-titanic,686731
/pikamel/titanic-survival-prediction-end-to-end-ml-pipeline,686716
/kizaph/notebook87911bcba4,686703
/kizaph/notebook99b3881510,686701
/azzikl/neural-network-through-keras,686694
/ceis2017/notebookffd81aed0e,686645
/aniketb/a-journey-through-titanic-486fec42,697440
/raghunanden/data-prep,687223
/tastevin/notebook539dcb6992,686605
/masahcdm/notebook635bfa400d,686583
/arjoonn/water-quality-maps,686508
/murxor/custom-vs-provided-leaf-data,686505
/cteant/titanicexercise,686550
/bartfx/notebooked22b8fa67,686459
/flying3561031/our-young-and-their-wasted-youth-plotly-visuals,686450
/helkhobzi/notebook30c6755388,686440
/yottaasys/educate-women-for-better-india,686405
/klclone/notebookb23446ef3a,686399
/cteant/notebook7bb7c60fbe,686395
/cteant/notebook292e4ff590,686381
/jatinjansari/1-san,693152
/ledhead/notebook3715b00919,686337
/cocu23/titanic-data-analysis-and-machine-learning,686290
/peanutbutterz/prescription-based-prediction,686286
/harrywa/fork-of-911-calls-analysis-learning,686277
/taowenwu/notebook69a66a2db6,686185
/kathakaliseth/the-counted-geographic-overview-not-armed,686225
/jxpjay/neural-network-through-keras,686075
/peanutbutterz/walk-through-of-different-classification-models,686062
/jxpjay/notebook357fb3f30c,686041
/rahulkumar1/notebook7a19e8776a,686040
/lukesingham/notebook452541fe8b,685962
/aigualadaiii/notebook9a12802e7f,685953
/yoshscl/ftrl-run,685930
/aigualadaiii/notebook34b6a65747,685929
/sonderella/credit-card-fraud-detection-3-different-models,688357
/aigualadaiii/notebook98d5a3cf28,685899
/vishaljc77/titanic-learn,685891
/aigualadaiii/notebook042fc5caff,685889
/aigualadaiii/fork-of-imdb-test,685887
/vishaljc77/testing,685874
/akanet/notebook2dd578ed1b,685829
/abdulmueed/testcodeone,685789
/andreiacscampos/notebook75b6783574,685774
/wendynieuwkamer/mastering-the-sf-library-data,685772
/willemgj/notebook2ad0fa87e5,685761
/millie689/iris-dataset-visualization-and-machine-learning,685738
/jiaminglin/keras-convnet-lb-0-0052-w-visualization,685684
/aguebailia/joyful-death-analysis,685623
/gnkadimeng/install-packages-ggplo2,685628
/rowanmahon/linear-regression-avgprice-fc3239c4,685579
/jerryscott/kaggle-titanic-001,685538
/huihu7987/exploring-titanic-data,685522
/kinjaldand/notebook8040425735,685491
/fuyajing/data-exploration,685482
/kinjaldand/hong-kong-marathon-analysis,685456
/nitinvijay23/leaf-classification,685444
/jerryscott/notebooka7c6db7b21,685409
/aivxyz/python-data-visualizations,689846
/sharpfire/notebook439edf47da,685322
/superzhang828/ensemble-of-4-models-with-cv-lb-0-11489,685279
/shkwak/titanic,685202
/digimon/tensorflow-deep-nn,685188
/skoessler/plots-pivots-ml-and-correlations-cf918d9e,685187
/skoessler/mastering-the-sf-library-data-a7b86cd3,685181
/bcg0006/titanic-competition,685259
/digimon/mnist-with-cnn-0-99157-score,685151
/rissonyao/notebook73512be251,685141
/prathikhegde/imdb-movie-metadata-analysis,685137
/vish3sh/fork-of-notebook293a1f7381,685136
/prathikhegde/a-journey-through-titanic,685106
/pankajmishra/notebook318da295fd,685100
/nishank974/notebook30c0493806,685075
/dial911/testpy,685061
/sulscott/notebookc0acbb2645,685038
/taeheekim/joyful-death-analysis,685031
/juanli/mastering-the-sf-library-data,685025
/zhuyeming/notebookc0790a657a,685020
/jerryhouse/xgboost-py,684997
/jerryhouse/notebook19866b73cb,684983
/skoessler/plots-pivots-ml-and-correlations,684970
/skoessler/mastering-the-sf-library-data,684965
/mtnayt/notebook1b9708377f,684950
/rafazz/notebook52fd915d12,684944
/shkwak/notebookd0317987c4,684929
/nikitaganin/testing,684922
/slerner/notebook8c63495cd7,684917
/minghaolee/notebook7153b6eed1,685000
/yuduow/a-journey-through-titanic-33b9931a,684890
/rfliu6/test1-1,685255
/vijaynv/digit-recognizer-in-python-using-cnn,684842
/mohitag0193/principal-component-analysis-explained,684824
/luckysonny/notebook4baf14af29,684805
/learningx/notebook008a5d2208,684786
/prathikhegde/python-data-visualizations,684784
/gdhsjwj/notebook8546faf168,684760
/alokpanjiyar/fork-of-kovid-gu-alokpanjiyar-workshop,684749
/shedayati/notebook9039d4f3da,684744
/unlikelybutpossible/surviving-random-forest-and-logistic-regression,684730
/gunjan17/our-young-and-their-wasted-youth,684725
/saintdragon/titanic-exercise,684724
/yinggaohai/the-most-predictable-league,684653
/rturyatemba/fork-of-99-9-fraud-detection-on-credit-card,686278
/qingnan/notebook85a6137552,684569
/andreyjanzenx/fork-of-notebookc8fff100a2,684554
/iyyakuttiganapathi/notebooke85d9ba3ac,684505
/jianguangg/xgboost-lasso-copied,684566
/rohit1996/radom-forest,684484
/dysonlin/a-journey-through-titanic,684478
/markcrowley/notebook4efc3ba99b,684477
/kingfengji/notebook45b66762ce,684444
/dysonlin/titanic-survival-prediction-end-to-end-ml-pipeline,684438
/duttasayantan/states-based-sexratio-literacy-rate,684374
/michellejw/xgboost-example-0-76178,684358
/rashim/notebook80d36cee0c,684352
/datanigu/notebookc204fc9dc2,684320
/jiandi/notebook0be385a1b5,684296
/pradeepj/detailed-cleaning-visualization-python,684280
/jlopez86/predicting-legendaries-from-stats,684270
/momentaj/1-layer-neural-network,684249
/vaishalibisht/notebookf3df0ebd9f,684245
/vagrantguy/xgboost-ridge-lasso-bd2b2af7,684225
/apieper/notebookfd1e47db8e,684222
/gdhsjwj/notebookce6eb05efe,684210
/liuzheyu/optimal-expected-submission-value,684183
/albert2000/march-madness-competition-collect-data,10669938
/amarmeena1992/montreal-bike-eda,10669740
/debkings/starter-penalidades-897510fd-e,10669462
/shreyashbohara/does-saving-more-life-leads-to-overpopulation,10668981
/shyambajaj/cat-and-dog-classification-using-keras,10668140
/emir75/annualavgtemp-inturkey,10667887
/kks96500/decision-tree-regression-model,10667144
/rgwegwegwe/harold-and-kumar-v2,10666804
/theshivamchand/tmdb-movie-dataset-analysis,10806937
/lpierezan/house-prices-eda-full-pipeline,10665853
/yaomarne/analysis,10664710
/ashrocz/iris-dataset,10681874
/franzxschmid/gradient-descent-simple-example,10669760
/pmajor/very-simple-eda-and-linear-regression-model,10664620
/kks96500/support-vector-regressions,10663548
/hyungjoon/notebookfb1df2e7a4,684168
/richardlo/regularized-linear-models-1b7715bd,684167
/krisuncy/notebook576aa223a5,684144
/hyungjoon/notebook8fcf2797e8,684118
/badoun/in-depth-skewed-data-classif,703729
