,None
/emmanuel1989/titanic-practise-1,1123989
/kelvineng/notebook21610b58ee,1123987
/iceactor/quora,1123978
,None
/soumyadtps/demo-titanic1,1127620
/sunlanchang/mnist-pca-svm-python,1124061
/shuteng/notebook92340e965c,1123934
/tbrooks2010/notebook1a9508d3db,1123929
/alazar/notebookd197ee827e,1123927
/adhok93/notebook8c3a6a8e86,1123920
/cokeraby/notebookece3cae905,1123903
/amd244/notebook27fe927c8f,1123889
/oleksiig/notebook0104502add,1123868
/leechywen/notebook3d2e4fa5ee,1123864
/anand44/notebook276bd64108,1123860
/leechywen/notebook3b9b1c240b,1123833
/hongchaoqun/notebook4ade6baed5,1123827
/brtkav/notebookf8aa36980b,1123807
/mwaddoups/notebookfa92f88726,1123803
/datachu/firstcompetition,1123839
/cokeman/notebook4077e729b0,1123780
/samerabdallah/notebookac802f9cc7,1123761
/nyistyao/tatain,1123742
/eitzen/notebook4ad8bfd476,1123740
/ritvikagarwal/notebookaa209d49b7,1123722
/talhasajjad77/notebooka73af55281,1123708
/wikkefly/notebook5ee82b8fa9,1125735
/bshelton141/notebook25702fe5ed,1123693
/megha99/notebook4e6b165dbe,1123690
/onurcc/mltry,1123683
/jhsong/hello-ghost,1125564
/ayank77/notebooke2c9e0ee50,1123636
/jerostaizean/notebook645033ab5c,1123622
/liirusik/notebook4b9cf87741,1123615
/sawasekar/notebook4e89d4621f,1123611
/sasvanaan/notebookc2329fc43e,1123608
/garrypandey/notebook6dc1a476b5,1123606
/yinpengfei/notebook8ac02fd834,1123539
/huaxiatiankong/dealing-with-multicollinearity,1123537
/schlunsen/notebook6e1eed4bb2,1123532
/breandan/notebook2262e10577,1123526
/emilfrisk/testing,1123525
/ralshehhi/test-glcm,1123521
/esztis/notebook3164c26672,1123505
/ayank77/fork-of-college-work,1123498
/msilvaecastro/house-prices-feature-importance,1123469
/matheronkaggler/quora-lstm,1123458
/wangqihui/simple-keras-starter,1123445
/aerosole/notebookfc4dd5b2f4,1123444
/kyowill/titanic,1123438
/kyowill/notebook0df11909d8,1123436
/muskelieno/tuomas,1123435
/nishanthjois/notebooka52092b7e0,1123392
/diman3589/notebooke91257d945,1123379
/eoinokeeffe/welcome-to-deep-learning-cnn-99,1123343
/danycold/xgb-feat-selection-and-param-tuning,1123315
/l19922017/notebook0ffe0d58fd,1123278
/chgw2001/titanic-test,1123296
/chgw2001/notebookfc8f5ec1a8,1123254
/subhransuss/western-movies,1123251
/srrdy21/rossman,1123209
/abhishek1singh/notebookcb455fd6be,1123177
/dadada/ddddd,1123163
/pshirude/notebook4488ee8273,1123160
/arcobaleno1996/image-segmentation-in-r,1123155
/bobzsj87/notebookbf2ca7964a,1123121
/sngdh30/notebook9287fd1358,1123119
/kokwai4869/notebookfc64d18508,1123117
/satadru5/notebook84006a7b1e,1123111
/zhanglijuan/traffic-fatalities-in-2015,1123086
/youseok/notebook38eb711260,1123077
/maxovs/notebookffff7c3d01,1123070
/mounika45/notebook036e4fbc22,1123061
/sas970710/notebooke59d109273,1123027
/potapm/naive-xgb,1124431
/bhuvanabhc/notebook2f67a13b35,1123020
/ayank77/notebook79efa2d8e6,1122998
/squirrelparty/notebook31dcd72bd5,1122973
/helloklima/titanic-marvin,1122968
/zhanglj/fractals-of-nature-blend-0-89805,1122961
/jiujing23333/starting-kit-for-pytorch-deep-learning,1122960
/helloklima/notebook18d74feba8,1122964
/jettjz/notebook9a6a7f52e7,1122956
/mpotma/first-try-using-keras-cnn,1122954
/thoecool/kaggle-titanic-hasil-copas-dari-github,1122951
/kimbom/notebookb0bbfe92d7,1122945
/xiaoranone/notebook9d97cefc4f,1122939
/tngodup/notebooke418d5cd11,1122928
/peterzhang321/notebook6daa143a05,1122919
/uwububu/notebook68cf3520b6,1122907
/pssachdeva/notebookbc66582c57,1122895
/tylerdzh/notebook31a64171dc,1122859
/ashutoshmahto/notebook7ec36cd449,1122856
/annavictoria/styles-of-play-by-country,1122994
/annavictoria/notebook5d2840673b,1122849
/rhinoh/notebook0830b80f2a,1122788
/richardqiu/data-training,1126783
/melgin/notebookf2b82faa09,1122785
/mdalal/notebookf21bd8d716,1122741
/kstengy/notebook4fc67b234f,1122735
/hanhsienhuang/notebookbe6ba2ad36,1138552
/oghulk/notebook5275be0c79,1122659
/zerin5577/notebook5c68637b94,1122646
/dingus148/russian-housing-cleanup-r-v2,1122630
/hyeaves/notebook8fd84d1012,1122624
/fineburger/notebooka1c66dc816,1122610
/dingus148/notebookdc5ff44993,1122603
/tusohelp/svm-net-adaboost-and-so-on,1149643
/luipillmann/notebooke8170452d9,1122579
/bashii/notebook7f78f1f7ab,1122574
/deidei23/notebook97003281bb,1122571
/camihu/notebooke6b78b6fcf,1122548
/brilley/titanic-survival-prediction-end-to-end-ml-pipeline,1122518
/dinglvlq/notebookf40cfad293,1122491
/bk1007/notebookff749a6692,1122470
/rayjrosasv/notebook64a3352edc,1122468
/comikreig/notebookfa50dd465f,1122467
/rayjrosasv/notebook828d2a4cb2,1122466
/snoopbobb/notebook5ca8112458,1122465
/harshavardan25000/notebook8af110bf00,1122459
/wenxuanhuang/notebook027d917408,1122458
/harshavardan25000/notebookc78aa5acb8,1122448
/nbsiva/notebook9b00c11aaf,1122447
/nelson000/notebook122f1bac30,1122445
/cosentinoda12/exploring-survival-on-the-titanic-dc,1122443
/behzadgolshan/notebook370acdf26f,1122400
/hzlihang99/notebook104e16a8ec,1122356
/taoufik/notebooka33678e2d5,1122347
/bonacinalucaasp/notebookdb6cf8a431,1122343
/airjoshua/notebook5665679f59,1122336
/amehndi/notebookbf5cbaf48b,1122317
/ejeronimus/3-months-of-r,1166070
/annavictoria/notebook40c7b44d80,1122271
/huguesp/notebooke4af557901,1255899
/jyonkov/notebook091f362ae0,1122251
/dsaini306/comprehensive-data-exploration-with-python,1128736
/huazhang/notebookce7c348722,1122241
/mpandey101/notebookcb35c3c730,1122240
/jackson12828/notebook594121dfd2,1122233
/gogolgrind/fractals-of-nature-blend-0-89805,1122217
/antgoldbloom/notebook2eaa6d3550,1122203
/benhamner/notebookc14849a80f,1122202
/gpilikos/notebook8422c8b9a3,1122187
/vidyag/notebookeac20d95b1,1122185
/jyonkov/notebookf8a52806b5,1122177
/jdadamscs/notebook905dfecfa7,1122118
/chrisbarran/notebook5d43e191bd,1122114
/lucasalm/notebooka66fbe02e4,1122108
/scranney/imputations-and-variable-selection,1169177
/tynovsky/notebookb0548e797d,1122094
/pavellauko/notebookd61b0b7bd9,1122093
/wluijben/notebook15bbb1f2c3,1122089
/chenkai036/notebookfe19c31da5,1122088
/konggas/notebook5466d38cc5,1122039
/sahmilcheelan/sex-parch,1122041
/thurston/notebookf9b2fef5e5,1122035
/sahmilcheelan/class-parch,1122032
/philnugs/notebook4962e98aa7,1122007
/annavictoria/notebook4839360ca9,1122005
/harshasrivatsav/analysing-ipl-data,1122003
/cgrillo27/notebookaaef327c92,1122002
/annavictoria/notebook2e80a5b2dc,1122000
/annavictoria/notebooke6e3d5a470,1121995
/hichamel/notebook026237cd51,1121975
/manishkandel1/notebook519d05553e,1121964
/annavictoria/notebook5c5ac68ffe,1121945
/merecommunication/notebook30f8c3be1a,1121925
/merecommunication/notebook6581da5034,1121924
/sahmilcheelan/gender-embarked,1121992
/medericf/notebookb6f8c1b5d3,1121891
/medericf/titanic-survival,1121888
/medericf/notebook49d34abb02,1121875
/manishkandel1/notebook40bb8e6cd3,1121872
/marjinal1st/notebook6792b37888,1121860
/scranney/digit-recognizer,1121843
/eduardo6/sberbank,1121826
/eduardo6/notebook2a68bba2ab,1121824
/studentbi/notebook8373a80d59,1121821
/navneethc/notebook85ac205989,1121816
/mohitdhagat/notebooka8347a6f57,1121807
/famous/notebook2f3d96bb26,1121785
/famous/notebookd964996208,1121751
/misterec/notebook2d97804384,1121729
/abheeman/natural-growth-patterns-fractals-of-nature,1131301
/nmnmnm/notebook130e90b07d,1121707
/hhyhhyhy/exploratory-study-on-ml-algorithms,1121704
/arjun88/notebook1f69e9c19a,1121696
/mugenjoka/ibm-hr-analytics,1121690
/valiantkevin/notebook61d471946f,1121689
/xiangze/natural-growth-patterns-fractals-of-nature,1125746
/qianteng/notebook872cb72a27,1121648
/nate778/notebook6c8ad03c1a,1121644
/temptheme/notebook02479d89ff,1121628
/jamesmad/notebook4bec5974b1,1121622
/mansitiwari/notebookf67dddceff,1121608
/frosinastojanovska/notebook5fe01f894a,1121599
/lokendradevangan/housing-price-feature-selection,1136422
/breandan/global-temperature-data,1121595
/beovulfo/reference,1121567
