/jessicasantos/data-science-hiring-challenge,5316793
/rickkoch/learn-python-challenge-day-7-exercises,6041252
/fehitasi/notebook2,5504298
/fehitasi/notebook,5313960
/dggraham/learn-python-challenge-day-1-exercises,5313662
/tnkumar/tensorflow-and-keras,5338343
/mallela432/exercise-coding-in-tensorflow-and-keras,5309383
/balaganabathy/learn-python-challenge-day-1-exercises-834ecb,5510316
/mallela432/exercise-convolutions-for-computer-vision,5308933
/kergamm/exercise-random-forests,5308528
/bogdanblagait/exercise-syntax-variables-and-numbers,5306084
/aroraaman/learn-python-challenge-day-6-exercises-fdbbbc,5307671
/hsinjhao/summary-functions-and-maps-workbook,5358000
/guwuca/numpy-matplotlib-exercise,5303459
/hsinjhao/indexing-selecting-assigning,5358368
/nopanic/exercise-syntax-variables-and-numbers,5301075
/dingdiego/baseline-v6,5334273
/lucasrafaldini/learn-python-challenge-day-3-exercises,5352261
/amandahutter12/exercise-model-validation-3a473d,5453759
/rjalexander/summary-functions-and-maps-commented-solutions,5311332
/minalk11/exercise-random-forests,5296722
/dryuki/exercise-syntax-variables-and-numbers,5312751
/minalk11/exercise-underfitting-and-overfitting-aa3ad3,5296177
/kitwradr/ship-detector,5360672
/lucasrafaldini/learn-python-challenge-day-2-exercises,5292352
/alimpolat/alim-indexing-selecting-assigning-reference,5291694
/lucasrafaldini/learn-python-challenge-day-1-exercises,5291269
/aroraaman/learn-python-challenge-day-4-exercises,5290672
/hsinjhao/creating-reading-and-writing-workbook,5358074
/manjarimisra/exercise-lists,5288758
/nagalaxmi1/data-cleaning-challenge-outliers-r-d06881,5289243
/deathinsured/exercise-functions-and-getting-help-198f95,5288087
/manjarimisra/exercise-booleans-and-conditionals-4357aa,5287118
/subrahmanyamboyapati/creating-reading-and-writing-workbook,7536135
/sanaahuja/mark5826-assignment-1-6fbcb7,5286567
/tchalla/exercise-syntax-variables-and-numbers-07cec2,5284681
/upperdomain/niti-ayog-hack1,5328418
/shreyasjothish/exercise-functions-and-getting-help,5428294
/kevinkun/mark5826-assignment-1-302f3c,5297873
/ruchitagundecha/data-cleaning-challenge-handling-missing-v-5d759e,8285035
/guwuca/knn-framework-674f69,5280488
/fritschcm27/uw-health,5289916
/michaelgi962/image-dimension-funcs-histograms-resize-image,5400890
/saimeher/exercise-syntax-variables-and-numbers-87a0f4,5316836
/rishab29/exercise-model-validation-ad1318,5277634
/playtimez/knn-framework-46723e,5318533
/rishab29/exercise-your-first-machine-learning-model,5277286
/hientd/exercise-machine-learning-competitions,5303555
/hientd/exercise-model-validation,5275065
/ernie55ernie/learn-python-challenge-day-7-exercises,5276017
/hientd/exercise-your-first-machine-learning-model,5274703
/kalpitjoshi19/creating-reading-and-writing-workbook,5271659
/christyyin/exercise-joining-data,5269198
/daryalukash/exercise-dropout-and-strides-for-larger-models,5265849
/daryalukash/exercise-modeling-from-scratch,5265269
/sndnshr/data-cleaning-challenge-inconsistent-data-entry,5265007
/ian2147/mark5826-assignment-1,5265603
/sndnshr/data-cleaning-challenge-character-encodings,5265012
/daryalukash/exercise-using-transfer-learning,5263570
/viking714/creating-reading-and-writing-workbook,5265230
/dingdiego/baseline-v5-tmp,5261904
/leebaro/mercari-interactive-eda-topic-modelling-681ca3,5334672
/mfekadu/youtube-kaggle-part-2,5259744
/pandit95/data-types-and-missing-data-workbook,5375666
/honeysingh/cats-or-dogs-using-cnn-with-transfer-learning,5467648
/rebeccaturner/we-do-jupytercon,5569884
/lelexad13/prediction-of-housing-prices-in-iowa,5254718
/chetlurkrishna/baseline-random-forest-8321e7,5297595
/hugotho/learn-python-challenge-day-1-exercises,5346081
/natalia089/learn-python-challenge-day-1-exercises,5335841
/anu0508/fork-of-logistic-regression-and-xgboost-implement,5252652
/minalk11/exercise-model-validation,5291630
/daryalukash/exercise-coding-in-tensorflow-and-keras,5250037
/blcksrx/grouping-and-sorting-solution,5282333
/sharon8063/mark5826-assignment-1,5250978
/janeyb/what-s-cooking-kernel-logistic-regression,5253406
/blcksrx/indexing-selecting-assigning-solution,5267189
/fabienvorpe/emnist-digit-dense-nn,5427173
/linhliu/knn-framework-3ab156,5245043
/leebaro/dynamic-pricing-with-feature-engineering-67623d,5244302
/viking714/xgboost,5241996
/thenush07/baseline-random-forest-220c69,5282713
/pandit95/grouping-and-sorting,5257670
/pandit95/summary-functions-and-maps-workbook,5240047
/michail/fork-of-kernelb44ee5f748,8143583
/ppinzani/exercise-group-by-having-count,5235750
/honeysingh/beginners-guide-to-text-generation-using-lstms,5689899
/ppinzani/exercise-using-select-from-where-475e0b,5235525
/lucasangelis2/notebook-adult,5392647
/alexvlkuz/data-cleaning-challenge-inconsistent-data-entry,5234248
/resolver101757/sheffieldml-august-2018-getting-started-kernel,6539967
/chidanandav/exercise-lists,5246473
/user309329/starter-la-community-wide-greenhouse-1c3980c0-6,5232846
/danielhanchen/mark5826-week-4-solutions,5231524
/annayu/data-cleaning-challenge-parsing-dates-7f1655,6486397
/ankitbasu/creating-reading-and-writing-workbook,6790162
/minalk11/exercise-explore-your-data,5229789
/shreyasjothish/exercise-syntax-variables-and-numbers,5428261
/preetamchakraborty/exercise-functions-and-getting-help,5343242
/charlopan/mark5826-week-4-00d1a9,5224993
/viking714/handling-missing-values,5223890
/manjarimisra/exercise-functions-and-getting-help,5225936
/viking714/exercise-underfitting-and-overfitting,5221030
/ellecf/fork-of-first-pass-titanic,5214746
/parthajitmahaldar/exercise-booleans-and-conditionals,5228627
/pandit95/indexing-selecting-assigning,5240108
/cse0031/predicting-medical-insurance-cost,5287746
/peterhsiesh/visualizing-daily-bitcoin-recipients,6097036
/christyyin/exercise-using-select-from-where-81eec6,5208036
/ramsha275/indexing-selecting-assigning,5208032
/yuantingning/creating-reading-and-writing-workbook,7490368
/parthajitmahaldar/exercise-functions-and-getting-help,5205829
/ponyo0807/mark5826-assignment-1-b59256,5207786
/doubo151/indexing-selecting-assigning,5364206
/doubo151/creating-reading-and-writing-workbook,5361456
/astonmartin/knn-framework,5201520
/dingdiego/baseline-v5,5291925
/reza29/exercise-syntax-variables-and-numbers,6941774
/chidanandav/exercise-booleans-and-conditionals,5201059
/nikhilkambojjmit/exercise-your-first-machine-learning-model-944e84,5199053
/galenchen90/knn-framework,5198276
/hotrank/knn-framework,5197723
/pfife00/data-cleaning-challenge-inconsistent-data-entry,5194926
/anumeha29/submission-for-wc-contest,5281470
/bdelanghe/exercise-booleans-and-conditionals,5194537
/atashnezhad/ml-data-science-tutorial,7370329
/yuping1624/exercise-booleans-and-conditionals,5403015
/cirofo/credit-card-fraud-detection-sklearn-statsmodels,5197725
/yuping1624/exercise-functions-and-getting-help,5191342
/babacarkaggle/getting-started-in-r-graphing-data-ad1228,5189000
/a86646112/exercise-functions-and-getting-help-becb6a,5186391
/deepanshkhurana/titanic-solution-attempt-3,5184691
/gauravmigz/exercise-booleans-and-conditionals-802bf3,5185463
/fish417913/visualizing-data-with-ggplot2-workbook,5182264
/banerjeeplancksoumya/exercise-lists,5403712
/banerjeeplancksoumya/exercise-booleans-and-conditionals,5403546
/deepanshkhurana/titanic-solution-attempt-2,5177321
/banerjeeplancksoumya/exercise-functions-and-getting-help,5403438
/banerjeeplancksoumya/exercise-syntax-variables-and-numbers,5398415
/vatanjangra/data-cleaning-challenge-handling-missing-v-e486f2,5175344
/shbaran/exercise-syntax-variables-and-numbers,5170321
/deepikahouji/game-of-thrones,5168526
/sharadkaggle/exercise-booleans-and-conditionals,5182749
/fish417913/manipulating-data-with-the-tidyverse-workb-945e6a,5173711
/chuxinhuang/mark5826-assignment-1,5164414
/sharadkaggle/exercise-functions-and-getting-help,5165453
/arunpalaniappan/random-forest-for-house-price-prediction,6421350
/ehsankhaveh/data-cleaning-challenge-inconsistent-data-entry,5157911
/riddlerclash/exercise-strings-and-dictionaries,5169329
/krisho007/exercise-modeling-from-scratch-28d3e0,5172515
/mounirtemp/data-cleaning-challenge-parsing-dates-8a1161,5154416
/riddlerclash/exercise-loops-and-list-comprehensions,5153829
/sanaahuja/mark5826-week-4,6613266
/sndnshr/data-cleaning-challenge-parsing-dates,5265060
/sndnshr/data-cleaning-challenge-scale-and-normalize-data,5265035
/chengqiangqin/mark5826-assignment-1-5ea58f,5287626
/rajivpardhan/exercise-syntax-variables-and-numbers,5171295
/chandi8203/data-cleaning-challenge-handling-missing-values,5151526
/plarmuseau/anyone-an-idea-about-this-cluster,5171592
/specker/renaming-and-combining-workbook,5151175
/karthickaravindan/exercise-house-price-competitions,5149256
/prateekiiest/slp-mlp-analysis,5850844
/ephemerai/handling-missing-values,5418648
/yuuuuuq/data-sciencetutorial-for-beginners,5278635
/cirofo/load-data-an-lises-e-modelo-simples,5197138
/minalk11/method-chaining-workbook,5220482
/mikelutter/spam-classifier-with-keras,5141389
/ehsankhaveh/data-cleaning-challenge-character-encodings,5141321
/burakyazici/data-sciencetutorial-for-beginners-52f7af,6630036
/musfiq47/take-home-exam-1-ipe-205,5139179
/ehsankhaveh/data-cleaning-challenge-parsing-dates,5139032
/returnofsputnik/create-my-csvs-old-from-a-month-ago,5137960
/dingdiego/baseline-v4,5352004
/mbarkow23/getting-started-in-r-graphing-data,5136338
/parthajitmahaldar/exercise-syntax-variables-and-numbers,5151176
/mounirtemp/data-cleaning-challenge-scale-and-normaliz-845f07,5137957
/karthickaravindan/exercise-underfitting-and-overfitting,5135576
/specker/data-types-and-missing-data-workbook,5135161
/karthickaravindan/exercise-your-first-machine-learning-model,5129360
/tanzilislam021/take-home-exam-1-ipe-205-12c01f,5128357
/karthickaravindan/exercise-explore-your-data,5130554
/bharath533/exercise-random-forests,5128696
/annayu/data-cleaning-challenge-scale-and-normaliz-111d77,5230521
/jdutta1993/exercise-random-forests-da2aee,5126434
/pfife00/data-cleaning-challenge-scale-and-normalize-data,5126098
/jamiesawyer/data-cleaning-challenge-inconsistent-data-entry,5125237
/jdutta1993/exercise-underfitting-and-overfitting,5126063
/vikashsharma8/data-cleaning-challenge-scale-and-normaliz-e553a5,5198836
/mbarkow23/getting-started-in-r-summarize-data,5135186
/malayb/exercise-machine-learning-competitions-dc4894,5144185
/fish417913/welcome-to-data-science-in-r-workbook,5165639
/sujoychakma/take-home-exam-1-ipe-205-4f5b6c,6110318
/jdutta1993/exercise-model-validation,5123889
/kpkent/exercise-working-with-external-libraries,5360334
/pp1992/data-cleaning-challenge-handling-missing-values,5120436
/rafsanrahat9/take-home-exam-1-ipe-205-b33959,5118776
/jdutta1993/exercise-your-first-machine-learning-model,5118255
/sharadkaggle/exercise-syntax-variables-and-numbers,5141738
/minalk11/grouping-and-sorting-6f1855,5117794
/minalk11/data-types-and-missing-data-workbook,5220515
