/mhxshin/python-data-visualizations,951220
/nancyquan/a-journey-through-titanic-34dbd1,951105
/nancyquan/a-journey-through-titanic-83aff6,951099
/vikasrkm/notebook9a881f6f61,951026
/vikasrkm/notebook352131980c,951021
/mukhes3/a-journey-through-titanic,951017
/nicknordale/nn-script1,950984
/philipxue/fork-of-leaf-classification-using-cnn,950972
/binksbiz/starter-explore-youtube8m-sample-data,950969
/nicknordale/notebookb26b1f9d02,950963
/joan7510/preliminary-exploration,950960
/nvpiao/fork-of-loading-and-processing-the-sample-i-82b507,950952
/nvpiao/fork-of-loading-and-processing-the-sample-images,950950
/jainkunal/predicting-show-up-no-show,950943
/yiding/3d-convolutional-neural-network-w-o-programming,950939
/lspvic/notebookaabff85e3e,950918
/eagles2f/3d-convolutional-neural-network-w-o-program-8f9b66,950887
/langwolf97/wordcloud2,950857
/sweellan/full-preprocessing-tutorial,950840
/rbhadra/titanic-data-science-solutions,950839
/tarunbonu/notebook224c515efe,950830
/mkatre/notebook331d3706d5,950783
/chedly/yc-exploratory,950755
/xashru/notebookd6fbddc977,950751
/ashwinikmr/bosch-test1,950747
/zubairrauf/titanic,950731
/tgjeon/test-aa,950722
/mkatre/notebookc4d7943bce,950717
/braintickle/notebook58474c6de8,950712
/efuentes/keras-convnet-lb-0-0052-w-visualization,950705
/sgipdata/notebook59f66bb110,950703
/heyitsryan678/notebook4d2a0ed5ec,950681
/mudspringhiker/notebookdbe580c089,950680
/zhanglid/notebook9909407a53,950655
/youngtodd/first-pass-through-data-w-3d-convnet,950643
/mkatre/notebook1af3006e2a,950642
/hantah/full-preprocessing-tutorial-66a4cd,950612
/agzamovr/introduction-to-ensembling-stacking-in-python,950564
/anu2591/notebooka024653d93,950466
/wujiabin/detail-analysis-of-various-hospital-factors,950438
/naveengoje/visualizing-pca-with-leaf-dataset,950423
/brycecanyon93/explore-enron,950417
/chegnlei/notebook8e0822f821,950406
/yasunori/notebookf7e4afcb9e,950390
/shaan0056/notebook918e1ecdee,3497971
/pkell47/notebook725d48ce37,950303
/chenjunnuc/notebookcdac667265,950257
/sunshinearong/glass-type-classification-with-machine-lear-646629,950239
/mpeteuil/notebook43b38810d4,950238
/paulliu/eda-and-classification-score-2-56180,950237
/kilianfan/notebook9031ee13c6,950232
/sunshinearong/glass-type-classification-with-machine-learning,950230
/wdw110/digit-rec,950229
/lop907/notebookf5e15d8c49,950151
/jakub999/notebook3c6fb5b906,950120
/ekababisong/notebook499cb18efb,950115
/agbonigha/principal-component-analysis-explained,950071
/sunzhao/titanic-data-using-svm-estimator-21081e,950059
/sunzhao/titanic-data-using-svm-estimator,950052
/emfung/notebook8cf456eb3b,950043
/vmartins/notebook2b2a57966b,949989
/trome17/notebook710fc0b68a,949982
/mashmn/fork-of-imdb-dataset-breakdown,949942
/jaythompson/notebook5398b74d89,949897
/wuyunsdu/predicting-fraud-with-tensorflow-a4178c,949895
/wuyunsdu/predicting-fraud-with-tensorflow-fad489,949893
/dcohron/comprehensive-data-exploration-with-python,949800
/tdiliii/notebook1561210cd3,949757
/unlikelybutpossible/xgb-starter-in-python,949750
/bchnge/notebookb57fc7ffce,949747
/xiaoyao70v/notebook8b969e8e8f,949711
/pootietang69/first-pass-through-data-w-3d-convnet,949702
/harkiratdeep/quality-of-high-education-by-country-in-2016,949697
/thatdongdongzhang/first-pass-through-data-w-3d-convnet,949678
/akhillohchab/waterway-0-095-lb,949598
/carinasauter/notebook40c1329b97,949543
/shalinialuri/notebook6dbd9d782a,949520
/snowynight/notebookc56edadca8,949519
/amm1990/notebooke8d58e50b1,949509
/nurika/notebook64d94efe74,949496
/epattaro/a-study-on-regression-applied-to-the-ames-dataset,949471
/danielwong/notebook1db49ced26,949349
/ocun88/titanic-data-science-solutions,949285
/wuyufei/n-gram-tf-idf-lb-0-08412,949179
/usmankhaliq/notebookf99aeb3904,949086
/jctoledo/notebook4ad8a67a2d,949068
/contrabit/a-quick-review-of-the-ign-reviews,949031
/notia81/exploratory,948914
/smit072/titanic-data-science-solutions,948837
/yuvitu/simple-exploration-notebook-2-connect-4d43e9,948823
/notia81/notebook3d65aedcbf,948804
/yuvitu/simple-exploration-notebook-2-connect,948759
/nickable90/notebook4e755b0fa9,948687
/lyndonsundmark/absence-example,948658
/matias3/btb-in-12-lines-lb-1-43,948629
/mathcode/exploratory-analysis-and-prediction-model-trials,948602
/saeed3/saeed,948526
/emachado94/a-journey-through-titanic-cc0dcf,948516
/emachado94/fork-of-a-journey-through-titanic-b15c8c,948512
/phynancier/introduction-to-ensembling-stacking-in-pyth-f266e5,948501
/phynancier/introduction-to-ensembling-stacking-in-python,948494
/nolelin5/full-preprocessing-tutorial,948448
/kvishakha10/notebook745b3a03dd,948410
/pjleimbigler/a-journey-through-titanic,948408
/aagundez/notebook7a4af7cab2,948313
/aagundez/notebookacbb87b6ea,948310
/simply7/notebookd0835a1a2c,948301
/bia6309/notebook19aa362156,948246
/stahmoresi/notebook571895b267,948194
/marmarko/titanic-survival-exploration,948118
/koduruprathyusha/notebook02f8240ba4,948066
/m7onov/starter-explore-youtube8m-sample-data,948030
/shahraiz/terror-in-kashmir-and-pakistan-s-involvement,948020
/alimorty/8th-sub,948018
/alimorty/7-th-sub,947998
/freakyoiseau/tensorflow-deep-nn-8ad73a,947955
/alimorty/6-th-sub,947948
/majstorbob/predicting-bike-sharing-with-xgboost,947915
/belsaid/notebook18c8e338f0,947852
/jfangkaggle/starter-explore-youtube8m-sample-data,947848
/julienpennecot/notebook30389feb1a,947782
/louisjier/notebook59cbc11d6b,947769
/zoe4028/notebooke24b64df2f,947766
/xyz8983/notebookc18e6201b2,947762
/zoe4028/notebook1461fdc78c,947757
/alimorty/5-submision,947741
/varun2145/feature-engineering-and-svm,948052
/yunpingwang13/notebook8bbba0aae4,947968
/yunpingwang13/notebook82ea08b367,947693
/eva4data/time-series-forecasting,947663
/grajgopalan/ames-housing-dataset-observations-eda,947638
/balasriram93/notebook63a6ebcab3,947607
/pandeyg2106/quick-charts-on-earthquakes-a9ea50,947577
/karimserkhane/a-journey-through-titanic,947569
/akul27/average-temperature-per-country-per-year,947550
/alimorty/4-submit,947491
/matanc/notebookcb0fa8213d,947477
/samiabahsoun/notebook483bb75ca2,947415
/pkbravehack/simple-exploration-notebook-2-connect,947311
/solomonroberts/bayesian-logistic-regression-with-rstanarm,947304
/arnabdey/exploratory-data-analysis,947290
/jiminottawa/introduction-to-ensembling-stacking-in-python,947225
/danielwong/notebook8f91f1ca8a,947207
/alimorty/third-submit,947151
/alimorty/my-second-submit,947102
/saulkohn/visualizing-pok-mon-stats-with-seaborn,947077
/saulkohn/map-of-temperatures-and-analysis-of-global-warming,947061
/puigjos/notebook832b7661de,947036
/puigjos/notebook26baaf8dd3,947007
/bogtudose/notebook009c567e8e,946972
/pimppm5/exploring-features-and-regression-models,1538075
/saulkohn/titanic-kaggletrial,946945
/pimppm5/pca-and-regression,1538074
/barlesh/pca-and-regression,946916
/pimppm5/regularized-linear-models,1538073
/tbskmmm/notebook7b6e711126,946914
/yoruss/notebook65f3bc5d8c,946912
/agentles/catdognet-keras-convnet-starter-d3cb88,946909
/yongwu/notebook9cbae9f854,946896
/liao10080034/introduction-to-ensembling-stacking-in-python,946888
/rfpinho/notebook33e27b4acb,946851
/tbskmmm/notebook52411b3f1a,946833
/sbhart/sentex-tutorial,946760
/alimorty/my-first-code,946798
/hemant1456/a-journey-through-titanic,946757
/ianwesley/fork-of-notebookb0f5dd65df,946674
/rafiudo/3-ways-to-leave-your-employer,946668
/ravipygeek/notebook647d2a2e09,946658
/hxc1025/pca-and-regression,946654
/ravipygeek/notebook9f78cee24d,946653
/deathlyhallows/network-mapping-hollywood-actor-overlap,946629
/santdrec/notebook92a8968975,946582
/gustek/in-depth-skewed-data-classif-93-recall-acc-now,946573
/mix0313/test01,946558
/igorsapijaszko/fork-of-notebook653c624675,946557
/tbarrueco/notebook44976ccac6,946464
/barlesh/regularized-linear-models,946458
/jsardinha/notebook9cba29991d,946449
/sweellan/first-pass-through-data-w-3d-convnet,946443
/assafler/manifold-learning-and-autoencoders,946404
/santdrec/notebook5be60ba6b1,946384
/pierreslamich/visualizing-data-69770b,946331
/florianfritz/introduction-to-ensembling-stacking-in-python,946291
/avijit/notebook229b0b0f95,946284
/magnifi/titanic-survival,946247
/xiangshuai/notebook8f63b07b77,946226
/xiangshuai/notebook4eccafdb19,946221
/florianfritz/text-mining-with-sklearn-keras-mlp-lstm-cnn,946218
/danish21h/notebook29071b1832,946144
/santdrec/comprehensive-data-exploration-with-python-c3fc4e,945991
/leonardhuang/exploratory-study-on-ml-algorithms,945967
/arthurtok/fork-of-introduction-to-ensembling-stacking-in-pyt,945949
/sekrier/squeezed-this-in-successful-kernel-run,945924
/makboc/fork-of-titanic,945906
/thehellmaker/a-journey-through-titanic,945901
/xinliu2/an-interactive-data-science-tutorial,945788
/haradayu/notebook133b919730,945780
/whitewizard/titanic-svm-py,945752
/gbustos/introduction-to-ensembling-stacking-in-pyth-673f2d,945710
/funfoo/notebookbce26fe0bc,945671
