/jameschee0/firstpython,597534
/crummy/principal-component-analysis-explained,597500
/fufen701/notebookc05b111f2f,597471
/svivekanandhan/notebook1c9121a373,597430
/arpitaagrawal/notebook41c027936d,597372
/sharma6381/notebook6cea973a51,597320
/mayukh18/notebook5627280b4b,597301
/jeffliu23/regularized-linear-models,597298
/narendra14/notebook0b7fe6183e,597264
/narendra14/notebookce665a048d,597253
/sichuanfju/fork-of-notebookd1150f4400-bc16356b,597223
/sichuanfju/fork-of-notebookd1150f4400-60b2fa7f,597220
/dancinggypsies/a-study-on-regression-applied-to-the-ames-dataset,598408
/dancinggypsies/eda-in-python,597150
/yoichi7yamakawa/notebook4e55b4e9ce,597121
/lotayliu/support-vector-machine-svm,597111
/willwy/exploring-used-cars-database,597087
/visuvasan1/exploratory-data-analysis-visualisation,597046
/visuvasan1/eda-of-top-500-cities,597033
/longint/python-greedy-search,596895
/cheesama/notebook9aab77db5a,596883
/sambit7/starting-with-mnist-data,596877
/skytown123/notebook8b731d9b46,596847
/nursahver/notebookb9847ea86c,596834
/michealyou/tensorflow-deep-nn,596815
/ruhongfu/notebook55df09d386,596776
/artxon/fuzzy-df-stuff,2023707
/kimulsanne/a-journey-through-titanic,596691
/tcode2k16/runner,596645
/yasybigd/principal-component-analysis-with-scikit-learn,596629
/yashwanthch/exploring-survival-on-the-titanic,596538
/darpanganatra/notebookbefb3b039a,596532
/quynhmanh/notebook232b28b4a6,596478
/himanshu09/titanic-best-working-classifier,596476
,None
/raghamec/titanic-r-raghav,596460
/raghamec/titanic-raghav,596445
/sichuanfju/notebook10aec56245,596421
/shoubusi/notebook5528a84cbb,596403
/nwpujiahongsheng/a-journey-through-titanic-21d06338,596368
/wangyigot/notebook72280d4382,596362
/tantrinh/notebookec279d2e8f,596346
/joshualee/notebookf131a35f70,596323
/kiranbaktha/building-a-recurrent-neural-network,596315
/binilg/exploring2,596293
/tangsijian/support-vector-machine-svm,596260
/geoaigo/notebook82989f529f,596220
/binilg/hello-keras-cnn-l-b-1-4,596205
/nsknsl/notebookc2d9248340,596173
/junjiejin/tensorflow-deep-nn,596148
/carldotz/regularized-linear-models,596058
/sarthakkaingade/trial,596089
/sichuanfju/notebook85ac38c49a,596020
/sichuanfju/my-first-try-titanic,596008
/sichuanfju/notebook3901eaa837,596002
/sichuanfju/a-journey-through-titanic,595976
/hxstar/titanic-randomforestclassifier-1000,595898
/mjm2tr/notebookbd2abde8e3,595888
/hxstar/titanic-logisticreg-1,595890
/hxstar/titanic-submission-4-randomforestclassifier,595871
/akhiludathu/notebook3b1558987e,595870
/hxstar/titanic-submission-3-randomforestclassifier,595866
/xhting/demo-py,595853
/biopedro/notebook8f8866d6df,595848
/akilaw/python-greedy-search,601064
/vkhetan/tobacco-use-in-united-states-6e855f26,595811
/vkhetan/tobacco-use-in-united-states,595809
/vkhetan/supervised-learning-binary-relevance,595806
/feliciama/notebook6fe853cc1b,595743
/bdrabo/notebook88707b611a,595730
/srinyuta/data-visualisation-for-ipl-datasets-ce503b85,595653
/deepanshum/imdb-genre-based-analysis,595591
/jakejoseph/notebooked4ed1c79e,595589
/luodan/notebooked7596917a,595564
/feliciama/fork-of-a-journey-through-titanic,595464
/dixitomkar/notebook5f4140977c,595460
/sheetaly/notebook52225aa129,595369
/ahmedagha/notebookb9be115ad6,595342
/abhishekhp/nips-analysis,595338
/tngodup/notebookfc1d9b54e7,595302
/kolszer/notebook0f144ae9ca,595293
/iramusa/notebook046df100ef,595263
/hayeke/hikaggle,595247
/veereshelango/notebook3d936b539f,595212
/lihaorocky/titanic-best-working-classifier,595089
/madeleineliu/a-journey-through-titanic,597888
/murgev/neural-network-through-keras,594771
/murgev/10-classifier-showdown-in-scikit-learn,594762
/murgev/detailed-data-exploration-in-python-3e8c03eb,594733
/murgev/regularized-linear-models-793c1925,594731
/amrsharaf/a-journey-through-titanic,594708
/murgev/tensorflow-deep-nn-22186adc,594658
/murgev/exploratory-tutorial-titanic,594628
/pankajmishra/notebookad24ff3610,594626
/deepak95/notebook8b23e5d930,594619
/murgev/kaggle-titanic-001,594614
/veraokhrimenko/principal-component-analysis-with-kmeans-visuals,594521
/godaibo/generate-target-masks,677078
/chudovamarina/who-not-to-fly-with-09c4435e,594512
/ducroo/explore-enron-3e03e07c,594501
/linkonmaran/notebook2440178a7d,594482
/ravindra57/notebook83c83b6dfa,594448
/flysamc/tobacco-use-in-united-states,594421
/flysamc/msu-vs-top-7,594396
/upgrade/notebook474d7432ab,594347
/johanv/notebook3e78e5d3c5,594346
/louisguth/notebook9e9b9c6630,594336
/abhishekaarush/exploratory-study-on-ml-algorithms,594333
/soydasm/sadasda,594320
/abhishekaarush/python-data-visualizations,594318
/vipindas/notebooka36dad70c5,594259
/aybukehschdr/fork-of-fork-of-notebookdc3f09868e-26619e73,594246
/aconsapart/notebook632d54ecd1,594233
/yudazhao/a-journey-through-titanic-5d84c88d,594228
/yudazhao/a-journey-through-titanic,594225
/aybukehschdr/fork-of-notebookdc3f09868e,594210
/visoft/notebook6bdf88bb7d,594112
/pointguard0/notebookd88dd1bc1f,594067
/yudazhao/titanic-explore,594115
/hghafars/tobacco-use-in-united-states,594038
/benakiva/xgboost-trial,594003
/sethuiyer/t-sne-visualization,593989
/andreaschandra/rfb-renew-by-plot,4696221
/benakiva/titanic-xgboost,593974
/amirzand/notebook77fb77b8d0,593968
/jarmovanrooij/notebook0342a7b947,593967
/prakritidevverma/predicion,593958
/c2007th/notebook597585e35b,593957
/venkatramakrishnan/notebook060cbb1fd8,593947
/polispsaras/notebook74455b0a23,593834
/radhasandy/notebook0da00d8768,593813
/hxstar/titanic-third-submission,593852
/eliveriou/notebookb575d83253,593799
/radhasandy/titanic-best-working-classifier,593795
/nitishjoshi/notebook048e070544,593771
/eliveriou/notebook48fc637029,593768
/eliveriou/test1,593750
/saracmustafa/notebook514053db3a,593696
/shagtv/traffic-fatalities-in-2015,593609
/dataway/notebook2c353406a7,593608
/licoh80/finding-boatids,593607
/hlchen/notebook9cde276926,593605
/ksonu6825/fork-of-notebook2223343538,593595
/thangntt/nips-analysis,593591
/licoh80/marking-heads-and-tails,593594
/val2000/nips-analysis,593574
/f2ostie/neural-network-through-keras,593563
/hxstar/notebook894affc086,593555
/priyankar/kobe-shots-show-me-your-best-model,593533
/prakhar2b/notebook9620617fa1,593514
/shutotsuchiya/notebookb6b4ba9080,593475
/lorixx4/a-journey-through-titanic,593343
/eliveriou/notebooke3bd42d3dd,593260
/eliveriou/tests1,593259
/n3n77i/julia-starter,603473
/rassal/principal-component-analysis-explained,593233
/yasunori/a-comparison-of-few-ml-models,592927
/murgev/a-journey-through-titanic-7a06131e,592906
/faltajan/notebook5b6d8d7ec2,592842
/yoyo01/notebook7520fa97ae,592816
/faltajan/jf-myfirst,592809
/jesseab/notebookbbc08d239a,592775
/ksonu6825/train,592773
/hxstar/notebook7612dbb31a,592651
/wujustin/fork-of-fork-of-notebook7ca8817403,592580
/jimrpy/notebookf013e13e70,592564
/dolphyani/notebookf06948fe45,592554
/alwaysravi/python-data-visualizations,592546
/ranbato/scoring-a-bag,592557
/mountlee/notebook3719866e0b,592489
/vishnu2022/notebookfb171f793a,592469
/rvwarrior/notebook8e8bc4abc7,592457
/spencertimothy/notebook4156c3ad7b,592455
/elkcloner/firsttest,592452
/karimsaid/exploration-and-plotting,592451
/mengjiayuan/notebookf1c482ab81,592440
/tutul89/notebook0c29c43b32,592422
/aarshee/first-test,593873
/firedemon/sample,592545
/harshkkumar/naive-greedy-algorithm,592485
/harshkkumar/notebook7906cdee1d,592365
/harshkkumar/notebookb95e1f0a56,592364
/gayathrimn/regularized-linear-models,592363
/roopaljain/a-journey-through-titanic-b7504afe,592362
/notgibs/notebook411fdebbe4,592355
/zxsyp3/seizure-boosting,592316
/zxsyp3/first,592259
/leehmily/notebook5509ad148b,592227
/dumplingli/notebook2af0bce6fc,592042
/zmoustafa/feature-extractor-matlab2python-translated,592034
/zmoustafa/principal-component-analysis-with-kmeans-visuals,592023
/sharma6381/ntsb-data-exploration-1948-2016,591988
/windshield/notebook4afdd2640b,591890
/nkimi2016/mytest,591870
/luckygemini/network-mapping-hollywood-actor-overlap,639064
/shreemoyee/sona1,591804
/arunayadav/my-first-kaggle-r-markdown-share-your-opinion,591794
/vivekkhetan/tags-exploration-distribution-and-shared-tags,591746
/ayafola/notebook10eefb6997,591640
/gnanagurus/notebook8b13334e00,591632
