/frankong/full-preprocessing-tutorial,733548
/maherm/full-preprocessing-tutorial-4640c32d,733533
/mortimer/the-console-wars-ps-vs-xbox-vs-wii,733358
/rupashah/notebook5ccf056563,733352
/victorshenbr/notebooka4f841a78c,733340
/jahchaisang/notebook677eb3768e,733251
/jahchaisang/notebookc2ecaf084d,733243
/attilatamask/support-vector-machine-detail-analysis,766980
/laviavigdor/notebooke54b9a86f2,733225
/subon999/notebookfdc1f493a1,733223
/mathieugaron/simple-keras-1d-cnn-features-split-f9c16fda,733216
/saminfeld/detects-83-of-fraud,733212
/chrisvasquez/notebookcf36f9f949,733211
/cherednychenko/the-console-wars-ps-vs-xbox-vs-wii,733207
/thetringuyen/notebook433a33ad4e,733170
/wolfgangkopp/first-model-py,733163
/brianpickrell/a-journey-through-titanic,733126
/laslala/notebookba6b742c5b,733098
/mrisdal/notebook42a40131f1,733077
/bertah/notebook1ab86ad002,733075
/akh64bit/the-perfect-score-script,733068
/saeed3/notebook00c911996c,733063
/oliverwee/in-depth-analysis-of-machine-learning-algorithms,733019
/cap1tan/support-vector-machine-detail-analysis,736022
/mmloveme012/full-preprocessing-tutorial,732940
/michaelmtz20/notebook5359c01960,732936
/saeed3/lung-segmentation,732914
/shumway/notebook2abe61e6f8,732885
/rpoudel3/full-preprocessing-tutorial,732864
/petergates/let-s-climb,732847
/mentoldo/notebook9ada2b7c35,732824
/hockeybro12/digitrecognizer,732822
/lordsauron/regularized-linear-models-c6fbad96,732819
/msugimura/full-preprocessing-tutorial,732799
/lordsauron/regularized-linear-models,732778
/pawan12/a-journey-through-titanic,732740
/jaduol/visualizing-pca-with-leaf-dataset,732677
/mentoldo/prueba,732672
/mentoldo/notebook18d12a5d27,732663
/aivxyz/notebook932412ed37,732658
/gowdhamand/notebookcff9865ceb,732655
/korriliam/notebook12e95c192a,732608
/herseyb/test-notebook2,732607
/susheels/notebookaaa9b359d3,732597
/jelenas/test1,732594
/luisagroher/notebook47fa161e1a,732586
/kgatilin/notebook1fa733022d,732576
/nancy88/a-journey-through-titanic,732569
/higoreduardo/full-preprocessing-tutorial-2f1b7e5c,732545
/moitreebasu/full-preprocessing-tutorial,732533
/mikevoran/python-data-visualizations,732518
/pjain9696/data-imputation-aguah-water-consumption-48bafbef,732507
/rocksik/notebook17e8fa56c4,732472
/germanmad/in-depth-skewed-data-classif-93-recall-acc-now,732463
/shengyaochen/prediction-of-breast-cancaer-sub-types-svm,732450
/vineet15/notebook361de52af9,732445
/shuyutang/notebook206900c8e1,732422
/higoreduardo/full-preprocessing-tutorial-a5d3f1c0,732417
/jaduol/notebookd53ac88342,732394
/raghavendra018/notebookf02a249325,732350
/mikedelong/python-data-visualizations,732337
/chriscolumb/notebooke824fb8dc3,732302
/sinabhi/a-journey-through-titanic,734262
/mathieugaron/simple-keras-1d-cnn-features-split-1232e3d8,732259
/jiangyuning/overfitting-the-leaderboard,732247
/anandjeyahar/lassoregression-with-y-cut-all-features,736092
/aakashparwani/notebook651eb6ec2f,732222
/glytle/notebook08e00ae521,732215
/yash29/qwerty,732132
/erdoganb/mostluckyguess,732178
/erdoganb/notebook55a8f94018,732087
/steliosk/notebook51a4d9aeb2,732036
/mathieugaron/simple-keras-1d-cnn-features-split,732022
/vineetkothari/notebookd5de2a6c58,732009
/aschenck/import-tensorflow-as-t,731992
/aschenck/notebookb6fc4bb02d,731979
/kalpathy/the-perfect-score-script,731976
/fabry83/notebooka38f129fc4,731970
/zhangjuefei/fork-of-explore-and-classify-birds-by-their-bones,731935
/dnaylor/notebook04930eb435,731912
/javalex/notebookb0ecb4c1a6,731883
/ledgars/notebook15e40f0e66,731772
/ebeake/updated-death-analysis,731762
/dwolffram/regularized-linear-models-395c0730,731745
/shadowbubble/11111,731682
/tlw2011/notebookba32048b46,731675
/rafaelpr/fork-of-notebook23a6110d74,731672
/robbies/notebook3b6113001a,731637
/kongpasom/bkgsc3,731671
/srinathb/notebook7a45e1fdb2,731618
/contractorwolf/notebookb33a8a83ab,731582
/shanakadesoysa/full-preprocessing-tutorial,731562
/minnaac/full-preprocessing-tutorial,731551
/pjain9696/data-imputation-aguah-water-consumption-93d7b08c,731524
/holgerbrandl/first-kaggle,731577
/shengyaochen/notebookc1708411ae,731500
/shanakadesoysa/notebook2f91812707,731495
/michaelellner/notebook7b0346f319,731484
/yuchenwang/tensorflow-deep-nn-2f81393f,731470
/stuartm/titanic-predictions,732282
/yuchenwang/tensorflow-deep-nn,731438
/dylandog3991/notebook5a2c94610e,731419
/aldavy/notebook516afdf2ca,731411
/yaroshevskiy/fork-of-titanic-problem-1132d1b1,731404
/spikelegros/the-console-wars-ps-vs-xbox-vs-wii,731387
/pelham/full-preprocessing-tutorial,731378
/miezelkat/notebookff2c039c94,731358
/eminebahce/practical-analysis-for-a-potential-lender,731299
/rocket1037/regularized-linear-models-e6b284b7,731282
/debdaspur/digi-recog2,731266
/andregrobbelaar/notebook33c3d70dfb,731259
/debdaspur/notebook6b3fc26d70,731258
/camarl/full-preprocessing-tutorial,731257
/junya0714/notebookdf89387d92,731253
/pjain9696/data-imputation-aguah-water-consumption-b4b12775,731242
/divijwadhawan/digit-recog-dj-soln,731236
/ng1991/simple-data-exploration-and-regression-model,731227
/sunny19/titanic-survival-prediction-end-to-end-ml-pipeline,731212
/azlenko/full-preprocessing-tutorial,731202
/disimone/first-look-at-the-titanic-challenge,731195
/cynthiaho711/detailed-data-exploration-in-python-02e3492b,731191
/cdannen/exploratory-study-on-ml-algorithms,731177
/cynthiaho711/detailed-data-exploration-in-python,731173
/chernobrovov/notebook9f66941387,731158
/cdannen/python-data-visualizations,731156
/cdannen/geolocation-visualisations,731155
/andregrobbelaar/notebook7411a189ca,731140
/allenfrostline/full-preprocessing-tutorial,731113
/kechkar/support-vector-machine-detail-analysis,731101
/helloybz/notebook4b55e25e41,731094
/datagao/explore-and-classify-birds-by-their-bones,731075
/kechkar/death-metal-s-development,731043
/rebent/small-analysis-about-the-terrorist-iwb-lnz,731035
/yuvalsh/notebookae4c30c52b,731005
/joaoaguiam/notebookf0ff4e3911,730994
/sheshu/kobe-bb-prelimnary-exploration,730987
/swatishukla/exploring-survival-on-the-titanic,730924
/ashit10/a-journey-through-titanic,730915
/pjain9696/data-imputation-aguah-water-consumption-ea90f0a8,730902
/sk413025/notebook6f97665fb4,730875
/hemant2712/notebookfb40f9bc41,730874
/tinard/a-journey-through-titanic-ed1db2d6,730870
/hemant2712/notebook0304e18e99,730860
/pacogalera/notebook3b639f3a30,730824
/eduardooestmoreira/pokemon-iv-calculator,730816
/sheshu/notebookd9185087d1,730802
/chenjx1005/notebooka46c32e095,730798
/testy123/data-analysis-top-500-cities-a0abc8c0,730797
/sheshu/fork-of-python-word-clouds-2fa4899f,730782
/leadbest/resnet50-int-xgboost,743788
/dimkorb/shuffle2,731519
/akh64bit/lung-segmentation,730729
/andrei6184/notebookc37c8f59e5,730715
/sheshu/fork-of-python-word-clouds,730711
/abhishekchhibber/predicting-titanic-survivors-through-knn-and,730682
/silverajessica/notebook9cf4da7b8f,730663
/assasgenius1/fork-of-assasgenius,730654
/delgoog/notebookee92b2960e,730652
/huuhieudo/regularized-linear-models-45b54aed,730651
/maryamgrimich/regularized-linear-models,730640
/santdrec/mithrandirassas,730629
/manisbea/regularized-linear-models-bd5be146,730610
/huuhieudo/regularized-linear-models,730602
/santdrec/regularized-linear-models,730601
/klinhle/regularized-linear-models,730590
/assasgenius/assasgenius,730587
/assasgenius2/assasgenius,730577
/manisbea/regularized-linear-models-a61c3d2c,730576
/jiaminglin/notebook60c7f601f3,730556
/nitropig/the-perfect-score-script,730546
/vasusingla/death-metal-s-development,730544
/eyalis/notebook673845cc38,730517
/aayushchadha/bernoulli-naive-bayes-auc-59,730504
/miguelangelnieto/notebookb5be5763d1,730476
/lkmokadam/notebook2477316b45,730416
/riadhz/hong-kong-marathon-result-prediction,730391
/carlagil/full-preprocessing-tutorial,730379
/manisbea/fork-of-regularized-linear-models-7b54f464,730371
/assasgenius1/notebookd235757a49,730356
/manisbea/notebook5c2206e90a,730337
/tenggyut/notebook67e80222a9,730327
/ming861206/testscript,730482
/jeph45/highest-ranked-imdb-directors-and-actors,730289
/joannakalogianni/intro-linear-regression-used-car-0b29774c,730276
/joannakalogianni/intro-linear-regression-used-car,730274
/khadtareneeta/notebook731eabe67b,730272
/rheerhee/notebook975963a991,730260
/rrpathrabe/python-titanic,730261
/andreybesedin/notebook3a4858305b,730256
/arcarchit/detailed-data-exploration-in-python,730250
/nanar69m/notebook38c1375eb8,730236
/nanar69m/notebook0a943685c2,730232
/kuzn137/simpleridge,730243
/eflegara/a-journey-through-titanic,730198
/zfrysrylmz/cat-vs-dog,730196
/shubhamjain7/a-journey-through-titanic,730172
/chc442/digit-recog,730133
/alanhu/the-perfect-score-script,730113
/manisbea/regularized-linear-models-b1f3374d,730065
/manisbea/notebook517ffa5c0e,730017
