/kerneler/starter-draft-withdrawal-agreement-8a7bd46e-0,7409921
/kerneler/starter-wine-quality-prediction-20e5d455-3,7409711
/kerneler/starter-frd-sample-86947c0a-4,7409280
/kerneler/starter-epilepsy-prediction-1f7a295a-4,7408584
/kerneler/starter-binary-traffic-matrices-dafa4c2d-2,7443494
/luantm/pytorch-generate-character,7407612
/sahitpj/analyzing-fake-news-using-random-forest,10356990
/kerneler/starter-predicting-saleprice-for-test-c6224828-e,7403844
/kerneler/starter-jetbrains-python-survey-2017-2ea663fa-6,7403621
/kerneler/starter-league-of-legends-regional-c7d9819b-7,7402898
/kerneler/starter-housing-price-competition-1480666c-3,7402261
/raj630/projectv51main,7407194
/kerneler/starter-projectv51-fbd080c9-c,7398444
/kerneler/starter-educational-level-for-cbf7f71c-9,7397982
/hwmaianxun/complete-eda-voting-lightgbm,8535642
/lawngaiyan/fork-of-eda-pubg-yluo-part-1,7397616
/lemargray/video-games-sales-with-ratings-decision-tree-2,7398149
/wagsqrd/exercise-syntax-variables-and-numbers,7397263
/kerneler/starter-debris-illegal-dumping-eb5a893f-7,7396587
/kerneler/starter-fivethirtyeight-tarantino-2a86c89d-9,10148659
/kerneler/starter-procurement-transaction-q1-q2-c9b11059-6,7396404
/kerneler/starter-origin-ef4c9d38-d,7396293
/kerneler/starter-at2csv-3fa1c457-0,7396286
/kerneler/starter-open-enterprise-systems-list-e07edd77-c,7396133
/kerneler/starter-another-file-uploading-test-9b749b78-5,7396019
/leviyu/gcrevenue-feature-extraction-with-multiprocess,7394854
/kerneler/starter-compressed-test-85afdefc-b,7394517
/kerneler/starter-compressed-data-30bd8f3e-d,7394391
/kerneler/starter-ny-map-c8111b2d-e,7394013
/kerneler/starter-global-map-japan-data-fc54ade8-a,7392744
/jaychitransh007/cross-validation,7390942
/kerneler/starter-cost-of-living-index-by-d6e9e08f-0,7389620
/jmvictor5656/carvana-fast-ai,7709795
/janakrathod/mnist-digit-recognizer-0-9,7438444
/kerneler/starter-dataforaiinterview-d2e578ac-e,7387274
/pamin2222/english-data-cluster,7401282
/kerneler/starter-world-facts-691ef98f-3,7386823
/kerneler/starter-us-charities-2505289d-e,7385982
/luantm/pytorch-tutorial-2-rnn-simple-chatbot,7388240
/abefukasawa/scary-nlp-with-spacy-and-keras,7825965
/kerneler/starter-is4242-old-data-451ca3a7-d,7384069
/thawatchai2018/10-steps-to-become-a-data-scientist,7383039
/sunshiningsobright/simplifying-iowa-liquor-sales,7383004
/kerneler/starter-tripdata-2017-d268ee0a-d,7382673
/kerneler/starter-mnist-standarized-d3eb57d6-1,7381376
/kerneler/starter-alldata-ebfcfb90-b,7379150
/kerneler/starter-fulldata-d44e35a1-2,7378648
/anik2503/exercise-underfitting-and-overfitting,7397606
/kerneler/starter-facial-keypoints-detection-img-ac6497ed-7,7378178
/wouterlefever/univariate-plotting-with-pandas,7377583
/maj1989/exercise-machine-learning-competitions,7377668
/kerneler/starter-cancerstatistics-f68f1e7f-3,7374997
/ceshine/fork-of-pytorch-baseline-model-no-scheduler,7378585
/thawatchai2018/time-series-prediction-tutorial-with-eda,7382523
/hiroccini/select-from-where,7372887
/kasikrit/dropout-and-strides-for-larger-models,7371448
/kerneler/starter-nepali-notes-15905293-0,7369690
/kerneler/starter-data-v1-a7560af2-3,7368427
/kerneler/starter-canwefindwaystodobetternow-4cea9471-a,7368400
/kerneler/starter-titanic-train-38cd337a-6,7367538
/nirdhar/bloodcells100e,7643098
/kerneler/starter-temp-file-6f6742a0-a,7366372
/kerneler/starter-titanic-shipwreck-d05a8583-9,7366185
/kerneler/starter-titanic-c4d551db-9,7366106
/kerneler/starter-mongolian-government-agency-571e8026-3,7365255
/ideasbyu/nlp-in-r-topic-modelling-workbook,7466955
/kerneler/starter-nba-player-salary-data-2002-03-bf02e640-5,7362618
/kerneler/starter-jrc-green-infrastructures-data-a801756c-7,8423889
/kerneler/starter-jrc-air-quality-regulation-73f1dd0d-c,8423965
/kerneler/starter-techno-economics-air-31b2d624-3,8423850
/kerneler/starter-jrc-urban-population-exposure-8ccb1973-c,8423844
/kerneler/starter-accessibility-data-5c99a3f5-1,8423838
/kerneler/starter-biomass-harvested-from-energy-d35ce098-d,8423779
/kerneler/starter-concentration-and-removal-of-bc3a075f-b,8423770
/kerneler/starter-jrc-potential-accessibility-02a3b896-0,8423751
/kerneler/starter-soil-dominant-textural-class-52d934cf-b,8423708
/kerneler/starter-sea-surface-tamperature-2043a274-3,8423741
/kerneler/starter-annual-land-take-333dcae8-8,8423670
/kerneler/starter-atmospheric-emissions-96389395-5,8423651
/kerneler/starter-lake-depth-and-velocity-43798617-3,8423620
/kerneler/starter-input-corine-land-cover-bee19f7f-c,8423607
/kerneler/starter-inca-pollination-es-demand-5bc16e37-a,8423637
/kerneler/starter-catchment-kslope-and-zmax-f3a85563-1,8423538
/kerneler/starter-flood-hazard-map-for-europe-2abbb54c-6,8423584
/kerneler/starter-european-mask-mappe-model-d0703503-9,8423201
/kerneler/starter-european-extreme-storm-surge-0c51f5dd-6,8423185
/kerneler/starter-atmospheric-mappe-model-data-e23b9071-2,8423219
/kerneler/starter-jrc-adept-points-mappe-model-079f09e1-7,8423124
/kerneler/starter-jrc-predict-datasets-d7cc7ee8-7,8423117
/kerneler/starter-producer-price-index-for-all-230e5b8f-2,8392526
/kerneler/starter-ppi-by-commodity-advertising-71df902e-0,8392520
/kerneler/starter-bls-private-non-farm-business-7b8d89e3-f,8392519
/kerneler/starter-bls-private-business-sector-024ad683-1,8392510
/kerneler/starter-percent-of-employment-in-180bb78c-e,8392503
/kerneler/starter-bls-separations-time-series-bd6dadbe-8,8392494
/kerneler/starter-percent-of-employment-in-ed04cc0e-5,8392484
/kerneler/starter-number-of-civilians-unemployed-e5c8e00e-0,8392472
/kerneler/starter-bls-not-in-labor-force-time-cfd1500d-9,8392464
/kerneler/starter-bls-nonfinancial-corporations-73aff4c3-a,8392444
/kerneler/starter-bls-nonfarm-business-sector-dcfc1cbd-5,8392457
/kerneler/starter-multiple-jobholders-time-8b720b03-f,8392380
/kerneler/starter-games-of-thrones-15357853-e,7359445
/kerneler/starter-median-duration-of-a01c0508-2,8392359
/kerneler/starter-bls-manufacturing-sector-time-3c921952-d,8392364
/kerneler/starter-layoffs-and-discharges-time-f5d18ba8-3,8392314
/kerneler/starter-labor-force-participation-rate-9f590540-e,8392320
/kerneler/starter-labor-force-flows-time-series-728d30d6-1,8392279
/kerneler/starter-job-openings-time-series-5fc9dbad-9,8392274
/kerneler/starter-indexes-of-aggregate-weekly-3d6d9770-5,8392248
/kerneler/starter-index-of-aggregate-weekly-96bbf6b5-e,8392244
/f0000z/play-nfl-data,7360490
/kerneler/starter-import-price-index-time-series-eff534a9-f,8392233
/kerneler/starter-hires-time-series-collection-5aee0c30-6,8392197
/kerneler/starter-bls-export-price-index-time-e2feaf02-a,8392196
/kerneler/starter-experimental-consumer-price-993364cf-6,8392175
/kerneler/starter-bls-employment-population-0344d721-a,8392177
/kerneler/starter-bls-employment-level-time-6027fe06-b,8392162
/kerneler/starter-employment-cost-index-wages-ec5e3f5b-f,8392138
/kerneler/starter-employment-cost-index-5febf054-6,8392128
/kerneler/starter-employed-full-time-workers-by-110df14f-f,8392106
/kerneler/starter-cpi-for-all-urban-consumers-f377f1d2-7,8392098
/kerneler/starter-employed-full-time-median-dee314f2-2,8392103
/kerneler/starter-cpi-for-urban-wage-earners-and-3f39ad7e-0,8392049
/kerneler/starter-cpi-all-urban-consumers-1597c8b7-c,8392044
/khouma/exercise-machine-learning-competitions,7359155
/kerneler/starter-civilian-unemployment-rate-ea4c6c73-0,8392041
/kerneler/starter-civilian-noninstitutional-fb9c25af-2,8392040
/kerneler/starter-bls-civilian-labor-force-time-d45f74e9-2,8392135
/kerneler/starter-civilian-employment-level-and-c947d086-d,8391918
/kerneler/starter-chained-consumer-price-index-28c1185d-7,8391912
/kerneler/starter-bls-business-sector-times-8a60c7da-2,8391910
/kerneler/starter-employed-usually-work-full-d1cfcf64-4,8391900
/kerneler/starter-average-earnings-and-hours-of-af777805-2,8391954
/kerneler/starter-all-employees-construction-fd70dfde-f,8391821
/serithemage/2-tuning-parameters-for-logistic-regression,7358414
/khouma/exercise-random-forests,7359283
/kerneler/starter-pollster-senate-primary-d3d01e7f-7,7358201
/kerneler/starter-pollster-presidential-primary-48c64073-2,7358148
/kerneler/starter-pollster-9e3792e4-9,7358068
/kerneler/starter-openness-regression-of-8-fce62e2a-9,7357985
/kerneler/starter-pollster-presidential-general-c7bd5a6c-4,7357959
/kerneler/starter-fivethirtyeight-early-senate-ce3d8e99-b,10148303
/kmader/texture-analysis-model-overview,7357762
/kerneler/starter-nba-drafts-of-1947-2018-6d30434f-4,7357554
/kerneler/starter-fivethirtyeight-drug-use-by-cb9deb9e-a,10148299
/kerneler/starter-fivethirtyeight-democratic-248c8a0b-f,10148295
/kerneler/starter-fivethirtyeight-daily-show-9969ef51-e,10148292
/kerneler/starter-fivethirtyeight-cousin-425c3c18-0,10148290
/kerneler/starter-fivethirtyeight-congress-763594ad-9,10148286
/kerneler/starter-fivethirtyeight-congress-age-d82041b9-c,10148281
/kerneler/starter-fivethirtyeight-comma-survey-b892a32e-4,10148282
/kerneler/starter-fivethirtyeight-college-majors-8f09ee7f-b,10148274
/kerneler/starter-fivethirtyeight-classic-rock-5fb2b5ac-e,10148261
/kerneler/starter-fivethirtyeight-chess-2f18dfc4-a,10148257
/kerneler/starter-fivethirtyeight-candy-power-d8462684-3,10148250
/kerneler/starter-fivethirtyeight-bob-ross-123bb46a-2,10148243
/kerneler/starter-fivethirtyeight-births-dataset-0ee67d33-a,10148238
/kerneler/starter-fivethirtyeight-biopics-876bb9dc-4,10148235
/kerneler/starter-fivethirtyeight-bad-drivers-32cc6547-d,10148220
/kerneler/starter-fivethirtyeight-bachelorette-18a14ef6-e,10148216
/kerneler/starter-pytorch-challange-flower-2554d4bc-4,7358733
/kerneler/starter-fivethirtyeight-avengers-4c7a5aba-6,10148214
/kerneler/starter-fivethirtyeight-august-senate-594d61c3-5,10148212
/kerneler/starter-fivethirtyeight-antiquities-2ad2f60e-1,10148210
/kerneler/starter-fivethirtyeight-alcohol-21562d34-e,10148208
/kerneler/starter-fivethirtyeight-airline-safety-e3b1704c-3,10148202
/kerneler/starter-fivethirtyeight-ahca-polls-20ba9250-1,10148187
/kerneler/starter-imu-data-on-walking-and-91bd71f6-8,7355390
/kerneler/starter-foodrecipe-rakuten-5a49ef4b-2,7356549
/kerneler/starter-cl-sicos-del-f-tbol-argentino-ff0f231d-1,7366177
/kerneler/starter-kaggle-b160f865-9,7354289
/kerneler/starter-wikia-page-views-f08ee24c-b,7553227
/kerneler/starter-pandas-cheat-sheet-2018-03f578f1-b,7354079
/kerneler/starter-bitcoin-historical-data-9b9eafec-5,7353687
/kerneler/starter-particles-datasets-8932cc9e-4,7353597
/jaychitransh007/pipelines,7352675
/kerneler/starter-poker-hand-classification-61bce92d-1,7351843
/jaychitransh007/partial-dependence-plots,7352208
/kerneler/starter-resnext101-64-2601dba7-f,7351086
/kerneler/starter-most-common-wine-scores-69d91e17-f,7350901
/snehanshu17/let-s-discover-more-about-the-olympic-games,7349995
/xutao226/airbus-ship-detection-tensorflow,7379790
/kerneler/starter-impact-of-new-information-ae4ecb02-3,7349306
/kerneler/starter-temperature-941f0634-a,7349077
/kerneler/starter-sample-twitter-96894ebd-0,7348805
/kerneler/starter-graphs-8014aaf1-8,7348521
/kerneler/starter-techscore-crawl-data-of-6ddd4452-0,7347610
/kerneler/starter-greenhouse-ca773482-5,7347470
/kerneler/starter-projectv5-9274a9e9-8,7347293
/veerabhadra/google-playstore-data-analysis,7347156
/kerneler/starter-benu-cmsc-390-cnn-practice-922b2514-6,7346280
/jyothi7777/transcation-from-a-bakery-mba,7345283
/kerneler/starter-extracted-agg-match-stats-0-342208ba-b,7344881
/constantinamak/instacart-eda-2-assignment-5cf563,7345106
/kerneler/starter-dataset2-5d9a81e0-8,7343857
/nairaminasyan/decision-tree-for-predicting-income,7345186
/kerneler/starter-model-5-classifier-d55a75c7-b,7343682
/kerneler/starter-hate-offensive-speech-424dfd59-b,7341605
/kerneler/starter-indian-city-data-state-wise-7f728567-a,7341128
/kerneler/starter-web-hosting-uptim-95e8fc0a-7,7341120
