/rhgrieve/notebook803c78a972,406467
/kaydee/philippines-energy-use,406465
/vkbss91/notebook03e079046f,406437
/analog24/notebook08adc9f29d,406431
/vsafi1984/multiple-ml-techniques-and-analysis-of-dataset,406430
/cyinwei/notebooke0ef366e05,406395
/lorz3l/notebooke814b9053c,406393
/zimeng/python-data-visualizations,406348
/oeermanz/a-journey-through-titanic-bd3d5b70,406442
/snigdhendu/tensorflow-dnnregressor,407609
/jankislinger/tidytext-analysis-of-r-questions-on-stack-overflow,406321
/nithish007/notebook97cf671235,406275
/zaradata/notebookb2d0c583de,406269
/gauravgupta/notebook09c8a082ea,406251
/michaelmtz20/notebookad2e795185,406240
/snigdhendu/tensorflow-deep-nn,406239
/christopherf/notebook6e7dcebaa4,406236
/ankushjain/exploratory-study-on-ml-algorithms,407199
/dhanvanthri94/a-journey-through-titanic-9d352c54,406231
/charlesliang/notebook3759bb2163,406228
/cemyusufayd/notebook14d598c5a7,406218
/rodney89/python-data-visualizations,406217
/pmalho3/notebookae1b931eb2,406211
/amanrana20/tensorflow-on-iris,406208
/mrj1990/notebookd17f0585bb,406203
/daavoo/notebook2982321615,406198
/memetzgz/a-journey-through-titanic,822215
/mrj1990/notebookecd8fb437c,406147
/benhamner/notebookb6d7d666e9,406143
/atirpetkar/a-journey-through-titanic,407600
/walla2ae/notebook549cc9596c,406095
/zehracan/python-data-visualizations,406093
/idayeh/notebookedaa7d9236,406088
/walla2ae/geolocation-visualisations,406084
/sbcd90/notebook1c3e13cdce,406082
/apistat/notebook264b020617,406051
/sincere/notebookb392e1b6dc,406013
/mirane/how-can-we-predict-the-sentiment-by-tweets,406006
/gameboy4393/notebookbf26b687bd,405995
/mulkgirl/python-for-padawans,405987
/lihsinchen/notebook65e3f7fd1d,405973
/nop287/notebook6db1a62d55,405965
/wuyunsdu/kaggle-titanic-001,405959
/wpncrh/tensorflow-deep-nn,405939
/willsuess/notebook327e87dc3d,405934
/zxzjim/notebooke720fc930e,405901
/oluwadara/a-journey-through-titanic,405862
/hassaanrafiq/notebook6ac7a37d26,405861
/karora/notebooke29939f4c3,405853
/berwin/notebook2401bd5e4f,405835
/dserrano1524/notebookc8174fc989,1781691
/asheshexp/notebookaffb52cb1e,405718
/apapiu/notebookd83757a13c,407870
/utsavbhargava/notebook1e8eb0e309,405703
/demonvortex/notebookcef816c3c4,405674
/mspakuru/wordclouds-from-springfield-people,405666
/frederickayala/notebook8e914bb5cd,405658
/nannanup/notebook1bf0d9a4e4,405638
/liam21c/notebook3efdf7605d,405636
/adigandhi/notebooka00495d10e,405632
/rajendrakumar/outbrain-eda-32e2dfbe,405612
/deepakbhutada19/notebook13a3dfaefc,405588
/longjie0723/a-journey-through-titanic,405572
/kathakaliseth/geolocation-visualisations-forked,405547
/valadi/bias-correction-xgboost-forked,405516
/jackyust/notebook0dca8b1ac1,405478
/yrowe483/notebook88541bf6a1,405470
/maluna/notebook38ce1a39ca,405461
/asantisbon/notebooka1672cae81,405459
/altairpearl/tensorflow-deep-nn,405435
/kaelchan/python-data-visualizations,405430
/jameszhou92/notebook14ab054988,405412
/aarash/notebook104729dccb,405409
/helloworldliu/notebook99efe706a4,405390
/peterkirby/tensorflow-deep-nn,405366
/kathakaliseth/south-african-crime-statistic-data-exploration,405355
/chinoyravi/notebookf29eef48d9,405338
/kusha31/notebookc919ef3451,405334
/frosklis/notebook039e3a17b5,405324
/nverma22/notebook32f90e3960,405317
/sharonteo/notebookac9aafedde,405289
/fragglerock/us-baby-names-with-sql-python,405287
/vbaker45/notebook6860fedbcb,405264
/datadong/data-exploration-and-visualisations-f4546a14,405254
/kalulud/python-data-visualizations,416194
/kalulud/notebook01a120f041,405239
/lesnio/10-classifier-showdown-in-scikit-learn-660a36c4,405229
/vbaker45/notebooke4ef091769,405224
/cherryjoyce/notebook7498fee01f,405212
/mttsai/notebookfff44745ba,405204
/justinleeme/a-journey-through-titanic-b7e23f7e,406706
/cherryjoyce/notebookea186476e8,405186
/ksjpswaroop/notebook0204b2f101,405181
/scottychung/notebook6aa094666e,405180
/fragglerock/tell-your-name-and-i-know-your-gender,405173
/cjyou2016/tensorflow-deep-nn,405151
/refine/notebook70f98f9142,405141
/andrewnguyen/notebook8c437d007a,405130
/justinleeme/a-journey-through-titanic-6f31d1dc,405116
/mm207207/notebook7caa4bfa1b,405039
/justwjr/notebook0ff44ee9b0,405017
/mauveisfine/notebook9e1a46f924,405011
/eseggioli/predict-match-between-two-person-v1,405006
/juyang/notebook5ba682e66b,405003
/sandeco/basic-eda-and-final-grade-prediction,405010
/jaritgor/notebook8e64e2eea3,404967
/grichardson/notebook4827f2f295,407541
/rezamahani/notebookb0c172a0b8,404941
/jcsilv16/notebook0245533c72,404924
/wenbo5565/notebookf0c04e2d31,404874
/nollal/notebook5e33839ca8,404866
/benhamner/notebook6163dc949c,404810
/enescagl/notebookcbc288457c,404804
/remcos/notebookb28838fb22,404786
/speckledpingu/notebook582cfd114e,404777
/ankit2grover/notebook10bdecd55e,404774
/mokeyev/notebook57a5e0084b,404766
/timcowley/notebookcc1ae26645,404747
/xhliu127/notebook379189a083,404738
/acayachoa/notebook1b9bb0bcce,404725
/joje90/notebook83641e45ca,404675
/giemme/notebooka2c99e0fc0,404644
/tiphtiph/notebook8ff24e819a,404633
/sonuk7/notebook3d312a33c3,404620
/abhikumar07/notebook8d11632ae1,404606
/levantrung/notebook87699548c1,404572
/chenwendi/notebook4e62ebe417,404565
/kangeugine/notebook59e5e950a9,404554
/derter/notebook8c921476b5,404543
/tashay/predicting-survival-on-the-titanic,404592
/fabiocappello/notebook13d45468ce,404525
/vrmbit/notebookd0afa2bc5e,404516
/pierrem/notebook2424f2d6c3,404601
/khuo68/notebookb739ba129b,404499
/stanislavushakov/notebookbd849338c6,407409
/mrferozi/911-calls-visualization,404464
/mgill25/notebook9d6d1dd80a,404450
/ktugan/notebooke43efbd058,404428
/aceccon/notebook7d83f68063,404378
/ohmygod/lets-look-at-correlations-593b8889,404373
/gieraths/hourly-posts-comments,404357
/afiqahzwn/notebooke1bc62caba,404356
/rezamahani/a-journey-through-titanic-hi,404422
/jjbohn/notebook7ca1cf414a,405907
/chinni/notebook19b028d8af,404350
/albertoboldt/notebook607d14817e,404343
/snlpnkj/notebookafdd07ca05,404335
/lizhuping/knn-from-scratch-in-python-at-97-1-d40526e8,404328
/waqasali/notebookf3a58021c2,404310
/edubai/911-calls-visualization,404308
/ashokvb/exploring-survival-on-the-titanic,404305
/slwessels/notebookd2e8d77aec,404289
/jiashenliu/notebook16d9741803,404274
/amitchoudhary/notebook8ce67fc8c7,404261
/deepak1986/notebook09f5e587bd,404251
/mgill25/a-journey-through-titanic,404238
/apapiu/notebook77d327ec4a,404232
/aneeshb/notebook55c19d585b,404228
/aaronad/notebookd6194a8f32,404226
/tommypawelski/data-exploring-part-1-indicators,405118
/siroliver13/food-cloud,404213
/apmfifty/notebook4ee7a3d0a1,404193
/apapiu/grid-of-voxels-to-train-linear-model,404190
/hank110/grid-of-voxels-to-train-linear-model,404181
/prog16/notebook23254a859c,404177
/vinayaknv/notebookc17d94c848,404175
/saulofurtado/notebook2cd3f4e598,404166
/thomastan310/notebookcf7475c5e6,404483
/apmfifty/python-data-visualizations-14750467,404147
/imtiaz4ds/a-journey-through-titanic,410526
/chocola/notebookd89c274625,7558160
/janina/notebookeb9a3faa9e,404124
/shutak/notebook27d203b505,404117
/thebr3w/notebookbcc6a3cec8,404107
/transedward/notebook76798965a8,404098
/melghazali/notebooka89bad335d,404094
/pengrunze/titanic-machine-learning-from-disaster,404101
/psy0814/notebooka4b3407f46,404084
/wujia000/notebook339fc3c496,404083
/yifant/notebook49494e8121,404079
/hasanozgan/notebooke1e090889a,404070
/charithz997/notebookc5d1320ead,404067
/charithz997/notebook896d54b1a7,404062
/harishbchalam204/notebook5828b1a9dd,404038
/stevenhou/notebooka6da89f287,404032
/muniraf/dataset-walk-through-911,434599
/gsk967/notebook34a387d789,404025
/wangscot/a-journey-through-titanic,404018
/ponfarr/a-journey-through-titanic,404028
/umeshsati/single-unified-table-0-94-sklearn,409120
/geckya/a-journey-through-titanic,403995
/frankyih/notebook198b1a8c58,403955
/yhyu13/regularized-linear-models,403953
/saifahmed99/notebook8e72dcc241,403950
/naveenmadhire/notebookf213ed12e6,403939
/trentwoodbury/notebookecf5a037c3,403937
/ishanc/notebook71f210183b,403906
/lizhuping/knn-from-scratch-in-python-at-97-1,403903
/petersontylerd/data-analysis-and-visualizations,403897
/johnmjhm/exploring-player-stats,404706
