/cmlaughing/notebook01c232ebdf,1174432
/mooner/unusual-meaning-map,1174429
/ariccjme/notebook90b90b50ff,1174420
/erdcpatel/notebookb0de95c365,1174402
/kantone/tmp33,1174384
/speriyasamy/notebook814e469104,1174382
/jordandejong/notebook87f99f9b0e,1174358
/torupallab/quora-eda-model-selection-roc-pr-plots,1174323
/senvimjag/notebook56b9093d20,1174321
/lohrasp/notebookb8d18cb019,1174247
/lohrasp/notebook19a731e677,1174238
/yanjirglsm/a-study-on-regression-applied-to-the-ames-dataset,1174221
/supertrampsid/notebookc1e9773aa3,1174201
/sthomson/titanic-v1,1174133
/aungkhaingwin/notebook2bd5d0f1bc,1174131
/rdpatil/a-very-extensive-sberbank-exploratory-analysis,1174128
/infof422cambier/notebooka7103a5938,1174086
/gold4star/testing,1174083
/gold4star/title-90,1174090
/davidfumo/notebook2ff737cd58,1174058
/wernerchao/xgb-with-jhaccard-magic,1174051
/jyosan/just-a-first-look,1174042
/aematia/notebook056cf048c1,1173965
/suchitgupta60/test12,1173958
/exzamp/titanic,1173893
/gold4star/title,1173886
/exzamp/notebook8a2c7b4d1c,1173885
/stringkm/imdb-version0,1173877
/exzamp/notebook34b19e0a2b,1173869
/lulunz/world-happiness-pca-kl,1173829
/ecerulm/notebook8406400236,1173822
/amohelsky/notebook2a925f113c,1173793
/mucuntian/a-study-on-regression-applied-to-the-ames-dataset,1173749
/prabhasankar/svm-and-randomforest,1175790
/dhritimandas7/exploring-survival-on-the-titanic,1173680
/cdehais/testscript,1173535
/rodrigoluzuriaga/notebook0fa0fecaeb,1173503
/foreman3/exploring-survival-on-the-titanic,1173440
/norbiproba/valami,1173436
/prabhasankar/notebooka493932c8d,1176029
/most00/notebook9187e9fd58,1174038
/ssarangi/data-exploration,1173341
/pallabb/house-sales-gradient-descent-linear-regression,1173340
/droid732545/titanic,1174223
/models/notebook0da6c7c9cd,1173309
/gkeesh7/myscript,1173295
/wvds89/test-wvds89,1182162
/wvds89/notebookb8494c676d,1173247
/dronio/notebookb4f48e8edb,1173245
/wvds89/notebookd40cdc7f20,1173238
/damonhao/why-calibration-works,1173233
/ntokozo/notebook087afd6161,1173212
/yogesh536/notebook129420f2d0,1173195
/timhenry/xgb-v9,1173129
/darkfunction/notebook5ae049db08,1173098
/chathurangajayaweera/notebook8947c06c1c,1173085
/pankaj0306/notebook7ea975156d,1173077
/shirleyhust/fishy-keras,1173192
/kevmccullough/79-4-accuracy-demonstrating-multiple-algorithms,1182526
/merturk/notebook08665d912c,1173047
/tangelus/test1,1173048
/shuramakrish/fraud-detection-in-credit-cards,1173020
/maria276/hillary,1173089
/marrvolo/notebook633e4eb4cc,1172974
/utkalnayak/utkal-learning-module1-starbucksdata,1172968
/ppeetteerrs/notebook616ddc75be,1172939
/juniordatascientist/notebook1cee37a9e7,1172930
/timhenry/classic,1172970
/bartekwolowiec/notebook6597e2b308,1172881
/bartekwolowiec/notebookb62e6798e0,1172871
/bartekwolowiec/notebookb9e9964eb6,1172866
/dimitrislev/different-location-questions,1172838
/rakshparmar/an-interactive-data-science-tutorial,1235539
/suhasmallya/notebookd719f5d2ca,1172816
/morisummer/test11,1172707
/swadhwa/swads,1172699
/jmseason/notebook4d00de4d64,1172669
/gillesdek/notebook354160ae2e,1172651
/babala/notebooke11f644a7c,1172630
/yanbinxu/enter,1172607
/xinjielu/notebook9c15e3792e,1172538
/usernameecho/notebookb27e0e7a20,1172525
/nitishsingh41/titanic,1172518
/deepakumarln/notebook8a53b36f16,1172486
/sthakuri/test01,1172476
/doubaobro/notebook5c3b3d1cdd,1172454
/elm200/a-very-extensive-sberbank-exploratory-analysis,1172379
/ashikul04/notebook8bc18b332d,1172318
/hywkaggle/notebook03f9a8ce4a,1172349
/adatui/notebook1a40083440,1172293
/xieyufish/notebooke9aee87f89,1172249
/akashvibhute/notebook74ef9e8924,1172225
/pokarchip/testt,1172234
/inventer/notebook50d513621a,1172218
/xiaoyaonanjiea/notebook3be75a75f2,1172167
/dannybit/titanic,1172152
/xiaoyaonanjiea/notebookdf3a40f3ae,1172124
/w821881341/notebook7b0e088bcc,1172103
/suyashmahar/notebooke721efedf2,1172097
/suyashmahar/notebook165578915c,1172095
/zsterling/notebook2299f394bc,1172077
/msingh32/notebook73b274473a,1172067
/chelimin/notebook150ed77c53,1172059
/advaitha/advaitha,1172057
/coolrebel/titanic,1171971
/yogesh3042/notebookfa067d5b09,1171970
/layo123/notebook45d884c6c8,1171962
/mathjason/testing-markdown-download-upload,1171961
/greendata/titanic-sample-notebook,1171920
/greendata/script-sample-titanic,1171919
/chrisbryan88/notebook6819738e11,1171913
/kaichenphys/notebook0392af4fa2,1171883
/vbogdan/test1,1171839
/alexdisla/notebook1052224522,1171793
/chendongnz/notebook0037dce0c5,1171788
/shuyan/notebookc3d4969a97,1171740
/mohitdhagat/notebook1dcf7c2ff8,1171707
/rochaferraz/juliaxplor,1177275
/rochaferraz/notebook20a58eb185,1171686
/drewmarmon/notebook14e676a298,1180283
/xydeng/notebook026566efda,1171685
/longfin/notebook0ae89c25ec,1171665
/viceaster/preliminary-test,1171657
/dtran262/notebookaa34c9f292,1171633
/adityakumarsinha/notebookdc48f94b07,1171593
/antgoldbloom/notebook5e1daa3763,1171561
/timhenry/xgb-8,1171548
/sumedh0101/notebook8604c89772,1171527
/marami52/notebookd84b0342d1,1171528
/dersonluis/deep-neural-network-keras-way,1171505
/rosenthalsk/hr-analytics,1171502
/sarrabenalaya/notebook0eb46904ec,1171468
/bharathbs93/titanic-tutorial,1171426
/salamandra/notebooka237ee187c,1171420
/austincap/notebook0d7c502d42,1171416
/billwhiteley/0-808-with-simple-stacking,1171462
/jasonbenner/cleaning-and-starting-the-sberbank-data,1171411
/vector96/samplecode,1172527
/kulamr/titanic-ml,1171365
/gouveia944/try-nr1,1171410
/karth1k19/trial1,1171348
/alex1161/notebook17e2f8f259,1171336
/kiwifairy/notebooke7810217e3,1180089
/newbie2017/0-808-with-simple-stacking,1171317
/chahalsandeep/notebookdb0274bffa,1173323
/isabelle/player-characteristics,1171294
/jasonbenner/basic-tensorflow-tutorial,1171278
/dragonsorcerer/notebook438fda7851,1171267
/laibot/test-this-is-my-title,1171303
/giamluc/notebook4911dd4411,1171185
/chetanreddy/an-interactive-data-science-tutorial,1200405
/mrisdal/shoes-data-exploration,1171172
/g10dra/happiness-index-exploration,1171152
/ranlocar/linear-regressions,1171151
/kga1a2y3/naive-xgb,1181244
/ankitbeniwal/titanic-data-science-solutions,1171114
/jiashenliu/predict-house-price-step-by-step,1171111
/mkesselaers/a-study-on-regression-applied-to-the-ames-d-e054f5,1171106
/despard/new-test-script,1171086
/mkesselaers/a-study-on-regression-applied-to-the-ames-dataset,1171081
/aminenfaoui/notebookf46df1ee1b,1171074
/venky5186/notebook8bb9bdc501,1171048
/robinkraft/fork-of-making-tifs-look-normal-using-spe-1ca96e,1171043
/jrcarr/test-exploration,1171042
/arothkegel/notebook74b21c3038,1171039
/menirus95/notebook9138eaa11d,1171036
/marrvolo/xgboost-starter-for-instacart-0-3450-score,1171031
/arnoldyyf/exploring-survival-on-the-titanic,1171030
/hughfm/notebookd85179b0c7,1171015
/tiagoclaropessoa/notebook41cf1c9e01,1170978
/slimelearn/notebook94675418f5,1170975
/sailing33/plotting-use-tabset,1170974
/jurrienrietveld/simple-dashboards-in-r,1170921
/sailing33/notebook186dd40d74,1170910
/azisk1/notebook925fb35b77,1170895
/wuchao12/notebookb8852a86d7,1170879
/balutry96/notebook259108b63e,1170818
/nicolashhh/notebook5a930f015d,1170800
/seniorxachi/notebooke92258fe0b,1170775
/brettcbaker01/diabetes-predictions-using-tree-based-models,1171038
/mnnguyen/notebookd74addaa36,1170756
/lhericourt/a-very-extensive-sberbank-exploratory-analysis,1170653
/cnlangness/kaggle-titanic-tutorial-notebook,1170650
/khanzaid/notebooka5155410f5,1170646
/khanzaid/notebookd05851f25f,1170639
/vijayshc/aaaaaa,1170616
/ykaradayi/xgboost-extended-c,1170657
/berton/notebooke3c6b714eb,1170559
/saketsingh20/notebook75459c22ec,1170555
/shubham4077/notebook8effefd7ad,1170557
/shraddhas/may19th2017,1170548
/berton/notebook856d183a49,1170529
/berton/notebook81d7d88699,1170526
/topairy/mzedjd,1170524
/satadru5/notebook239d5a22b7,1170495
/alphaprakash/fraudcreditcradsdetection,1170456
/jonesne92/notebooka580137470,1170395
/manishb4u/notebook3693d4a412,1170373
/ankitind/notebook51a8545d4b,1171796
/saketsingh20/notebookf4db1eddb6,1170343
