/zeddmaxx/pandas-time-series-analysis,684073
/zhouangjun/titanic-survival-prediction,684072
/krisuncy/notebookb61b25f6d5,684054
/gdhsjwj/notebook1cbc51da06,683996
/yanxuldx/setting-up-a-prediction-problem-dota-2,683988
/chessmate/something-something,683902
/starml/firstscript,683900
/chessmate/notebooke0fffcbb43,683877
/fuyajing/the-console-wars-ps-vs-xbox-vs-wii-7ffd14c6,683842
/david00zhang/a-journey-through-titanic,683810
/fuyajing/home-depot,683803
/fuyajing/the-console-wars-ps-vs-xbox-vs-wii,683794
/qingnan/notebookc6222db311,683787
/ling0606/notebook888207b83b,683762
/nithish007/my-script,683729
/peymanml/notebookd93b58859c,683716
/qichaohuang0307/a-journey-through-titanic,683705
/qichaohuang0307/notebook03abf0fdd0,693137
/n0angel/python-data-visualizations,683630
/c4chanha/mnist-with-cnn-0-99157-score,710369
/ienoob/notebook319daded88,683610
/sandeep8530/notebookae53bd32e8,683607
/sandeep8530/notebook5d4b04d975,683587
/markdavey/info-2,687380
/dondoko/notebook1f96a7f93d,683565
/yuntai/titanic-survival-prediction-end-to-end-ml-pipeline,683441
/mehdifarhangian/mathematical-formulation-of-santa-s-problem,683388
/aerolsh/regularized-linear-models-bfa0bfcf,683380
/aerolsh/regularized-linear-models,683371
/datacanary/notebook6e2acc0647,683351
/learningx/joyful-death-analysis,683337
/datacanary/test-script-2,683299
/datacanary/notebooke93b98c534,683252
/lippoldt/a-journey-through-titanic,683248
/lippoldt/notebookc1e3991772,683214
/hqyhqy0213/notebook026943739c,683175
/datacanary/notebook24c6c90d19,683170
/markcrowley/data-exploration-and-visualization-96121260,683146
/bgbutler/detailed-cleaning-visualization-python,683142
/erikasuita/first-work-ever,683139
/rohit1996/random-forest-benchmark-r-1,683123
/westpjc/plot-the-data,683089
/ivelin/transfer-learning-script-1,683033
/dawnbreaker/fishy-keras,683192
/miniontv/titanic-survival-prediction-end-to-end-ml-pipeline,682969
/yuebanguo/notebook33078217e5,682941
/markcrowley/data-exploration-and-visualization,682914
/datacanary/notebook58b4fda2fa,682889
/hqyhqy0213/notebook66710cdd0b,682835
/nikitav/test1,682803
/malekbadreddine/notebookaf90590d44,682784
/qzhan11/unveiling-page-views-csv-with-pyspark,682768
/bstephens/notebookc9276c78ac,682757
/sarakianian/notebook087feedbe1,682746
/jeyavinoth/notebook4048974dc2,682709
/germanmad/notebook0de47db579,682704
/elcinergin/a-journey-through-titanic,686877
/jiahuan/notebooke1ec448237,682617
/dataneo/notebookd034d3d689,682604
/dataneo/director-and-actor-s-total-gross-and-imdb-score,682572
/catarango/notebook1225b02020,682529
/dataneo/imdb-dataset-exploration,682527
/catarango/notebook326fd60ed3,682524
/rkamalf/titanic-survival-prediction-end-to-end-ml-pipeline,682511
/jiahuan/notebooka5e7ee803e,682493
/dataneo/moviedb,838734
/ling0606/notebook5360418114,682386
/lmsutton/notebookbdba2453c2,682374
/vdimit/notebookfa7489571f,682369
/fk1912/titanic-data-analysis-and-machine-learning,682335
/hk060655/notebookd9b9e44d29,682285
/daniyal11/things-i-do-for-asif,682314
/michielstock/notebookc8133a60ad,682259
/israelpederson/titanic-data-analysis-and-machine-learning,682240
/rcprasanth/notebook9759614efd,682237
/pauls3/notebook36f5aa9d44,682233
/rbickham11/titanic-practice-with-scikit-learn-12d285f5,682181
/shakhak/titanic-practice-with-scikit-learn,682179
/ywenlu/titanic-data-science-solutions,682170
/akroplax/titanic-practice-with-scikit-learn,713741
/nickprz/titanic-practice-with-scikit-learn-1f24c089,682162
/jeremyfensch/a-journey-through-titanic,682158
/tchiappisi/digit-recognizer-with-scikit-learn-9129e7f9,682149
/nickprz/titanic-practice-with-scikit-learn,682139
/kmartyn43/titanic-practice-with-scikit-learn,682136
/wenboqiao/titanic-practice-with-scikit-learn,682130
/jiahuan/notebook368c1cbeea,682128
/quiddler/digit-recognizer-with-scikit-learn-643bd470,682358
/nickprz/notebookc04afe4d3f,682117
/anji2727/notebookf344d0c300,682116
/rbickham11/titanic-practice-with-scikit-learn-4c49e6db,682110
/kknoflach/titanic-practice-with-scikit-learn,682104
/quiddler/digit-recognizer-with-scikit-learn,682102
/tchiappisi/titanic-practice-with-scikit-learn,682098
/krobertson91/titanic-practice-with-scikit-learn,682090
/tcw321/titanic-practice-with-scikit-learn,682089
/brummy/titanic-practice-with-scikit-learn,682088
/scitesy/titanic-practice-with-scikit-learn,682087
/sutliffb/notebook37eb342d6e,682085
/no1coolguy/titanic-practice-with-scikit-learn,682084
/jeremyfensch/titanic-practice-with-scikit-learn-2aa84ce5,682083
/cmorgan12/titanic-practice-with-scikit-learn,682080
/mhenrichsen/titanic-practice-with-scikit-learn,682077
/shepmaster/titanic-practice-with-scikit-learn,682076
/herrdrjones/titanic-practice-with-scikit-learn,682074
/sjmadsen/titanic-practice-with-scikit-learn,682073
/rbickham11/titanic-practice-with-scikit-learn,682071
/stephanieblubaugh/titanic-practice-with-scikit-learn,682070
/lillywhite/titanic-practice-with-scikit-learn,682068
/k8tied1/titanic-practice-with-scikit-learn,682067
/plombardi/titanic-survival-prediction-end-to-end-ml-pipeline,682051
/kublakhan/titanic-survival-prediction-end-to-end-ml-pipeline,682045
/aydinqlakcasu/titanic-practice-with-scikit-learn,682027
/raviteja261/joyful-death-analysis,681999
/fernandocruz/test-2,686017
/jwilson/titanic-practice-with-scikit-learn,681995
/anji2727/notebookf281e95647,681988
/bobbylcraig/titanic-practice-with-scikit-learn,681986
/bobbylcraig/housing-prices-prediction-with-scikit-learn,681976
/devramx/hello-titanic,681967
/stahlscott/titanic-practice-with-scikit-learn,681948
/krobertson91/digit-recognizer-with-scikit-learn-86e5e0a9,681903
/cwelch/titanic-practice-with-scikit-learn,681886
/domainsindex/second-level-domains-5e41b3ec,735077
/kinau25/notebook6145023e50,681881
/davidwegscheid/titanic-practice-with-scikit-learn,681877
/krogermd/digit-recognizer-with-scikit-learn,681852
/dmichels/titanic-practice-with-scikit-learn,681837
/dmichels/notebook42e34e3826,681815
/mhenrichsen/housing-prices-prediction-with-scikit-learn,681800
/krogermd/housing-prices-prediction-with-scikit-learn,681788
/tmckinney/housing-prices-prediction-with-scikit-learn,681772
/kinau25/housing-prices-prediction-with-scikit-learn,681766
/larrya/housing-prices-prediction-with-scikit-learn,681758
/kinau25/notebook0b26385da6,681754
/fitzoh/housing-prices-prediction-with-scikit-learn,681753
/spoloha11/housing-prices-prediction-with-scikit-learn,681752
/tchiappisi/housing-prices-prediction-with-scikit-learn,681750
/aydinqlakcasu/housing-prices-prediction-with-scikit-learn,681748
/kingtorg/housing-prices-prediction-with-scikit-learn,681745
/kknoflach/digit-recognizer-with-scikit-learn,681744
/shepmaster/housing-prices-prediction-with-scikit-learn,681740
/scitesy/housing-prices-prediction-with-scikit-learn,681739
/stahlscott/housing-prices-prediction-with-scikit-learn,681737
/lokeshvarma/housing-prices-prediction-with-scikit-learn,681735
/shakhak/housing-prices-prediction-with-scikit-learn,682171
/sjmadsen/housing-prices-prediction-with-scikit-learn,681726
/akuntz1029/housing-prices-prediction-with-scikit-learn,681990
/brummy/housing-prices-prediction-with-scikit-learn,681719
/keithhardaway/notebook19f5418384,682480
/dbartkowski/housing-prices-prediction-with-scikit-learn,681710
/n1nfmind/housing-prices-prediction-with-scikit-learn,681708
/rbickham11/housing-prices-prediction-with-scikit-learn,681706
/lillywhite/housing-prices-prediction-with-scikit-learn,681705
/himapaladugu/housing-prices-prediction-with-scikit-learn,681704
/akroplax/housing-prices-prediction-with-scikit-learn,713739
/mmarsden/housing-prices-prediction-with-scikit-learn,681694
/nickinsight/housing-prices-prediction-with-scikit-learn,681693
/muvaulter16/housing-prices-prediction-with-scikit-learn,681692
/eciryanb/housing-prices-prediction-with-scikit-learn,681691
/llamalur/housing-prices-prediction-with-scikit-learn,681690
/cmorgan12/housing-prices-prediction-with-scikit-learn,681688
/mohan252/housing-prices-prediction-with-scikit-learn,681687
/chickensalad/housing-prices-prediction-with-scikit-learn,681686
/davidgrace/housing-prices-prediction-with-scikit-learn,681685
/adurkin/housing-prices-prediction-with-scikit-learn,681684
/codecadwallader/housing-prices-prediction-with-scikit-learn,681683
/magnificient/housing-prices-prediction-with-scikit-learn,681681
/ryanfakir/housing-prices-prediction-with-scikit-learn,681680
/k8tied1/housing-prices-prediction-with-scikit-learn,681678
/no1coolguy/housing-prices-prediction-with-scikit-learn,681676
/anji2727/notebook21a983e0a8,681673
/mpirnat/housing-prices-prediction-with-scikit-learn,681672
/ashutosh1/housing-prices-prediction-with-scikit-learn,681670
/herrdrjones/housing-prices-prediction-with-scikit-learn,681668
/akrabat/housing-prices-prediction-with-scikit-learn,681663
/dbertram/housing-prices-prediction-with-scikit-learn,681662
/stephanieblubaugh/housing-prices-prediction-with-scikit-learn,681661
/mknight/imagery-classfication-take1,681654
/markdingee/digit-recognizer-with-scikit-learn,681629
/jiahuan/notebook6e13394b63,681625
/jmunderwood/digit-recognizer-with-scikit-learn,681610
/ashutosh1/digit-recognizer-with-scikit-learn-ffcd1195,681603
/mnorby/digit-recognizer-with-scikit-learn,681559
/cwelch/digit-recognizer-with-scikit-learn,681551
/eciryanb/digit-recognizer-with-scikit-learn,681545
/b2nice/notebook82ce858f1e,681543
/benwallace/notebook060d84a6d7,681542
/spoloha11/digit-recognizer-with-scikit-learn,681535
/tchiappisi/digit-recognizer-with-scikit-learn,681534
/herrdrjones/digit-recognizer-with-scikit-learn,681532
/himapaladugu/digit-recognizer-with-scikit-learn,681531
/brummy/digit-recognizer-with-scikit-learn,681530
/austinemser/digit-recognizer-with-scikit-learn-0ef0a5f9,681519
/stephanieblubaugh/digit-recognizer-with-scikit-learn,681518
/dmichels/housing-prices-prediction-with-scikit-learn,681515
/brummy/notebookc05692e841,681513
/tchiappisi/notebook73018f1d63,681508
/andorbal/digit-recognizer-with-scikit-learn,681507
/no1coolguy/digit-recognizer-with-scikit-learn,681506
