/debjitghosh/data-cleaning-challenge-handling-missing-values,2940687
/adelinewei/data-cleaning-challenge-handling-missing-values,2934692
/mihalisp/data-cleaning-challenge-handling-missing-values,2931709
/madhutanna/data-cleaning-challenge-handling-missing-v-a0d30a,2933239
/antoniocava/data-cleaning-challenge-handling-missing-values,2937711
/eyan422/data-cleaning-challenge-handling-missing-v-3c74f0,2931354
/ashu1610/data-cleaning-challenge-handling-missing-values,2938296
/zackakil/data-cleaning-challenge-handling-missing-values,2931149
/steve7an/data-cleaning-challenge-handling-missing-values,2944727
/sayanpaul/data-cleaning-challenge-handling-missing-values,2943173
/gapper100/data-cleaning-challenge-handling-missing-values,2930752
/jing22168/20180330-softmax,2994461
/nathdip/data-cleaning-challenge-handling-missing-values,2943591
/enfeizhan/data-cleaning-challenge-handling-missing-values,2930980
/pleasestandby/data-cleaning-challenge-handling-missing-steef,2931137
/datajhonny/data-cleaning-challenge-handling-missing-values,2930815
/navneetl/data-cleaning-challenge-handling-missing-values,2930565
/muneeb2405/data-cleaning-challenge-handling-missing-values,2934432
/dejavu319/data-cleaning-challenge-handling-missing-v-768545,2930629
/ollibolli/data-cleaning-challenge-handling-missing-values,2938906
/meininghang/data-cleaning-challenge-handling-missing-values,2930614
/msamido/data-clean-game-handling-missing-values-msamido,2932307
/wangwuqi/data-cleaning-challenge-handling-missing-values,2936200
/huangkx/data-cleaning-challenge-handling-missing-values,2938809
/subnkve/data-cleaning-challenge-handling-missing-v-65028e,2930701
/serarm/data-cleaning-challenge-handling-missing-values,2930096
/harveenchadha/data-cleaning-challenge-handling-missing-values,2931714
/jinudaniel/data-cleaning-challenge-handling-missing-values,2931790
/wmonicad/data-cleaning-challenge-handling-missing-values,2930559
/mari0s/data-cleaning-challenge-handling-missing-values,2931119
/isaacpatole/data-cleaning-challenge-handling-missing-values,2930187
/mu2phy/data-cleaning-challenge-handling-missing-values,2930734
/chitrarajasekaran/data-cleaning-challenge-handling-missing-v-38a5a5,2929899
/surfwave/data-cleaning-challenge-handling-missing-values,2930501
/laghouat/data-cleaning-challenge-handling-missing-values,2932804
/caf103023/homework1,2930229
/mergeninja/data-cleaning-challenge-handling-missing-values,2930813
/alexisdrx/data-cleaning-challenge-handling-missing-values,2929984
/ci3l4k/data-cleaning-challenge-handling-missing-values,2942959
/lehuyhunghedspihust/tagging,3014762
/nithyag/data-cleaning-challenge-handling-missing-values,2942048
/rajatxx/data-cleaning-challenge-handling-missing-values,2931615
/yuanyuanshen/data-cleaning-challenge-handling-missing-values,2942324
/gery93403/data-cleaning-challenge-handling-missing-values,2933662
/paddy77/data-cleaning-challenge-handling-missing-values,2929644
/chayanraj/data-cleaning-challenge-handling-missing-values,2929698
/leonidsnegirev/data-cleaning-challenge-handling-missing-values,2943949
/playingmyway/data-cleaning-challenge-handling-missing-values,2929881
/sachinkalsi/data-cleaning-challenge-handling-missing-values,2931624
/pushkarsaxena96/my-machine-learning-model,2949948
/evrial/data-cleaning-challenge-handling-missing-values,2934159
/senamerter/data-cleaning-challenge-handling-missing-values,2929365
/ahmedbattah/data-cleaning-challenge-handling-missing-values,2929784
/kdercksen/data-cleaning-challenge-handling-missing-values,2930821
/ravikiran1808/data-cleaning-challenge-handling-missing-values,2928495
/kannanv/data-cleaning-challenge-handling-missing-values,2930000
/rmerzouki/creating-reading-writing-data,2931720
/sunqiankun/data-cleaning-challenge-handling-missing-values,2928959
/iarunava/data-cleaning-challenge-handling-missing-values,2929048
/santiagomota/smh-data-cleaning-handling-missing-values,2929009
/sameerrai/data-cleaning-challenge-handling-missing-values,2932384
/ramu83/data-cleaning-challenge-handling-missing-v-8e5a88,2928868
/zhaobaiyu/data-cleaning-challenge-handling-missing-values,2931070
/groverhu/data-cleaning-challenge-handling-missing-v-26ba2e,2940335
/sxuanjing/data-cleaning-challenge-handling-missing-values,2928516
/paiky1995/data-cleaning-challenge-handling-missing-values,2928725
/shrikantds/data-cleaning-challenge-handling-missing-values,2928613
/tyburam/data-cleaning-challenge-handling-missing-values,2927625
/srgrace/data-cleaning-challenge-handling-missing-values,2928323
/heisenberg967/data-cleaning-challenge-handling-missing-values,2927548
/imrizwan/data-cleaning-challenge-handling-missing-values,2929609
/gooseillo/data-cleaning-challenge-handling-missing-values,2937233
/reachchakri/data-cleaning-challenge-handling-missing-values,2927311
/ozkanmath/data-cleaning-challenge-handling-missing-data,3056309
/monicasharma/data-cleaning-challenge-handling-missing-values,2927305
/kumarsrikant93/blockchainbigquery,2926840
/jawadrashid/data-cleaning-challenge-handling-missing-values,2963461
/buchan75/my-first-competition-housing-price,3120934
/mqayyuumh/creating-reading-writing-data,2929363
/sandy136/data-cleaning-challenge-handling-missing-values,2926781
/pacuna/data-cleaning-challenge-handling-missing-values,2926631
/alvations/sklearn-nltk-voteclassifier,2927690
/merishnasuwal/data-cleaning-challenge-handling-missing-values,3137992
/nitin194/data-cleaning-challenge-handling-missing-values,2926811
/weimingtrue/data-cleaning-challenge-handling-missing-values,2926554
/abdulla/data-cleaning-challenge-handling-missing-values,2926733
/trivikramchalasani/r-5-day-data-challenge-day-3,2931443
/kujjwal02/data-cleaning-challenge-handling-missing-values,2926344
/gillmoni/data-cleaning-challenge-handling-missing-values,2926792
/chaeldu/data-cleaning-challenge-handling-missing-values,2926403
/alexcfleming/data-cleaning-challenge-handling-missing-values,2947235
/lvxiangfei/data-cleaning-challenge-handling-missing-values,2926686
/himanshubdave/data-cleaning-challenge-handling-missing-values,2926154
/cemb00/indexing-selecting-assigning,2938148
/neharsinha/data-cleaning-challenge-handling-missing-values,3033176
/cemb00/creating-reading-writing-data,2925763
/yuweiming70/data-cleaning-challenge-handling-missing-values,2925851
/mdjsymz/data-cleaning-challenge-handling-missing-v-757611,2925964
/sidharthsuman/data-cleaning-challenge-handling-missing-values,2938071
/jawaharrajan/jawaharlearnpandas01,2926406
/saurabh13nov/data-cleaning-challenge-handling-missing-values,2925679
/trivikramchalasani/r-5-day-data-challenge-day-1,2925385
/djaballah/data-cleaning-challenge-handling-missing-values-1,2925124
/fukuit/data-cleaning-challenge-handling-missing-values,2925031
/ezraschroeder/regression-challenge-day-1,2925840
/vyom13/5-day-data-challenge-day-2,2924513
/justinclarkhome/data-cleaning-challenge-handling-missing-values,2924774
/boanalytics/data-cleaning-challenge-handling-missing-values,2924676
/elmaso/data-cleaning-challenge-handling-missing-values,2942573
/varmax/donorchoose-org-eda,2998115
/sidharth95/the-5-day-data-challenge,3812950
/vyom13/5-day-data-challenge-day-1,2924375
/maverick96/data-cleaning-challenge-handling-missing-values,2924328
/akhileshjoshi/data-cleaning-challenge-handling-missing-values,2924590
/amanrajs/data-cleaning-challenge-handling-missing-values,2927399
/yuexili/data-cleaning-challenge-handling-missing-values,2980597
/sudarsanr/submitting-from-a-kernel,2924396
/partha7278/my-first-machine-learning-kernal-in-kaggle,3010683
/shangkeyun/exploration-and-modelling,3096658
/varmax/h1b-2016-data-analysis,2940527
/neal56/titanic-1,2923172
/konohayui/summary-functions-maps,2923072
/ritvikkhanna09/simple-neural-networks-using-keras,2922427
/marintonjohn/ml-titanic,2926765
/vivekchatt/attrition-using-lda,2920561
/rmishra258/classification-with-multiple-algos,2918721
/sylviachach/begginer-iris-species-k-nearest-neighbours,2917884
/kranthikumar9625/my-first-machine-learning-model-9cba21,2917201
/e0045003/expedia-project-classifier,2933914
/seongwan/titanic-by-wan,2915955
/angelovila/tensorflow101-notebook,2915699
/skularat/bitcoin-pandas-analysis-and-visualisation,2921388
/austinotutu/titanic-made-simple-for-beginners,2915193
/igorslima/exercise-dropout-and-strides-for-larger-models,2914742
/venkatkolli/summary-functions-maps,3073423
/spatel4140/bag-of-words-meets-bags-of-popcorn,2914759
/jokingpoet/letters-p2,3258483
/kromel/wine-reviews-looking-for-the-best,2914679
/mik3hall/tutorial-start-in-r,2914374
/arthurspa/fork-of-titanic-ml-from-disaster-dnn-with-keras,2915309
/seemamishra33/useful-text-preprocessing-on-the-datasets,2914247
/dmill78/last-72-hours-code,2914143
/venkatkolli/indexing-selecting-assigning,2914604
/venkatkolli/creating-reading-writing-data-vk,2913895
/igorslima/exercise-modeling-from-scratch,2913865
/miczar/titanic-data-science-solutions,2980468
/jatinbalodhi/exercise-coding-in-tensorflow-and-keras,2918038
/konohayui/indexing-selecting-assigning,2913590
/jokingpoet/letters-p1,2913292
/limi44/demo-code-for-parkinson-s-pose-estimation-dataset,2912597
/demislav/indexing-selecting-assigning,2924340
/dellimxx/renaming-combining-data,2912169
/dellimxx/data-types-and-missing-data,2912072
/alouposjr/sample-model-housing-prices,2911910
/alouposjr/machine-learning,10371904
/dellimxx/indexing-selecting-assigning,2911744
/dellimxx/creating-reading-writing-data,2911569
/daniyal89/my-first-machine-learning-model,2918011
/vizvan/kernel99f1b7976f,2912584
/yy1252450987/animal-ml,3092169
/ayanmaity/devnagari-alphabet-detection-using-dnn,2910929
/merishnasuwal/the-5-day-data-challenge-day-5,2910282
/merishnasuwal/the-5-day-data-challenge-day-4,2910201
/b5strbal/randomforest-interactive-visualization,3012244
/merishnasuwal/the-5-day-data-challenge-day-1,2909992
/merishnasuwal/the-5-day-data-challenge-day2,2909925
/merishnasuwal/the-5-day-data-challenge,2909973
/zerotohero2/experiment-iris,3020264
/nikhilroxtomar/nuclei-overview-to-submission,2908211
/atulanandjha/my-first-machine-learning-model,2998861
/dhainjeamita/nn-for-binaryclassification-kfold-crossvalidation,2907640
/jokingpoet/covertype,2907134
/wsfy15/grouping-sorting,2907050
/vasanthstudies/landmark-recognition-challenge-image-downloader,2906502
/wsfy15/indexing-selecting-assigning,2906245
/demislav/creating-reading-writing-data,2912253
/wsfy15/creating-reading-writing-data,2906001
/konohayui/creating-reading-writing-data,2905414
/jokingpoet/adult,2913549
/igorslima/exercise-data-augmentation,2903691
/cobo714/sql-scavenger-hunt-day-4-with-as,2940152
/anqitu/lightlgb-with-text-and-self-engineered-features,2903031
/cobo714/sql-scavenger-hunt-day-3-order-by-dates,2902822
/jiegzhan/vectorization-vs-non-vectorization,3046838
/zakapar/notebookc4d876c824,2902628
/martinellis/what-s-the-inventories-table-investigation,2901564
/eamanu/using-events,3000559
/amlopezmo/homework-2-applied-longitudinal-data-42381b,2900894
/darkanita/homework-2-applied-longitudinal-data,2900750
/veygam/kernel8265143506,2899954
/chibby0ne/my-first-machine-learning-model,2903086
/paf103036/fork-of-homework-1,2898686
/shajahanar/capstone-project-1-911-emergency-calls,2899127
/limdongjin/first-20180323,2898165
/liamliang/stock-clustering,3011366
/tanapatkaggle/digit-recognizer,3086165
/madpiano/logistic-regression-to-predict-employee-leave,2897504
/buchan75/adult-census-income-eda-practice,2915576
/ynouri/titanic,2984222
/tetyanayatsenko/d-test-02,2896781
