/kerneler/starter-promotion-4f92b681-9,8281164
/ananthu21/tic-tac-toe,8635744
/kerneler/starter-salt-lake-city-crime-data-2016-ec8fa044-c,8280055
/kerneler/starter-air-quality-619470c4-d,9494624
/kerneler/starter-epa-erdb-2014-87892745-7,8279636
/kerneler/starter-epa-erdb-2016-6df3645f-9,8279627
/kerneler/starter-epa-erdb-2015-fb722122-7,8279614
/kerneler/starter-epa-erdb-2017-ed174538-d,8279600
/kerneler/starter-testb-c-a817d46e-c,8277307
/kerneler/starter-tolearnb-c-37880041-d,8277247
/mnagao/lightgbm-with-online-training,8313155
/kerneler/starter-dataset-1-1-e065649b-1,8276062
/kerneler/starter-dataset000213-0c3ad548-e,8275912
/kishiii/twosigma-day1-62248f,9432928
/hmdnez19/kernel96c83804e8,8647448
/lekhang76/kerneld022f9ca5a,8313544
/kerneler/starter-google-ai-s-bert-model-for-nlp-28c7a734-4,8274318
/kerneler/starter-wiki-vote-11632b69-f,8273860
/kerneler/starter-cnn-mnist-e83c4dc9-1,8273313
/isabeltseng/digit-recognition,8278688
/shu15121856/understanding-the-problem-and-some-sample-paths,8272227
/kerneler/starter-decemberdataset-cde7c379-4,8272069
/leohu97/xgboost-final-liao-hu,8443157
/vhenrique21/tarefa-4-pmr3508-2018-f4fcf75dda,8271388
/kerneler/starter-fraud-ecommerce-5beb6e26-e,8270603
/rosenman/market-data-nn-baseline-477b48,8272111
/kdomijan/chess-do-the-ranking-mean-anything,8269512
/kerneler/starter-newdata-a40b2ee0-b,8269227
/kerneler/starter-nfl-player-punt-data-analysis-5d1e8fc5-0,8269143
/kerneler/starter-adult-para-tarefa-4-70f1f4ca-1,8269013
/kerneler/starter-test-v2-a852f591-4,8267631
/kerneler/starter-quasarnet-data-e5133b61-3,8267522
/vkasojhaa/vikas-artifacia,8290678
/henupark/kernel71ec870f85,8548026
/kerneler/starter-go-nuts-archive-ae97ac02-6,8267480
/kerneler/starter-quasarnet-data-9b775074-b,8267182
/kerneler/starter-quasarnet-data-76374d3c-f,8266760
/ghriqueti/pmr3508-tarefa4-9345554,8271362
/guilhermecmarques/fashion-mnist-cnn,8268434
/kerneler/starter-quasarnet-trained-models-6ade184d-0,8265826
/kerneler/starter-quasarnet-trained-models-7c8b829d-c,8265756
/fedhamdi01/skin-cancer-cnn-model,8687318
/wonkydiamond/looking-at-clothes,9658517
/kerneler/starter-scene-classification-f8c0e826-e,8263367
/navneetptl/random-forest-benchmark-r,8263393
/armank29082/project-4,8264048
/kerneler/starter-chromium-dev-archive-db8812b0-c,8263211
/alpamys/oscar,8267406
/kerneler/starter-datatpp-5eaf2349-7,8262290
/kerneler/starter-datatp-56462f9e-b,8262408
/maasda/int-klassifizieren-mit-knn-ws18,8390071
/kerneler/starter-athletes-events-datasets-8a244d6e-f,8260759
/kerneler/starter-ageprecsv1-a6fa0892-b,8260623
/kerneler/starter-agepre7-a72e4110-4,8260611
/timotheos1/kernel6abdb7376d,8277429
/vikashbajaj/uber-case-study-b33a9d,9532133
/kerneler/starter-duygularimiz-8f515ac1-9,8257607
/aavister/xddddd,8286303
/kerneler/starter-duygularimiz-c7c94af0-9,8256634
/emekaboris/airline-price-optimization-micro-challenge,10756316
/kerneler/starter-imagesdb-9b8cfd0b-7,8255991
/emekaboris/blackjack-microchallenge,8255990
/arnavrupde123/kernel73fea4bf4d,9026126
/marcelmk/pmr3508-2018-8849cd6c0e,8270207
/kerneler/starter-titanic-analysis-1d6e22a6-3,8254076
/shu15121856/booleans-and-conditionals,8253515
/kerneler/starter-flower-json-map-c5ef86d1-3,8252764
/twopence/ga-revenue-prediction-without-column-hits,8256132
/vijayabhaskar96/fully-convolutional-accuracy-94-1-15-mi-789a46,8252718
/kerneler/starter-datasets-different-format-12b1f26b-5,9875388
/kerneler/starter-images-for-manual-convolution-6b3eb830-b,8246550
/kerneler/starter-ixi-example-d0014e72-1,9079388
/mechaman/resizing-reshaping-and-resampling-nifti-files,8277942
/kerneler/starter-global-market-sales-data-3072b289-1,8244991
/kerneler/starter-buy-price-of-the-dollar-2016-f345b071-c,8244923
/kerneler/starter-uncertain-humanprotein-779d5e92-a,8243603
/dhruvm/kernelf869c5ffc1,8244030
/linkedindata/job2vec-and-skill2vec,8820168
/kerneler/starter-geomorphology-of-the-mariana-dba896bb-5,8241355
/kerneler/starter-morphology-of-the-mariana-76ca9e39-b,8241304
/kerneler/starter-melb-data-csv-16838491-c,8240993
/kerneler/starter-bathymetry-of-the-mariana-3a5491d5-8,8240959
/kerneler/starter-z-alizadeh-sani-dataset-27270969-2,8240492
/virresh/exercise-explore-your-data,8240384
/kerneler/starter-dataframe-final-847cad3a-1,8240292
/kerneler/starter-2017-property-89aa57b1-5,8239359
/daobuliao/gru-capsule,8240735
/thisisaditya/quickdraw-baseline-lstm-reading-and-submiss-b779f0,8238198
/kerneler/starter-original-data-set-223b5d0e-e,8237646
/kerneler/starter-kick-starter-cleaned-data-set-cc361faa-0,8237466
/kerneler/starter-kick-started-data-set-kaggle-ac9d8a26-1,8237413
/kerneler/starter-darwin-s-finches-on-daphne-47dea066-8,8238057
/kerneler/starter-an-lise-de-dados-consumo-de-7856bfc5-a,8236410
/kerneler/starter-an-lise-de-dados-consumo-de-b5ee515e-6,8236372
/kerneler/starter-csv-dataset-2fbb92bf-9,8235297
/kerneler/starter-bank-note-data-set-80b9dd88-3,8235058
/kerneler/starter-tcga-biobombe-results-c6cf8437-5,8234919
/hmdnez19/svm-model,8268081
/kerneler/starter-train-extract-csv-7b82bcdc-2,8233418
/kerneler/starter-accesshack-3b013b9b-d,8232861
/kerneler/starter-lego-brick-sorting-image-133c7267-8,8236879
/kerneler/starter-haberman-s-survival-dataset-fc9f5600-8,8230244
/kerneler/starter-pleasetry6-cc65d56f-a,8230088
/kerneler/starter-fao-csv-928fbd81-c,8229397
/kerneler/starter-site-data-bk-only-positive-zip-823d3bad-b,8229165
/kerneler/starter-lego-vs-generic-brick-image-6e1763c0-7,8230495
/kerneler/starter-log-for-a-daily-car-travel-466206cd-4,8231414
/devonuryilmaz/cat-and-dog,8548784
/kerneler/starter-image1-39717727-0,8226647
/kerneler/starter-four-classes-of-emg-6372ea6a-7,8262111
/kerneler/starter-countries-population-in-2017-ec242ff1-c,8224614
/dubores/exercise-random-forests,8255405
/kerneler/starter-trainresim-0a844084-9,8221756
/dubores/exercise-explore-your-data,8220860
/kerneler/starter-train1-a5cb1ef0-2,8219606
/kerneler/starter-dc-condo-8e598caa-4,8215396
/kerneler/starter-real-estate-price-prediction-f5062cf3-7,8214312
/kerneler/starter-ucf101-29d33461-f,8213364
/kerneler/starter-ucf101-7c65963f-2,8211683
/iconoclash/exercise-convolutions-for-computer-vision,8243117
/kerneler/starter-my-home-assistant-database-7937d15b-7,8209474
/kerneler/starter-restaurant-reviews-in-dhaka-ada3fe54-7,8223992
/kerneler/starter-facility-map-4419e3f8-4,8208324
/shushanxingzhe/comprehensive-data-exploration-with-python,8207124
/shushanxingzhe/introduction-to-cnn-keras-0-997-top-6-b79bb6,8206576
/kerneler/starter-linkedin-crawled-profiles-32761648-6,8354179
/kerneler/starter-dermatology-dataset-944f08ab-a,8203912
/kerneler/starter-lego-and-generic-bricks-d35b769c-3,8203252
/zhangyk11/knn-framework-0bad69,8204585
/kerneler/starter-kaggle-cpe-6ef4b7c6-b,8203148
/crafterkolyan/ck-lgbmregressor-8e-2-2000-score-129-110,8201229
/vanesa99/decision-tree-and-knn-to-predict-diabetes,8200632
/kaggels/exercise-syntax-variables-and-numbers,8200129
/crawford/test1,8199762
/moqi112358/tag-recommendation-4-1-train-textcnn-best-model,8211782
/raxford1/flowers-recog,8247929
/kerneler/starter-samsung-health-steps-922c9c4b-3,8197161
/kerneler/starter-sf-mobile-food-facility-permit-76c7051d-5,8196161
/kerneler/starter-imdb-synopsis-indonesian-3d3f8ede-4,8195674
/kerneler/starter-mynewsub-8bca5338-2,8194791
/kerneler/starter-corpus-driven-fact-checking-43f3cdf7-e,8193438
/kerneler/starter-durchschnittliche-527e8dea-9,8190686
/rajaranjith1999/exercise-syntax-variables-and-numbers,10385900
/kerneler/starter-data-project-91923199-4,8190456
/kerneler/starter-policing-data-vermont-otw-7c190b61-8,8189772
/kerneler/starter-snake-eyes-162d2301-9,8188927
/kerneler/starter-integral-a8811f4c-a,8187530
/rusfed/fork-of-kernelc19e766316,8447174
/kolsha/pubg-predictions-gradient-boost,8185914
/kerneler/starter-technology-tracker-uk-2018-051085bd-b,8185537
/kerneler/starter-maryland-2017-home-mortgage-6aaa379b-4,8185025
/kerneler/starter-metar-weather-time-series-c481b2a4-a,8184947
/kerneler/starter-china-aqi-and-correlative-6a229947-d,8222104
/academycalbastard/blending-with-linear-regression-0-688-lb-5d53c4,8194743
/academycalbastard/magic-numbers-finder-no-cv-clr,8181930
/kerneler/starter-main-dataset-af83dabc-0,8180637
/kerneler/starter-pytorch-dataloading-tutorial-3a8be3be-1,8179953
/kerneler/starter-churn-modelling-ca9c8245-9,8179763
/yashmaxnet/kernel707690095d,8178694
/svrcek/syrian-immigration-flows,8178696
/daobuliao/beating-the-baseline-with-one-weird-trick-67fc1b,8184243
/kerneler/starter-cars-price-a415049f-7,8177892
/kerneler/starter-cars-prices-f242cec2-0,8177538
/kerneler/starter-smash-4-stats-e9eea29a-0,8176161
/kerneler/starter-conditional-list-comprehension-7e9a2e77-2,8175969
/kerneler/starter-images-2d84adf7-1,8173653
/yakolle/quora-lgb-tune-param-reboot,9366714
/kerneler/starter-test-yolo-v2-c0f023aa-a,8171926
/kerneler/starter-images-8eecf9ae-b,8171350
/kerneler/starter-ece6258-ship-detection-d3094b41-8,8171286
/kerneler/starter-australian-census-2016-gender-6a228757-a,8170916
/kerneler/starter-census-7864b553-5,8170243
/lekhang76/keras-yolo-v2,8321916
/kerneler/starter-keras-yolo-58cc985e-8,8169350
/kerneler/starter-electronics-8f31bef3-5,8168967
/kerneler/starter-blackrock-s-stock-price-since-454e168e-2,8168566
/kerneler/starter-policingdateset-933f18d4-6,8167794
/era3eld/1-sub,8178823
/kerneler/starter-ford-cars-in-iowa-516e5a27-8,8166805
/kerneler/starter-macsonuclarison-fb8faa95-6,8166694
/naghamsafwat/modelgen-py-c69006,8166638
/kerneler/starter-the-human-microbiome-project-b18d4333-6,8166550
/kerneler/starter-user-dfnlr2-games-data-f7acfdb2-1,10375746
/kerneler/starter-titanic-picture-a9abed73-9,8165327
/maheshas88/movie-review-prediction-with-lstms,8215924
/kerneler/starter-read-original-7f680ff8-a,8164074
/kerneler/starter-buenos-aires-public-bike-4b846342-c,8162876
/crafterkolyan/crafterkolyan-s-draft-score-141-109-gbr-date,8163039
/kerneler/starter-bitcoin-timeseries-with-ma-and-12e8ca33-e,8161917
/kerneler/starter-book-finalproject-wmw-29470901-2,8161906
/kerneler/starter-arabic-poem-e2aeb07a-7,8161791
/narendrayediginjala/readdata,8161068
/kikomaru/tarefa-4,8241866
/kerneler/starter-xrayschest224-sblapo-6d84a049-1,8158683
/tanay10a/trivedi-lasso,8156091
/shishir2sr/welcome-to-data-science-in-r-workbook,8155468
/vanesa99/red-wine-quality-prediction,8156087
/kerneler/starter-exoplanets-53822787-7,8154390
/prabhatkumarsahu/movie-review-sentiment-analysis-ml,8154020
/kerneler/starter-ukraine-deputies-a0a8c9bb-0,8652197
