/caovannguyen/candidate-generation-and-luna16-preprocessing,899028
/yichangfeng/notebookde67a856a4,899011
/akhalsa/notebook7b280fd43c,898999
/caovannguyen/first-pass-through-data-w-3d-convnet,898996
/akhalsa/titanic-survival-prediction-end-to-end-ml-pipeline,898988
/millerzzs/introduction-to-ensembling-stacking-in-python,898959
/aaron15/in-depth-skewed-data-classif-93-recall-acc-now,898957
/yananwu/support-vector-machine-detail-analysis,898944
/leeyj27/randomforest-in-r,899169
/tracyb/notebookf55f5d5eb9,898917
/alexfo/exploratory-study-of-ml-algorithms,898911
/alexfo/exploratory-study-on-feature-selection-c14185,898908
/waka21/randomforest-r,898906
/illidan7/dex-1,898905
/alexfo/exploratory-study-on-feature-selection,898904
/joshbrady/starter-explore-youtube8m-sample-data,898894
/illidan7/notebook51b106bc66,898893
/cantstopwontstop/simple-exploration-notebook-2-connect,898877
/harini5693/notebook9e209a3968,898848
/harini5693/introduction-to-ensembling-stacking-in-python,898839
/krishnaparvatha/titanicone,899211
/createkim/notebook22b285102a,898827
/songciting/fork-of-titanic-best-working-classifier,898821
/leeyj27/bagging-in-r,899148
/datanerd0/tensorflow-deep-nn,898787
/helmondio/notebookd36f2ab98b,898783
/krishnaparvatha/notebook1c50759cc5,898762
/datanerd0/exploratory-tutorial-titanic-16028c,898758
/datanerd0/exploratory-tutorial-titanic,898751
/hang17/fork-of-predicting-housing-prices,898747
/datanerd0/an-interactive-data-science-tutorial,898742
/datanerd0/titanic-survival-prediction-end-to-end-ml-pipeline,898728
/datanerd0/a-journey-through-titanic,898724
/illidan7/notebookde7f12993e,898718
/datanerd0/introduction-to-ensembling-stacking-in-python,898713
/lpadukana/starter-explore-youtube8m-sample-data,898704
/cjwker/tensorflow-deep-nn,898681
/daniel036/notebooka75aa95ea2,898642
/tiancdatasci/notebook7a984824a9,898597
/karthickaravindan/usa-aviation-accidents-happened-at-same-location,898524
/avinashvarma/titanic-random-forest-82-78,898467
/pierretisseur/testttt4,898930
/rinalin/edx-analysis,898355
/craigbath/notebook429e4f102d,898143
/louisjier/notebookeeddbc5878,898065
/mobala/plotly-seaborn-examples,898035
/gregman/titanic-data-exploration,898033
/ambermz/notebook7bc0641ca6,898010
/skirmer/notebook8d505336bb,897981
/kuzmanovicd/script-test,897977
/philippegr/my-note,897970
/ruiandrade/benfica,897876
/nikylag/iris-dataset-analystics,2921364
/iamyoshi/notebook0d61e675af,897770
/natnael/deep-learning-in-the-deep-blue-lb-1-279,897690
/cseale/analyzing-fake-news-using-random-forest,897675
/chinmaygore/hello-kaggle,897668
/vchiluvuri/titanic-data-science-solutions,897657
/ekan825/tf-idf-on-cleaned-data-in-r,897656
/zmoustafa/starter-explore-youtube8m-sample-data-708822,897597
/niranjan0272/hr-analysis-python,897574
/colinji/first-pass-through-data-w-3d-convnet-7d4ff4,897514
/vchiluvuri/fork-of-pytitanic,897442
/ryankopa/python-nltk-sentiment-analysis,897440
/nitin90/notebook8e6e190c79,897437
/vijaikumarr/notebookfeea6c8bb3,897430
/benallen/in-depth-skewed-data-classif-93-recall-acc-now,897402
/bimal1990/notebookbcf0546b70,897369
/charleslu/first-pass-through-data-w-3d-convnet,897346
/veereshelango/notebooka6653b4229,897313
/tdimitrov/notebookf540a81ed2,897312
/ermochi/xgb-starter-in-python,897303
/rachana93/notebookd878d09df6,897255
/deanda/notebook2db6142d8f,897241
/lesagesj/solar-flares-from-rhessi-mission,897201
/veereshelango/notebook596a172f3c,897192
/bimal1990/notebook3fb8bb6c36,897191
/cathyq/notebookcbb948c1ef,897175
/andrijkuzio/fork-of-notebook5204ba82da,897081
/shalinialuri/notebookee1f3e6d46,897072
/kalekist/full-preprocessing-tutorial-58dd29,897047
/kalekist/full-preprocessing-tutorial-2300d1,897046
/kalekist/full-preprocessing-tutorial-7fe4e1,897024
/derfive/who-not-to-fly-with,897014
/derfive/text-analysis-for-aircraft-crashes-causes,897002
/daniel036/notebook60d220bfa0,896983
/daniel036/notebookefed12dfab,896954
/ayyagarikiran/a-journey-through-titanic,896942
/jokuspokus/regularized-linear-models,896938
/abdghani/notebook944cfd82ef,896936
/zouzias/simple-exploration-notebook-2-connect,896931
/devanshdalal/a-journey-through-titanic-e65fa3,896925
/longrc1221/introduction-to-ensembling-stacking-in-python,897259
/thomasbriner/notebookfa00eb1095,896911
/rinalin/mooc-explore,896880
/prateekshankar/notebookb34b45bbb5,896861
/rsifrain/in-depth-skewed-data-classif-93-recall-acc-now,896859
/knighthawk989/notebookaa6189193b,896851
/jamiereed207/notebookc21eeab0f5,896793
/shalinialuri/notebook8d15eb59b1,896757
/zouzias/starter-explore-youtube8m-sample-data,896710
/off99555/catdognet-keras-convnet-starter,896705
/sgreenny/notebook16f1082072,896683
/edcyczl/notebooka5cd14a1c2,896654
/off99555/notebookbb38c942cf,896648
/cwd251/interactive-intro-to-dimensionality-reducti-ea6cc9,896645
/dbalchev/notebookc0a7a40e80,896569
/yotisx/a-journey-through-titanic-7ac1ea,896508
/longrc1221/simple-exploration-notebook-2-connect,896439
/cwd251/interactive-intro-to-dimensionality-reduction,896643
/yogeshsinghrbt/first-pass-through-data-w-3d-convnet-459370,896428
/yogeshsinghrbt/first-pass-through-data-w-3d-convnet-82bb5fa8,896424
/yotisx/a-journey-through-titanic,896400
/thomasrader/python-data-visualizations,896383
/rishabhgoel/wordcloud-time-series-cluster-modelisation,896381
/knighthawk989/notebooke9a39399b6,896361
/yogeshsinghrbt/first-pass-through-data-w-3d-convnet-254250,896344
/yogeshsinghrbt/first-pass-through-data-w-3d-convnet-ce84b1,896313
/acehanks/keras-cnn-with-explanation,896289
/knighthawk989/notebook0a701e4280,896266
/swaroopm/titanic-data-science-solutions,896263
/ayaseeli/how-can-we-predict-the-sentiment-by-tweets,896234
/snakefinger/default-script,896233
/pandeyg2106/analysis-of-alcohol-intake-beginners-tutorial,896231
/pandeyg2106/plots-correlations-predictions,896215
/pandeyg2106/implementation-of-deepneuralnet,896194
/arunrajput1007/notebookfa1c4eb401,896180
/nlk511/principal-component-analysis-with-kmeans-vi-234fdc,896176
/yanivh/xgboost-with-roc-curve-notebook-auprc-93-y,896161
/akilesh/notebook303a858970,896155
/sroland68/tensorflow-starter-kit-fixed,896153
/saroj4kaggle/full-preprocessing-tutorial,896064
/vivant/notebookf7aa8198bf,896055
/abdelhadi/declining-popularity-of-online-learning-courses,896031
/deadly/notebook49e6cb5709,895988
/lovemobius/notebooke5d3caec74,895984
/gaurihanmante/the-most-predictable-league,895970
/praveenjune17/simple-exploration-notebook-2-connect,895917
/vamsea/full-preprocessing-tutorial,895844
/mikeacuna/notebook53d969b092,895768
/nickczj/notebooke68b31b9d4,895706
/nickczj/notebook94a13f582a,895705
/nickczj/notebookf87d9fe384,895700
/sgovindu/starter-explore-youtube8m-sample-data,895677
/isakara/notebook60a86abcf0,895658
/johnoliverjones/notebook088291532d,895652
/slepov/notebookee14d4a5c6,895622
/sittapong/notebook5c62124ff9,895605
/zaiddabaeen/notebook976fb88f1b,895604
/sittapong/declining-popularity-of-online-learning-courses,895593
/zaiddabaeen/notebook8bc787f688,895568
/kunaldesai1505/notebookaf7aba14c2,895531
/anuragrallabandi/home-advantage-by-country,895518
/piotrtrochim/mytitanicpredictor,895553
/florinhuluba/match-outcome-prediction-in-football,895503
/alpenglocken/exploratory-study-on-ml-algorithms,895450
/muzzzdy/notebookb6083659d4,895448
/behindkun/full-preprocessing-tutorial-f2f25f,895423
/tangyudi/the-most-predictable-league,895420
/behindkun/full-preprocessing-tutorial,895412
/muzzzdy/spam-detection-classifiers-tuning,895391
/wuliong/notebookc7d3bc16a6,895366
/ramoes/new-title,895359
/bharadwajdes/notebook7ded0e85d1,895356
/bensonlee5/regularized-linear-models,895296
/heroem1010/notebook5730cfca2f,895274
/colemaclean/notebookeb7e23399c,895272
/kuixui/introduction-to-ensembling-stacking-in-python,895229
/brianvancil/xapi-edu-data1,895222
/perryjer1/notebooka91a362c93,895203
/jorgepit/what-determines-loan-defaults,895181
/jorgepit/notebookc198ea6886,895164
/sofmonk/exploratory-tutorial-titanic,895117
/rishabhgoel/sentiment-analysis-of-tweets,895110
/dragonguy/visualizing-data,895065
/buzzrr/notebook6165c60d80,895063
/sofmonk/a-journey-through-titanic-c52982,895035
/sowashuhei/full-preprocessing-tutorial,894964
/unlikelybutpossible/introduction-to-ensembling-stacking-in-pyth-9a798d,894923
/unlikelybutpossible/introduction-to-ensembling-stacking-in-pyth-25ffe4,894915
/dbaksi/fork-of-random-forest-starter-with-numerical-featu,894880
/binggowu/script,894876
/xtravenx/full-preprocessing-tutorial,894866
/fourier13/my-first-try,895505
/binggowu/notebook0d48f4d562,894826
/pranaymnch/first-pass-through-data-w-3d-convnet,894785
/root009/notebook869a3729a8,894725
/erfeiliu/introduction-to-ensembling-stacking-in-python,894705
/zsljulius/fork-of-a-journey-through-titanic,894678
/machazthegamer/introduction-to-ensembling-stacking-in-python,894658
/aswinmohan/titanic-dataset,894646
/jerrytseng/fork-of-introduction-to-ensembling-stacking-in-pyt,894643
/unlikelybutpossible/introduction-to-ensembling-stacking-in-pyth-3f18c8,894611
/behroopiyaa/notebookb8af3e88f9,894529
/awangntu/eda-raise-your-questions,894501
/yangshy/notebook2881440f5f,894496
/ramesharvind/ghosts-n-goblins-n-neural-networks-lb-0-74858,894492
/mohofar/first-pass-through-data-w-3d-convnet,894483
/yasker/pikachu-vs-bulbasaur-matchup,894459
/matan1965/notebook0c72fa59b6,894418
