/nasrur8/decision-theory-md-nasrur-roll-201736014,10697607
/datalale/opencv-deneme,10719954
/ilhaam/revised-simplex-implementation-in-python,10699298
/kerneler/starter-pesticide-8e53d436-4,10696807
/rezatariq/decision-theory-in-optimization-201736036-reza,10706293
/rakibul00/decision-theory-md-rakibul-hasan-roll-201736017,10696812
/ilhaam/decision-theory-alternatives-payoff-24-ilhum,10700612
/piyushkgp/check-tensorboard,10698076
/lifehacker2601/journey-from-data-to-model,10806662
/sporsho37/decision-theory-in-optimization-46-sporsho,10702590
/saimajesika/decision-theory-in-optimization-201736038-saima,10693955
/washimazaman50/decision-theory-alternatives-payoff-142333,10692870
/wojciechmigda/hyperopt-xgb,10799078
/washimazaman50/decision-theory-in-optimization-201736050-washima,10692725
/noshintasnimtuli/decision-theory-in-optimization-201736031-noshin,10692726
/washimazaman50/decision-theory-alternatives-payoff,10692580
/hari05/kernel0b9e94a330,10723087
/kerneler/starter-amir-new-features-1to4-4a99624a-c,10691805
/kerneler/starter-foodimage-3f49aa37-5,10691019
/howlingwolfs1989/credit-card-fraud-detection,10693988
/frabbisw/auto-encoder,10689816
/kerneler/starter-turkey-super-league-b3806832-f,10686947
/kerneler/starter-house-price-46754f89-d,10686826
/yeshwanth97/exercise-random-forests,10686834
/kerneler/starter-food11-5b26f1c5-8,10686043
/kerneler/starter-practice-dataset-7839ac1c-a,10684608
/atomplay/starter-comnist-1d4a4efe-d,10684482
/krushithreddy/kernel312b8eb790,10747403
/jannatulmauakanan007/decision-theory-in-optimization-07-kanan,10683884
/jannatul06/decision-theory-201736006-shorna,10683645
/pchoruzy/sign-language-recognition-with-keras-acc-0-94,10773034
/abusaideshohan/decision-theory-201736001-shohan,10682767
/nelima/decision-theory-in-optimization-30-chanda,10682840
/musfiq47/musfiq-kernel1-decision-theory-in-optimization-47,10682608
/kerneler/starter-time-series-9dcd7751-f,10682214
/shatiilrahman/decision-theory-in-optimization-201736004-ashiq,10683025
/kerneler/starter-daily-time-series-data-61acf832-5,10681771
/zzllyy/kerneld16071b462,10681625
/kerneler/starter-aivivn-demo-2881f69b-5,10681527
/kerneler/starter-vn-fasttext-da8a9e0a-8,10681517
/liluferyasminlipa/lipa-kernel1-decision-theory-in-optimization-09,10682547
/mashrurfahim/decision-theory-in-optimization-201736010-bitto,10682409
/naziatazneen/nazia-kernel1-decision-theory-in-optimization-28,10681548
/sitaramireddy1994/exl-insurence,10797134
/kerneler/starter-correlation-matrix-indian-4c42103c-7,10680917
/kerneler/starter-mapping-id-to-names-for-indian-1e2b6e3e-5,10680915
/kerneler/starter-visualization-of-indian-mutual-258f957d-3,10680894
/kerneler/starter-mutual-funds-details-d95dc4aa-e,10680857
/ajithvallabai/lgb-fe-lb-3-707,10679031
/bersenev/santander-eda-and-prediction,10679098
/kalyankkr/simple-nn,10704055
/bstrayer0/exercise-random-forests,10676738
/phongnguyen1906/entity-embedding-neural-net,10676179
/kerneler/starter-cell-cycle-experiments-b71bc85d-a,10674340
/bwtest/appliedai-cnn,10674052
/dfantunes/safe-driver-prediction-ann,10710800
/kerneler/starter-asl-rgb-depth-fingerspelling-b428178a-d,10673449
/hasanyildiz84/lanl-earthquake-prediction-hy-kernel,10675212
/heye0507/siamese-network,10792305
/ibacaraujo/exercise-random-forests,10671514
/kerneler/starter-cmu-mocap-1519f3b2-f,10671768
/kerneler/starter-footprint-database-e43f2f1e-2,10670131
/kerneler/starter-penalidades-eee488d1-4,10668553
/dnyanpact/admission-linear-regression,10689061
/kerneler/starter-fornecedores-e6bc4d58-e,10667872
/sakibhasan/decision-theory-alternatives-payoff,10666198
/kerneler/starter-ad-data-csv-987bb636-a,10664341
/hari05/kernel3465aaf3cc,10664140
/sophieli57/fork-of-data-visualization-intro,10663619
/sohag07/decision-theory-alternatives-payoff,10704492
/kerneler/starter-atividade2-portoseguro-985dea60-8,10662626
/kerneler/starter-nyc-tlc-data-e34d0546-1,10662449
/lrthtn/pitch-detection,10771170
/kerneler/starter-global-terrorism-5e846e70-a,10661641
/kerneler/starter-train-img-6ad90ce1-2,10661480
/kerneler/starter-decision-theory-alternatives-d475977c-0,10661405
/kerneler/starter-borewells-a4c31a8f-e,10661353
/audetee/le-groupe,10661951
/kerneler/starter-movies-and-movie-scripts-c4c0d7f3-f,10660892
/kerneler/starter-food101-zip-b3e63593-0,10660734
/nagireddyseelam/kernelc3d48ab022,10660317
/kerneler/starter-wikihow-text-summaries-bab29851-b,10659758
/kerneler/starter-most-repeated-player-for-973acf7e-6,10659582
/kerneler/starter-gesture-detection-efd50d8f-a,10659027
/aksharag99/kernel8e467d03d6,10664082
/kerneler/starter-discount-data-39d02c92-4,10658182
/kerneler/starter-titanic-extended-79b34675-e,10658032
/rakib2806/decision-theory-in-optimization-201736034-rakib,10684158
/ironmatt0327/data-science-london-scikit-randomforest,10656355
/lukaszbrygala/house-prices-basic-steps,10765143
/meraj786/exercise-machine-learning-competitions,10655505
/danlester/pytorch-nn-accepting-all-three-phases-at-once,10737651
/kerneler/starter-airbnb-paris-40a99ae6-7,10653785
/meraj786/exercise-random-forests,10653956
/kerneler/starter-datatp-9f1b41b0-f,10653600
/andreamariefestoy/exercise-machine-learning-competitions,10653839
/kerneler/starter-datatp2-2c14d588-e,10653480
/thebratattack/exploratory-data-analysis,10653503
/kerneler/starter-datatp-6937065e-2,10653283
/kerneler/starter-datatp-6ac9b015-b,10653202
/andreamariefestoy/exercise-random-forests,10653385
/amir22010/medical-image-analysis-for-malaria-detection,10657886
/kerneler/starter-flower-d9e77f86-e,10652479
/kerneler/starter-floodlight-ms-dataset-a86aa6c2-f,10662368
/gyodukoo/random-test,10650804
/anshulrai/short-analysis-of-reducing-memory,10667124
/sakarilukkarinen/demo-11-xception-and-dense-2,10678139
/paaraa/kernel54a5c2a21d,10649386
/kerneler/starter-text-and-number-98f6b21e-4,10646680
/gsakabe/entity-embedding-test-titanic,10646797
/kerneler/starter-train-data-d9214541-d,10645602
/ziffy923/elm-using-tansig,10651970
/kaunajbanerjee/handling-missing-values,10645024
/kerneler/starter-flickr8k-sau-c0737452-8,10643225
/kerneler/starter-amir-features-data-902a87ac-c,10640876
/xzt12345/random-forests-0ef205,10639904
/pavansn1/nlp-tutorial-using-python-spooky-author,10640949
/kerneler/starter-the-oxford-iiit-pet-dataset-f11f93c0-3,10636928
/kerneler/starter-quora-insincere-competition-0b715406-d,10636600
/aelnahas/brazil-dataset,10715247
/praveen0608/exercise-explore-your-data,10633410
/kerneler/starter-amir-features-data-89ea40f7-3,10632874
/merveo/employees2-3,10771527
/kerneler/starter-imdb-rv-80e76791-c,10632110
/naiara/bakery-nai,10632052
/kerneler/starter-transforms-demo-24fc16da-a,10631052
/luddarell/data-sciencetutorial-for-beginners,10631081
/shammii/decision-theory-in-optimization-201736039-shammi,10629111
/nusrat21/decision-theory-in-optimization-201736032,10628744
/shorna041/shorna-kernel1-decision-theory-in-optimization-41,10684634
/kerneler/starter-mpii-csv-22496610-4,10625597
/kerneler/starter-commercial-tool-rental-data-0396ed20-9,10625469
/ricardocortez0211/renaming-and-combining-workbook,10666940
/kerneler/starter-rock-paper-scissors-moves-80465d96-4,10623963
/rizwanse/20-ml-algorithms-15-plot-for-beginners,10623976
/prakhar897/ego-twitter-analysis,10623587
/unabletoname/breast-cancer-classifier,10623478
/maidaly/beginning-bigquery-scan,10674124
/imanubhav/cropped-image,10685283
/kerneler/starter-steam-reviews-dataset-3448e88c-9,10616419
/kerneler/starter-anime-tv-shows-66b559b0-e,10615866
/kerneler/starter-car-insurance-fraud-83506f06-c,10614827
/kerneler/starter-test-data-711e0b71-e,10614815
/kerneler/starter-actual-test-data-855e200f-2,10614803
/kerneler/starter-emnist-letters-a4e72291-2,10613295
/officialutraj/churn-telecom-prediction-with-different-algorithm,10613279
/nareshjella/predicting-admission-by-logistic-regression,10629773
/pankajbadatia/kernel432c51b53a,10614419
/kerneler/starter-laptop-sales-bb5fc9b8-f,10611501
/kerneler/starter-flipkart-testdata-966a65bf-e,10611031
/creativebot/how-to-attack-a-machine-learning-model,10610763
/superuser15/pima-indians-diabetes,10610578
/kerneler/starter-lanl-training-acoustic-data-66c676b1-f,10610150
/kerneler/starter-001-best-shooter-collector-6d6256dc-8,10609497
/kerneler/starter-ecommerce-30608428-f,10608591
/abhimanyuaryan/pil-vs-opencv-677ff0,10608349
/kerneler/starter-overwatch-competitions-data-7-5a652e10-9,10608206
/sudeemir/exploratory-data-analysis-for-turkey-s-population,10607181
/kerneler/starter-us-wildfire-small-9d3c6373-c,10606813
/elvenmonk/lanl-extract-training-acoustic-data,10609734
/xxxxxxxm/tema-1-an-lisis-exploratorio-de-datos-con-pandas,10607646
/kerneler/starter-us-wildfire-8e5f5ce8-2,10606690
/kerneler/starter-student-survey-89153cc2-0,10603722
/kerneler/starter-cse517milestone1data-ab410871-f,10602655
/kerneler/starter-movie-ratings-dataset-1f7fadce-1,10602538
/abhimanyuaryan/neural-network,10600628
/kerneler/starter-google-w2v-48b572a2-7,10600497
/inferni1997/malaria-cell-image-classification-using-cnn,10601154
/ajithvajrala/categorical-encoding-and-xgboost,10598914
/kerneler/starter-vehicle-detection-f95772d1-8,10596829
/manyregression/ga-customer-prediction-fastai-random-forest,10597564
/kerneler/starter-english-premier-league-d667234e-b,10593464
/kerneler/starter-billboard-charts-f8cd86dc-8,10592211
/kerneler/starter-population-statistics-of-nepal-75cd4811-c,10590176
/kerneler/starter-auto-dataset-68425158-2,10588677
/harshal16/tensorflow-programming,10588047
/matveich19/lstm-enhanced,10587872
/kerneler/starter-kreviews-16d505a8-f,10584567
/kerneler/starter-cat-and-dog-breeds-parameters-f7165d37-c,10584225
/kerneler/starter-usd-cnh-data-27-june-2012-to-b8886a47-8,10579041
/kerneler/starter-the-great-national-debate-2019-7b223675-7,10578646
/kerneler/starter-the-great-national-debate-2019-6f0bd5f1-e,10577128
/karlarivas/kernel81206be5fd,10576582
/kerneler/starter-the-great-national-debate-2019-626ca059-f,10575804
/kerneler/starter-global-temperatures-05195237-8,10572538
/kerneler/starter-lesson-16-dates-b7991686-f,10570813
/divideby0/lanl-earthquake-chunked-p2,10566633
/divideby0/lanl-earthquake-chunked-p1,10567562
/woshichendu/attention-mechanism,10586885
/kerneler/starter-stock-price-little-dataset-a4ee78ee-e,10564492
/kerneler/starter-add-data-fd7d453b-4,10564178
/audhiaprilliant/mobile-price-classification,10563635
/mahirmhd/credit-card-fraud-detection,10561522
/vijaymathad/mushroom-is-edible-or-not,10562133
/kerneler/starter-tumordata18-small-f3ae922e-5,10560892
/kerneler/starter-tumordata18-small-6cf3272f-a,10560679
/kerneler/starter-tumordata18-small-1553ce83-6,10560421
/gayatribh/cudnnlstm-implementation-93-7-accuracy-389c9a,10560090
/chariots17/liner-regression,10561874
/kerneler/starter-find-waldo-36151367-f,10554404
