/tnovit/solar-eclipse-study,1704820
/czx229/an-interactive-data-science-tutorial-73ff78,1704625
/danieleewww/xgboost-k-fold-with-log-odds-aggregation,1704496
/chongyu/notebookf707f8f40e,1704349
/chongyu/selection-of-cat-based-on-hypothesis,1704272
/loveall/only-cat-boost-lb-0-0641-939,1704379
/chongyu/notebook12ffcc1f08,1704075
/andyxie/regression-implementation,1703376
/claudiumihaila/notebookd438363d55,1707475
/mojganjafari/hodl-like-a-pro,1703009
/andyxie/knn-implementation,1702959
/pattrickps/notebookf09acc69be,1701983
/vivekchutke/spam-classifier-for-sms-data,1701495
/danieleewww/new-features-xgb-upsampling-bayesopt,1701409
/chechir/simple-analysis-on-categorical-variables,1701379
/minjiayi22/min-first-lesson,1701220
/yutaroogawa/171103-challenge,1701006
/sushilgawhale/data-sciencetutorial-for-beginners,1700150
/rkojha/notebookd5972dbddb,1700045
/marcos19araujo/the-best-products-to-be-reach,1699852
/eugenioclrc/notebook888d194ce2,1699766
/benwu232/calculate-smape-with-submission-and-solution,1699723
/taeheecho/pokemon-battle-simulation,1699571
/lightcc/fraud-detection-with-smote-and-randomforest,1699369
/mrinalni/data-visualization,1699293
/cathyw968/notebook81dd67d7a2,1699292
/microtang/predicting-house-price-using-ann,1700271
/jmbull/pre-processor-my-train-and-test,1698938
/kkoseler/notebook67786779d1,1697757
/lovius/kaggle-iris,1697391
/ionutmihai/tensorflow-basic-implementation,1697085
/novemberde/titanic-data-science-solutions-3d5219,1696817
/soberzz/zzzzz,1696675
/vaibhao/porto-seguro-s-safe-driver-prediction-part-2,1717890
/qmeeus/data-driven-consulting-for-human-resources,1696691
/shankarrajus/kaggle-survey-who-want-to-switch-careers,1726511
/xuzhenyuan/visualizing-data,1696426
/daiearth22/tpot-on-cervicalcancer-top10-factors,1696150
/shanthakumara/doctor-py,1695818
/sandrogmb/naive-bayes-vs-rf-gbm-glm-dl,1695635
/aknineone/911-calls-analysis-and-visualization,1695795
/alonlavian/notebook7b9787d0cd,1696282
/rajashri/predicting-show-up-no-show,1695331
/shisancd/notebook30389a7865,1695305
/tomatiks/homework-8,1718122
/popoago/notebookcddba242be,1694629
/nadiaacostupa/trabajo-final-m-dulo-17-eoi,1694615
/mahadir/an-interactive-deep-dive-into-survey-results,1694467
/loveall/lgb-esemble-xgb-be-in-top-100-with-lb-0-285,1696558
/fpferrarese/notebookc4071cc62f,1740320
/ldreano/read-train-csv-with-a-condition,1692879
/shreesoni/gun-death-analysis,1692460
/claudiovalim/lgb-esemble-xgb-be-in-top-100-with-lb-0-285,1692919
/claudiovalim/xgboost-cv-lb-284,1692214
/claudiovalim/notebookd12bc12dd2,1692164
/abhijeetkhandelwal/fandango-suspicious-ratings,1693743
/preend/houseprice-preend1,1936641
/kga1a2y3/keras-data-augment-4fold-ensemble-lb-0-1792,1691480
/leilitum/fraud-transaction-dnn,1690749
/cordeliaqian/titanic-survival-rate,1690673
/vishalmanudhane/fork-of-fork-of-my-model,1690509
/pkzgy1989/titanic-survivor-geometry-fb5f14,1690413
/mendax29/a-lung-u-net-in-keras-b0084b,1690353
/thousandface/thousandface,1690277
/hooyao/mnist-logistic-regression,1690046
/chaitawat223/fork-of-notebooka46cadbbef,1690103
/chaitawat223/notebooka46cadbbef,1689833
/preend/houseprice-pd,1689746
/glzheng/glzheng-test,1689294
/loveall/2017-state-of-data-science-kaggle-survey,1689257
/cdzcdz/notebookab67814abc,1689192
/turingfly/kkkkk,1688290
/debuggermalhotra/notebookc8ad8b3511,1688282
/abhijeetkhandelwal/eda-road-accident-deaths-in-india,1688261
/joshderagon/university-rankings-data-visualization-project,1687964
/djpye18/fix-data-to-map-meteorite-landings-in-the-1900-s,1688005
/rajashri/data-exploration-and-visualization,1687709
/j9184p/asteroid-impacts,1687686
/cfarrelly/r-code-to-analyze-us-data-scientist-data,1687308
/leihouchao/titanic-data-science-solutions,1686941
/nikhil741/your-first-scikit-learn-model,1686834
/tiwariayan/predicted-market-value-of-players-using-regression,1779782
/harshdatadivecha/salaries-by-college-type,1690621
/infeenit/eda-to-prediction-dietanic,1685987
/bethxu/12345,1685913
/am1to2/random-selection-of-categories,1685891
/tharindraparanagama/eda-py,1918230
/zhimojiang/faq-getting-started-in-data-science,1732144
/dhayast/titanic-survival-predictions-beginner,1684925
/jiangzuo/0123456789,1684481
/jozy0123/video-game-sales,1684485
/yojerrywang/who-are-data-scientists,1684300
/tienanh2007/cse-627-titanic-challenge,1683944
/frozenhazelnut/cryptocurrencies-price-visualization,1683448
/gilbo123/read-test,1683519
/martinellis/star-wars-actor-s-careers-with-plotly,1683096
/zexhuang/h1-b-status-prediction,1683226
/zexhuang/h1-b-status-prediction-project,1682934
/thijskranenburg/group-tdrg-intr-to-data-science,1684888
/qiaolan295/first-kernel,1703176
/zhouhq/flowercolorimages-h5,1683530
/siddharthgoyal22/classify-py,1681974
/ominivac/salarios-servidores-ufpa,1681113
/jobvancreij/predict,1682021
/lemur78/naive-bayes,1680884
/loveall/what-matters-mostgk,1678399
/odonnell31/xgboost-starter,4383022
/archangell/hipaa-breaches,1677781
/varunkashyapks/iris-data-analysis,1677310
/kaiaeberli/eurusd-15-minute-interval-price-prediction-3bf8dc,1676524
/rajkamalsrivastav/allstate-claims-severity,1677139
/raymonbatsy/explor-type-of-data-for-kinetics,1676173
/raymonbatsy/demoone,1676159
/abevieiramota/data-exploration,1707095
/astridvandenbrandt/tdrg-descriptive-question-8,1680011
/freddybruce/hotel-dynamic-pricing,1675684
/bhavesh09/auto-ml-trial-in-r,1675475
/ambalika/titanic-survival-analysis,1675371
/thanuj11/kabbadi-2016-data-set,1674772
/linxiang/fork-of-film-recommendation-engine,1674625
/srvmaharana/bike-prediction,1674319
/raphaelfp/ghouls-goblins-and-ghosts,1770976
/lkkadiri/a-very-extensive-favorita-exploratory-analysis,1674001
/ahsankhan04/exports-v-s-gni,1672373
/skiman10/5-day-data-challenge-day-5,1672218
/gregoirecoppens/give-all-combinations-function,1671978
/summerkrankin/pca-classifiers-cat-dog,1672335
/summerkrankin/cat-dog-fft,1671534
/zbasper/test-for-ccf2,1670878
/macsdev/genderdiscrimination,1670558
/ruoyinghao/kernel-test,1670445
/kaeken/fork-shinzo-abe-twitter,3906694
/eurith/5-day-data-challange-day-5,1669903
/npielawski/simple-scary-solution-multinomial-nb-0-43,1669653
/ranjiewen/u-nets-with-keras,1668603
/rspadim/adversarial-validation-bnp-paribas,1668543
/rspadim/adversarial-validation-allstate,1668403
/rspadim/adversarial-validation-santander,1668193
/rspadim/adversarial-validation-mercedes-benz,1668166
/daansterk/the-happy-pears-data-prep-and-feature-selection,1669561
/giovannipaolo/am-spookyauthoridentification,1780018
/wuguo2017/notebookccf69020bb,1670458
/wuguo2017/notebook09a4752fbc,1667877
/austinting/fork-of-simple-word-cloud-in-python-for-shi,1670915
/aoisakata/simple-word-cloud-in-python-62c59c,1667624
/aoisakata/notebook67e7b78143,1667607
/austinting/simple-word-cloud-and-taiwan-loves-loves-japan,1667791
/aoisakata/simple-word-cloud-in-python,1667558
/austinting/simple-word-cloud-in-python,1670922
/kaeken/a-south-park-chatbot,1667535
/loveall/stacking-lb-0-285-b2c342,1666690
/chenjinnan/ninechapter-knn-sklearn,1674709
/sanjeet41/sanjeetk983,1666534
/pmw9440/is-there-a-tren,1666530
/yedthon/global-terrorism-animation-since-1970-d3,1669117
/loveall/shopping-for-insights-favorita-eda,1665536
/stephensisk/out-of-date,1665501
/emmazhangmc/titanic-fairy-no-1,1665500
/dineshkumarm/classification-with-tensorflow,1666180
/loveall/spooky-nlp-and-topic-modelling-tutorial,1665256
/mmsujan/2-layer-cnn-adam-optimizer-and-5-epochs,1774293
/mmsujan/cdiscount-image-classifier-f32cd3,1699013
/xuanyuwang/road-of-exploring-the-data,1721003
/weizhezhang/a-gluon-starter,1664503
/fujimi/notebookd377b1abae,1664856
/ethanhalle10/running,1664114
/yatishbn/spooky-author-identification-using-navies-bayes,1663759
/ismayc/pa-4-features-zonder-iyear-most-accurate,1672284
/ismayc/alle-feature-selection-predictive-analysis,1663035
/gagandeep16/car-sales-prediction-uding-regression,1662704
/vedprakash93/porto-seguro-s-01-xgboost,1664532
/ncarkaci/swish-beta,1727100
/zabarnes/tweeeter,1660891
/cathyw968/notebookcbacd486c5,1660574
/research95/clean-data,1660125
/svaidyam/5-day-data-challenge-day-2-1,1659216
/markobigdata/k-means-algorithm,1658720
/demonicastronaut/web-scrap-crime-data,1658447
/gapower0/eda-to-prediction-dietanic,1658231
/andreslindner/churn-or-no-churn-wsdm-analysis,1658386
/masakt/titanic-data-science-solutions,1660218
/mertsurucu/bitcoin-trading-strategy-simulation,1661638
/godofnoobs/starting-your-ml-project,1657846
/shyamalee93/zillow-data-analysis,1657588
/andyle/simple-lightgbm-starter-lb-0-06487,1656924
/shivansh1221/notebookab3a2bef52,1656873
/dfenglei/5-day-data-challenge-day-2,1656242
/prashantkikani/notebookf52cf1707e,1655830
/autokad/xg-boost-2-08398-lb-no-user-log-data,1655062
/cathyw968/explore-the-school-type-vs-regions,1660553
/hbalar101/fun-with-meteorites-landings-w-maps,1653760
/raghavwolfie/notebooka46be8a7c2,1658275
/dixon7/trying-to-figure-out,1653961
/xiaokang/notebook1a3f435ac5,1652244
/carlsisk/tuesday-5-day-challenge-notebook-for-day-1-code,1675640
/priyasd/fork-of-notebookb4f6708e32,1652127
/viswanathanmuthiah/india-air-quality-exploratotry-analysis,1651770
/nishgaba/field-analysis,1651816
/arunkumar413/arun1,1652304
/loveall/how-long-it-takes-to-win-1st-on-kaggle,1651548
