/electric/notebookaf80a9a22b,1154880
/birdfire94/the-first-script-run-for-test,1154832
/xilong88/notebook2f51f98a0e,1154815
/seanholcomb/notebook02116c6031,2985517
/shahrukhmsr/shahrukh,1155416
/mochantk/notebookb96158e24a,1154777
/eapenashok/notebookbbf9ec9116,1154771
/eapenashok/notebook9ed35c9c8e,1154769
/nickkizhang/sea-lion-coordinates,1154766
/akin06/notebookb05819ee7b,1154746
/antoinetissier/notebook0cd3baf580,1154744
/fede75/notebookc338210ea2,1154742
/thir13enth/notebooka32e406078,1154715
/edwardhu/ratemyprofessor-usc-analysis,1154709
/thir13enth/team-theta,1154706
/hxidkd/naive-xgb-apal,1154673
/amadua/notebookb5dadc9736,1154665
/wimkon/randomforrest,1154672
/abardhan/notebook0819f2f482,1154615
/jyotiprakash/digit-recognizer-using-cnn,1154592
/girishchaturvedi/notebook0a8d8adc64,1212247
/devinntaylor/notebooka1b5c78a48,1154569
/pruthviuvss/notebookd05047d8f7,1154505
/ssaatya/notebook3a24e5ccc8,1154494
/adamuas/keras-test,1154955
/jillotine/test-notebook,1154485
/lijunjun/notebooka49d57d758,1154477
/samuelroncal/notebookf21a869eec,1154473
/aaajindouzi/notebookf3d0abdf84,1158704
/rasdasd/notebookb1c28e147a,1154446
/flmserdfr/cnn-probability-heatmap-overlay,1154425
/mmtprep/notebook747f6e52f5,1155746
/mfjwr1/notebook272422f3c6,1154407
/mfjwr1/notebookc0f66ddf85,1154406
/ramifethi/my-notebook,1154365
/anup5889/boardgames,1154349
/hushenglang/how-can-we-predict-the-sentiment-by-tweets,1154343
/pvpaschal/notebook192ee3e890,1154339
/reubenmathew/toyscriptmk1,1154336
/th3ed1/first-submission,1154304
/colinlindley/deep-neural-network-keras-way-dc96fb,1154285
/colinlindley/deep-neural-network-keras-way,1154252
/richohen/notebooka218c05a06,1154249
/samruda/notebookc9a0c5a2cf,1154224
/xiangshiyin/data-analysis-xgboost-starter-0-35460-lb,1154210
/masaiba/hello-world,1154193
/tanruixin/data-understanding,1166799
/nuclear/notebook4723d347cd,1154151
/chalarao1492/notebook759c371d81,1154144
/bennji/notebook0c56d92340,1154136
/pjandir/deep-devanagari-with-convolutions-keras,1154114
/sparklin/xgboost-with-gridsearchcv,1154063
/dtran262/notebook9296b6fff9,1154058
/masaiba/notebook7208f877df,1154197
/tboggey/notebookebee5e796b,1153952
/binace/titan,1153948
/benhamner/notebook80af94b10d,1153904
/yangjing/notebooka1d80cad98,1153872
/xauen1980/notebook56e4ac1915,1153868
/girishchaturvedi/first-notebook,1212254
/girishchaturvedi/notebookb7dff8e207,1153842
/qqsantaclaus/a-model-to-predict-number-of-daily-trips,1153809
/sulemanbader/admob-analysis,1153784
/misenholt/notebook83c730490d,1153746
/wikhung/notebookf0285f9e55,1153687
/khaknazarova/notebook80a8d152d9,1153679
/shammi/notebook4627fae083,1153604
/jesseburstrom/notebookf38799bf93,1153592
/aquila9tales/notebooka706c2581d,1153586
/jinyikenn/test-image,1153694
/rpiwetz/titanic-survival-prediction,1153572
/josesantos/notebookf63d61f680,1153564
/jacksonkuo/exploring-survival-on-the-titanic,1153546
/naomy11/notebook9390663c41,1153486
/startupsci/notebooke3e967d46b,1153478
/deedidi177/digit,1153448
/thebrians/notebookba3d1c20b6,1153431
/thebrians/notebook0bf38d9f34,1153422
/lsutiger/sample-kernel-notebook-housing,1153403
/taeheekim/notebook4435449caa,1155163
/mrstruggler/notebookf5b4c6ff27,1153361
/jsalamanca/notebookb6639f0a99,1153339
/jinyikenn/notebookc5d90d1ba0,1153325
/bpriya/titanickernel,1153307
/frubble5/notebook7b4aae4d2f,1153289
/frubble5/firsttry,1153288
/vandanaparashar/titanic,1153262
/lakshmeesh/notebook15d82ea5b1,1153244
/minhajraheem/notebook65798f61f7,1153239
/d2code/starter-explore-youtube8m-sample-data,1154500
/cxxacxx/notebook4ecdd780a9,1153183
/fupeng/untitled,1153173
/sebastiantop/notebook93c0a919e4,1153168
/haoxuselina/notebook691d91d6a1,1153165
/alwayssai/notebook62867365b6,1153121
/realtukey/hr-analytics-visualization,1153119
/hacentayeb622/notebookda03ff9782,1153109
/djbaruah/notebookb6a3d43993,1153108
/bouzid1/notebookcaec11b6c7,1153104
/kocsardiagnes/notebookf6596112f0,1153084
/yeonjae/digit-recognizer-in-python-using-cnn,1153064
/pradiptoroy/pradipto-roy,1153050
/hejerammar/final,1153022
/alexdlikman/notebook2d2ce21586,1153005
/alexdlikman/qaaaaa,1153000
/barrak/data-mining-project,1153095
/vermashresth/cancerscreening,1153528
/ebeneyew/notebooka642b4de6f,1152943
/ebeneyew/notebook5872fbe537,1152941
/ebeneyew/testing-publishing,1152947
/shu2cheng/notebook69422b5d7b,1152890
/yoyokisscici/ykctest,1152902
/rocky5/notebook0d41bfd04d,1152870
/deepakshinde18/notebook93a77c3e83,1152838
/rhlewd/notebookc7ed4e910d,1152834
/rocky5/notebooka44030f1c7,1152805
/nik000/kaggle-house-prices-competition,1152793
/granaderos/data-analysis-xgboost-starter-0-35460-lb-14032c,1181131
/yanyinggu/xgboost-example-python,1152777
/rocky5/notebook0ada908314,1152742
/flat2010/titanictest,1152976
/ndamulelo123/notebook85042b747c,1152703
/rimbessoussia/notebook7b88175c51,1152693
/jessiehe/notebookf6afcbd1c1,1158790
/shifu2778/notebookd2f4919681,1157576
/simon2320/notebook26946b2541,1152556
/peterburenkov/notebookab21325893,1152555
/xd1234/aaaaa,1159259
/kyubey/notebook6eb4063a48,1152469
/watalza/notebook47859f4ef2,1152457
/xd1234/notebook4a948cd556,1152443
/hojoonlee/notebook2ba73eeb15,1152437
/paritoshp/practice,1152433
/haraheniku/notebooke4ee633544,1152418
/saisivasriram/notebookaeead656df,1152407
/allahrakha/notebook3077827d67,1152389
/slowsnail/notebooke8b7dc9c44,1152379
/kaypark/testtest,1152372
/sunouchi/titanic,1154389
/neutrinooo/notebookc244d53ecc,1163546
/pemagrg/predict-survival-on-the-titanic-first-try,1152341
/fraymond/google-stock-prediction-using-regression,1156551
/whyalike/notebook07447bdde9,1152299
/sankettantia/notebook641ccf001f,1152294
/sankettantia/notebookef13e41bf2,1152293
/warriorchief/landtempscity,1152284
/sankettantia/notebook6c10e6650c,1152271
/kittisaks/notebook533e5f2992,1152257
/s1hilpa/notebook18575e66f6,1152242
/jlee58/jerry-test,1152189
/jlee58/notebook497adeb2a0,1152188
/nanosankar/notebook493cd1fef4,1152155
/robbieinertia/notebookcae25c1190,1152124
/kamlesh07/notebookcf926cd436,1152109
/jayahn/tutorial,1152187
/rere613/notebook122d08dfb6,1152073
/w821881341/test123,1152065
/netivs/west-nile-heatmap-by-year,1152037
/saivuppala/nba-ipynb,1152007
/dronio/notebookadd5872292,1152004
/leogregianin/my-titanic-script,1152012
/eduardoarmelin/script1,1151967
/moduli/notebookb02dfc35c4,1151957
/nfojunky/notebookd976a68fac,1153632
/barrak/notebooke52219ce21,1153033
/ay1011/notebooka82cea1a79,1151911
/tapu1125/notebook3aafd48795,1151896
/shrutikaushik/notebookfb1a880884,1151893
/yassinech/notebook61a197856a,1152883
/khaledbesrour/notebook504f894fc2,1151889
/yangshi0302/notebookd2bf6b1825,1151882
/alcren/test1,1151878
/ramigh/notebook72772d2970,1151856
/ramigh/notebookbcee01f5fe,1151848
/erichua23/notebookef4af9a721,1151849
/dronio/notebooke051ab2504,1151832
/ugurgudelek/data-analysis-xgboost-starter-0-35460-lb,1201000
/bowl176/homis,1151766
/dys129/notebook25c68abbe9,1400171
/andonians/version-1,1179912
/skbergam/notebooka546987ae1,1177672
/couldedhusso/notebookfb8d4e5189,1151651
/sierraoscar/notebooka4a4f85b0b,1151627
/aminebejaoui/notebook0f8617a0fb,1151602
/skbtest/notebook188bfa413c,1151549
/skbergam/notebook229f632566,1151540
/egermano/teste,1151524
/pakettiale/notebook9967dbc2b3,1151455
/moubius/notebooke18ea678a0,1151425
/mbizjack/acs-2013,1154380
/harshbansal/notebookeb6b0829f6,1703803
/jwendyr/notebook15a28d5b96,1151412
/teryvak/a-very-extensive-sberbank-exploratory-analysis,1151301
/arahman1/titanic-code,1177680
/jeffbenshetler/notebook9040db16b6,1151286
/rpastorvargas/rkernel,1151267
/ljubica/sberbank,1151264
/jeffmoser/sample-script,1151136
/andrewadrian/enron-email-classification,1151084
/barrak/notebook1008976133,1151080
