/mshaffer/using-r-organizing-the-data,1589791
/chenfenghui/notebook264395ad3f,1589241
/sa30nitk/comprehensive-data-exploration-with-python,1588733
/qmaruf/notebookafd0f6f05f,1588822
/dodomi/first,1588469
/basavarajdj/basics-of-ml,1590234
/maciejpitucha/xgboost-predictions-on-sparse-and-normal-matrices,1587832
/suryavamsi/titanic-top-4-with-ensemble-modeling-6beaf3,1587591
/hungdo1291/data-chanllenge-agt,1587390
/kirsin/interactive-porto-insights-a-plot-ly-tutorial,1607522
/mauricedw22/linear-regression-on-wisconsin-diabetes-data,1587041
/mallika17024/recommendations-based-on-similar-users-interests,1587010
/rajeshmanikka/titanic-tutorial,1586902
/rhobear/machine-learning-started-learning-3-months-ago,1586331
/vivekchutke/python-script-for-housing-price-prediction,1585845
/abhisingh10p14/sinking-of-the-titanic-from-data-to-insights,1584641
/hungdo1291/principal-component-analysis-explained,1582224
/karthicjayaraman/lorem-ipsum-is-simply-dummy,1581069
/ipg2014xxx/iris-dataset-evaluation-beginner,2025450
/kaffesdotcom/script-svg-onload-alert-44,1580948
/kaffesdotcom/script-svg-onload-alert,1580939
/ledorian/vgsales-analysis,1580587
/scirpus/tiny-gp,1580077
/kozistr/0-99757-lb-top-4-with-keras,1580085
/kmuvunyi/iris-data-visualization,1579644
/jiaxinglin420/h2o-glm-model-baseline,1579534
/vividh/my-first-analysis-on-10k-best-books,1578346
/vamsiramakrishnan/welcome-to-data-science-3,1577856
/zippogo/notebook6bb0e8f079,1694197
/sensho/predicting-employee-kernelover,1577117
/daiearth22/happiness-matters-d2746a,1576985
/dskkdx/happiness-matters,1577244
/sensho/happiness-matters,1576983
/keyurbhole/titanic-machine-learning,1576765
/akshaymewada7/ml-on-loandataset,1576557
/xtreme/xgboost-porto-sequor,1578359
/lolwaaaaa/simple-linear-regression-a981f1,1576184
/nishgaba/genetic-programming-tree-and-twin-neural-networks,1575054
/abhiram8985/us-mass-shootings,1574534
/nupurkamble/notebookb39d6da462,1574307
/chengasiajaicy/detect-leaves,1574220
/tvscitechtalk/zillow-test-1,1605931
/hungdo1291/natural-language-processing,1573260
/hungdo1291/part-1,1573211
/rdrubbel/introduction,1598972
/kairos03/basic-cnn,1572632
/summit0204/titanic-data-science-solutions,1572579
/srkirkland/titanic-with-tensorflow,1576072
/robinsonkameron/which-restaurants-are-best-tripadvisor,1572027
/verenich/simple-exploration-notebook-instacart,1584016
/yifanxie/2-simple-cv-routine,1571783
/sangnaidarshan22/xgboost-2017-py,1571517
/shauryashubham/try-keras,1571257
/shauryashubham/keras-first-try,1570912
/edolatabadi/xgboost-tunning-inspired-by-the1owl,1570401
/jorgemf/rnn-gru-bidirectional-attentional-context,1570275
/ronglin/calculation-of-hurst-in-quant,1569753
/and1oneluv/xgboost-lightgbm-and-ols-and-nn,1595078
/dokato/dl-starter-in-r,1569404
/tabikh/martin-2,1569070
/edhirif/regional-pizzas,1568612
/arjoonn/whose-github-projects-does-hn-appreciate-the-most,1568563
/dazongshi/titanic-data-science-solutions,1568365
/gaussmake1994/resnet50-based-cnn-1-3lb,1568098
/aaltamiranouc/std-metrics-viz-final,1567734
/cyanist/eda-about-ufo-sightings-in-usa,1570496
/sangeevs/basic-digit-recognition-using-cnn-in-keras,1567567
/tejauw/my-first-submission,1567171
/vacarey/titanic-random-forest-extra-trees-v3-0-79904,1566711
/argento/exploratory-analysis,1566667
/vanausloos/steering-wheel-of-fortune-porto-seguro-eda,1566502
/manumg11/myfirst-ml-analysis,1566427
/sunnynevarekar/digit-recognizer-using-svm,1565871
/franciscadias/breast-cancer-wisconsin,1565857
/lamjac/happiness-trends,1565717
/axelderomblay/running-mlbox-5-1-auto-ml-package,1565325
/dsunicorn/collinearity,1565180
/vin725k/india-population-trend-of-2001-2011,1564997
/surajiiitm/fork-of-geek-learner,1564378
/rupshabagchi/generation-unemployed-interactive-plotly-visuals,1564311
/silenthinker/a-guide-for-pipelines-in-ml-98-auc-96-recall,1564189
/jeanselme/first-analysis-pizza-city,1564203
/andreyko/notebook8d8bb9d78e,1564106
/dzwduan/neural-network-model-for-house-prices-tensorflow,1563500
/samurai58/naive-keras-cdiscount,1576014
/avsanjay/version-1,1563327
/avsanjay/version-2,1563314
/jijie309/titanic-test,1563273
/aharless/quick-try-fit-xgb-on-2016-validate-on-2017,1562928
/aloisiodn/xgb-baseline-0-65791,1563057
/andyxie/r-language-dplyr-basics,1562615
/odkolock/notebook6757259c20,1562465
/eoakley/porto-seguro-lightgbm,1612007
/vacarey/removed-duplicate,1561825
/saeednusri/first-kernel-creditcardfraud,1561397
/jwlzdh1/iris-species-hue-and-bell-curve,1561440
/datasmnt/comprehensive-data-exploration-with-python,1561148
/astron/processing-bson-files,1560932
/liulongxiao1/notebook7a38f004e3,1559912
/sinchenkos/my-first-notebook,1559765
/nooberson/keras-nn-with-q4-validation,1559270
/zakuka/dataframe-memory-use-reduction,1559250
/spldxdyy/notebook7334f38062,1559117
/yifanxie/1-simple-ml-pipeline,1572292
/kourouklides/mnist-tensorflow,1561450
/ludovici83/predicting-quality-from-review-length-and-polarity,1558380
/akashdeepjassal/vgg-19,1558112
/emmabowley/how-to-number-characteristics,1557825
/kopernicov/first-attemp-using-voting-classifier,1557813
/sazid28/getting-started-with-titanic,1557562
/ainnes84/iris-data,1570948
/markobigdata/perceptron,1568404
/hadi86/predict-zestimate-error,1567215
/shengya/titanic-data-science,1569744
/hiroshun/titanic-on-svm,1556550
/mohitraut/personlaized-medicine,1556251
/goodvc/predicting-employee-kernelover,1621478
/stuzhang/notebookf5dff673cc,1651864
/suyashshetty/exploratory-analysis,1555555
/drojasug/titanic,1596876
/amey819/titanic,1579488
/priyagoel0211/prediction-with-xgboost,1554979
/sumanthrao/notebookb425d8c091,1554578
/weegee/python-based-eda-of-porto-seguro-s-dataset,1554574
/ermiyas/notebook63916e87af,1554550
/rpkelley/wwi-bombing-data-maps,1554730
/yayan24/scikit-learn-vs-tensorflow-mlp-implementation,1554232
/mksaad/arabic-egyptian-dialect-identification-sgd,1553680
/henriquecruz/notebook2ef77bc3d7,1553556
/mayank735/practice,1554040
/poornimasivanand/kernel1,1553442
/sadaki82/predicting-speaker,1552879
/fukamizu/predicting-speaker,1552874
/sadaki82/text-classification-chatbot,1552805
/utkarshsingh/building-faces-out-of-parts,1552166
/dwhydx/health-insurance-analysis-with-caravan-challenge,1552221
/krjamies/notebooke89c0cd754,1551854
/jeffstahler/pair-plot-of-numerical-attributes,1551575
/michaelmcfarlane/imdb-project,1833443
/weizhezhang/basic-xgb,1551254
/jeffstahler/pair-plot-swarm-plot,1551078
/mmoreaux/accessing-the-data,1550630
/joshderagon/iris-data-visualizations-practice,1550526
/hungdo1291/classifying-credit-card-transactions-using-svm,1550454
/liuyanzhi/titanic,1549539
/herdofbears/tensorflow-5lnn-001,1549223
/hungdo1291/data-exploration-dimensionality-reduction,1548598
/ciaraks/utf-8-decode-repro,1548572
/pera21/analisis-exploratorio-organizacion-de-datos,1548558
/stefanhans/a-beginner-s-approach-to-classification,1548269
/yousif/chicago-crime,1547401
/ddst28/debbied,1547058
/hungdo1291/classification-with-keras-breast-cancer,1548506
/sn3fru/a-tour-of-the-main-concepts-of-a-price-predictor,1546970
/lebo124/notebook153f9090a9,1546907
/hungdo1291/a-detection-with-smote-and-random-forest,1549541
/hungdo1291/fraud-detection-with-smote-and-randomforest,1546746
/andersketelsen/notebookbb1041c60a,1546355
/pratik2901/sequential-ann-and-visualization,1862004
/manjeetsingh/let-s-look-at-some-shoes,1545805
/jenioai/decision-tree-visualization-submission,1545677
/jenioai/predicting-survival-on-the-titanic,1545663
/jenioai/titanic-data-analysis-rf-prediction-0-81818,1545650
/jenioai/exploring-survival-on-the-titanic,1545646
/fernandoramacciotti/correlations,1551631
/davidfoster/decision-tree-vs-xgboost-with-added-noise,1545047
/mgalarny/predicting-good-and-bad-loans,1545073
/danpidcock/uk-renewable-energy-summary,1544704
/hungdo1291/iris-multi-class,1546490
/feldmatias/analisis-exploratorio-tp-datos,1544194
/mstoepel/notebooka1872a9116,1544070
/alexmcs/a-yakunin-movie-genre-from-its-poster,1560484
/sandhaya4u/fifa-2017-team,1543665
/sandhaya4u/analyzing-fifa-2017-player-faces,1543478
/iamprakashom/beginner-xgboost,1543087
/hanumanstark/fork-of-project-content-based-filtering,1542976
/faizan1041/logistic-regression,1542572
/jainshreya1997/table-merging,1542384
/biswajeet/notebookc7cedc165d,1542311
/restlessrational/viewing-bytes-as-images-retrieved-from-bson-dump,1545288
/teru1000/notebookb3f0ed6dda,1541814
/tianshuren/notebookef61d0483a,1541626
/zhaoyucai/lck-3,1541474
/mackliu/movie,1541325
/omkar102378/notebookcf09a48691,1541308
/huangruoyu/doppler,1541288
/jdelaney1/titanic,1540969
/callisonburch/subreddits,1595760
/emorres25/forest-cover-is-increasing-in-india,1540599
/jigarpatel/different-models-for-titanic-survival-prediction,1540065
/sr1993/testxx,1539851
/jaydeepk/single-logistic-neuron-from-scratch,1540263
/surajiiitm/geek-learner,1564358
/eledata/using-random-forest-to-classify-otto-group-product,1539478
/malimo1024/inter-generational-change-in-pokemon-s-diversity,1541441
/praths007/notebookc562390a1d,1546533
/workexplore/most-profitable-months-for-investment-in-s-p-500,1538848
/govindab/human-activity,1539719
/ybwu01/making-new-train-set-for-stage-2,1538545
/sidshady/simple-linear-regression,1538436
