/kerneler/starter-un-hdr-2555d7f2-4,6052501
/kerneler/starter-un-hdr-34e9f0e6-4,6052403
/kerneler/starter-un-hdr-7b07ca2c-b,6052341
/adrian1acoran/fork-of-pi-code-3-1415-63a1f6,6053204
/kerneler/starter-un-hdr-1bb7376b-4,6052277
/kerneler/starter-un-hdr-78de8a33-7,6052122
/kerneler/starter-un-hdr-09ba10a9-5,6051840
/kerneler/starter-un-hdr-09827af5-1,6051619
/kerneler/starter-understand-r-2-aka-rmse-ce2c0b25-b,6050879
/kerneler/starter-svd-image-sample-95af8163-a,6050389
/kerneler/starter-2008-presidential-campaign-89c63895-e,6050248
/kerneler/starter-convenience-store-d8886a08-c,6048741
,None
/kerneler/starter-conveniencestore-e2d2b1a6-c,6046885
/sonna0814/ai-camp-logistic-regression-homework,6046757
/quincyqiang/multi-class-lgbm-cv-and-seed-diversificatio-7c6a8d,6046211
/kerneler/starter-hdi-brazil-idh-brasil-80f68b4b-6,6045368
/rodriguezcluis/stepwise-1,6045492
/kerneler/starter-b3-win-2017-2018-2b804606-3,6045318
/kerneler/starter-panoai-d8a6bc3f-d,6045102
/kerneler/starter-itau-stock-market-dataset-a8ad5278-c,6044985
/kerneler/starter-exploring-weather-trends-23b32306-c,6044777
/yukunpeng/time-series-data-analysis-using-lstm-tutorial,6044702
/regaipkurt/a-sample-of-an-artificial-neural-network,6044192
/uljaco/exercise-working-with-external-libraries,6043587
/dnzcihan/fork-of-knn-classification-gender-voices,6043565
/kerneler/starter-itau-stock-market-dataset-c354fc1a-2,6043213
/kerneler/starter-us-foreign-aid-57499716-9,6043014
/kerneler/starter-itau-stock-market-dataset-8a4af768-0,6042494
/adrian1acoran/fork-of-fork-of-fork-of-fork-of-fork-of-for-acd9c6,6060831
/cfelker/getting-started-with-sql-and-bigquery,6041879
/kerneler/starter-meta-kaggle-d099127f-4,6040371
/kerneler/starter-darpa-lagr-outdoor-robot-f9b13e61-0,6040275
/kerneler/starter-metacover-96e33dc3-7,6039446
/rohitroro/titanic-data-analysis-and-eda,6039717
/kerneler/starter-anna-karenina-book-faac41e9-1,6039285
/kerneler/starter-houseprices-dataset-a41cd1e9-e,6038628
/kerneler/starter-airline-dataset-6735e480-5,6038456
/kerneler/starter-board-game-geek-data-27199e4e-3,6038206
/kerneler/starter-documn-206741ea-2,6037878
/smirnovstanislav/advanced-uses-of-shap-values,6038267
/kerneler/starter-cannabis-strain-images-and-2898869c-e,6037220
/cyaris/mta-info-scrapy-spider,6037143
/kerneler/starter-movielens-1m-87c5d8f9-d,6036474
/cyaris/web-mta-info-data-clean,6036607
/kerneler/starter-mta-turnstile-traffic-dee7afc4-e,6036341
/goldbergm/testing,6035876
/uditsharma03/avocado-type-using-multi-linear-regression,6035682
/kerneler/starter-alien-vs-predator-images-1a7303c3-f,6035143
/kerneler/starter-dataset-system-resources-cpu-6a7efe89-1,6034678
/avijain04/hello-python-2f5507,6198137
/aaaaditya23/getting-started-in-r-graphing-data,6034076
/kerneler/starter-tiny-imagenet-17588c54-5,6032970
/padmanabh275/fork-of-manipulating-data-with-the-tidyverse,6032889
/shemuelzhao/test-baseline,6032382
/kerneler/starter-google-landmarks-dataset-94827a4f-f,6032230
/kerneler/starter-census-9f672cf0-8,6032054
/kerneler/starter-board-game-geek-data-023b99bd-a,6030380
/kerneler/starter-directory-737ebe38-c,6030370
/kerneler/starter-median-personal-family-and-37ac21ef-5,6029839
/kerneler/starter-mean-commuting-time-for-09e3dacb-1,6029790
/kerneler/starter-manufacturers-sales-and-ea23c341-9,6029769
/kerneler/starter-homeownership-rate-time-series-da82eae8-d,6029752
/kerneler/starter-income-inequality-time-series-8952371e-8,6029732
/kerneler/starter-income-gini-ratio-time-series-56764f3d-5,6029722
/kerneler/starter-household-and-housing-05e00866-e,6029710
/kerneler/starter-estimate-of-median-household-f02efbf1-9,6029500
/kerneler/starter-estimate-of-people-of-all-ages-ddb01725-c,6029474
/kerneler/starter-e-commerce-retail-sales-series-27059d22-a,6029290
/kerneler/starter-advance-retail-sales-time-a6fe26f9-2,6029284
/kerneler/starter-breakdown-of-revenue-by-type-698360b0-8,6029262
/kerneler/starter-bachelor-s-degree-or-higher-5e424188-c,6029248
/kerneler/starter-advance-u-s-international-7171869b-4,6029215
/dheerajetx/monitoring-a-keras-model-with-tensorboard-1,6030181
/kerneler/starter-ons-girls-names-2017-99757250-2,6028014
/symonsajib/let-s-get-avocado-smashed-with-r-5f050d,6027636
/playwell/indexing-selecting-assigning,6047335
/kerneler/starter-reeeeshio838383678uop78-dfb1e607-8,6027181
/mikaso/exercise-explore-your-data,6027367
/kerneler/starter-reeeeshio838383678uop7-33ec1b82-1,6027117
/kerneler/starter-googleplaystore-a-csv-b40c06c6-e,6026330
/playwell/creating-reading-and-writing-workbook,6027273
/gunjanagicha/welcome-to-deep-learning-cnn-99,6025761
/kerneler/starter-train9b-6b296985-9,6025146
/kerneler/starter-numpy-arrays-a4af1681-a,6024346
/uljaco/exercise-strings-and-dictionaries-c6b00c,6023878
/kerneler/starter-itau-stock-market-dataset-760dc056-3,6023619
/kerneler/starter-itau-stock-market-dataset-af0b0950-c,6023376
/cyaris/baseballreference-com-scrapy-spider,6023119
/kerneler/starter-mnist-model-eed6084c-0,6022986
/vipindhoundiyal/exercise-functions-and-getting-help-910972,6022979
/cyaris/charitynavigator-org-scrapy-spider,6023019
/kerneler/starter-loan-default-for-techjam-2018-5003003f-2,6022311
/kerneler/starter-guangdong-round1-train2-342591de-7,6022206
/kerneler/starter-guangdong-round1-train2-02041c9e-8,6022204
/kerneler/starter-gd-train-round1-68f0138a-2,6022138
/kerneler/starter-emotions-parts-of-speech-and-d24314fb-e,6022102
/dipnarayan13/data-access-for-wordinfo,6022059
/kerneler/starter-nyc-weather-da8ef3ac-c,6021585
/kerneler/starter-shaco-shape-counting-e5dce20b-3,6021075
/kerneler/starter-kqks-quantum-keystone-5ab341fc-3,6019594
/adrian1acoran/fork-of-pi-3-1415-826fbb,6019515
/mbonardi/transfer-learning-for-boat-or-no-boat-767abc-mab,6020134
/kerneler/starter-testefeat-9399de1b-c,6018502
/kerneler/starter-spambase-d75eceda-7,6018274
/kerneler/starter-tweets-positive-0af7895e-b,6017667
/kerneler/starter-website-detailed-67e1c265-1,6017602
/kerneler/starter-fifa-19-fifa-ultimate-team-943f05bc-c,6017587
/kerneler/starter-tweets-positive-negative-c146236e-f,6017326
/kerneler/starter-imdb-raw-33c3b54e-9,6017269
/kerneler/starter-bitcoin-time-series-all-time-49ea2234-4,6016861
/kerneler/starter-mnist-sample-png-499f189b-a,6016543
/kerneler/starter-iris-dataset-ba1693ad-9,6016329
/kerneler/starter-website-dataset-for-detailed-5a287b58-5,6016301
/kerneler/starter-mnist-sample-png-df963478-e,6016084
/kerneler/starter-website-data-analysis-591e22f5-0,6016036
/thaisloa/c-es-gatos-fastai-portugu-s-cb471a,6017577
/kerneler/starter-indian-cities-analysis-5717496f-d,6015548
/pietebr/c-es-gatos-fastai-portugu-s,6099532
/kerneler/starter-s-p500-daily-1986-2018-c7dee8b1-3,6014289
/adrian1acoran/fork-of-fork-of-fork-of-fork-of-fork-of-for-8a123b,6014089
/kerneler/starter-kagglelearning-6a5434bb-8,6013826
/kerneler/starter-weatherusa-ad5afe17-1,6013802
/owenboy/exercise-functions-and-getting-help,6012028
/kerneler/starter-5-core-amazon-electronics-86836af4-7,6012020
/volodymyrgavrysh/exercise-underfitting-and-overfitting,6013496
/kerneler/starter-changjiang-monthly-flow-1552b3c7-e,6011506
/johanwidjaja/python-practice-projects,6206004
/kerneler/starter-meta-numerai-837cf336-0,6009523
/kerneler/starter-meta-numerai-4a53a81e-e,6009378
/kerneler/starter-breast-cancer-prediction-5547d39c-1,6009261
/kerneler/starter-meta-kaggle-3cb1124a-5,6008599
/kerneler/starter-breast-cancer-prediction-f79c5510-1,6008595
/kerneler/starter-google-landmarks-dataset-30c502e7-c,6008421
/smirnovstanislav/shap-values,6008530
/kerneler/starter-resident-population-time-92921cd3-5,6006315
/kerneler/starter-total-households-time-series-90c5f3e0-0,6005908
/kerneler/starter-total-married-families-with-6b09f4ff-1,6005903
/kerneler/starter-poverty-universe-all-ages-0419d8cb-c,6005899
/kerneler/starter-population-estimate-of-non-a62f9ae5-6,6005897
/kerneler/starter-population-estimate-of-african-5f47d28e-0,6005894
/kerneler/starter-median-age-of-the-population-5495b750-c,6005888
/kerneler/starter-mean-adjusted-gross-income-for-6579463a-f,6005883
/kerneler/starter-health-insurance-coverage-in-571a58a6-3,6005880
/kerneler/starter-family-households-with-married-20baa1bd-c,6005873
/kerneler/starter-home-homeowner-vacancy-rate-512a058b-f,6005868
/kerneler/starter-population-time-series-data-ad360e59-f,6005862
/kerneler/starter-value-of-manufacturers-ae8216e3-7,6005849
/kerneler/starter-value-of-manufacturers-3337ac31-5,6005840
/kerneler/starter-value-of-manufacturers-014c2db1-f,6005836
/kerneler/starter-total-revenue-time-series-8d668eb2-a,6005812
/kerneler/starter-total-public-construction-b5410dd3-8,6005671
/kerneler/starter-total-private-construction-6235126d-b,6005670
/kerneler/starter-total-construction-spending-44e7d7d0-c,6005651
/kerneler/starter-total-operating-expenses-time-9967b737-b,6005648
/kerneler/starter-total-merchant-wholesalers-d60bf223-0,6005642
/kerneler/starter-datasets-of-all-governors-in-2d1efdad-c,6005611
/kerneler/starter-total-business-inventories-and-4af1bbcd-f,6005597
/kerneler/starter-kansas-state-government-tax-81e22e73-a,6005570
/kerneler/starter-snap-benefits-recipients-data-f0d94a8d-1,6005561
/kerneler/starter-retail-and-retailers-sales-cc126ba4-3,6005549
/kerneler/starter-groundzeroworkshopweek1-5effd5a2-e,6005510
/kerneler/starter-real-median-income-data-b9081c1b-2,6005338
/kerneler/starter-rental-vacancy-rate-data-48a59506-f,6005292
/kerneler/starter-real-mean-family-and-personal-7cd5ec2a-6,6005178
/kerneler/starter-quarterly-financial-report-u-041d51aa-3,6005175
/kerneler/starter-manufacturers-inventory-to-f38278c0-2,6005171
/kerneler/starter-new-private-housing-units-with-bcffaccb-2,6005170
/kerneler/starter-percent-of-population-below-ea0e0d52-a,6005142
/kerneler/starter-people-25-years-and-over-56157bc0-f,6005129
/kerneler/starter-net-migration-flow-time-series-ebf1627c-c,6005041
/kerneler/starter-merchant-wholesalers-33925f2b-9,6005020
/kerneler/starter-median-personal-family-and-2f892952-e,6005002
/kerneler/starter-homeownership-rate-time-series-03065355-7,6004975
/kerneler/starter-mean-commuting-time-for-bc9d911c-1,6004971
/kerneler/starter-manufacturers-sales-and-0cfc4811-5,6004957
/kerneler/starter-income-inequality-time-series-c05a510d-2,6004944
/kerneler/starter-income-gini-ratio-time-series-f2f55b87-4,6004931
/kerneler/starter-household-and-housing-eed26cca-9,6004917
/kerneler/starter-estimate-of-median-household-68d1e8d7-f,6004832
/kerneler/starter-estimate-of-people-of-all-ages-713b1d61-5,6004802
/kerneler/starter-advance-retail-sales-time-64ce5a9d-f,6004773
/kerneler/starter-e-commerce-retail-sales-series-9d7a04c6-b,6004760
/kerneler/starter-breakdown-of-revenue-by-type-d638885d-1,6004741
/kerneler/starter-bachelor-s-degree-or-higher-d9a50ccf-e,6004734
/kerneler/starter-advance-u-s-international-ea871ed6-3,6004729
/kerneler/starter-religious-groups-in-volgograd-811f94e2-9,6004110
/shotashimizu/one-hot-encoder,6003937
/kerneler/starter-machine-learning-model-to-27fb568c-2,6002994
/kerneler/starter-cannabis-strain-images-and-c6eca509-a,6000820
/santoshbothe/steering-wheel-of-fortune-porto-seguro-eda,6000934
/santoshbothe/winning-solutions-of-kaggle-competitions,6000848
/santoshbothe/teaching-notebook-for-total-imaging-newbies,6000789
/santoshbothe/eda-to-prediction-dietanic,6000663
/junaid388/titanic-machine-learning-insights-from-disaster,6000282
/vipindhoundiyal/exercise-functions-and-getting-help,5999725
/ibouazizi/pytorch-dataset,5999974
/kerneler/starter-gaivr-train-7a-a38f26d9-4,5999025
/kerneler/starter-gaivr-train-7b-c67b54b0-3,5998997
/kerneler/starter-cannabis-strain-images-and-68e0e0df-c,5998955
