/clustifier/keras-test,821111
/tgandhi/fork-of-python-attempt,821097
/zmoments/notebook60f9512e1d,821087
/shishantshanu/notebook2f11058892,821063
/clarencemah/first-gen-pokemon-stats,821022
/mattstammers/full-preprocessing-tutorial,821013
/ucfrtt/outbrain-eda,821005
/rajatxx/notebook22ce5682c7,1600934
/genieeeeeee/a-journey-through-titanic,820992
/hhhhhhhhhh/sub2222,820982
/hhhhhhhhhh/notebooka1f28ada7d,820979
/pratik195/notebookb81c2e97d3,820965
/gibrano/notebook10ecc76ab7,820920
/alonsogutierrez94/trying-to-predict-used-car-value,820884
/nario560/notebook51d7680ba8,820873
/manishjangid/a-journey-through-titanic-d6368691,820834
/attila007/full-pipeline-demo-poly-pixels-ml-poly,820734
/robincoste/fork-of-notebookc19be8d66f-bb07e2ba,820668
/gmorina/notebookeb14e25788,820627
/carlspackler/notebookbd0858d21a,820626
/ruriko/notebook95207b3f50,820592
/zhennany/full-preprocessing-tutorial,820589
/letiziatrinca/nonemptyfin3,820728
/beingmiakashs/simple-exploration-notebook,820575
/fmularczyk/principal-component-analysis-with-kmeans-visuals,820571
/jamespw/notebook891ff47293,820569
/mumumuyanyanyan/titanic-data-science-solutions,820551
/grahamcleven/wwiibombtest,820578
/bjokanov/titanic-random-forest-82-78,820499
/letiziatrinca/nonemptyfin,820497
/manoelakohler/notebookdc918842e3,820472
/letiziatrinca/nonempty2,820455
/petabyte/notebookdda14ac06a,820399
/jeffreynghm/types-of-nba-players,820398
/mumumuyanyanyan/a-journey-through-titanic,820380
/jeffreynghm/shooting-percent-over-time,820373
/vampire2016/tensorflow-deep-nn,820371
/vampire2016/titanic-survival-prediction-end-to-end-ml-pipeline,820353
/sondereggernadine/notebook4e66f42718,820340
/miyadi/notebook3eddaeb9a4,820302
/fuyubo/exploratory-analysis-of-flight-cancellations,820297
/xd1234/notebook32b7b6a4a5,820294
/egorkaa/hitting-the-jackpot-accumulator-betting,820289
/mentalistk/cluster-of-crimes-near-hall-of-justice,820236
/gmorina/abc-pmc-working,820233
/gmorina/abc-pmc,820224
/marvin01/a-journey-through-titanic-12f1425a,820222
/vampire2016/a-journey-through-titanic,820220
/tomaszmikus/catdognet-keras-convnet-starter,820179
/tiwaria9034/notebookce327dd0e4,820063
/lukej91/notebook51d33e98ae,820053
/lelomau/notebook8dc9d22785,820007
/sunprinces/notebookb7e5ce4125,819981
/namratha123/notebookdb2de862fc,819980
/girmak/online-sgdregressor,819956
/namratha123/notebookafa2bea5aa,819952
/namratha123/notebook3dd7259a29,819951
/mszczytowski/notebook5a385e31d1,819950
/namratha123/notebook545e62a065,819943
/tolarteh/predicting-global-terrorist-attacks,819930
/davidwoudenberg/notebooka440241d7f,819928
/alvysinger/notebookb9c981d728,819789
/huiqihu/notebook5f73326ac0,819710
/yxrb2017/notebooka8fcaf8932,819673
/punderscore/a-journey-through-titanic,819662
/flyingmars/titanic-survival-report,819640
/aniruddha1995/notebook6a7b531e2f,819594
/pulkit2706/notebook635a346834,819587
/softeng/tutorial,819553
/enuok1/in-depth-skewed-data-classif-93-recall-acc-now,819495
/danieleewww/candidate-generation-and-luna16-preprocessing,819469
/rishabh8492/an-interactive-data-science-tutorial,822411
/anshubhuwania/notebook00c3b24b82,819451
/aironashish/full-preprocessing-tutorial-c4645a24,819387
/randalgoomer/omg-nlp-with-the-djia-and-reddit,819377
/freyman/facebook-5-competition,819352
/kaiven/full-preprocessing-tutorial,819345
/jordanquem/notebook062640a459,819340
/ish19655/practising-machine-learning-with-titanic-dataset,819419
/thearchitect/full-preprocessing-tutorial-85a950d9,819315
/charan19/lasso-model-for-regression-problem,819314
/sr71nighthawk/notebook9b9bab2724,819247
/louispri/notebookb71cffa4b8,819233
/stevensg/full-preprocessing-tutorial-7073f50d,819222
/joelin000/the-perfect-score-script,819210
/irrwitz/segmentation,859449
/maxmen/titanic-random-forest-82-78,819166
/eugen1701/notebookca97951bcc,819162
/louispri/hitting-the-jackpot-accumulator-betting,819157
/neopy1/notebook7ccab7f68f,819123
/joelin000/full-preprocessing-tutorial,819119
/newerakg/python-data-visualizations,819089
/wangruixin/a-journey-through-titanic-5703f3bc,819020
/hanxixi/notebook1f664b89fe,819019
/genikolja/notebookd974707876,824908
/heuvel1995/basic-eda-and-final-grade-prediction,819004
/stevensg/full-preprocessing-tutorial-3ed860ea,818993
/iolaire/notebook96acd31367,818985
/michaelfeng/titanic,818978
/maizesinger/initial-exploration-when-events-occur,818974
/littl3tiger/notebook76b6b310d7,818958
/greatdzx/titanic-test-1,818955
/nemke01/notebook173ec91540,818937
/mengfanrong/notebook8baa7d9278,818916
/mengfanrong/an-interactive-data-science-tutorial,818878
/sumit6b/notebooka90d1ba11e,818873
/mengfanrong/titanic-data-science-solutions,818871
/hjl240/a-journey-through-titanic,818815
/rafaelrod/notebook6359fbefd0,818806
/mengfanrong/titanic-survival-prediction-end-to-end-ml-pipeline,818800
/pradyumndoomski/deep-learning-in-the-deep-blue-lb-1-279,818798
/qsobad/testa,818781
/r0zeabi/detailed-data-exploration-in-python,818779
/yerrochdi/generation-unemployed-interactive-plotly-visuals,818772
/ml2nlp/first-scirpt,818720
/pengchengchen/house-prices-data-exploration-and-visualisation,818715
/ml2nlp/notebook12274f8391,818703
/davidyjun/interactive-intro-to-dimensionality-reduction,818672
/ruhamya/data-imputation-aguah-water-consumption,818654
/shivani07/notebook29a9d7f5d3,818648
/madhuvanthi/learning-on-indian-cities,818626
/zengjinfeng/notebook4f4621523b,818594
/shubsja/notebook605a918ddd,818574
/shridhar1991/exploring-survival-on-the-titanic,818527
/rkakkad/notebook658c82566a,818520
/grayskies/global-warming-confirmed-basemap-animation,818505
/shridhar1991/randomforest-implementation-of-titanic,818456
/michaelfeng/notebook78420b190e,818444
/chddychn/full-preprocessing-tutorial,818412
/jimliu/deep-learning-test,818405
/kasisam/python-data-visualizations,818327
/flyingmars/titanic-random-forest-82-78,818322
/kasisam/full-preprocessing-tutorial,818249
/kasisam/exploratory-study-on-ml-algorithms,818224
/xiaolinz/notebook59bc747c1c,818215
/brandonhu/python-data-visualizations,818200
/dharmk80/titanic-random-forest-82-78,818190
/eibriel/data-exploration-2ef11c34,818140
/yamadaisao/simple-neural-network-with-1-hidden-layer,818124
/violaciao/an-interactive-data-science-tutorial,818119
/nameyy/elastic-transform-for-data-augmentation,818079
/poornimaarun/notebook7bf153dca4,818075
/nameyy/full-preprocessing-tutorial,818073
/alfrediwasaki/notebookb2ae04f14a,818066
/lukeaus/regularized-linear-models-53ad37e4,818046
/janpannees/notebookc13d482e3a,818035
/lukeaus/regularized-linear-models,818029
/brirush/notebook32246c24d9,818001
/nguyentrong/notebook0ec42e2966,817945
/prosisiy/python-data-visualizations,817941
/tai001/digit-recognizer,817817
/sashirajc/notebook2a16f48d1b,817739
/sananth12/keras-convnet-lb-0-0052-w-visualization,817730
/sananth12/notebooke350365571,817725
/r02921027/ftrl-starter-code,817716
/jiayetal/generation-unemployed-interactive-plotly-visuals,817715
/sumangiri/full-preprocessing-tutorial,817704
/bruceli92/basic-visualizations-of-historical-terrorism-data,817701
/bruceli92/terrorist-attacks-in-united-states,817696
/sonam0125/sales-exploratory-and-prediction,817675
/aikinogard/finding-boatids,817638
/vjs347/map-of-temperatures-and-analysis-of-global-warming,817632
/russellthehippo/notebook32ed4d3e2d,817618
/bikuta/a-journey-through-titanic,817608
/bikuta/notebookc0a5316717,817606
/anhntmpi/exploratory-study-of-ml-algorithms,818465
/karengreen/decision-tree-visualization-submission,817599
/sr71nighthawk/notebook6a818ef98f,817565
/manishjangid/a-journey-through-titanic-cc13d5ef,817562
/ilanaradinsky/a-journey-through-titanic-ilana-v1,817559
/jonshao/the-perfect-score-script,817557
/xd1234/a-journey-through-titanic,817542
/jyanstark/notebook6e8b42e4de,817479
/romilhc/notebookeff705bd61,817445
/rojre1979/keras-convnet-lb-0-0052-w-visualization,817427
/stayingfoolish/tensorflow-starter-kit-47d069e6,817398
/romilhc/notebook0b734d3f17,817396
/juan001/full-preprocessing-tutorial,817378
/alextaim/notebook3143d180f4,817248
/jl0210/full-preprocessing-tutorial,817139
/mkakizawa/a-quick-random-forest-on-glass-classification,817084
/sebasggx/a-journey-through-titanic,816954
/manishjangid/a-journey-through-titanic-e65c7a0f,816945
/jsonchin/predicting-match-outcome-using-whatever-we-have,816930
/cpruce/full-pipeline-demo-poly-pixels-ml-poly,816928
/vantaro/pandas-exploration-fandango-dataset,816904
/sandeep8530/message-spam-detection,816881
/sjfwagner/exploratory-data-analysis,816856
/sjfwagner/full-preprocessing-tutorial-87b327c9,816849
/sjfwagner/full-preprocessing-tutorial,816836
/dlejoren/notebook6f857f82b4,816812
/manishjangid/a-journey-through-titanic-3dff26b9,816807
/dlejoren/notebook4eafd08004,816797
/db2882/notebook9f4e8954bb,816792
/vantaro/titanic-data-science-solutions,816758
/eugen1701/notebook3266a03ddf,816750
/rotems/a-journey-through-titanic,816684
/m09kaa4/ghostbuster-data,818284
/jannabernice/notebookac522a0bc3,816595
/phelkkula/full-preprocessing-tutorial,816546
