/wmariusso/xgboost-model-pt-br,1487562
/crystalpalace/league-of-legends,1487526
/ebertolo/validation-split-cross-validation-ptbr,1659185
/nishimaru/trial-titanic,1486793
/nicolivesey/randf-xgboost-for-pump-it-up-challenge,1489766
/plarmuseau/germany,1486206
/siddhinita/a-study-on-regression-applied-to-the-ames-dataset,1486175
/ksaulakh/gam-model-to-predict-player-s-rating,1492949
/ksaulakh/the-fans-stay-loyal-the-players-move-on,1485102
/rgunkar/sentiment-analysis,1485038
/wmariusso/dummyclassifier-e-features-num-ricas-pt-br,1484948
/hk1997/fork-of-svmhk1,1484868
/eagle97/a-journey-through-titanic,2073108
/soidiot/preprocess-of-zillow-house-price,1484367
/noderaider/analyzing-soccer-player-faces,1484339
/imrishabhgupta/new-york-trip-day,1484030
/recurver/datawitness-zillowprice-01,1483768
/ryujikomiyama/rk-20170901,1483169
/harold0217/complete-process-using-resnet-as-a-starting-point,1483105
/kitawaki1993/ramdam,1483004
/daguer/beginner-tutorial-using-votingclassifier-82-27,1679302
/kambojatul20/titanic-first,1482354
/danielhanchen/datasoc-titanic-analysis-no-ml-experience,1482055
/zionic/interactive-intro-to-dimensionality-reduction,1482569
/mooreet/starter-kernel-basic-python-script,1481839
/mmrosenb/nycttd-exploratory-data-analysis,1481830
/moka92/hr-predictive-model-using-decision-tree,1481763
/asparuhkostov/witch-residence-distribution-time-frame-insights,1481498
/test2user/fork-of-5545445454545-9190ec,1481431
/arjunsurendran/using-gradient-boosting,1481453
/shanzhaowang/titanic-project-practice-shan,1481455
/helloworldml/first-kernel,1481299
/chrisyoungkg/fork-of-1-titanic-survived-mining,1481152
/nsidn98/gender-recognition-by-basic-algorithms,1481150
/nsidn98/notebook600e13cc03,1481120
/adityavcse/data-cleaning-using-randomforestregression,1480988
/zakhumalo/fork-of-titanic-problem-attempt-1,1482612
/dominic220f/weight-prediction-based-on-given-height,1480581
/roguelous/titanic-survivor-model,1480449
/abhishek7761/notebook9fff921e9b,1480059
/kambarakun/dataset-load-speed-csv-vs-npy,1479789
/teru1000/notebook4543fd16c6,1479746
/adonist/data-handling-explorating-for-linear-modeling,1479676
/giwamoto/run-or-walk-data-analysis-and-visualization,1478920
/coni57/fashion-mnist,1478992
/dreaminggirl88/decision-tree-with-r,1478182
/lvyaoo/ddddd,1478076
/nareshpanda/define-error-in-real-life,1477781
/ljw18765/notebookd4af4effc6,1477517
/sidv1993/nyc-taxi-trip-duration-prediction,1477247
/estebanleyton/book-recommender-collaborative-filtering-shiny,1476824
/adityatandon/titanic-problem-first-submission,1476844
/currypurin/chapter4-coin,1476522
/pistak/notebookf2d952d114,1478723
/manjeetsingh/hr-analytics,1568805
/bluerivers/digits-recognition-kernel,1491176
/sainath21/titanic-survivors-prediction,1742280
/kleskjr/notebook6b99ec6ae2,1475197
/mchirico/simple-read-ctpd,1474250
/shikhar96/mapping-meteorite-hits,1473897
/couldntbefancier/pytorch-implementation,1473878
/daiearth22/text-classification-chatbot,1473641
/daiearth22/if-we-treat-stack-overflow-as-a-social-network,1473597
/keshavai/notebook9880b8a256,1472776
/shuttlesworthneo/titanic-solution-a-beginner-s-guide,1472740
/dineepthomas26/tensorflow-starter-kit-dineep,1511621
/andrewwinnenberg/an-interactive-data-science-tutorial,1537306
/cedrickchee/full-preprocessing-tutorial,1473329
/dysonlin/iris-read-iris-csv-with-pandas,1478028
/loveall/for-beginners-using-keras-to-build-modelsnew1,1477318
/tcath2s/dnnregressor,1485225
/vamsikunapuli/notebookdcc4fbb51e,1471297
/secwang/a-journey-through-titanic,1471219
/nidhirastogi/notebook77ade260b6,1471190
/bellar/notebook595b86eab0,1471050
/jnuic7/classifiers-and-feature-reduction-first-kernel,1471027
/dcarmody/first-go,1470920
/sagardutta/foozball-titanic,1470679
/ioanniswd/quakitanic,1470588
/pranavcoder/keras-cnn-fashion-mnist,1470388
/pushpanjali92/notebook9636253887,1470130
/xiaoc4kaggle/xiaoc-logistic-regression-basic,1469639
/ankitkatiyar91/apriori-algorithm,1469623
/sahitkogs/bitcoin-trading-strategy-simulation,1469375
/xiaoranone/notebook7a1e2ec623,1469335
/xgully/python-data-visualizations,1468555
/vikikrishna/hello,1468405
/nikhilparihar/twitter-sentiment-analysis-airline,1468359
/payel96/imdbdataanalysis,1468258
/nikhilparihar/airline-sentiment-part-1-c2e074,1468210
/payel96/first-submission,1468206
/pranaytiwari/titanic-data-analysis-rf-prediction-0-81818,1468116
/vishal86/notebookb53db5ca27,1467828
/vishal86/product-backdrop,1467882
/capitanopo/notebook3155637894,1471847
/janpreets/lets-get-trendy,1471497
/shivendra91/recommendation-als,1529746
/kitawaki1993/notebooke9133b5668,1467051
/vishal86/eda-airlines,1467626
/harisss/calories-we-eat-in-mcdonald-s,1466472
/jester/titanic-disaster-prediction,1468562
/anthonypino/titanic-with-logistical-regression,1468602
/danieleewww/creating-additional-features-8a8c66,1466169
/danieleewww/creating-additional-features,1466162
/natashashafqat/keras-cnn-w-99-acc-peter-grenholm-tut,1465169
/manoharswamynathan/starter-script-keras-tf,1464965
/willtkaufhold/dimensionality-reduction-and-embedding,1464607
/elusivedelusive/simple-deep-mlp-with-keras,1464770
/rahulvks/deep-dive-into-text,1466482
/phawkins/titanic-data-science-solutions,1468575
/jayspeidell/bikeshare-random-forest-first-attempt,1463648
/granaderos/forked-from-eda-to-the-top-lb-0-367,1463538
/danieleewww/starter-xgboost-esr5,1671537
/danieleewww/the-matrix-0-29096,1463235
/anirbanl/random-forest-with-varied-no-of-trees,1463159
/ryanzhang/cnn-two-layers,1465394
/minlu0306/house-price-prediction,1462501
/mayday1992/data-analysis-xgboost-starter-0-35460-lb-78b6e9,1462363
/mayday1992/data-analysis-xgboost-starter-0-35460-lb-39c5f9,1462318
/sandiprb/movielense,1462320
/manishrai/pca-gbrt,1462326
/leonardolima/credit-card-fraud-prediction,1504165
/arjunmahishi/imdbtry,1466741
/mahesh9/game-analysis,6135733
/aditinandwana/an-titanic,1461337
/plchung/rf-test1,1489127
/pappukrjha/firsttake,1461577
/mingweigao/notebook81d4e7c21b,1460973
/davidfumo/stacked-regressions-top-4-on-leaderboard,1460433
/yannickabba/titanic-ml-from-disaster-1st-trial,1460417
/gracelena/foreign-exchange-fx-prediction-usd-jpy,1460096
/lyuyanhan/sms-spam-detection-with-various-classifiers,1460068
/vkgpt11/analytical-approach-to-titanic-survival,1464302
/ahmaurya/exploratory-analysis-of-iclr-2017-reviews,1636611
/vharissh14/titanic-machine-learning-from-disaster,1467716
/chbimo/mapping-net-flow-of-pickup-and-dropoff,1459153
/chrisckwong821/notebook4d3cfd15af,1458571
/rmishra258/time-series-months-sale,1457486
/akashdeepjassal/starter-xgboost,1457361
/sriharshabs/simple-linear-regression-in-r-0-0648835,1457028
/kvinaya/iris-decisiontree,1864324
/homelesssandwich/titanicdataanalysis,1465255
/ahmedtadde/player-profiling,1456290
/ejreyesp/starter-explore-youtube8m-sample-data,1455960
/divyamsingh13/using-randomforest,1455829
/aankul/test-hidden-slayers,1455827
/mubashir44/feature-engineering-k-fold-xgboost,1455588
/daiearth22/detecting-credit-card-frauds,1455334
/danieleewww/baseline-optimal-mask-v4,1455135
/danieleewww/baseline-optimal-mask,1455120
/abistarun/titanic-survived-analysis-abistarun,1464386
/markfu/battles-analysis,1454843
/paulovila/titanic-eda-v1-2,1454703
/danieleewww/cv-4thq-based-on-xgboost-lightgbm-and-ols-2,1454518
/lpatruno/austin-weather-exploratory,1454317
/verhalenn/mapping-the-most-common-diseases,1454040
/kostyabahshetsyan/day-night-and-pickup-dropoff-animation,1453853
/corrphilip/draw-glyphs-sql,1554753
/tentotheminus9/bird-flu-outbreaks,1453528
/corrphilip/touch-analysis,1453517
/corrphilip/stroke-analysis,1453490
/corrphilip/subject-analysis,1453484
/corrphilip/glyph-analysis,1453446
/rosshill96/an-irish-taxi-driver-walked-into-a-bar,1453014
/hamzaashraf/titanic-eda,1452925
/warmachineroxx/notebook69088aa47a,1453161
/limvaljean/charlottesville,1452753
/virgoanalytics/nyc-taxi-rides-virgoanalytics,1452601
/sharecj/introduction-to-ensembling-stacking-in-python,1452821
/xpuspus/notebookc780a6694f,1452541
/slamnz/gpa-weight-pivot-tables-cxcxn-analysis,1452488
/nasrullah/exploratory-analysis-for-zillow,1452319
/mohitsital/wine-quality-rf-cv,1452336
/bat123456/strength-of-visualization-python-visuals-tu-39bd97,1451858
/asd12328/python-data-visualizations,1451754
/siddhz/titanic-data-set-just-basic-stuff,1450929
/alusravs/invasive-species-vgg16-starter-code-91-2,1450058
/daiearth22/exploratory-data-analysis,1449779
/daiearth22/three-features-with-kneighbors-auc-score-is-0-998,1449725
/daiearth22/achieving-100-accuracy,1449753
/daiearth22/predicting-fraud-with-tensorflow,1449716
/daiearth22/eda-and-fraud-detection,1449694
/mrbeer/word-count-function-optimization,1450281
/daiearth22/rnn-for-predicting-closing-price-using-keras,1449542
/industrial/notebookb2d0eda19b,1449219
/industrial/test1,1449198
/chendongyu2013/credit-card-ml-rpart-xgboost-tsne-attempts,1449164
/sargamshah/cereal-eda,1447885
/herrr2d2/gotta-explore-em-all,1449272
/akilesh/titanic-data-science-solutions-70c218,1447635
/argustech/multispectral-image-classification-v1,1447240
/shivangim/exploring,1447175
/gauravdhama11/simple-exploration-notebook-zillow-prize,1446970
/breakdark/notebook1968dca914,1457005
/wangyong101/study-of-an-interactive-data-science-tutorial,1446233
/zanjibar/ship-hscode-89,1446206
/aloisiodn/44-9-lb-1,1448668
/alexgomes3/very-basic-plots,1445952
/kmostafa89/notebook0a5acf4372,1445759
/eavdeeva/cancer-simple-gene-based-model,1445817
