/wwright999/notebooke93d33326b,1046956
/bing22/debugging,1046953
/hspark0825/notebook3bba7c15b6,1046946
/zhouzhiguang/notebook24e3de7fa4,1046935
/louiechung/notebook4d8ebf4bd9,1046921
/cznch1007/notebook2e0b1f53da,1046910
/ssaleh21/titanic,1046987
/ssaleh21/notebook8a5f5c4e6d,1046906
/zekunxu/testcode,1046926
/adam1brownell/notebook583d1a2b47,1046877
/sandipsidhu/notebook2eb0e1b2e0,1046856
/wpncrh/xgb-starter-12359,1046846
/nelnour123/clustering-of-categorical-data-using-seaborn,1046826
/eachaa/test-script,1046810
/eachaa/notebookd9e33b5803,1046797
/pedroromn/explore-digital-imaging-and-communications-7016c0,1046794
/hitman47/lb-0-56130-resnet50-features-xgboost,1055069
/davidchang/notebook37641cee7d,1046788
/abrzyski92/samole-random-forests,1046781
/frankxiao/notebook1ab946527d,1046778
/thurston/notebook3ef2ab23d5,1046765
/agapios/notebook2cdfbb2c96,1046747
/aryanjnyc/notebooke025635370,1046742
/y7usuf/notebook18896bacca,1091122
/subhamkeshri/notebookeee6d8969e,1046706
/danielbastos/notebook7fc690baf0,1046703
/dgoynes/magic-feature-visualization,1046702
/juanjosec/test-world-data-indicators-001,1046685
/elzascarlet/notebook6d0ceed8d8,1046674
/jovanakpd/liveordie,1046673
/elzascarlet/notebook0c4b183fae,1046666
/janithwanni/a-journey-through-titanic,1047249
/jainashish/notebook8750afb82f,1046650
/ardelaxela/myfirstscript,1046646
/vishwanigupta/notebookc85585727e,1046635
/trainerscj/learning-about-ml,1046617
/rajkmaurya111/notebookc55c58842b,1086318
/praveen0293/notebookbdd01743aa,1046701
/suuuperray/notebook8d0745f88d,1046606
/trgosselin14/notebookdeb21eca82,1046593
/ruchipokhrel/notebook534394ef72,1046585
/janeli12/notebookacccc665b3,1046575
/stevefoy/notebookbe1091dcae,1046566
/alfredjoey1/myscript,1046564
/kartik31/notebook6527fe6137,1046560
/maxconners/notebookabb6ffd492,1046545
/sleahy/titanic,1046543
/sleahy/notebookf43e4d6f56,1046539
/fengyixiao/notebook2ccb5bcb78,1046523
/michaelkang/notebookbd1da218aa,1046520
/j1mb00/hello-kernel,1046516
/maxconners/notebookbf08096396,1046488
/sanyot/notebook7227e2141b,1046468
/mshadbolt/dogs-vs-cats,1046465
/sorind/notebookdc5a27912e,1050609
/yixin1671/notebookdfe980768f,1046446
/himanshudhawan/first,1046428
/jota57/titanic1,1046413
/jota57/notebook143878b73f,1046411
/vishalagarwal2708/notebook3bc3f84aae,1046398
/apdullahyayik/notebooka321e46bda,1046387
/sct202/notebook7b31baaae3,1046378
/alok1626/notebook3e23ddfcf1,1046374
/alexeylive/xgb-starter-12359,1053695
/laholmes/notebookfb90feb29f,1046355
/dhegde/feature-engineering-1-sentiment-analysis,1046392
/hconner2/notebook1bb8eced7b,1049195
/hconner2/notebookd1af3b5f4c,1046337
/leotay/notebook5b7d733adc,1047340
/luluren/notebook51bde6b9a3,1046306
/manmohanananda/notebook457edeca48,1046291
/ashrimal/notebook65febf2450,1046283
/damichoi/notebook0ee1868a31,1046280
/ashrimal/notebook21df45cc5e,1046276
/ohmycake1222/titanic,1058667
/collinrsmith/notebooka7f8aa2356,1046263
/czhang96/notebook329041e599,1046259
/anand1989/notebook53fe115164,1046236
/czhang96/notebook4a0cfb8077,1046224
/degore/notebook4903268b7d,1046223
/raghavrastogi75/prediction-using-deep-learning,1046201
/vinurai/notebook562b51ebbe,1046168
/jy1486/aaaaaa,1046610
/suleimanodat/aaaaaa-1,1046152
/trevoredwards/notebook3dd0b77eb3,1046135
/mmhill/notebook416f94619e,1046133
/jy1486/notebook878e0adebc,1046121
/allonlee/notebookca870ae540,1046117
/jonycse/notebook90ad0cd131,1046074
/rishabh1khurana/notebook2309afe91b,1046069
/vikaskumaranalytics/notebook4223bc5327,1046059
/tomknight1/sql-and-python-analysis-on-world-indicato-84d3d8,1046042
/zekunxu/angryx,1046041
/yphong/notebookde14d03717,1046020
/czfshine/data-analysis-xgboost-starter-0-35460-lb,1046003
/byfone/means,1077670
/haoruo/test6,1045972
/rafael/notebook07895e36d5,1045962
/hyunjungee/notebook75b6437833,1045959
/cyrilv/notebooke2643f2b29,1045955
/jjleee/notebookaafa600eca,1045954
/cyrilv/notebook0a3c192128,1045953
/haoruo/test5,1045970
/byfone/median-mean,1077654
/ttttkk/notebooke48e0f13a1,1045895
/byfone/median,1045898
/haoruo/test3-1,1045890
/vanausloos/fishy-keras-lb-1-25267-xavier,1045887
/thomassullivan08/notebookf1c78c9e03,1045883
/andrewhuang1995/notebookc9a14ef051,1045880
/jweibel/notebookf34eebc659,1045859
/kanewang/notebooka2276ead49,1045841
/haoruo/test2-1,1045836
/haoruo/notebooke5d8f32d8d,1045834
/haoruo/notebookb3eedb63d6,1045821
/wuwuwuxxx/fisher,1045812
/miemouwu/notebookf0a611d76a,1045800
/zhoudaoyu/notebookcf6404f1ea,1045758
/jy1486/tests,1045754
/svesal/asked-me,1045736
/polosoares/titanic,1045825
,None
/msondkar/notebook9e6f59742d,1045704
/shynkevich/notebook4e8e496214,1045703
/vatsalsodha/notebook9d7a6185f8,1045694
/ruhisharma/notebook6fd557ec5a,1045684
/fastorga/titanic-first-steps,1045673
/decentmakeover/notebook82d64397a3,1045672
/balayeswanth/notebookdbf2ef7381,1045656
/mkdas1001/test123,1045653
/jhochoi2015/notebook1560ab4350,1045640
/mkdas1001/notebook93cd34443a,1045638
/ratnesh88/imdbvsbudget,1045609
/kaushalprajapati/notebook2212abc216,1045561
/jruebsam/testkernel,1045820
/gumplus/notebook645a220a00,1045549
/shichaopei/quora-1,1045547
/hannobrink/notebooke44ff286ae,1045537
/shichaopei/first-version-q,1045528
/dimgold/notebookd74c5c2f10,1045495
/dibyaj/titanic-servivals,1045491
/jifei1120/notebooka607c7c2a1,1045488
/gleotescu/notebook7069c66ba9,1045444
/kamalsam/notebookf9653e1ce1,1045394
/architrathore/notebook74979fb7bb,1045383
/pianoraju95/exploring-survival-on-the-titanic,1045380
/prikshit/notebookeae9b35cf2,1045359
/smarwen/notebook5e8b50b4b1,1045347
/rafaelm/notebookb6e575b1d6,1045327
/alex3141/notebook80d82d07ee,1045316
/karthik28/notebookc902d7672b,1045313
/kaigeyang/manager-skill,1045306
/adonrain/my-test,1045285
/polosoares/notebook94c1c1fe85,1045276
/qxlyolive/notebookfc23ec3899,1045273
/qxlyolive/notebook1ab7c295e4,1045264
/fastorga/solar-eclipse-test,1045436
/yousheng/notebook7ee720d693,1045228
/sauravkaushik8/notebook941f55178f,1045222
/harshit886/notebook669091648f,1045217
/menegaz/hot-zones-in-the-input-data,1050774
/vishwanigupta/notebook7f0db33d43,1045195
/zhoudaoyu/notebook26c8d0cbc8,1048418
/sauravkaushik8/notebookadeaf9f255,1045189
/victoriosub/notebook1c4496f8aa,1045184
/lkavanagh/notebook44cd4faa4e,1045175
/geirfreysson/notebookfc83feaeae,1045169
/togheppi/notebook03d35f2e0c,1046808
/bzsjr916/notebook85a6c63037,1045157
/matrixx/notebook25f5898a68,1045152
/matrixx/notebook8d7ca1d162,1045150
/togheppi/tensorflow-test,1045148
/togheppi/notebook02bc02381d,1045139
/dxx123/notebooka9a46110a2,1045137
/myskyer/notebookb529d27ee9,1045116
/leopoldboudard/notebook314023f563,1045101
/romainbrault/notebook5378c014a2,1045087
/victoriosub/notebook8e6d7f3b66,1045064
/nand2578/notebook7375a279a5,1045060
/ianvniek/hallo-world,1045021
/yurket/notebookb7fab8d459,1044969
/urwamuaz/digit-recognizer2,1044972
/tmikew1985/testing-1-2-3,1044946
/mdalam/titanic-survival,1044973
/mdalam/notebook5ffe3c5fe7,1044927
/hsharsh/script-py,1044916
/savvas1240/notebooka78682bb69,1044891
/alexkant/notebook4e6328de1e,1044880
/pchandra7/notebookbcb875d884,1044877
/hcyray/test-1,1044924
/caiadai/titanic-data-work,1044866
/jackyguo77/notebookd843b1361b,1044846
/jackyguo77/notebookaac5511d79,1044823
/vrajeshshah/testing-the-waters,1044798
/zhanglic/xgboost,1044727
/urwamuaz/random-forest-benchmark,1044791
/vfdev5/mean-std,1109435
/nilotpal/notebooka7ab0ee10c,1044642
/nshokeen/notebookc9600f28b1,1044639
/ramya24/notebook0daa725e03,1044623
