/yihualyu/notebookd0f941f504,417398
/alexguo/tensorflow-deep-nn-459aa917,417391
/nautna/notebook34516be9b4,417390
/rowlandrzhang/tensorflow-deep-nn,417388
/rishim/installed-r-packages,445967
/meisin/notebookd45ff059ff,417384
/wenxuanmo/basic-visualization,417383
/jenyquist/notebookb2ca71683f,417373
/culinna/notebooke74ff4d8d2,417352
/nickbedo/notebook09cdccab8d,417348
/priyankajsr/notebook4462c0090e,417330
/shubvyas/notebookd64ab71fb9,417314
/jjayaram/notebook8866dd0c71,417309
/murgev/recurrence-relation,417311
/murgev/knn-from-scratch-in-python-at-97-1,417299
/ssrivastva/tensorflow-deep-nn,417254
/yunjilee/western-countries-and-alcohol-5d41339a,417243
/mayukh18/notebook4b366a7883,417288
/fredren/notebook99251a6c48,417239
/farookseeru3/titanic-random-forest-classifier,418213
/datascientist1/magic-feature-visualization,432332
/alonnir/notebookd1e2914de9,417159
/priyadwivedi/notebookc5ae3f38e5,417136
/vijaymadhu/notebookb24368797b,417115
/nielsenmarkus11/notebook5b2c14c54e,417113
/tripb55/notebook28ed04ddb0,417089
/kresnoaw/notebook9d64fb6b98,417080
/webboftruths/notebook73c5e23058,417064
/arjoonn/notebookc6c4ea9dae,417046
/tiffanyli/notebooka786739590,417027
/psaadbye/magic-feature-visualization,417005
/kukulux/notebookbdfa6d0eca,417000
/kmilo89/notebook159ef65269,416980
/kanishk19/notebookf3437ba2ad,416969
/yashasvialladi/notebook40f67e68bd,416968
/valetn93/notebook47b27e14e6,416961
/chatcat/exploratory-image-analysis,416955
/chatcat/python-data-visualizations,416952
/esthernwogu/notebook32add79f07,416947
/albsantosvk/notebook1a3ac4af26,416928
/rellims2000/notebook6f5ca40fcb,416916
/ijstokes/language-model-for-sentiment-analysis,418584
/stewartdouglas/a-journey-through-titanic,416973
/azamatuz/exploring-player-stats,416872
/manasgarg/notebookaa4271bf52,416852
/eemonn/notebook16dec592b7,416850
/ilyaperepelitsa/notebookc3f061a6ce,416841
/anthony93sm/notebook610b560d2b,416836
/enzocxt/python-data-visualizations-d7ff6ffb,416893
/nadiyashvai/detailed-data-exploration-in-python,420857
/cjd1989/notebook82e323cff1,426450
/lancellotti/can-you-be-a-good-football-player,416795
/syafiqah/python-data-visualizations-d7ff6ffb,416790
/rrkc00/notebook84986c5de3,416778
/etheriault/notebooke2f918da86,416775
/sketch92/notebookd3de9e01c8,416771
/ftrestour/notebook87abb7f877,416745
/cxchao/notebooka521fef2f2,418009
/blangelxb/notebookc9f22025af,416723
/cristo/notebook19f6443892,417014
/trotsyuk/notebookd257eee2b7,416672
/yaochengji101/notebookd4909d7fc7,416643
/edoarad/notebookc04c22f997,417720
/sramaj/tensorflow-deep-nn,416621
/bburns/notebook4dad39628f,416616
/saurabh09/notebook2124646829,416619
/lingershaw/a-journey-through-titanic,416592
/kplauritzen/notebook434baef487,416564
/chuongnguyen/notebookaaceb17ed0,416562
/zhanghe/notebook0ef674eb37,416561
/wathteam/notebook17f42ca81f,416553
/chbimo/notebook5704d7de2e,416540
/bulatbulat48/first-data,416527
/bulatbulat48/notebook95b1b3a02c,416514
/cxchao/exploratory-tutorial-titanic,416501
/chbimo/notebookee6b031cb5,416483
/dpansan/notebook79ae894311,416470
/andrewnguyen/notebookecf51018bd,416461
/chbimo/notebook40e23cccee,416462
/yuanchima/visualizing-knn-svm-and-xgboost-on-iris-dataset,416429
/chbimo/hello-world,416418
/leilashadi/notebook43fb6ba528,416392
/kpratyush/notebookc815aadff9,416381
/atstat/notebook4f139b253c,416380
/weinnov/simpstats,416374
/nomanvb/notebook5201533285,416372
/srimalj/notebook94fb99446d,416353
/cl2ev1/lasso-model-for-regression-problem,417090
/meikintom/a-journey-through-titanic,416740
/anishmohan/notebookd2a239f7f7,416295
/fajkaiser/notebook249ca0f9be,416291
/chakriv88/notebook3a2cf87db8,416286
/kitaev/notebookd4b20e1b7d,416258
/sylviahoang/notebook68693757c0,416231
/oviera/exploratory-study-on-ml-algorithms,419388
/rajeshyerragunta/notebook3dea3a2763,416209
/sasakiwilson/notebook9a30bf21e3,416207
/jonschull/notebook22a2085eee,416190
/withchris/notebook402f1e78a1,416181
/bansipadalia/notebookc9acec949e,416180
/sdandriy/notebook2afa57bdeb,416173
/bankhv/notebookafeabba5f3,416162
/fannybu214/notebook882bb778e4,416159
/mrisdal/notebook26eac2f331,416157
/johnjaywiley/notebook63ffd413ae,416153
/scollins/notebook33de54d846,416134
/notmytype/tensorflow-deep-nn,416130
/eduinhserna/notebook20a6ca789a,416124
/tiffanyli/notebookd0aa4c56dc,416111
/wisker/notebooke2b848e2fc,416092
/rajaganeshv/notebook00a1c36543,416065
/xdcoder/notebookfab2c5840d,416051
/roshanxzy/notebook622cd65941,416031
/ctbroecker/notebook5be2237b40,416028
/biosopher/notebookbc7d088e52,416017
/wchian2/notebook7f2d799a1f,416010
/susheelg5/a-journey-through-titanic,415987
/marcelolajr/notebook0bb3ef06c9,415931
/pmorgado/notebook42da90d891,415907
/mapa12/notebook23494c1bff,415820
/didmar/notebook86f6e9af95,415818
/ankushjain/test-813,415848
/itsnadeem85/notebook1198bedfa4,415808
/marioho/quick-look-column-explanation,428907
/haiduten/notebook64db101104,415792
/nadavmaman/notebook06bee9bbe1,415755
/ankushjain/test-812,415844
/johndorian/notebooka647902e13,418330
/dbenstart/notebookdcbdeeeace,415739
/rimmona/notebook0fa185d3e3,415725
/tovmasyan/notebook6dfa178631,1661989
/smithashivakumar/exploratory-tutorial-titanic,422112
/insightsfromdata/notebook1662262f92,415683
/jianminsun/simple-exploration-notebook,415565
/tompkinshw/notebook98203cb339,415546
/dataunited/notebook0d05e2874c,415503
/gyoussouf/notebook52fcfdb303,415498
/racicotjm/notebook875a6fb319,415494
/calvingerus/a-journey-through-titanic,415493
/andydrew/notebook53db33916d,415492
/jsmallwood7612/notebookffabd80fe7,415487
/marshalljr/notebook9d8dd51dd8,447642
/djsaunde/notebook7b7fab866b,415474
/sonaloberoi/notebooka43830da23,415465
/jchcofc/notebook61a08a5135,415453
/camyers1997/notebook535de8ad32,415452
/pauleanderson/notebookec72214a78,415451
/jsmallwood7612/notebook73b3d6cdd5,415438
/wl2522/notebook415a3f37fd,415402
/vshets/notebook2748d0da8e,415398
/jd2062/notebook0bc30c2f7e,415386
/aresyeah/ye1027,415558
/llbestmvp/notebook0a9b63a69b,415355
/ageojo/notebooke8c9f6c8ae,415443
/zacharygilliom/notebookcc004324bb,415293
/oliverli/notebook4c61752610,415271
/mattpatera/notebookd039c9903a,415243
/alexandrashope/notebookf427438618,415231
/hansena7327/notebook956c22e67c,415184
/alexandrashope/notebook657e5944dd,415160
/mjschaich/notebookff7c248fba,475430
/mcneelyra1/notebook926b2192b2,415155
/adeshpande3/notebookf09df1a2ea,415145
/lizward/notebookcc2c68bd70,415133
/vakvakamca/notebooked1a9ecee5,415130
/pauleanderson/notebook3461d6c512,415127
/hunterprovyn/notebook2ebc53cbec,415119
/syafiqah/python-data-visualizations-e519f162,415088
/qtwiley95/notebook277d0a6c08,415048
/realhiroshi/notebook1800ab425e,1353135
/analyticsdojo/explore-data,415013
/rinkey/a-journey-through-titanic,414976
/etheriault/notebookb883908d86,414947
/rjollet/notebookee4196225f,414929
/xiaoyaozi/notebook8096f1afac,414911
/xgwong0815/python-data-visualizations,414892
/yannn26/notebook83e9c10a68,414868
/kubamm/datavisualisation-with-python,414863
/qumino2/notebooka3fef4f03a,414846
/utkarshgautam/notebookeacdb73153,414831
/billbosshard/notebookeaf31e9531,414817
/tevans890/notebookf258a1a586,414814
/wailapranav/notebookffd7e296e1,414808
/mikejewell/notebook50e6ca4336,414799
/sgirkin/notebook830ba93780,414776
/ljoffe/notebook66b51dd3e1,414784
/lmjwilliam/a-journey-through-titanic,415769
/saleh08/tensorflow-deep-nn,414727
/michielremme/notebooke827346bb3,414713
/didmar/notebook687637f650,414704
/quang123/notebook-for-data-science-training-2016-axa,416889
/saleh08/notebook72c91c4409,414678
/wenchenkof2001/notebooka61c44dd73,414677
/shenba/a-journey-through-titanic,414676
/tevans890/notebookf7d771ec52,414668
/wenchenkof2001/notebook692d4914f9,414581
/wenchenkof2001/notebookc77d627fb2,414554
/jackli/notebook207b1aca85,414545
/kristofersoderstrom/notebook03ab0a3c2e,414530
/ivmosk/notebook8c353c5fdd,414529
