/samedsaka/notebook6ff64a0080,998750
/iklotho/notebookb8c0ac8f18,1692529
/sauravkaushik8/it-is-li,998792
/kjo144/notebook2e2560d6d4,998716
/zyedpls/notebook472983b4ca,998714
/aurouaw/notebook07157d8669,999708
/eldarsabanovic/titanic-data-science-my-solutions,998545
/spsgasper/notebookb28e729463,998141
/kindbody/notebookc25f1a2c2e,998132
/jking54/hello-world,998118
/georgem/kkapapa1,998832
/stepnovij/notebookb2c45975f1,998046
/yellowcropsnake/mnisteste,998529
/marcelomalcher/notebookf9d361a79c,997858
,None
/macarenco/teste,998548
/yellowcropsnake/aula-python,997965
/joaoalb/joao1,998641
,None
/lucasperrotta/lucasperrotta,997765
/alvesrafael17/rafael,997771
/marcelomalcher/testing,997755
/xiongqiangcs/notebookfe3de89ba5,997747
/rockchen26sh/notebook4105d4be62,997737
/tr7924/notebookec0986a6bf,997730
/ash0ur/notebook70cff9d229,997695
/lgmdl666/notebookffb89173aa,997674
/nasibullah/notebook448b899cc0,998808
/lgmdl666/notebook1abab96471,997668
/forword/notebooke0efccb4d4,997658
/zardabab/titainc,997651
/simplex7/notebookd97f835f5d,1011148
/rajatmann100/notebooke2a747266c,997614
/pjackson5/notebook5e24e6d62e,997613
/gognambiar/notebook03b2edb091,997604
/yuankuan/kuancheat,997625
/zhechenwei/titanic-notebook,997538
/yanyushu/notebook82b06bf53d,997532
/marius0093/notebook48ec4eb2b3,997525
/buaahsh/notebook349472d8a5,997499
/krowosdogg/notebook91e4b6ac27,997491
/vittarr/notebookc252a58561,997480
/mingchih/notebook7a8dfcd0df,997474
/shoals/my-script,997462
/shoals/notebook71f433d820,997439
/heatherc/notebook83fb769319,997429
/tfkeras/notebook09a5c8a2da,997425
/tfkeras/notebooka6d3ca4c13,997421
/adarshr/notebookdf9f38d21e,998793
/blgnksy/notebook88133f75ff,997414
/jimmyintaiwan/notebookc1b5f6f196,997406
/jeremylinchina/titanic-sc,997453
/jimmyintaiwan/notebook5eee239213,997392
/shunjen/xgb-starter-in-python-edda66,997390
/ladzzz/notebook8e1c14656f,997373
/kingjane/terrorism-in-2017-year-forecast,997364
/zoumt1633/xgboost-for-the-millionth-time-0-54724-lb,997351
/heatherc/ign-dataset,997339
/tracy4kaggle/notebook6510bd40c2,997313
/eyoshida/test1,999858
/robort/notebookcbb6fc8d81,997298
/robort/notebookf5159de30d,997297
/ryeolj5911/notebook70019e45db,997288
/yangfazhi/notebookee3dc71138,997280
/liuy0095/notebook4abf7b6fc6,997279
/liuy0095/notebookb1537b28d8,997278
/amitchandak/exploratory-study-on-ml-algorithms,997270
/bingohong/notebook00e11731e0,997267
/lxs0202/xgb-starter-in-python,997255
/abhinav15feb/notebookb6d4cb0722,997250
/ouhhh777/notebookb6cd4b12fc,997245
/skyblue06/notebookf8e308e862,997238
/utpalkant/notebook0335266943,997232
/chenqw/notebookc380d2ec51,997227
/omsri108/titanic,997208
/georgeha/notebook072169f7f7,997199
/georgeha/notebookf77bf59dea,997197
/faamin/notebook3113d3fd95,997187
/jemxgw/notebook66f0638e91,997167
/reasat/notebookdf959cf52a,1000230
/gcsekar/speed-violations,999282
/arnavkj95/notebookcdc7163245,997142
/titericz/python-versions,997126
/aryansen/notebookfc3b0c0f49,997102
/yds1024/notebookd1a0f5137b,997054
/manimozhi/notebookf29c0e92f7,997048
/gsugar/notebook4e362790b7,997031
/spetsnazcyclist/notebook53f6500bec,997003
/iqrashahzad/notebookcea303f5cc,997000
/yihaokao/notebook9217c04065,996996
/jaredbrower/notebooka363395e9a,996955
/lavanya123/kmeans-example,996947
/nitinmukhija/notebookc666304cb3,996924
/lgncsk/notebookd8aa6ae7ed,996914
/musicjazz5/notebookdda3bcfc2e,996909
/jayeshdatascience/notebook7b060350cb,996904
/musicjazz5/notebook41d3bf8982,996898
/nchosqd/titanic-primer,998948
/spatialcomps/notebookf2874354e5,996870
/yeluting/notebook5bf86cafd6,996850
/jschultz/first-try,999717
/zookytar/notebookab2ea870d2,996805
/royanurag/notebook07cc6898ca,996796
/yeluting/notebookc4b7981faf,996785
/koh4theking/notebook6fc1d91c22,996781
/paulofraga/exemplo,996752
/skbergam/an-exploration-of-space-explorers,996748
/michael860120/notebookcae9d5881b,996684
/agrawwalprateeksha/notebook2d77cc20bb,996664
/jimpage/notebookd154cb3016,996658
/hcuny0011/it-is-lit,999259
/abhishekdutta/notebookfa7c241f41,996644
/kelles/notebook4d4ba5921e,996601
/samantha115/notebook65385b801a,996594
/sagarcenation/notebook5b60c68e44,996567
/paulocressoni/titanic-using-stepwise-linear-regression,996585
/angubenko/titanic,996657
/hanadinh/notebook499654c082,996544
/sekrier/fish-keras-forked2,996523
/aachandler/notebook07fb16627b,996487
/rmauhay/notebookd368ab1e58,996484
/aachandler/notebook969b9c462b,996481
/hvp4259/firstscript,996471
/kreshnik/notebook08bba9f897,996432
/vbachhav/xgboost-first-try,996497
/amirmak/notebook8c8141797e,996418
/jbandoro/titanic-intro,1011831
/sidpachhai/sid-train-kaggle,996409
/sidpachhai/notebook76588bdae7,996398
/oksuresh/r-analysis-qgis-dark-layer-bi-tools,996383
/balloonanimal/titanic-data-science-solutions,996377
/eastuger/notebook8315bd2e41,996369
/lamar1/notebookdf566dd5a7,996362
/debbieytchang/notebook106ac260d2,996361
/shivi2909/titanic-rolling-in-the-deep,996359
/rogerclaus/notebook9843ba8fdf,996349
/vaishvel/notebook43d1f48ce7,996347
/bala2728/notebook86b7813a89,996340
/vaishvel/notebooka358138b41,996331
/tsengwenbao/notebookb8dedae6fa,996329
/magicorlan/notebook9a81734015,996321
/magicorlan/notebooka2e58c4866,996319
/crosswords/notebook9f35514030,996315
/username10/notebook89a69f20c9,996309
/saeiddadkhah/pyhome01,996311
/pclear/titanic-data-science-solutions,996291
/jackmao17/notebook91514d97b2,996286
/preetrajdeo/notebook87f21777de,996283
/vijaynidumolu/titanic-classifier,996276
/phuocd/notebookf7f26193de,996273
/miketree/notebook5750025c73,996241
/nickvasko/notebooke7f4a50a56,1493256
/nickvasko/notebook836d9abc98,1493265
/reedbr/notebook888ae1ef9d,1033768
/mattwhansen/titanic-v1,996232
/rodrigo1224/notebook4a1e105b87,996223
/mihaimihailescu/my-script-py,996219
/rsreddy/my-first,996215
/lucascorreia/notebook70768e8682,996206
/miketree/exploratory-study-on-ml-algorithms-bcf4d2,996201
/rzagalf/pruebastutorial,996197
/nlahik/notebook2caba036c2,996190
/totalbro/notebookafdf59d7ce,996188
/valentinkozhevn/test2,996177
/ramnavan/titanic-notebook,996464
/alexeyfedorenko/notebook82d3ce84f8,996155
/saadakaalo/notebookf8d1980af4,996146
/totalbro/notebookc05878ba77,996083
/yoname/notebook91bec88ce5,996043
/kaider0/exploring-survival-on-the-titanic,996026
/tdhslayer/notebookfdfcc9382e,996022
/squaresurf/geneticprogramming,996020
/data2science/test-one,996014
/fayalan798/notebook360d07e3b1,996004
/kaider0/first,995992
/kaider0/notebook36798d4228,995988
/rtcksk/notebook3aee903dd7,995985
/polycube/input-output,995979
/darumar93/notebookdcb848c7b6,995971
/patilpravin/notebook1df6ca09b5,995960
/travcole3/notebook0802b9c90a,1017378
/yukidaruma/notebook01832cd38f,995940
/yukidaruma/notebook6db6ae73e0,995938
/yukidaruma/notebooka925d0cb2b,995931
/willtsao/notebookfc2d09bdfa,995930
/divyaagarwal/notebook025e5c8729,995897
/laurengineered/super-sized-we-macdonald-s-nutritional-metrics,995894
/dwsudduth/notebookf06c14e35c,995892
/amarnatht/testing,995867
/sauravghosh/notebookc867ba7137,995857
/pranavcoder/first-try,995847
/joshuaxiao/notebookb88bccc68b,995846
/adnmanai/notebook39eccef791,994838
/teja86955/notebookfc0a6e4480,994825
/djhaleyhalestorm/dimension-reduction-for-music-preferences,994818
/sudheer/notebook665f41890e,994806
/merceddong/notebook80ff5e2ab5,994802
/elnazmr/macdo,995895
/krzysztofg/my-first-kaggle-script,994774
/tobiasz/test1,994712
