/kerneler/starter-boston-offenses-and-other-open-80de0142-1,6387505
/kerneler/starter-total-households-time-series-b63cc05f-2,6387422
/kerneler/starter-total-married-families-with-736ccd36-5,6387420
/kerneler/starter-poverty-universe-all-ages-11c47c09-9,6387418
/kerneler/starter-population-estimate-of-non-9effcd43-6,6387415
/kerneler/starter-population-estimate-of-african-8a10a6f9-c,6387411
/kerneler/starter-median-age-of-the-population-1f2f885e-4,6387408
/kerneler/starter-mean-adjusted-gross-income-for-464f9583-f,6387404
/kerneler/starter-health-insurance-coverage-in-9d89f4e6-d,6387399
/kerneler/starter-family-households-with-married-7bfc4462-f,6387397
/kerneler/starter-home-homeowner-vacancy-rate-5b08ad1a-b,6387395
/kerneler/starter-population-time-series-data-c1864bf7-0,6387388
/kerneler/starter-value-of-manufacturers-38a582f9-6,6387382
/kerneler/starter-value-of-manufacturers-40b94c87-c,6387380
/kerneler/starter-value-of-manufacturers-4869357a-8,6387376
/kerneler/starter-total-revenue-time-series-690a7e99-7,6387366
/kerneler/starter-total-public-construction-24cba8d4-0,6387205
/kerneler/starter-total-private-construction-274a1363-f,6387201
/kerneler/starter-total-construction-spending-82106657-d,6387182
/kerneler/starter-total-operating-expenses-time-87a741e7-5,6387178
/kerneler/starter-total-merchant-wholesalers-8f9e7ba1-b,6387176
/kerneler/starter-my-data-0748ce8a-2,6387151
/kerneler/starter-total-business-inventories-and-de6a307a-d,6387146
/kerneler/starter-kansas-state-government-tax-8c34cde7-6,6387124
/kerneler/starter-snap-benefits-recipients-data-bd2c2574-9,6387114
/kerneler/starter-retail-and-retailers-sales-371a246e-1,6387111
/bartekskwira/data-types-and-missing-data-reference,6390106
/kerneler/starter-real-median-income-data-b7988bf6-c,6386920
/kerneler/starter-rental-vacancy-rate-data-cc513917-6,6386853
/kerneler/starter-noaa-global-surface-summary-of-698f0e27-a,6386844
/kerneler/starter-new-york-book-review-cd704def-8,6386765
/kerneler/starter-new-private-housing-units-with-38425630-0,6386735
/kerneler/starter-real-mean-family-and-personal-2753fa27-1,6386733
/kerneler/starter-quarterly-financial-report-u-1a919284-a,6386727
/kerneler/starter-manufacturers-inventory-to-8dfeb340-f,6386722
/kerneler/starter-percent-of-population-below-666f8494-7,6386687
/kerneler/starter-finance-applications-97e386f3-2,6386679
/kerneler/starter-people-25-years-and-over-298157a1-1,6386670
/kerneler/starter-net-migration-flow-time-series-c9f5ff13-2,6386608
/kerneler/starter-merchant-wholesalers-e4a150cc-8,6386578
/kerneler/starter-homeownership-rate-time-series-4f253c1c-8,6386567
/kerneler/starter-median-personal-family-and-97fd3f8b-4,6386566
/kerneler/starter-mean-commuting-time-for-a7bb0f31-2,6386521
/kerneler/starter-manufacturers-sales-and-8eedbf30-d,6386508
/kerneler/starter-income-inequality-time-series-757bcf3b-0,6386504
/kerneler/starter-income-gini-ratio-time-series-29064a04-8,6386495
/kerneler/starter-household-and-housing-867b4edc-6,6386489
/kerneler/starter-estimate-of-people-of-all-ages-c57e57c4-0,6386391
/kerneler/starter-advance-retail-sales-time-af962be6-0,6386355
/kerneler/starter-e-commerce-retail-sales-series-299f86eb-8,6386336
/kerneler/starter-breakdown-of-revenue-by-type-eb76ff8e-8,6386328
/kerneler/starter-bachelor-s-degree-or-higher-0677259d-0,6386323
/kerneler/starter-advance-u-s-international-3f334c36-c,6386318
/kerneler/starter-quick-draw-model-weights-for-25a5f1f0-d,6385744
/neha205/kernel8dca5b23a2,6386741
/pranand/first-model,6391157
/kerneler/starter-submission-5ba1d448-4,6384994
/waithira/titanic-analysis-with-r,6384702
/kerneler/starter-ppg-heart-beat-for-cognitive-152b1bb9-a,7239742
/kerneler/starter-digorig-dtt-bk-acfd4ec0-3,6382636
/kerneler/starter-text-data-0f7d34bf-e,6382291
/tusharchhajer/kernelb85f719cc4,6381730
/alqamahjsr/booleans-and-conditionals,6381931
/kerneler/starter-epileptic-seizure-recognition-d2bf6992-e,6380910
/nnezhxw/kerneldba6e7ad18,6380851
/kerneler/starter-01-17-03-17-city-of-seattle-6369ace9-5,6380592
/kerneler/starter-epileptic-seizure-recognition-31b6008a-0,6380313
/vivek1may/mnist-hand-sign-cnn-model,6379948
/mittalrohit/kernel6c215377e3,6388282
/mrshih/exercise-deep-learning-modeling-from-scratch,6379241
/kerneler/starter-chinese-english-mixure-3cebf4a8-c,6379012
/kerneler/starter-quick-draw-model-weights-for-79795464-0,6378789
/kerneler/starter-chinese-english-mixure-f59027b4-4,6378687
/kerneler/starter-absolute-zero-f0ad8029-a,6378145
/mrshih/exercise-convolutions-for-computer-vision,6452240
/alqamahjsr/functions-and-getting-help,6378249
/lucima/alexnet,6471280
/kerneler/starter-imagenet-fastai-sample-5a0d1deb-9,6375114
/kerneler/starter-jl-corpus-16663f2f-e,6880147
/kerneler/starter-pubgmap-63d188cc-1,6374650
/kerneler/starter-dwdm-week-6-70d001eb-5,6771257
/kerneler/starter-mnist-kio-original-153b115e-e,6374559
/kerneler/starter-quick-draw-model-weights-for-7424b9f7-b,6374552
/adrian1acoran/fork-of-fork-of-fork-of-pi3-1415926535-224591-3,6374505
/kerneler/starter-eu-parliament-women-and-gender-6109677e-2,8508717
/kerneler/starter-eu-parliament-survey-9bfc8c4f-1,8508383
/kerneler/starter-eu-parliament-climate-change-d80cc149-3,8506625
/kerneler/starter-eu-parliament-eurobarometer-aef1993b-f,8476927
/ramjan135/exercise-random-forests,6373560
/kerneler/starter-oecd-current-account-balance-1647f832-1,6373214
/kerneler/starter-oecd-consumer-price-index-053d0b3b-3,6373190
/kerneler/starter-oecd-consumer-price-index-of-e4618301-e,6373136
/kerneler/starter-oecd-consumer-price-index-of-da5ca668-0,6373102
/kerneler/starter-consumer-opinion-surveys-oecd-a73b528b-3,6372893
/kerneler/starter-oecd-constant-price-gross-1e0923e5-7,6372875
/kerneler/starter-oecd-business-tendency-surveys-6dff9adc-b,6372848
/rhitaolz/group-by-having-count,6372828
/kerneler/starter-active-population-and-activity-469d1cb5-1,6372788
/kerneler/starter-3-month-or-90-day-rates-and-522a13e3-3,6372499
/kerneler/starter-world-development-indicators-bb5005a1-9,6372119
/kerneler/starter-world-bank-projects-6a9895e1-0,6372083
/kerneler/starter-sustainable-development-goals-d11eabfc-7,6372020
/kerneler/starter-poverty-and-equity-database-7008e1af-3,6371996
/kerneler/starter-ida-results-measurement-system-f8888cf4-b,6371929
/kerneler/starter-govdata360-8ff55b2a-d,6371926
/kerneler/starter-global-financial-inclusion-df6437ed-6,6371914
/kerneler/starter-global-financial-development-afc8bb5b-1,6371910
/kerneler/starter-global-economic-monitor-b6702822-0,6371904
/kerneler/starter-education-statistics-a9f78c30-5,6371893
/kerneler/starter-doing-business-ccac5bcd-1,6371864
/kerneler/starter-data-on-statistical-capacity-19a7f215-2,6371856
/kerneler/starter-country-policy-and-bc7b13f0-f,6371835
/kerneler/starter-world-bank-quarterly-external-670ec05a-e,6371780
/kerneler/starter-world-bank-population-c4a7398a-7,6371766
/kerneler/starter-american-music-awards-tweets-7b703372-a,6371754
/kerneler/starter-world-bank-millennium-df1f1c26-0,6371748
/kerneler/starter-world-bank-health-nutrition-7926d891-8,6371745
/kerneler/starter-world-bank-international-debt-8a18c66d-1,6371744
/kerneler/starter-world-bank-gni-ranking-atlas-84dc1d3c-1,6371710
/kerneler/starter-world-bank-gdp-ranking-9ddd6524-2,6371700
/kerneler/starter-world-bank-climate-change-data-a8b252f8-d,6371697
/kerneler/starter-train-test-flat-9b5f6420-4,6370800
/kerneler/starter-coursera-dl-course-1-week-2-lr-33088683-9,6370023
/kerneler/starter-air-passengers-0a725597-9,6369813
/kerneler/starter-kc-house-data-csv-134f3db8-a,6369042
/kerneler/starter-eurostat-fisheries-dataset-cd1bb6a8-6,6368933
/benoitdlb/tp2-ae-thibaultgeoffroy-benoitdelabourdonnaye-cr,6398996
/kerneler/starter-kc-house-data-csv-f8a2a6b1-a,6368638
/kerneler/starter-quick-draw-model-weights-for-b43608f7-0,6368135
/carlosa8/kernelb6866276ad,7020155
/kerneler/starter-cora-data-and-embedding-in-702f6bfb-c,6367416
/kerneler/starter-titanic-filtered-ed80d371-2,6367108
/kerneler/starter-demand-03eabdac-0,6367102
/kerneler/starter-youtube-top-5000-channel-ids-7a570eda-c,6367030
/kerneler/starter-youtube-top-5000-channel-ids-624862b4-0,6366981
/kerneler/starter-fantasy-premier-league-fpl-72253c55-4,7695935
/kushal98/downloading-images,6367013
/kerneler/starter-noaa-precipitation-15-minute-352e3ea6-a,6365035
/rk1403/bag-of-words-dataset,6364951
/kerneler/starter-adultdata-fastai-b7c81f8b-e,6364225
/kerneler/starter-br-elections-for-fed-deputy-ade4e69c-b,6364093
/kerneler/starter-br-elections-for-fed-deputy-a1638069-f,6363734
/kerneler/starter-imodel-h5-6baa0996-8,6363310
/kerneler/starter-bag-of-words-meets-bags-of-09b67626-3,6362433
/kerneler/starter-jeopardy-questions-76d8710a-8,6362231
/kerneler/starter-quick-draw-model-weights-for-ce469ae9-7,6361295
/kerneler/starter-american-music-awards-tweets-7f60a977-1,6360784
/kerneler/starter-google-landmarks-dataset-d1f76ef9-0,6359889
/kerneler/starter-cleaned-data-e509a75d-c,6359669
/kerneler/starter-aula-2-exerc-cio-1-73dc808f-6,6359608
/kerneler/starter-meta-kaggle-6d5feff8-f,6359208
/pannana/exercise-booleans-and-conditionals,6360231
/benoitdlb/cours-mds-ozone-cr,6358927
/fox10225fox/lb-0-63-xgboost-baseline,6358912
/kerneler/starter-resident-population-time-ef9c8c1a-3,6357028
/kerneler/starter-quick-draw-model-weights-for-1f991729-8,6356950
/kerneler/starter-total-households-time-series-79b108ac-2,6356526
/kerneler/starter-total-married-families-with-f57957d7-e,6356525
/kerneler/starter-poverty-universe-all-ages-1edba2d0-7,6356522
/kerneler/starter-population-estimate-of-non-984dfcc1-6,6356518
/kerneler/starter-population-estimate-of-african-c68e2887-9,6356513
/kerneler/starter-median-age-of-the-population-de69c768-d,6356508
/kerneler/starter-mean-adjusted-gross-income-for-f8c5f6bf-c,6356506
/kerneler/starter-health-insurance-coverage-in-500a0614-9,6356501
/kerneler/starter-family-households-with-married-bdb61eb5-f,6356498
/kerneler/starter-home-homeowner-vacancy-rate-f5ae00ef-0,6356494
/kerneler/starter-population-time-series-data-90934f4b-1,6356487
/kerneler/starter-total-revenue-time-series-cf926fee-5,6356484
/kerneler/starter-value-of-manufacturers-5f4ea8b0-5,6356483
/kerneler/starter-value-of-manufacturers-cca27538-7,6356480
/kerneler/starter-value-of-manufacturers-36c830cc-2,6356478
/kerneler/starter-total-public-construction-9cb28937-2,6356369
/kerneler/starter-total-private-construction-3b3f68c1-e,6356365
/kerneler/starter-total-construction-spending-f97082e8-c,6356356
/kerneler/starter-total-operating-expenses-time-fd6a7791-4,6356342
/kerneler/starter-total-merchant-wholesalers-9851e4b0-c,6356340
/kerneler/starter-total-business-inventories-and-b444669a-c,6356295
/kerneler/starter-kansas-state-government-tax-ed2d2367-b,6356276
/kerneler/starter-retail-and-retailers-sales-b6d6043a-5,6356271
/kerneler/starter-snap-benefits-recipients-data-eaba6cf7-c,6356269
/kerneler/starter-real-median-income-data-694e8e60-c,6356095
/kerneler/starter-rental-vacancy-rate-data-87c75a0a-3,6356020
/kerneler/starter-new-private-housing-units-with-52c1fc08-3,6355913
/kerneler/starter-noaa-global-surface-summary-of-0da15460-6,6355896
/kerneler/starter-quarterly-financial-report-u-c908f5bb-f,6355884
/kerneler/starter-real-mean-family-and-personal-d8d36348-7,6355883
/kerneler/starter-manufacturers-inventory-to-741cbe5e-3,6355881
/kerneler/starter-percent-of-population-below-4528be9d-1,6355859
/kerneler/starter-people-25-years-and-over-00e63f39-4,6355851
/kerneler/starter-net-migration-flow-time-series-ea0f9294-2,6355793
/kerneler/starter-merchant-wholesalers-17d8ca7c-0,6355762
/kerneler/starter-median-personal-family-and-fb37d171-6,6355754
/kerneler/starter-homeownership-rate-time-series-cf27bf66-9,6355747
/kerneler/starter-mean-commuting-time-for-9b3d4923-8,6355710
/kerneler/starter-manufacturers-sales-and-33f8c65d-4,6355703
/kerneler/starter-income-inequality-time-series-02ead3b8-7,6355693
/kerneler/starter-income-gini-ratio-time-series-56c6644a-9,6355684
/kerneler/starter-household-and-housing-68ec41bf-8,6355670
/tarunpaparaju/pubg-placement-prediction-with-bagging-and-ranking,6357342
/kerneler/starter-estimate-of-people-of-all-ages-05f6386e-1,6355557
