/lanls1/notebook995de7198d,894412
/guodonglong/notebookb8ac386e71,894403
/atlasdust/testtt,1048389
/joeymo/full-preprocessing-tutorial,894370
/frangarnopflectar/introduction-to-ensembling-stacking-in-python,894343
/prajwaljpj/first-pass-through-data-w-3d-convnet,894254
/michaelma2014/full-preprocessing-tutorial-247b39,894207
/gupta1505/notebook96c13b7f40,894155
/fadlifajrin/notebook5e89be77a5,894071
/masakoba/a-journey-through-titanic,894002
/piuscoutinho/notebook9e7cc28715,893978
/wh1tezzz/simple-exploration-notebook-v2-0,893949
/wh1tezzz/clustering-boat,893938
/tonyyakovlenko/notebook6d9a459913,893928
/neilxxx/notebook62739110ff,893894
/liuzihe/notebookecc8e59600,893881
/liupingguang/notebook0640dd5dd5,893798
/liupingguang/notebook74a3217f7a,893796
/divyank/first-pass-through-data-w-3d-convnet,907849
/ykkwon/notebook13cfc3ef10,893749
/sunv911/titanic-random-forest-82-78-02bae0,893727
/sunv911/titanic-random-forest-82-78,893716
/asdftoger/tensorflow-deep-nn-1b5494,893710
/asdftoger/digit-recognizer-in-python-using-cnn,893709
/albertliu/titanic-predict,893797
/albertliu/titanic-data-science-solutions,893684
/venky606/introduction-to-ensembling-stacking-in-python,893677
/raskolnikov1/notebook4ca98f957c,893631
/pinsleepe/notebook411bf29b4c,893615
/pinsleepe/notebooke5b823bd25,893607
/hsekol/starter-explore-youtube8m-sample-data,898638
/raskolnikov1/notebook45a0623639,893579
/jindongwang92/notebookc97dfc65d6,893571
/karthik13/random-forest-starter-with-numerical-features,893561
/shenchen/exploring-survival-on-the-titanic,893546
/vinaysingh25/introduction-to-ensembling-stacking-in-python,893453
/rishabh8492/titanic-data-analysis-and-machine-learning,935216
/rishabh8492/introduction-to-ensembling-stacking-in-python,893400
/rishabh8492/titanic-maritime-machine-learning,893399
/anuragw/how-to-read-datasets,893393
/akirarose721/principal-component-analysis-explained,893385
/vijaybj/fork-of-merge-all-slices-into-one-image-per-patien,893334
/sofmonk/a-journey-through-titanic-5ca86b,893315
/randomelement/notebook22be8ad550,893299
/aprindle/notebooka733b1e166,893287
/daleihonei/a-journey-through-titanic,893281
/sofmonk/a-journey-through-titanic-2bacca,893260
/arthemion/explore-train-data-in-r-6999cd,893191
/arthemion/explore-train-data-in-r,893187
/juseedom/principal-component-analysis-explained,893167
/hemant1456/3-types-of-svm,893139
/deepanjande/notebook7f0721b971,893110
/kumasu/simple-exploration-notebook-2-connect,893041
/avaysburd/notebookfb6bd7e3a1,892986
/avaysburd/test1,892977
/gabriellelarosa/notebook934bcd0b68,892964
/aikinogard/notebook3c7e4638ba,892916
/cefahey/notebook3c9adadfdf,892894
/eric81905/notebookd381b00bab,892877
/perfect/starter-explore-youtube8m-sample-data-a041b1,892855
/msshinde/achieving-100-accuracy,892847
/alvysinger/mnist-with-cnn-0-99157-score,892825
/datatracker/titanic-data-science-solutions-fae225,892789
/dragonguy/notebookb8600e07d3,892770
/kusumarajuprasanth/notebookc7fdda232c,892760
/sindhujaa/notebookd8a2f94e33,892757
/kusumarajuprasanth/titanic-py,892722
/rainmanbj/a-journey-through-titanic-b9b2c6,892712
/jindongwang92/introduction-to-ensembling-stacking-in-python,892697
/alvysinger/tensorflow-deep-nn-8d0108,892680
/rainmanbj/a-journey-through-titanic,892642
/jindongwang92/gradientboostingregressor,892636
/nished/data-visualisation-for-ipl-datasets,892608
/yxrupc/candidate-generation-and-luna16-preprocessi-6b4c53,892594
/perfect/starter-explore-youtube8m-sample-data,892593
/yxrupc/exploratory-data-analysis,892590
/alvysinger/tensorflow-deep-nn,892574
/datatracker/titanic-data-science-solutions,892569
/ncorcoran/starter-explore-youtube8m-sample-data,892540
/michaelwweathers/notebookb5893ef4e6,892532
/michaelma2014/full-preprocessing-tutorial,892522
/harini5693/titanic-data-science-solutions,892512
/vigilanf/notebook881dbff44a,892487
/vigilanf/testing-privacy,892481
/sameerkrmishra/notebook26ab242c44,892478
/sameerkrmishra/notebook82f1f664b4,892477
/mh4ddj/credit-card-fraud-detection,892476
/kagglesini/introduction-to-ensembling-stacking-in-python,892464
/abdelhadi/test456,892441
/gaoyuqing/notebook055b7117fb,892440
/daniahbanaa/first-data-interpretation-correlation,892435
/nit123/titanic-random-forest-82-78,892420
/jch27420/walk-through-of-different-classification-models,892412
/abdelhadi/test123,892411
/rtkhsu/comprehensive-data-exploration-with-python,892408
/dimalo/fast-image-pre-process-in-parallel,892402
/mboker/useful-text-preprocessing-on-the-datasets-d13463,892396
/mboker/installed-python-packages,892390
/yananwu/introduction-to-ensembling-stacking-in-python,892378
/wolfgangmorton/notebook5079df83ec,892375
/mboker/useful-text-preprocessing-on-the-datasets-818d87,892373
/yesufeng/full-preprocessing-tutorial-531808,892361
/dimalo/introduction-to-ensembling-stacking-in-python,892360
/mboker/useful-text-preprocessing-on-the-datasets,892358
/yesufeng/full-preprocessing-tutorial-5d93bf,892357
/aiswaryas/notebook6ef5b016ae,941301
/sdimig/titanic,892310
/tsriharsha/simple-nn-to-recognize-digits-76f438,892285
/chicham/starter-explore-youtube8m-sample-data,892254
/geekycb/notebook7440cfb91b,892220
/epattaro/notebook4985ad0ca8,892206
/staesthetics/simple-exploration-notebook-2-connect,892198
/staesthetics/random-forest-starter-with-numerical-features,892196
/javiec/test-scrip,892209
/sainarayana/titanic-data-science-solutions,892179
/kirk86/bounding-box-regression,935345
/tomfloyer/notebook33818e9f66,892089
/toantran/simple-exploration-notebook-2-connect,892083
/colinji/first-pass-through-data-w-3d-convnet,892064
/daniel036/notebook6372dda3d7,892005
/agik01/regularized-linear-models,891965
/hvrigazov/notebook4cf8cdc85a,891902
/nailakhan/nak02,891867
/mrhenryyu/genetic-programming-lb-0-88,891844
/fses91/notebookdbdea64ada,891741
/sololament/first-pass-through-data-w-3d-convnet,891687
/karel1980/notebookce82d5b72e,891633
/gusseppe/learning-from-film-rating-systems-fd77d0,891631
/alchemist009/notebook8fde5f2fbe,891596
/rtkhsu/notebook37b23386d7,891571
/shreyas3108/predicting-epl-scores-for-fun,891501
/akashrehan/python-nltk-sentiment-analysis,891496
/pedromb/brics-universities,891470
/rupruprup/caravan-insurance-challenge-using-rf,891400
/steviekbd/valud,891389
/preparingcrash/python-nltk-sentiment-analysis,891363
/sumitl/starter-explore-youtube8m-sample-data-e153e2,891446
/vigneshj6/notebook589cc088da,891352
/dongxu027/lasso-model-for-regression-problem,891348
/ld0404/notebook7ac418a4d9,891347
/steviekbd/notebook7ecf84669d,891344
/littlebuzzybee/notebook8cfed0cd7a,901043
/abdullahts/notebook5ee91c722d,891309
/ravitejakotha/notebookfc7d50fb6e,891303
/haleh68/a-journey-through-titanic,891276
/ld0404/notebook95119901bf,891261
/yliu999/notebooke58be15235,891247
/navasardyan/comprehensive-data-exploration-with-python,891221
/drevan/starter-explore-youtube8m-sample-data-6308d1,891204
/nageshp/notebook08cd00449b,891200
/nageshp/notebookd433abfb23,891168
/shauryashubham/notebooka8c32bec83,891145
/cattan/notebookc16c996ddc,891132
/navasardyan/regularized-linear-models-b0c7e3,891119
/shayman12/fork-of-titanic-machine-learning-from-dis-0f0442,891112
/shayman12/fork-of-titanic-machine-learning-from-disaster,891104
/priyankjain/notebook6c36d25510,891036
/cherry007/full-preprocessing-tutorial-42d6e9,891027
/neverjoe/notebook7bbac220f9,891018
/cherry007/full-preprocessing-tutorial-feb381,891007
/michaelwweathers/exploring-wff,891053
/ucaksbu/sub2222,1023206
/alrubeaan/titanic,890962
/dawehner/notebook1c4477799d,890946
/koendebock/starter-explore-youtube8m-sample-data,890940
/guoxuyang/fork-of-notebookb31497db50-769e20,890936
/chaos12/notebookfc0abc1ed0,890933
/xideang/notebookb38af946bc,890925
/bottydim/notebookc4f71fb2f8,890909
/simonshen/notebook4dc726d7ae,890884
/guoxuyang/fork-of-notebookb31497db50,890840
/jagangupta/keras-cnn-with-explanation,890823
/alexisalvarez/testing-logistic-regression,10713617
/carrieisaacson/quora-step-1-clean-and-preprocess-documents,10711733
/s3rg388/kernel4337896d9e,10750880
/raulml1981/an-lisis-exploratorio-ml,10750953
/zcugni/cleaning-up-markdown,10710810
/rasty1980/predicting-co2-emissions,10710179
/piperomeror/rm-hw1,10710937
/alecthekulak/data-exploration-nips-2015-papers,10709923
/naouss80/keras-cnn-with-explanation,890820
/knownow/notebook67980f0845,890763
/rayleighjeans/starter-explore-youtube8m-sample-data,890761
/yukisaito/notebook393afbe73f,890760
/loikaggle/notebookf8a890072b,890730
/ashinde/titanic-data-science-solutions,890715
/dzlsuperdvd/exploring-survival-on-the-titanic,890713
/guoxuyang/finding-boatids,890708
/omrisap/titanic-random-forest-82-78,890707
/nikcheerla/full-preprocessing-tutorial,890655
/piyushjaiswal14/xgb-starter-in-python,890613
/nvbento/finding-boatids,931592
/wario7/starter-explore-youtube8m-sample-data-1ee295,890585
/namra42/notebook7fe67f979a,890584
/kenkoooo/first-pass-through-data-w-3d-convnet,890548
/kenkoooo/notebookafa43865f3,890534
/ld0404/digit-recognize-temp1,890469
/ld0404/titaic-temp1,890433
/tachyonajith/full-preprocessing-tutorial-ddf5a9,890430
/hwangjunghwan/notebook55579a6873,890394
