/nick2logan/sql-scavenger-hunt-day-1,2551222
/rwikdutta/will-my-case-get-solved,7941411
/diogodpe/sql-scavenger-hunt-day-4,2551218
/sergiytkachuk/sql-scavenger-hunt-day-4,2561540
/dangmckeown/sql-scavenger-hunt-day-4-task-1,2554968
/rbyron/sql-scavenger-hunt-4,2552907
/mklajnerok/sql-scavenger-hunt-day-4,2553065
/clopatre/kernelf6c7cc8ce4,2694839
/praveenjune17/sql-scavenger-hunt-day-5-bb007f,2551546
/saminba/sql-scavenger-hunt-day-5,2560787
/cantacoop/sql-scavenger-hunt-day-4-solution,2550858
/celeonha/kernel89bfb7180c,2623459
/benckatz/sql-scavenger-hunt-day-2,2551073
/hweesee/sql-scavenger-hunt-day-4,2558763
/bhuvaneshwaryt/sql-scavenger-hunt-day-4,2554550
/ellorachua/sql-scavenger-hunt-day-3,2551113
/arka111/sql-scavenger-hunt-day-1,2551266
/kairod/tp3-iris-apprentissage-artificiel,2817362
/winniedaapooh/sql-scavenger-hunt-day-4,2551003
/prplbr/sql-scavenger-hunt-day-4,2551053
/simonjb/tuto-datascience,2650576
/chemssou/day4-sql-scavenger-hint,2577181
/ashteotia/simple-linear-regression,2550428
/snazzybloke/sql-scavenger-hunt-day-4,2550798
/eliotbarr/logistic-regression-with-tensorflow,3747576
/winniedaapooh/sql-scavenger-hunt-day-3,2550611
/kduponte/sql-scavenger-hunt-day-4,2550498
/bhuvaneshwaryt/sql-scavenger-hunt-day-3-83e59b,2550726
/fishermaan/sql-scavenger-hunt-day-4-ed3d91,2554915
/praveenjune17/sql-scavenger-hunt-day-4-e86579,2550863
/matiasrivero/answers-to-sql-scavenger-hunt-day-4,2550683
/taurothebull/sql-scavenger-hunt-day-4,2551895
/muthuraja/muthuraja-s-sql-scavenger-hunt-day-4,2552131
/carolinfly0218/sql-scavenger-hunt-day-4,2558797
/skrinik/sql-scavenger-hunt-day-4,2560023
/jingping/sql-scavenger-hunt-day-4,2559352
/zmcddn/sql-scavenger-hunt-day-3,2559120
/letto4135/sql-scavenger-hunt-day-3,2550713
/olgisek/sql-scavenger-hunt-day-1-olgs,2552142
/pileatedperch/sql-scavenger-hunt-day-4-solutions,2556663
/chandraroy/sql-scavenger-hunt-day-3,2568968
/arigig/sql-scavenger-hunt-day-4,2550980
/chechgm/sql-scavenger-hunt-day-4,2559575
/byokoyam/sql-scavenger-hunt-day-3,2560642
/sudheer76235/detailed-data-analysis-ensemble-modeling,2549009
/kredy10/basic-eda-and-classification,2605440
/cosmeow/sql-scavenger-hunt-day-4,2585141
/holfyuen/sql-scavenger-hunt-day-1,2561900
/olaoluthomas/scavenger-hunt-day2-hackernews,2554857
/kbrighton/sql-scavenger-hunt-day-4,2764577
/scbarnum/sql-scavenger-hunt-day-3,2555093
/chechgm/sql-scavenger-hunt-day-3,2557123
/qtieng/my-sql-scavenger-hunt-day-5,2591988
/trinveerasiri/sql-scavenger-hunt-day-2,2579479
/mukeshiitr/sql-scavenger-hunt-day-3,2554651
/mukeshiitr/sql-scavenger-hunt-day-2,2550823
/natpoon/sql-scavenger-hunt-day-4-bitcoin-blockchain,2965352
/apogue/sql-scavenger-hunt-day-4,2553557
/raymondy/kernel128950a70b,2548817
/micbonmoon/sql-scavenger-hunt-day-3,2555486
/chandraroy/sql-scavenger-hunt-day-2,2551540
/dcyoung23/sql-scavenger-hunt-day-4-bitcoin-blockchain,2559004
/nicensboy/fork-of-fork-of-exploring-survival-on-the-titanic,2547818
/qtieng/my-sql-scavenger-hunt-day-4,2584368
/cyhnc1/sql-scavenger-hunt-day-4,2565444
/egmaldonado10/sql-scavenger-hunt-day-4,2553841
/krishnamsheth31/sql-scavenger-hunt-day-2,2547535
/amodi8/sql-scavenger-hunt-day-4-completed,2559524
/onequestion/sql-scavenger-hunt-day-4,2550500
/aurokp/sql-scavenger-hunt-day-4-completed,2556499
/savargaonkar/sql-scavenger-hunt-day-3,2554560
/morecowbell/sql-scavenger-hunt-day-4,2547091
/nnorris/sql-scavenger-hunt-day-4,2556567
/tahuichimiguel/sql-scavenger-hunt-day-4,2547538
/ankitanagori/day-4,2547184
/mpaulacaldas/sql-scavenger-hunt-day-4,2551964
/mingyanli79/sql-scavenger-hunt-day-4-964cc0,2547053
/duds00/sql-scavenger-hunt-day-4,2547147
/janhavip/sql-scavenger-hunt-day-1-e3c3cd,2546623
/dinosaurjohnrara/sql-scavenger-hunt-day-4-johnrara,2554218
/astandrik/sql-scavenger-hunt-day-3,2588532
/jardelrl/sql-scavenger-hunt-day-4-answers,2546809
/m9harv/dog-id-work-in-progress,2546495
/benedosso/sql-scavenger-hunt-day-4,2546671
/amarbut/sql-scavenger-hunt-day-4,2546588
/gino244o/sql-scavenger-hunt-day-4,2546827
/dvitale/my-model-f9a7bd,2546327
/ahancock8/day-4-scavenger-hunt,2546784
/fangfangniu/fangfang-sql-scavenger-hunt-day-4,2547172
/pramz11/sql-scavenger-hunt-day-4-solutions,2546703
/saturno/sql-scavenger-hunt-day-2,2546780
/vikaslbishnoi/sql-scavenger-hunt-handbook,2546193
/ostaski/sql-scavenger-hunt-day-4-309d7c,2555548
/vikaslbishnoi/sql-scavenger-hunt-day-3-completed,2546101
/alscor/bitcoin-blockchain-exploration-alscor-2018-02-21,2600307
/omarnbou/deep-learning-for-predicting-who-will-leave,2546277
/processfit/sql-scavenger-hunt-day-4,2546253
/ldejesus/sql-scavenger-hunt-day-4,2556401
/morecowbell/sql-scavenger-hunt-day-3,2546830
/yloskvi4/sql-scavenger-hunt-day-4,2546264
/saturno/sql-scavenger-hunt-day-1-c9d18b,2546774
/edmilsonsantana/sql-scavenger-hunt-day-4,2554010
/pigchan02/sql-scavenger-hunt-day-4,2546366
/marinebreuilly/sql-scavenger-hunt-day-2,2546361
/aliciamw/sql-scavenger-hunt-day-4,2574836
/scleslie/sql-scavenger-hunt-day-4,2546204
/siyliu/sql-scavenger-hunt-day-4,2546333
/rahulkgupta/sql-scavenger-hunt-day-4,2545718
/zacklarsen/sql-scavenger-hunt-day-4,2564328
/simonzski/sql-scavenger-hunt-day-4,2545917
/johnthas/sql-scavenger-hunt-day-4,2545942
/aawadall/fork-of-deep-nn-cnn-implementation,2546981
/olgabelitskaya/sql-scavenger-hunt-day-4,2547086
/isunli/sql-scavenger-hunt-day-4,2545859
/nikit2121/scavenger-hunt-day-4,2672922
/pjdougherty/sql-scavenger-hunt-day-4-with-plots-pd,2545614
/natejackdev/movie-dataset,2545297
/fredkoseiadu/sql-scavenger-hunt-day-3-de9b91,2545650
/ranklord/day-1-sql-scavenger-hunt,2570807
/raja123livecomau/sql-scavenger-hunt-day-4,2545976
/olaoluthomas/scavenger-hunt-day1-open-aq,2546636
/chrismiddleton237/sql-scavenger-hunt-day-4,2545918
/manuelspierenburg/sql-scavenger-hunt-day-4,2555419
/quartermaine/sql-scavenger-hunt-day-4,2556317
/yurigardinazzi/sql-scavenger-hunt-day-3-finished,2545751
/konohayui/sql-scavenger-hunt-day-4,2546239
/chemaplana/sql-scavenger-hunt-day-3-the-accountant,2545518
/ramasravani/bitcoin-blockchain,2544879
/shubsn/sql-scavenger-hunt-day-4,2545104
/chrisimorli/sql-scavenger-hunt-day-4,2565128
/stephaned/sql-scavenger-hunt-day-3,2545319
/scleslie/sql-scavenger-hunt-day-3,2545295
/biomadeira/sql-scavenger-hunt-day-4,2545076
/kubong/sql-scavenger-hunt-day-3,2545058
/yogitasingh/sql-scavenger-hunt-day-3-yks,2545563
/captcorpmurica/sql-scavenger-hunt-day-3,2544845
/ervinfarkas/scavengerhunt-day4,2545194
/dmitryfrizner/sql-scavenger-hunt-day-4,2544754
/cyrilv3/sql-scavenger-hunt-day-4,2545505
/ramasravani/sql-scavenger-hunt-day-1,2544503
/stephaned/sql-scavenger-hunt-day-2,2544545
/italogoncalves/sql-scavenger-hunt-day-4,2544628
/igiul90/sql-scavenger-hunt-day-4,2545015
/f3lixk/sql-scavenger-hunt-day-4,2544834
/oksanazavada/sql-scavenger-hunt-day-4-with-as,2544811
/nikit2121/scavenger-hunt-day-3,2544824
/jannesklaas/15-tensor-flow,2544219
/heidim/sql-scavenger-hunt-day-4,2544408
/mudiaimasuen/open-airquality,2544582
/codebird/sql-scavenger-hunt-day-4,2544235
/blerika/sql-scavenger-hunt-day-2,2543987
/ahmedbattah/sql-scavenger-hunt-day-4,2544549
/theend12/sql-scavenger-hunt-day-4-013dce,2543758
/annafleming/sql-scavenger-hunt-day-4,2556582
/rnmehta5/sql-scavenger-hunt-day-4,2545091
/johnthas/sql-scavenger-hunt-day-3,2544343
/cheriejw/sql-scavenger-hunt-day-1-fd4f80,2544157
/ajaybose2304/sql-scavenger-hunt-day-3,2543638
/goweb7/sql-scavenger-hunt-day-4,2543824
/sandeep04201988/sql-scavenger-hunt-day-4-cte,2546094
/shivanksharma91/sql-scavenger-hunt-day-4,2544026
/ruwenus/sql-scavenger-hunt-day-4,2544293
/bernardkung/sql-scavenger-hunt-day-4,2545511
/sencodes/sql-scavenger-hunt-day-4,2544546
/ashu1610/sql-scavenger-hunt-day-3,2543316
/emre40/sql-scavenger-hunt-day-3-by-emre-a,2543852
/cobo714/sql-scavenger-hunt-day-0-scavenger-hunt-handbook,2718468
/siyliu/sql-scavenger-hunt-day-3,2546234
/huanvo/sql-scavenger-hunt-day-4,2544122
/richak/sql-scavenger-hunt-day-1,2543366
/mommchil/sql-scavenger-hunt-day-4-bitcoin-blockchain,2543884
/ygdlycaon/sql-scavenger-hunt-day-4,2543981
/iconic/iconic-sql-scavenger-hunt-day-4-bitcoin,2543920
/dkasii/sql-scavenger-hunt-day-4,2543336
/jcatanza/sql-scavenger-hunt-day-4-bd3dd2,2545131
/f3lixk/sql-scavenger-hunt-day-3,2544907
/ajaybose2304/sql-scavenger-hunt-day-2,2543308
/colinmorris/sql-scavenger-hunt-day-4,2543854
/nickptaylor/sql-scavenger-hunt-day-4,2544819
/dvinuales/sql-scavenger-hunt-day-4,2544046
/manodeep/sql-scavenger-hunt-day-4,2543855
/naivelamb/sql-scavenger-hunt-day-4,2543505
/sergiomendozav/sql-scavenger-hunt-day-4,2544391
/malavika287/sql-scavenger-hunt-day-2-58a23e,2542978
/mikekrisko/kernel2732c14536,2554037
/ostrowski/sql-scavenger-hunt-day-3,2554051
/sridhar086/sql-scavenger-hunt-day-4,2543340
/marcamse/sql-scavenger-hunt-day-4,2543259
/jayhwang/sql-scavenger-hunt-day-4,2543378
/luxem35/sql-scavenger-hunt-day-4,2542925
/pranavj1001/sql-scavenger-hunt-day-3,2562869
/diogoff/sql-scavenger-hunt-day-4,2543351
/f3lixk/sql-scavenger-hunt-day-2-b23a97,2544842
/sergiytkachuk/sql-scavenger-hunt-day-3-corrected,2543565
/wellmaee/sql-scavenger-hunt-day-4,2543952
/maraim/day-2-sql-hacker-news-scavenger-hunt,2545116
/nikihashemi/sql-scavenger-hunt-day-4,2543003
/submarineering/submarineering-submarine-incidents-since-2000,2543360
/briwill/sql-scavenger-hunt-day-4,2543126
/paulc91/sql-scavenger-hunt-day-2,2543085
