/maoqyhz/notebook849c90f9f4,1081342
/chiangtw/notebook120189ca8d,1081330
/tunir4295/asacasc242q34,1081325
/maoqyhz/test-basic,1081341
/rdj123/save-the-titanic,1081297
/sthakky/notebook7264f9f3d4,1750281
/rutuniki/notebook64937e05b6,1081292
/smartguo/notebook2a0c0e2915,1081291
/igorkrashenyi/keras-mnist,1081279
/hugoivan/notebook025e0f61df,1081269
/yobraveyo/notebook0861e51222,1081251
/yobraveyo/notebookb6ae083b10,1081250
/souravchoraria/data-exploration,1085599
/qweadg/notebook2c089ebdc1,1081233
/zjxyl25/notebookffb0c2b337,1081226
/yobraveyo/notebook6bc09f05f5,1081214
/chaochengli/titanic-lichaocheng,1081215
/dckyoung/let-s-roll-with-titanic,1081184
/dgallegos/housing-prices,1081179
/harpreetsingh8357/notebook183630e903,1081175
/mttzju/notebook8e1ef2e4e1,1081163
/satoshitakahashi/notebooka238e207f4,1081161
/lucasschm/notebook8684f4a009,1117747
/kagglewangtang/testit,1892417
/vamsi023/notebook022bb2f5c1,1081134
/imeanu/notebookdca285688c,1081132
/lisnaity6/notebook1cd7d14605,1081126
/alexxiao/notebooka6d68582fe,1081116
/sheriytm/cv-statistics-better-parameters-and-explaination,1081115
/sanzgiri/complete-process-using-resnet-as-a-starting-point,1081107
/bhartinimbone/notebookdce3881e1b,1081105
/anshul0028/notebook087f9b6cfd,1081085
/sanghyeonyi/notebooke289baa61d,1081060
/eungnokim/notebook810e5dc808,1081046
/lindsayxlin/notebookddf83e7f4d,1081030
/ikmalpani/notebook4bac0a3ca2,1081004
/keithtrnka/notebook2e34198e8e,1080986
/peiyangdata/fork-of-fork-of-fork-of-fork-of-notebook5605c19e26,1082973
/stiggy87/notebook186e6cdc54,1080967
/evanzhu2013/notebookd64f4b2ac2,1080963
/bill0019/notebooke1119d9dc5,1080959
/evanzhu2013/notebookdd5f5fb363,1080954
/peiyangdata/fork-of-fork-of-fork-of-notebook5605c19e26,1080953
/akshaansh/notebook4f2bf6443a,1080938
/spawnie/notebook6472f2988e,1080926
/spawnie/notebook4ca0b6037b,1080924
/ryanclark111/notebook41d6342570,1080919
/frankchen0130/different-models,1080883
/frankchen0130/show-and-compair-different-models,1080881
/ahmedossama/notebook9566c37480,1080874
/ashwinireddy/notebook5fcbdfdefb,1080868
/bill0019/notebook9798ea72db,1080867
/peiyangdata/fork-of-fork-of-notebook5605c19e26,1080898
/mahaveer02/titanic-survive-model-in-r,1080847
/valyome/notebook54b8a361b3,1080828
/ashwinireddy/notebook0a675271c5,1095862
/dschow8/notebook4fe9ba82c8,1080815
/altutar/notebook2261c5b1d1,1080814
/l19922017/notebook3a90360f0f,1080813
/erasernut/notebooka9c62fa6d8,1080799
/chaochengli/notebookc398a11f38,1080796
/huijunzhao/integer-sequence-learning-04-2017,1080837
/tinkering/notebookccbe17a2d8,1080773
/huijunzhao/notebook6b993adc59,1080772
/archanabnair93/notebook8fd134cd62,1080758
/ericchung/notebook2b7d7eed9c,1080756
/abhisheksarma29/cv-statistics-better-parameters-and-explaination,1080713
/painlad/notebook9f6b91bf7a,1080683
/ganeshrvasu/titanic-script,1080686
/hollyho/notebook47be9a5bf6,1080668
/wxingli/cv-statistics-better-parameters-and-explaination,1080653
/kellyfilm/notebook835a388c9c,1080641
/plarmuseau/false-negatives-questionpairs-in-trainingset,1080642
/aymenwah/notebookd0b65d28ad,1080606
/amal029/gender-minority-city-income-levels-in-usa,1080607
/srishtiarora93/visualizing-data,1080599
/akshaysonvane/notebook4cec51fbaf,1080573
/akshaysonvane/notebookc541b33892,1080571
/jji0601/notebook13cceef923,1080560
/jieqchen/notebook42c488dace,1080527
/jenny2116889/notebookfbfce6e795,1080525
/antgoldbloom/notebook03d206ced6,1080509
/juwitadm/notebook29754963c8,1080502
/cseale/notebook76fe78892b,1080482
/manabutaniguchi/titanic-scirpt,1080454
/khooks/notebook417f146e7c,1080451
/senneseth/notebookff3eab6413,1080447
/vguardabascio/notebook375e55956e,1080442
/chengzhan/xgb-density,1080441
/kalulud/a-bayesian-classification-of-user-demographics,1084293
/michaeldinh/notebookb08f6026aa,1080426
/thorinn/notebookfdd245011a,1080423
/hconner2/notebooka2ee2c71aa,1080417
/tntwilliam/testone,1080404
/retiefasaurus/notebookefadcb17cd,1080399
/mlanier/notebookcd71703b87,1080397
/tntwilliam/notebookc110e3fad7,1080381
/pheonix/xgb-starter-12357,1080377
/rinalin/notebook816b6c3ef4,1080372
/dataventure/notebook6361383e96,1080366
/khadeeja/notebookbc6f79d811,1080307
/jeffpohlmeyer/titanic-learning,1080291
/portaluser/titanic-learning,1081928
/vijaypatilkaggle/notebookb592784626,1080226
/mlanier/notebooke43446d3dd,1080220
/bsroach/notebook37e687e31b,1080217
/demesgal/final-submission,1081384
/pavan0713/notebookfebeee07af,1080195
/anjithgeorge/data-analysis-xgboost-starter-0-35460-lb,1080185
/pirbhai14/notebookd0a5c29cbf,1080155
/homerobono/notebook50a59fcaa5,1080152
/aniruddha1995/hello,1080151
/elezot/notebooka3b14f153c,1080134
/jagannathvv/notebookba92bdc7de,1080132
/neilturner/notebook2781b9deb7,1080125
/simosini/notebook20767caaa3,1080098
/iamamandeepsingh/notebooka4f297920a,1080089
/anuruddhapathiranage/notebook02c6dc265b,1080071
/guramrit013/notebook8954343b45,1080067
/subbytech/notebook8abbd4267c,1080053
/shamusc/shim-titanic,1080007
/goodmorningdave/notebookf0e73e60c8,1080005
/angelowalsh/notebook3ae63b0133,1080000
/wmdavidson/notebook402e4050aa,1079995
/artemmy/notebook5168330920,1203184
/jheffes/notebookce03734f6c,1079974
/suyashgr/notebook2ee9cec1b6,1079968
/mursabogdan/test1,1079941
/initialg/titanic-data-science-solutions,1079930
/guillaumegg/ibm-hr,1079911
/lukehan/notebook32d757e2ca,1079893
/cch100m/binary-classification-practice-on-titanic-dataset,1079880
/delta37/notebookf8de32485b,1079877
/traumong/notebook0b23becfa3,1079875
/lrcray/notebook3dbe7c75bd,1079871
/traumong/notebook7d912a7bd2,1079857
/kaguser/notebookba95df1206,1079831
/oznrozdmr/notebookfbf87070ec,1079826
/tb7554/titantic-tim,1079823
/erasernut/notebook0e6c28e1b8,1079780
/ttsdmmn/notebook0e478abc1e,1079777
/tb7554/notebook9ff656c02d,1079769
/patricktung/notebook4c2832e010,1079761
/easyac/notebookc95ead44c2,1079753
/qianbi/python-logistic,1079750
/merwanehamadi/script-titanic,1079810
/bill0019/firsttry,1079730
/lemoner/notebook9af0c3da4f,1079722
/janousekaa/notebook793013b5a7,1079717
/fordfocus777/notebookc846c40867,1079718
/kayluu/notebook625bd045cc,1079704
/moukafih/notebookf5d6f09989,1079701
/bill0019/notebook7426e326ac,1079694
/bill0019/notebook16ccab3c76,1079686
/moukafih/notebook39fc65edb1,1079679
/happymdi/notebook0250b113d2,1079651
/ttsdmmn/ttsdmmn-s-first-script,1079648
/skirsche/notebook97123f59bd,1079639
/knightericz/notebook6380c92c23,1079594
/jeofuhuang/notebook4546495110,1079582
/babizanalyst/notebook7eb5508294,1079581
/hirokiii/notebook00c7a5d0c3,1079543
/untamable/notebookedc5efd14d,1079530
/deepakgarg22396/second-try,1080365
/ifung21/testss,1079611
/tony93/notebook73ba9c5bd7,1079511
/waynechen/notebook262d98efa3,1079510
/mfandreas/first-try,1079442
/saimonlol/notebook93a57df901,1079435
/sunset/notebook21e627210d,1079430
/mfandreas/notebooke78effa888,1079424
/sandrabc/notebook3595f7989e,1079413
/nima732/notebook15f8ed1ca0,1079404
/mzr2017/notebookafae950bf2,1079373
/evgenyeltyshev/xgboost-with-combination-of-factors,1079374
/venkatramakrishnan/notebook79245e2905,1079338
/zwickf/cv-statistics-better-parameters-and-explaination,1079332
/reohinho/notebookfb55b2a287,1079323
/jmittendorfer/country,1079282
/harshjoya/titanic-r-hr,1079272
/ug2409/notebook2a181174d8,1079257
/merwanehamadi/script1,1079238
/nshokeen/notebook98012f17f5,1079234
/nattster/notebookad15f78b2f,1079228
/vimalv/vimal-py,1079235
/ptc24k/thisisatest,1079203
/ptc24k/notebook7442a34659,1079187
/deepanshupincha/notebook94fc238939,1079178
/vlionet/cnn-by-tensorl,1079156
/raghoda/notebook16f88eda44,1079154
/vlionet/notebook7cbc735b17,1079145
/sgzou2000/notebookde8b495822,1079141
/airelly/notebookc18e4ef1e5,1079122
/ibmstafa/notebook377de9dccd,1079119
/prakriti90/notebookea0ebd5af9,1079102
/niteshswaroop/notebook90aae52df5,1079072
/niteshswaroop/titanic,1079069
/niteshswaroop/notebook16fcd154b6,1079066
/mtfall/notebook6656f31d89,1079063
/joebern/notebookb6bca16d09,1079057
