/kerneler/starter-foods-definitions-c2a4da3c-6,5019318
/kerneler/starter-foods-definitions-6e4fcca9-a,5019223
/kerneler/starter-sm-tv-60-or-rf-b6041e51-4,5018731
/kerneler/starter-sm-tv-50-or-rf-13117192-1,5018520
/kerneler/starter-sm-tv-70-lr-0a19f675-c,5018425
/kerneler/starter-sm-tv-70-or-rf-129ee241-5,5018357
/kerneler/starter-pima-indians-onset-of-diabetes-ab6ffcc8-f,5016735
/chaosxinwei/data-cleaning-challenge-handling-missing-values,5017829
/sakibhasan/exploratory-data-analysis-eda-7ef8b0,5015931
/kerneler/starter-swing-states-0ae9a588-8,5014966
/kerneler/starter-take-home-exam-1-201736018-0c4809a5-4,5014956
/aman1py/kernelce71dde8d9,5014992
/sakibhasan/exploratory-data-analysis-eda-216024,5015247
/kerneler/starter-take-home-exam-1-201736034-0974f761-9,5014471
/kerneler/starter-tets-resnet-d246e867-8,5014189
/kerneler/starter-take-home-exam-1-201736034-6b807f37-6,5013835
/kerneler/starter-telecom-churn-ibm-watson-0bab4349-5,5013751
/kerneler/starter-telecom-churn-dataset-2f60161f-9,5013703
/kerneler/starter-take-home-exam-201736034-127aa4b6-8,5013398
/kerneler/starter-iris-flower-data-999b19cd-5,5012943
/kerneler/starter-utility-us-b72aa4f3-0,5012298
/nekojohn/model-v3-dt,5027766
/agernehd/exploring-political-propaganda-on-facebook,5011515
/suredream/python-decorator-example,5011133
/kerneler/starter-nba-finals-team-stats-92990a5c-9,5010516
/kerneler/starter-sm-tv-70-rf-d290bd0c-7,5009832
/grimaldo/exercise-loops-and-list-comprehensions,5011849
/mahmudulhasanshauqi/data-augmentation,5009396
/kerneler/starter-world-development-indicators-b767c5f4-7,5008806
/kerneler/starter-world-bank-projects-6c8634cd-4,5008734
/kerneler/starter-world-bank-procurement-notices-ac932ea4-9,5008693
/kerneler/starter-world-bank-policy-research-78e5e67e-f,5008692
/kerneler/starter-world-bank-contract-awards-83b0b9fb-5,5008689
/kerneler/starter-sustainable-development-goals-09f3b248-6,5008633
/kerneler/starter-remittance-prices-worldwide-57aff8e2-c,5008584
/kerneler/starter-poverty-and-equity-database-aa3b5574-8,5008561
/kerneler/starter-miga-project-portfolio-a8e3e5e0-c,5008549
/kerneler/starter-joint-external-debt-hub-51b2e926-9,5008499
/kerneler/starter-ida-results-measurement-system-0b58d7d5-4,5008481
/kerneler/starter-global-economic-monitor-0a62e161-d,5008437
/kerneler/starter-education-statistics-6cb087ba-0,5008432
/kerneler/starter-documents-reports-b3df79ef-f,5008356
/kerneler/starter-world-bank-quarterly-external-d0a55631-8,5008264
/kerneler/starter-world-bank-millennium-a0c8294b-2,5008244
/kerneler/starter-world-bank-gni-ranking-atlas-66aa11fe-a,5008215
/kerneler/starter-world-bank-gdp-ranking-d0ccba8d-3,5008203
/kerneler/starter-financial-tweets-9ac477ed-7,5008000
/kerneler/starter-financial-tweets-de4aa780-3,5007969
/rakesh6184/exercise-machine-learning-competitions-775a81,5705626
/bsoltani/exercise-explore-your-data-af5659,9920573
/rakesh6184/exercise-your-first-machine-learning-model-7d2782,5705627
/kerneler/starter-s-p-500-bf529f36-e,5006718
/kerneler/starter-dbpedia-from-fasttext-f2d09344-a,5006301
/rakesh6184/exercise-machine-learning-competitions,5705628
/rakesh6184/exercise-random-forests,5705629
/rakesh6184/exercise-underfitting-and-overfitting,5705640
/rakesh6184/exercise-model-validation,5739626
/rakesh6184/exercise-your-first-machine-learning-model,5738931
/rakesh6184/exercise-explore-your-data,5739676
/lehoanganh298/a-beginner-s-approach-to-classification,5023006
/kerneler/starter-grading-of-the-students-in-the-e4199827-3,5003795
/pengfeilu/exercise-explore-your-data,5003440
/vmkishore/fork-of-giba-s-property-extended-extended-result,5003060
/kerneler/starter-meta-kaggle-0468610b-a,5002623
/shubchat/intel-and-mobile-odt-cervical-cancer-screening,5029316
/kerneler/starter-sunspots-58d70dd8-7,5002385
/kerneler/starter-sunspots-1bbfe61d-7,5002305
/kerneler/starter-cv-5-rf-01e1a1ef-a,5000920
/kerneler/starter-cv-3-ovr-rf-91a31f18-9,5000796
/kerneler/starter-cv-4-lr-b606e298-8,5000696
/kerneler/starter-cv-3-lr-1505ea9e-8,5000662
/kerneler/starter-iris-flower-dataset-ba593e9c-6,5000181
/kerneler/starter-flowmbreath-1fb0acaa-1,5000075
/kerneler/starter-seq2seq-data-9f66c196-f,4999661
/kerneler/starter-movie-review-7a53600b-5,4998644
/kerneler/starter-challenge2018classes500-6a70f6af-7,4998220
/kerneler/starter-earthquake-data-from-091da1e5-7,4997977
/kerneler/starter-resumes-data-set-with-labels-0d637eef-e,4997739
/kerneler/starter-mbpart3-803c9278-a,4997369
/kerneler/starter-raw-data-beijing-pollution-96c2d310-2,4997234
/kerneler/starter-mbpart3-4d450134-1,4997152
/kerneler/starter-lbnbzq-74518221-e,4995287
/estebanguillen/dogs-vs-cats,5065186
/kerneler/starter-historical-state-populations-c05c1b09-b,4994918
/kerneler/starter-lbnbzq-671d77b1-6,4994834
/bkkaggle/keras-quasi-recurrent-neural-network,4995586
/kerneler/starter-historical-state-populations-62bad6dd-f,4994426
/hugotrigueiro/creating-reading-and-writing-workbook,5687677
/kerneler/starter-kickstarter-nlp-cee0f968-1,4994185
/kerneler/starter-kpp-training-data-b61f13f8-d,4993822
/kerneler/starter-practice-for-retail-data-d805bba2-d,4993496
/kerneler/starter-home-credit-data-from-63cbe784-3,4993400
/kerneler/starter-challenge2018classes500-821cd25b-0,4992504
/funkegoodvibe/red-wine-quality-simple-eda-and-prediction,4992440
/kerneler/starter-home-credit-data-from-f5ec40d2-1,4992426
/kerneler/starter-challenge2018classes500-3fb489a4-8,4992071
/kerneler/starter-tets-resnet-7a13d198-b,4990866
/mahmudulhasanshauqi/transfer-learning,5008501
/kerneler/starter-word2vec-49f7d9c6-d,4990269
/mrwayne/kernelbb003171a5,4989512
/kerneler/starter-titanic-1336ad60-5,4988931
/kerneler/starter-ethereum-blockchain-1e0b13b1-e,4988588
/frlhell/what-does-your-smartphone-know-about-you,5415984
/kerneler/starter-boston-test-226b09a3-1,4987717
/kerneler/starter-s-p-data-5df7ff04-2,4985068
/kerneler/starter-trainvalidation-70-onevsrest-r-c0b4d9a3-9,4984662
/kerneler/starter-trainvalidation-70-naivebayes-5f046c51-1,4984429
/kerneler/starter-trainvalidation-70-logisticreg-976726f5-3,4984384
/kerneler/starter-trainvalidation-70-randomfores-bde870e4-3,4984346
/kerneler/starter-trainvalidation-70-decisiontre-701a6fdf-4,4984241
/udaykumarkashaboiana/summary-functions-and-maps-workbook,5000626
/rajeevnagarwal/mnist-gan-py,5004032
/kerneler/starter-trainvalidation-70-decisiontre-1b8f45d3-c,4983991
/kerneler/starter-amazon-fine-food-review-79054978-a,4983587
/kerneler/starter-meta-kaggle-ef936847-7,4983152
/dmitriytarasov/exercise-explore-your-data,4983656
/kerneler/starter-titanic-dataset-597c4eb1-9,4982406
/kerneler/starter-titanic-dataset-632478a4-2,4982280
/fahim1998/starter-grading-of-the-students-in-the-ff48292e-f,4981958
/kerneler/starter-transport-speed-violation-d3114bde-7,4981562
/henman4/kernelba3e4da175,5094473
/kerneler/starter-superheroes-comics-and-50e33892-b,4980039
/kerneler/starter-superheroes-stats-n-info-a80fc7f0-1,4979993
/xj703b/kernel5641da92c4,6045152
/kerneler/starter-kc-housesales-data-ea1e1980-4,4979108
/elisus/exercise-syntax-variables-and-numbers,4978045
/kumarprem02/first-kernel,4988275
/annmary25/exercise-explore-your-data,5111008
/kerneler/starter-grading-of-the-students-in-the-ff48292e-f,4976293
/kerneler/starter-marking-of-the-students-in-the-dd47df1b-5,4976263
/kerneler/starter-forest-cover-f65add9c-9,4976153
/kerneler/starter-marking-of-the-students-in-the-d7817b1c-c,4975918
/kerneler/starter-meta-kaggle-8a18afa6-a,4975880
/kerneler/starter-meta-kaggle-7cc1d865-a,4974890
/willbrazil/kernel2b108c43ad,5413086
/kerneler/starter-xbox-game-consoles-on-ebay-57e96e96-c,4973227
/kerneler/starter-nyc-shapefiles-d8aaae9c-d,4973107
/kerneler/starter-fy2016-school-locations-f2978425-b,4972972
/kerneler/starter-shsat-testing-locations-a764ddf3-2,4972589
/lucascsilva/kernelf6fe1f8097,4972516
/kerneler/starter-x-ray-diffraction-frames-580fe3a3-0,4972069
/kerneler/starter-usd-try-c3941756-2,4971849
/kerneler/starter-quantum-sandcube-c359b121-1,4971020
/kerneler/starter-sustainable-development-goals-76596644-3,4970988
/kerneler/starter-remittance-prices-worldwide-f559318b-d,4970959
/kerneler/starter-joint-external-debt-hub-8bb027c5-0,4970940
/kerneler/starter-englishtest-b55cff56-7,4970894
/kerneler/starter-labnotlab-f2056bda-a,4970869
/kerneler/starter-aircrash-data-566ea387-9,4970755
/kerneler/starter-ieg-world-bank-project-f2f40749-b,4970750
/kerneler/starter-ida-results-measurement-system-e2a5d5d2-a,4970729
/kerneler/starter-world-bank-quarterly-external-887b0ccc-d,4970641
/kerneler/starter-world-bank-millennium-038e93a0-4,4970609
/kerneler/starter-world-bank-gni-ranking-atlas-ec15560e-e,4970577
/kerneler/starter-world-bank-gdp-ranking-76e857d3-7,4970554
/kerneler/starter-world-bank-projects-2b2893bc-7,4970495
/kerneler/starter-miga-project-portfolio-9f204845-2,4970482
/kerneler/starter-world-bank-procurement-notices-8c9fca08-9,4970414
/kerneler/starter-world-bank-policy-research-e2bb37c6-a,4970384
/kerneler/starter-world-bank-contract-awards-e5bdc913-9,4970354
/kerneler/starter-global-economic-monitor-272f8f09-1,4970304
/mahmudulhasanshauqi/programming-in-tensorflow-and-keras-0eff85,4970433
/kerneler/starter-documents-reports-579b6e3c-f,4970259
/kerneler/starter-customer360-practice-9b6d0066-a,4969844
/katseitan/superheroes-with-answers,4970695
/tamasbela/lists,4970004
/kerneler/starter-animaldataset-55756ff7-3,4969127
/kerneler/starter-nyc-borough-s-zip-codes-8188e25a-d,4968400
/kerneler/starter-passnyc-0761f1f9-2,4968333
/kerneler/starter-passnyc-01ba8d33-c,4968098
/kerneler/starter-passnyc-2ae17a45-f,4967929
/kerneler/starter-acdc-2d-all-67fa18e8-3,4967769
/kerneler/starter-edgartxt-14d9ce81-d,4967379
/kerneler/starter-greater-boston-meetups-a2ab1a24-6,4967316
/kerneler/starter-ct-real-estate-sales-2001-thru-3369de37-4,4967293
/kerneler/starter-historic-gold-prices-d09618ab-1,4967148
/kerneler/starter-nyc-middle-schools-grade-6-70c515d8-5,4966895
/kerneler/starter-nyc-borough-s-zip-codes-1aa407e9-7,4966799
/kerneler/starter-sonnet-fa1bc970-a,4966645
/kerneler/starter-data-that-h-rosling-use-to-b7abc42b-0,4966180
/sumeyras/ilk-al-t-rma,4967754
/kerneler/starter-nyc-2016-school-explorer-a1b21575-f,4965378
/sharish/method-chaining-workbook,4965420
/sharish/renaming-and-combining-workbook,4965286
/ymatioun/clean-1-step-hoh-only-aggregations,4964994
/kerneler/starter-nyc-311-data-12ad4881-0,4964288
/realjhz/fork-of-mark5826-week-2-194a01,4963221
/kerneler/starter-meta-kaggle-80aacd8c-f,4962982
/kerneler/starter-carsusa-c7491574-e,4962877
/kerneler/starter-loan-lending-cc7742ae-8,4962418
/kerneler/starter-carsusa-0b080380-9,4962341
/kerneler/starter-3-logisyicregression-1613fd54-9,4961974
/kerneler/starter-crossvalidation-3-logisticregr-16414791-8,4961721
/kerneler/starter-openimagedatasets-79f71b64-8,4961699
/kerneler/starter-crossvalidation-3-logisticregr-b2cfd50c-3,4961515
/santoshbothe/fork-of-predicting-fraud-with-tensorflow-76d10c,4961008
/kerneler/starter-crossvalidation-3-a50a21b2-6,4960167
/kerneler/starter-tinymind-multi-label-7a258c66-6,4960092
/kerneler/starter-sentiment-analysis-35f75be1-f,4959999
/kerneler/starter-crossvalidation-5-logisticregr-affdb5c8-4,4959946
