/bissben/notebook66252cc10d,501573
/gparash1/notebookdd025f2212,506842
/amosgreat/roy-s-titanic-notebook,501495
/datacanary/notebook56d6a354fc,501461
/yanwii/deep-convolutional-network-using-keras,501449
/dylankbaker/notebook98cb914550,501419
/kristenhuber/a-journey-through-titanic,501399
/johnbi/exploratory-study-on-ml-algorithms,501360
/mpesek3/exploratory-study-on-ml-algorithms,501354
/vib1990/notebook4a4093b6d9,501291
/danrus/fun-with-tf,501411
/zhenhao/notebook1c0a586544,501260
/cshlj199/notebook47426a14f6,501235
/jamesallen/notebook7f64b7b47a,501222
/xiaobailong/fishy-keras-lb-1-25267,501202
/venkateshws/analyzing-gender-differences,501186
/xuehaozhe/exploring-us-baby-names,501174
/johnwilder/surface-wise-analysis,501171
/anuragseth42/hr-analytics,509362
/thedoctor46/prog-pyth2,511567
/ashishlakhani/a-journey-through-titanic-36765287,500932
/chakra21/allstate-feature-analysis-python,500883
/allisonkaggle/visualization-and-analysis,500875
/peteryin21/notebookd48d64c85c,500866
/chakra21/notebook160aba7adf,500815
/fjapfv/titanictest1,500812
/autoliuweijie/notebook04bbe8514b,500801
/eliyasviva/notebookfd1be8da82,500797
/kjmacmil/notebook61f089e6e4,500786
/baikovamaria/notebook76f45a55f9,500702
/bpiejak/genre-analysis,500715
/porter97/notebookb8b38c566a,500666
/kingcl777/notebook4f1f60890c,500657
/yanmengk/notebook44ba27bdff,500649
/bharat77/notebook71f4fa95a7,500630
/tameralamiri/predict-by-popularity-visuals,500612
/pizzaslice/neural-network-through-keras,500611
/masunnabhanhomsi/comprehensive-exploration-and-visualization-1,500608
/sevenguin/notebook01b9b8d350,500582
/wittykitty/notebook869ccfe603,500568
/tobikaggle/82-accuracy-with-simple-svm,500558
/longcd/notebooke408817f82,500552
/tdiliii/test-py,500548
/mjschaich/match-outcome-prediction-in-football,500516
/jquinn90/notebook4086df9ead,500483
/tdiliii/a-journey-through-titanic,500464
/zcbmxvnyico/random-forest-with-feature-selection-0-95-accuracy,500452
/narasimha46/data-visualisation-for-ipl-datasets-98c0c1e3,500449
/narasimha46/notebook9f2e6777a4,500447
/narasimha46/data-visualisation-for-ipl-datasets-fdb73019,500428
/jwegas/notebooka084c1c24f,500424
/narasimha46/outbrain-eda,500416
/narasimha46/data-visualisation-for-ipl-datasets,500411
/jvriesem/notebook59ce183fa9,500400
/wangshuo0225/a-journey-through-titanic,500357
/vanishcrow/exploring-survival-on-the-titanic,500346
/manfromkisumu/exploring-the-meteoritic-dataset,500317
/ziamandl/notebook949b48f299,500287
/toadtoadtoad/test3,500646
/galileossequence/notebooka9599ffe1d,500189
/jimifendrix/notebook178e0d2d8d,500132
/aishwaryabs/notebookdd400d54c4,500102
/vicchao/notebook65ee5cd73a,499989
/momentaj/temp-to-be-deleted-later,499972
/sunsnashty/testscript,500211
/vincentt/hr-explore-predict-rf-who-to-quit-the-job,499900
/queenhhm/comprehensive-exploration-and-visualization-1,499874
/nik888/notebookd92c73aba3,499857
/branfordswbf/hello-kaggle,499797
/sanghaklee/notebook5ee7fcd54f,499768
/rdaisy/notebookac9d3506d8,499758
/vincentt/notebook64ea8848a4,499724
/b2nary/notebookc144fbcc08,499723
/sanghaklee/notebooka3f007ce29,499706
/minamoradi/notebook3faffe07b3,499705
/nickraemaekers/notebookadcf1afe9d,499670
/jeffstahler/simple-eda-feature-transformations,499647
/russtam/msu-vs-top-7,499603
/daiqi5477/notebook407de93380,499548
/zcastial/neural-network-with-kera,499544
/daiqi5477/simple-tensorflow-nn,499534
/rsa0123/code1,499671
/anyamcg/notebook57cf3d81cd,499463
/quazar/notebook46d2e760bb,499452
/martinpsz/is-policing-becoming-more-dangerous,499446
/mfbeeck/notebook62db861a27,499442
/nlprunner/regularized-linear-models,499436
/thoolihan/regularized-linear-models,499433
/arkels/xgboost-lasso625,499426
/squizduos/notebook2784088576,499401
/christiann/first-try,499397
/orbanjan/exploring-survival-on-the-titanic-new,499440
/jorgesanchez/ufo-reports-in-united-states,499377
/benjaminchan/notebookc23546c606,499340
/ieee8023/digit-recognizer-in-python-using-cnn,499339
/adrian079/imdb-movie-dataset-exploration,499332
/canorbal/notebook424279fe6c,499323
/whawkinsdev/a-journey-through-titanic,499320
/leilaezeddin/notebook0dc75b2151,499277
/ogagauzoh/notebook3b8cd1b798,499274
/jorgesanchez/python-data-visualizations-952697f2,499263
/kaixuantang/notebook724e3522f8,499210
/congshen/house-prices-eda-and-regression-algorithms,499189
/przebieglykaziu/notebook64a6408c42,499178
/rachelsunny/notebookf8b492e7bf,499177
/cdaa16raulperibanez/data-preparation-and-svm-regression,499147
/sherafgan/simple-exploration-notebook-v3-0-85f1d38d,499131
/tigerhuangyuhao/notebooka9b4e5c312,499123
/awest1339/notebook9f0edf90dd,499107
/sherafgan/simple-exploration-notebook-v3-0,499095
/gasquit/notebookc964480222,499040
/kejessie94/cultural-diffusion-by-recipes-5917f41e,499039
/ogagauzoh/notebook227f6e1acd,499013
/chaitu56/neural-network-through-keras,498993
/humayed/pikachu-vs-bulbasaur-matchup-75335e87,498988
/mattclarke/notebook62b90f1adb,498981
/kunalkhakhar/scratchpad,498959
/zfrysrylmz/roy-s-titanic-notebook-7d7894ef,498957
/miguelors/pca-ksvm-s-kernel-vanilladot,498932
/miguelors/mnist-data-analysis,498922
/xziems/fish-detection,498894
/miguelors/digits-with-ggplot2-and-random-forest-9f5b4a7d,498889
/miguelors/digits-with-ggplot2-and-random-forest-779ca4b1,498879
/miguelors/digits-with-ggplot2-and-random-forest,498877
/carlos279/iris-prediction-model,498898
/rohang/data-exploration-and-visualization,498851
/jasmine2211/hr-explore-predict-rf-who-to-quit-the-job,498849
/daisally/hr-explore-predict-rf-who-to-quit-the-job,498800
/nneema/implement-logistic-regression-test-other-models,530563
/muminmohammed/a-journey-through-titanic,498739
/r04942031/outbrain-eda-0fd1fe20,498731
/ngocngo/notebook5737c5a29f,498721
/squizduos/just-an-easy-solution,498638
/deepak95/titanic,511537
/nvenkat/credit-card-fraud-detection-99-accuracy,498572
/pvskand/using-random-forests,498570
/samcomma/notebook2f4a340dc0,498551
/gilmardealcantara/notebook549488d817,498550
/mazharshaikh/deep-learning-in-the-deep-blue-lb-1-279,498544
/kottok/aaaaa-1,498522
/lequangthao/python-data-visualizations,498521
/hbzhangchn/a-journey-through-titanic,498519
/lakshmikanthg33/a-journey-through-titanic,498502
/mahirkukreja/notebook58ffeef1f9,498473
/rajivtanna/test123,498455
/gnudreamer/fish-detection,498427
/alexkeenan/regularized-linear-models-85adcf16,498426
/alexkeenan/regularized-linear-models-83d47987,498425
/yamaggle/notebook6a010fe24a,498413
/jntende/who-not-to-fly-with-3f8e3465,506124
/jntende/who-not-to-fly-with,498397
/humayed/pikachu-vs-bulbasaur-matchup-28e7e0d1,498341
/montoliu/a-quick-look-at-dota-2-dataset,498328
/humayed/pikachu-vs-bulbasaur-matchup,498324
/shubhamagrwl/basic-logistic-regression-and-decision-tree,506795
/siyaozheng/notebooke19207e741,498280
/agvdata/notebook8e56cb3265,498257
/naplevente/comparing-university-rankings,498255
/jntende/hr-explore-predict-rf-who-to-quit-the-job,498245
/cheng8512/notebookf518cd8889,498207
/mchirico/devtest01,1032599
/simonfang/notebook89ae3a1fe5,498195
/siyaozheng/notebookd9b2b0b201,498177
/ohs2033/a-journey-through-titanic-1de2d19d,498151
/dvinogradov/exploring-fatal-shootings,498134
/shelly2904/python-data-visualizations,498131
/wolframalpha/lasso-model-for-regression-problem-8a261fc8,498105
/marsam/a-journey-through-titanic,498071
/boguslaw/notebook6bd244e13e,497975
/noussa/how-can-we-predict-the-sentiment-by-tweets,497958
/mikihaiat/notebook2fae6d67cd,497902
/tonbadal/prova-py,497889
/lihelilian/notebook0cbf09f282,497852
/lihelilian/notebook116242c4a7,497851
/xziems/keras-number-identification,1001916
/neopy1/python-data-visualizations,497833
/ohs2033/a-journey-through-titanic,497768
/violetvivirand/try-on-titanic-dataset-with-official-tutorial,497760
/matamata/a-journey-through-titanic,512839
/triplebee/a-journey-through-titanic,497749
/triplebee/notebook1d0c32f74d,497745
/xziems/notebooke1570a367e,497743
/tiewkh/a-quick-look-at-dota-2-dataset,497741
/monkeydth/digit-recognizer-using-cnn,497706
/monkeydth/digit-recognizer-in-python-using-cnn-34133568,497701
/monkeydth/digit-recognizer-in-python-using-cnn-8858f6a7,497696
/satuspark/detailed-cleaning-visualization-python,497695
/monkeydth/digit-recognizer-in-python-using-cnn-7b088f77,497688
/monkeydth/digit-recognizer-in-python-using-cnn-f3403076,497682
/monkeydth/digit-recognizer-in-python-using-cnn-465f5fd0,497681
/kaleidoscopical/notebookae1fde09b9,497674
/dididh/notebook7e1279fa85,497670
/dididh/notebookf03abb780f,497669
/dididh/notebook678330e18f,497664
/dididh/regularized-linear-models,497655
/rijubhattacharyya/notebooke734c0c21d,497654
/creativeforce/testing,497653
/bianxiaotuan/exploratory-tutorial-titanic,497648
/ikbuzsak/fish-detection,497646
/jasonlin/notebook1bdfc976bb,497645
