/yinsezidan/notebook74fc2fbfd5,833894
/cbhaskar/basic-classification-with-tensorflow,833878
/temporal/notebook8031550e47,833857
/evanwang1028/n-gram-tf-idf-lb-0-08412,833835
/cburger90/print-label,833834
/tianzhang1000/notebook22e606d4a0,833817
/achowd/notebook90d7e00f40,833806
/agavranis/rgb-using-m-bands-example,833802
/linzhu/explore-enron,833754
/vigilanf/quick-look-at-training-data,833741
/chikenfeet/read-file,833739
/soidiot/notebook8d2cd492b8,833736
/mrgraham/a-beginner-s-approach-to-classification,833729
/yogeshdatascientist/notebook152b6fcef6,833723
/nachetete/notebook34cf549a67,833713
/dominicneeraj/trying-to-predict-used-car-value-02750a5a,833707
/stephenwist/notebook4270499cfc,833704
/sellingwood/a-journey-through-titanic,833696
/yogeshdatascientist/dataninja,833682
/jaeyongan/notebook0f058330ac,833673
/adamroberts/notebookb290022849,833660
/balduncle/notebookc919e297e6,833656
/rodrigomalacarne/data-analysis,833672
/n3797556/a-simple-2-layer-neural-network-model,833645
/redsilence/hello-world,833619
/anokas/notebooka5d9c8fd4d,833598
/n3xtvision/a-simple-2-layer-neural-network-model,833593
/gospursgo/full-preprocessing-tutorial,833588
/joshuavk/notebook5dd01f6a08,833559
/niru3991/rental-listing-interest-level-prediction-in-python,833553
/drnooj/initial-digit-script,833726
/b5kwok/alcohol-consumption-and-average-grades,833509
/bsaleh/the-perfect-score-script-4442f9c1,833497
/geunyounggil/notebook8baa7d9278,833494
/madhuvanthi/notebook03a1d224d3,833489
/soham92/rental-listing-interest-level-prediction-in-python,833484
/johnny1899/full-preprocessing-tutorial,833479
/rparra/rental-listing,833466
/jiting/notebookcc5be611ca,833459
/jiting/notebookf94f3b884c,833452
/collincun/notebookd0b6c8a651,833440
/kbiskobing/notebook7ebc6414e5,833398
/nemanjar/two-sigma-rental-listing-eda,833392
/anokas/renthop-eda,833388
/nicklyz/first,833384
/alexxucui/notebookde03ebe85f,833380
/pushpendra7/notebook450c9ecc5f,833378
/gbenjamin/notebooka65d4fddae,833346
/zhenyiy/notebook89fbda4670,833345
/chung95/temp-test,833341
/chung95/glass-type-classification-with-machine-learning,833313
/tjrileywisc/feature-exploration,833308
/rainydata/notebook6a08dc0f71,833292
/klalawei/listing-files,833281
/goghrod/listing-files,833264
/mrgraham/global-religion-from-1945-to-2010-experimental,833260
/chung95/notebookafb590ea09,833244
/famargar/titanic-random-forest-82-78,833242
/costabl/notebook2cdd4c5968,833228
/scantrell/tensorflow-starter-kit,851605
/xuren71/ign-exploration,908850
/goghrod/notebookd1a197df62,833216
/mlaster/notebook088aa7fa6b,833202
/aloginov/notebook06c5a62dca,833188
/joanfihu/full-preprocessing-tutorial,833156
/dianacmm/full-preprocessing-tutorial-d307e55e,833118
/itaydafna/notebook79a47ae30d,833114
/stoffle/notebook13078e7ac5,833112
/randalllin92/notebook201124b40e,833105
/rhlkmr/notebookeffd4b0e8d,833102
/roverfanclub86/notebook3903eee0ad,833086
/rohara171/rohara002,837832
/luizhenriquesoares/notebook14b4a13450,833061
/mangalanks/an-interactive-data-science-tutorial,833058
/bonjosefala/python-data-visualizations,833038
/pavankjagirdar/text-mining-with-sklearn-keras-mlp-lstm-cnn,833034
/askorde/script1-py,925594
/huuhieudo/regularized-linear-models-54c6713c,833003
/askorde/notebook44818d1d1f,833001
/alekst/notebook9b494bf7f3,832982
/allmin/fork-of-improved-lung-segmentation-using-watershed,832966
/phiswap/tensorflow-starter-kit,832936
/vnazarenko/a-journey-through-titanic,832925
/huuhieudo/advanced-regression-tutorial,832895
/gavdjo/ttest,832884
/aesnau/optimization12,832876
/lynskylate/titanic-random-forest-82-78,832806
/lynskylate/notebook93e3a40964,832767
/gabriel79/exploratory-data-analysis,832760
/andriuss/10-classifier-showdown-in-scikit-learn,832737
/realjoet/rtest,832773
/varalakshmi3007/notebook993a69bd76,832692
/varalakshmi3007/notebook750397d60e,832690
/crshah90/notebookc0ba7e5b98,832666
/peiqunyu/notebook5f50f6cc27,832613
/andriuss/explore-and-classify-birds-by-their-bones,832589
/zoe4028/a-journey-through-titanic,832530
/smbaldwin4/notebookf56365e96d,832526
/jacksesmer/the-perfect-score-script,832512
/dolremi/full-preprocessing-tutorial,832503
/tuxmam/keras-cnn-with-explanation,832481
/pyhron/mnist-with-cnn-0-99157-score,832455
/peiqunyu/notebookd31044ff8d,832436
/paulogeyer/foobar4,869360
/carlosalvarenga/notebookb3b17dcd83,832408
/knkiii/a-journey-through-titanic-69da239c,832407
/jmccabe/feature-ranking-w-randomforest-rfe-linear-models,832377
/pcpaula/notebookdbbfe7bb5e,832375
/knkiii/a-journey-through-titanic-754e05fa,832374
/pcpaula/notebook23ed7f67e8,832346
/jenssjolund/candidate-generation-and-luna16-preprocessing,832343
/milzar/notebook13dc6e3228,832294
/brbabu/notebookb44b7fa0ae,832273
/knkiii/a-journey-through-titanic,832247
/dmytrosh/notebook8dea3abdc1,832234
/andrewtrice/full-preprocessing-tutorial-82a98146,832233
/shumway/manifold-learning-and-autoencoders-b97d89a2,832227
/shumway/manifold-learning-and-autoencoders,832219
/adeane/omg-nlp-with-the-djia-and-reddit-f75d3233,832083
/msoleh/a-journey-through-titanic,832062
/denverdave5280/an-interactive-data-science-tutorial,832039
/msoleh/notebook7b429fda6b,832001
/adujardin/a-journey-through-titanic-6ce511cc,831947
/parisar/python-data-visualizations,831895
/calixte/titanic-random-forest-82-78,831858
/emilazeri/global-religion-from-1945-to-2010,831846
/adujardin/a-journey-through-titanic-ee1e7025,831824
/lavanya123/detailed-data-cleaning-and-imputation,831720
/petemisener/notebookc5ad3aaae6,831717
/ricardogs/in-depth-skewed-data-classif-93-recall-acc-now,831707
/sndp89/xgboost-credit-card-data,831677
/adujardin/a-journey-through-titanic,831634
/duchaolv/regularized-linear-models,831611
/ravikg/notebooka82131ad35,831601
/ranjitanair/notebook2de67caed6,831598
/duyiqi/titanic-random-forest-82-78-55c94918,831597
/layefaye/wordcloud-time-series-cluster-modelisation,831582
/eamonnmaguire/notebookb84e32ed85,831567
/duyiqi/titanic-random-forest-82-78,831522
/madapeti/text-mining-with-sklearn-keras-mlp-lstm-cnn,831508
/mlaster/a-journey-through-titanic,831504
/svesal/notebookd862457829,831388
/beliefbio/fork-of-notebookc9b77e6100,831387
/johnnyrocketfingers/notebookbeb5186c9a,831380
/timphys/match-outcome-prediction-in-football,831378
/antropomorph/imdb-dataset-exploration,831357
/umaumahorse/notebook96bd640ee1,831297
/chiluvuriskr/ml-titanic,831262
/maherjammal/notebookc67e05a3b1,831162
/kaihei/notebookc8389f7acc,831131
/hhoeck/notebook8d49019f14,831125
/jlagunag/notebook3f2f322d04,831093
/makoe7/data-exploration-and-visualization,831010
/foaadf93/3-ways-to-leave-your-employer,831007
/madapeti/explore-and-classify-birds-by-their-bones,831000
/polyconnect/notebooke2ed2e8d7c,830988
/rainmanbj/notebook916627e29f,830987
/ranjitanair/candidate-generation-and-luna16-preprocessing,830958
/davetb/explore-and-classify-birds-by-their-bones,830954
/ranjitanair/full-preprocessing-tutorial,830939
/ivanova/titanic-my-first-attempt,830915
/ranjitanair/lung-cancer-detection,830910
/knjkmd/my-first-notebook-for-dstl-competition,830890
/milindgpatil/full-preprocessing-tutorial,830889
/hszhoushen/ttnkh,830878
/nayanam/notebooka68032c3eb,830874
/saptarc/full-preprocessing-tutorial-2bb443a1,830849
/jpamorim/notebooke78d6c7631,830841
/marvin01/a-journey-through-titanic-0fb209e5,836696
/saptarc/full-preprocessing-tutorial-bfd6687d,830827
/ppushpa/notebook4febd9e234,830824
/gonglinglei/test-glass,831114
/gabbermaniac/terrorist-attacks-in-united-states,830805
/saptarc/simple-cnn-for-digit-recognition,830803
/jpamorim/a-journey-through-titanic,830784
/danielarnason/test-daniel,830781
/kmmaller/notebookeb513ffd03,830778
/jkerney/regularized-linear-models,830775
/danielarnason/notebook8b6109933b,830771
/shaigabduragimov/prudentiallifeinsurance,830731
/mrnoone/detailed-data-exploration-angela-s-script-in-r,830724
/danielarnason/an-interactive-data-science-tutorial-2dc2fab3,830693
/pkuwjh/sklearn-model-usage-on-leaf-classificaition,830656
/aaronlou/notebook43aee9e64e,830621
/kmmaller/notebook6b35012423,830616
/xmj9999/mxnet-test,830575
/matngo/notebook6cd55eaf21,830533
/desource90/notebooka9701ec41e,830465
/zurfer/full-preprocessing-tutorial-for-the-samples,830364
/bjassi/notebook7a5f7d1cf1,830346
,None
,None
/archismanm/firstsubmissiontest,830332
/toastbruder/python-data-visualizations-efd6aa9b,830310
/chahvip/cleaned-used-cars-database,830293
/dianacmm/full-preprocessing-tutorial-6574e0a2,830283
/karthikkumar/notebook40da818233,830227
/adamslu/fish-detection,830223
/kozitheone/hitting-the-jackpot-accumulator-betting,830220
/kozitheone/notebooka7400e2706,830218
