/pintoko/notebook57e181c527,1076517
/pritam/digit-recognizer-using-randomforest,1074152
/azuralrainbow/cv-statistics-better-parameters-and-explaination,1074241
/kearnsw/notebook7fc72b99c5,1074084
/amitkumarjaiswal/sea-lion-correlations-cv2-template-matching,1074081
/unaisv/principal-component-analysis-with-scikit-learn,1074072
/chenchaodev/notebook5039c82707,1074038
/chenchaodev/notebooka26ae5b74e,1074034
/subarnarana1/fishy-keras-lb-1-25267,1074026
/leochirag/got-2,1074017
/jennylia/notebook5a44c2a209,1073942
/bhanus/myfirstscript,1074289
/gotthem/notebook6910d3a10c,1073875
/shicode/testttt,1073863
/shicode/notebook2213cc61fb,1073854
/neomatrix/mytry2,1073848
/anki08/xgboost-version2,1074036
/neomatrix/mytry,1073838
/embrown/notebook98be5e3dc9,1073798
/wutong798/notebook9dbb03ce76,1073795
/zysonsue/titanic-learning,1073770
/shicode/notebook5a5faa808f,1073766
/kapill/test-kapil,1073794
/amjadfarman/lewt-s-classify-fish,1073754
/zysonsue/notebooke3ba76f78d,1073752
/zysonsue/notebook3d8e3558c5,1073732
/sharker/notebook2f631e40cd,1073704
/satkuma/notebook326e2226e9,1073687
/satkuma/notebook694b3bb4e5,1073681
/peroxideha/notebookfdf15a1acb,1073668
/maxconners/notebook2f110ef37e,1073664
/zhijinzhai/try-it,1073659
/purvakamat/notebook7ded33b06b,1073652
/thanhdc247/notebook1eeaabcfba,1073644
/sallamdas/notebookf78f12282f,1073639
/sallamdas/notebook9a6ea962d8,1073637
/hjshin0007/titanic-learning,1076661
/pccw1996/notebook0cfd1cdc3d,1073628
/nonamed/notebook1afcb26c0d,1073627
/esterengifo/experimentando,1073699
/nliggett/notebook98ca5c9e57,1073622
/hardeepsingh07/notebook06e2a84288,1073606
/hardeepsingh07/notebookd68842e043,1073597
/exypnos/notebook65b2207de1,1073596
/tanyachesworth/notebook1398458712,1073582
/mandarvaze/notebookf128978987,1084359
/mandarvaze/notebookf3b6cbfe59,1073565
/zhang8157/notebookb151b9a21d,1073557
/tumbzilla/notebook0d1cef74ed,1073555
/anantzoid/default,1073554
/vikingy/testss,1073546
/kathewu/notebook45202ab785,1073545
/vikingy/notebook08127e68e4,1073862
/ganapathi/notebook957480bb6f,1073536
/adanfa/notebook87b88672b2,1073533
/cyberdreamer/notebook52d2e71999,1075165
/sshriva1/souravcreditcardpgm,1075561
/edfontecha/notebook3583f30558,1073478
/keyfan/notebook523450206f,1073475
/essssspee/notebookaa823ab946,1073468
/lingchiehwei/notebook67870c1eb9,1073423
/bdawton/notebooke6359207a5,1073421
/csvreel/random,1073369
/lmdm99/question-similarity-using-lstm-embedding,1073349
/moseli/fork-of-notebookec6cc8fd87,1073343
/aerophile/notebookceb1f3272b,1073331
/tebandesade/teban101,1073315
/willtsao/kaggle-titanic,1073262
/tebandesade/notebooka6af3755d5,1073260
/fastorga/notebook4641fbc0d2,1073256
/hanlufeng/first-script,1073257
/fastorga/notebook53055b9d60,1073246
/isimanovskyi/notebookbf3efe17c6,1073234
/bfactura/cv-statistics-better-parameters-and-explaination,1073221
/jasontam/notebooka9d95399c2,1073219
/harish5661/trail-py,1074299
/jtbventura/notebookc69905448b,1073181
/jeffpohlmeyer/kaggle-titanic-python,1073160
/bcs2150/titanic-analysis,1073152
/ntdoan/price-analysis-and-linear-regression,1073144
/bcs2150/notebook17d2d76cbf,1073138
/bcs2150/titanic-ead,1073204
/aspadmane/notebook8cf183a361,1073110
/digitalbro/notebook9e7e7c7c3d,1073101
/sharkov/notebook4396701163,1073098
/sarvan80/notebook37d5a6e263,1073096
/sarvan80/notebookc6dfa9a888,1073095
/dlajeunesse/abcde,1073077
/cambridge1209/notebook330f64e93f,1073069
/kkapil/notebook446ae88d7f,1073064
/phamnuhuyentrang/notebookebd3cd211a,1074460
/toanngo/notebookfa51ae4ca8,1073049
/eduardops/notebook4f50d726ce,1073040
/antgoldbloom/notebook8d26bad40e,1073034
/anki08/notebook323ae982a7,1073024
/prrvalli/notebook6e436401e9,1073003
/foxwendyzhao/first-try-real-estate-price,1073001
/foxwendyzhao/notebooka77430010a,1073000
/duttan/notebook6debd6be50,1072994
/akshaysri/notebook29ade1e89f,1072976
/rangasayee/notebook056540d449,1072964
/saurabhima/titanic-dataset-analysis,1072943
/mushgrant/notebooke73f85b1c4,1072922
/alwyndp/clusters-in-2d-with-tsne-vs-pca,1072887
/danielchenjz/notebookb0343304b0,1072886
/gassmcla/notebook2e24ca1c9f,1072934
/icandoit/notebook7cfa36ae2b,1072867
/vinodsinghatjnu/notebook64beb46985,1072863
/cgomes/notebookda19f44fb3,1073032
/datascientist17/first-try,1072820
/datascientist17/notebook126e0382a1,1072816
/abdelhakim/detailed-data-analysis-ensemble-modeling,1072813
/userjohan/library-readr,1075491
/isimanovskyi/notebook1844a89340,1072793
/krishnansailam/notebook05950198e6,1072789
/vmansi/notebook8352a120a5,1072788
/ragashankar/notebookfdb68cb573,1072784
/avneetreen/notebookbe34830441,1072770
/sanjliraorane/notebookde6bd6ebea,1072768
/nishioka/notebookdd4615867f,1072762
/abhilashrj/notebook7943197360,1072755
/hankpeng03/notebook8bcb16b5ff,1078472
/farnier/notebook32aa699e93,1072726
/nadigshreekanth/notebookb33dba78bd,1072712
/ankitsenghani/notebook8bcb29a9ce,1072699
/cheefelix/titanic-1,1072703
/cheefelix/notebook679aad07cf,1072684
/galaxyr/notebook7f56f66e11,1072674
/gabrielfior/preliminary-exploration,1072646
/akshaykymar3/notebook351249c12d,1072639
/nakarumanchi/fork-of-handling-the-na-values-and-eda-in-progre,1072624
/pedroarangel/fork-of-tensorflow-starter-kit-fixed-83c1a5,1072616
/tianmenglou/notebookc99f2c96c5,1072614
/ikeuchy/notebookfe6e54b338,1072592
/audreyk/notebookda6bf6e5ef,1072590
/eleijonmarck/notebookce6ed361b6,1072575
/cruiser26/notebook5a801c181a,1072568
/victorwhz/notebook950e930d29,1072558
/vaishnu/notebook8bf6287e07,1072544
/nkainiisc/quora-random-forest,1072541
/naveenhj/notebook96efae65ae,1072519
/xing89qs/notebookf10e0fec94,1072507
/djkoogy/kook-mc-nenu,1072489
/glenndbritto101/notebookbb1b2886af,1072465
/varan777/notebook8156f9a49b,1072457
/dashwang/notebook9ce105c030,1072449
/djkoogy/notebook8a9689238e,1072446
/yasmeenahmed/notebooka200037ce8,1072432
/davetb/notebook55bd4db996,1072416
/vodolazkayamv/notebook6f88e72776,1072415
,None
/giokob/first-attempt,1072391
/piotrekw/notebook87d6f5a9fc,1072389
/giokob/notebook410bd12287,1072381
/hctsaie/notebook16a9644be4,1072367
/cmhchoi/exploring-survival-on-the-titanic,1072356
/flatfrog/titanic-disaster-python-machine-learning,1072354
/nkhlken/nkhl-test1,1072348
/humin127/notebook72970de985,1072338
/moseli/clean-questions,1072353
/adlurisaivihar/prac1,1072341
/adlurisaivihar/notebook8a870fb614,1072318
/danielzorin/randomforestclassifier-for-titanic,1072324
/xhydekaggle/notebooke5489de536,1072302
/smooth3r/notebooke90c51c802,1072290
/hat9458/notebook5d414a7d8a,1072271
/noddabodder/notebook506ee90e24,1072267
/nshokeen/notebook870d1ed993,1072258
/leidseplein/notebook99803969eb,1072251
/oreoxie/test1,1072210
/crane5/notebook9a0a58f799,1072195
/crane5/notebook7c0b76bd04,1072194
/longxiao888/testfunctoin,1072182
/neelamrajpal/heena-assign8,1072175
/maheshak04/buiding,1072173
/ozonosphere/notebook0b9db8f81a,1072163
/olyakosyura/hello-kaggle,1072155
/vunzkoo/notebookaefd11f249,1074037
/neelamrajpal/neelamassign8,1072149
/maheshak04/discarddesc,1072139
/hankpeng03/notebookca5ce73e1f,1072135
/observer17/notebook8f35de9568,1072120
/nshokeen/notebook6231678903,1072116
/yobabe/notebook64daae8271,1072101
/thonicc/notebook2e3f4d4079,1072097
/kharita/notebook2cf538a075,1072070
/pbaskaran/notebook51fc7ea820,1072059
/hankpeng03/notebookba0d1a3a5b,1072052
/hizeon/notebook501be8c526,1072008
/shijienie/notebook556a6749d5,1072006
/shijienie/test-shijie-1,1071987
/maheshak04/newgdy5try,1071967
/melnikk/notebook447cdcea97,1071962
/melnikk/notebookcf91e662b6,1071960
/wallehldt/notebook801ade2ac2,1071939
/larry0220/notebookcfe66048a6,1071923
/cgrimal/notebook080c28a3bd,1071909
/sushanthpakki/test23,1071892
/ctutal/notebook0d8cd2194e,1071880
/ctutal/trial,1071875
