/kerneler/starter-dow-jones-index-data-set-2ab9b97c-9,7688206
/dimitriskottas/exercise-lists,7739072
/kerneler/starter-submission-18f57aa3-3,7684102
/kerneler/starter-microdados-saeb-3cdaef96-c,7683578
/kerneler/starter-tvmarketing-3d29f1a1-a,7683527
/kerneler/starter-inep-taxas-de-rendimento-9c7be7d3-2,7687810
/kerneler/starter-twitter-data-4a78fc59-5,7683377
/chegelawrence1/exercise-underfitting-and-overfitting,7683079
/kerneler/starter-solo-audio-6a95c1cc-e,7682464
/kerneler/starter-opnecv-hog-feature-beb0dcff-e,7681900
/kerneler/starter-tvmarketing-d219110f-b,7681847
/kerneler/starter-enpevar13-9f181e2e-3,7681375
/kerneler/starter-balanace-scale-d3a56fd0-3,7679771
/mariostsatsos/exercise-model-validation,7678669
/kerneler/starter-patient-admission-dataset-for-c0094e37-9,7678520
/anupammajhi/my-first-try-at-titanic-challenge,7678841
/kerneler/starter-sigcomp-2009-train-40e3f7c0-4,7678222
/kerneler/starter-nobel-prize-42b5f6eb-5,7678139
/kerneler/starter-ssd-512-resnet50-v1-voc-012ffb67-c,7707980
/kerneler/starter-6-months-daily-diabetes-8c0636ed-6,8984068
/shaliniyaramada/cross-validating-and-comparing-model-performances,7691591
/kerneler/starter-upcs-from-work-daab0094-6,7675523
/riteshgajera/titanic-ml-from-disaster,7673497
/kerneler/starter-resnet-from-fastai-1e2a8fc4-1,7672779
/kerneler/starter-global-news-dataset-eb90c85f-a,7672267
/saurabhyadav919/mnist-kernel,7672200
/sachinjchorge/google-analytics-first-try-v1,7676136
/kerneler/starter-relative-cpu-performance-data-cdabbbe3-0,7670494
/ozlemv/exercise-machine-learning-competitions,7673101
/sachinjchorge/google-analytics-first-try,7670342
/kerneler/starter-dinosaur-island-dc95110b-1,7668623
/kerneler/starter-hits-rstudio-3595d166-0,7666466
/harfish/prime-reindeer,8426271
/kerneler/starter-auto-symbol-classification-a0362ab5-0,7664810
/kerneler/starter-19-000-spotify-songs-e5f646de-8,7664071
/roboanil/transfer-learning-with-resnet-ver-02,7675716
/kerneler/starter-cats-vs-dogs-5000-54feb82c-8,7661535
/kerneler/starter-ucl-fake-acccounts-f6ffbbb1-e,7661194
/kerneler/starter-cats-vs-dogs-1000-b7c3717e-1,7660290
/kerneler/starter-my-database-fa2b054a-8,7657134
/kerneler/starter-vary-simple-app-recommendation-15611d0d-6,7656841
/willarevalo/mobilenetv2rtcw-224sl-f-dense-lr1e-6,7656819
/kerneler/starter-variables-13-2847a78b-b,7656046
/kerneler/starter-patients-history-at-the-b06ad60e-3,7652891
/mrlahoriiiboyy/kernel4d226feaaf,7861386
/pahadia/xgboost-with-optimized-offsets,7651836
/kerneler/starter-labeleddata-8bfaae9f-f,7650853
/liaopohsiang/complete-eda-voting-lightgbm,7802843
/kerneler/starter-facebook-data-90cc1b55-f,7650108
/kerneler/starter-resnet50-humanprotein-model-4b161819-1,7650051
/gosha6037/kernel7fc501f21c,7656115
/sudeemir/fork-of-digit-recog-first-plot-then-implement,7648536
/kerneler/starter-rakuten-food-test-data-c8f0340d-6,7648362
/kerneler/starter-flower-shop-dataset-00e8f380-2,7646708
/kasikrit/submitting-from-a-kernel,7646083
/kerneler/starter-flower-shop-data-acf9ed04-c,7646224
/kerneler/starter-brehis-b23bd810-4,7645179
/annmary25/ml-from-scratch-with-iris-3e15b2,7645980
/kerneler/starter-zar-usd-exchange-rate-241ccd08-e,7644299
/zeinhanafi/fork-of-exercise-functions-and-getting-help,7643989
/kerneler/starter-house-price-in-canada-e8500ac9-5,7643607
/kerneler/starter-object-recognition-app-a85c24af-1,7643389
/ergenaltiparmak/makineogrenmesiodev,7642779
/kerneler/starter-iris-csv-6e592429-1,7643757
/kerneler/starter-bronchitis-dataset-extracted-e1924a61-c,7642329
/kerneler/starter-lmg-hackathon-403236ff-b,8068886
/jackshteker/laboratornaya3,7641569
/wouterlefever/exercise-convolutions-for-computer-vision,7640927
/kerneler/starter-cola-can-object-detection-25b54b28-9,7647201
/rihadv/pipelines,7640755
/mohsenshafiey/your-first-machine-learning-model,7988609
/kerneler/starter-world-population-and-consumer-7c1ba4ff-4,7784531
/akmanat/time-series-plotting-optional,7636941
/akmanat/grammar-of-graphics-with-plotnine-optional,7636794
/akmanat/introduction-to-plotly-optional,7636308
/kerneler/starter-passport-power-2018-d6f93d95-6,7636243
/akmanat/multivariate-plotting-0263c1,7636209
/kerneler/starter-list-of-yacht-storage-provider-db0faa2d-d,7635196
/alpesh1122/model-building-from-scratch-sequential-model,7637805
/kerneler/starter-realdata-226d78d8-d,7634548
/kerneler/starter-test-food-f9bf15f1-3,7634460
/abhilashramavaram/getting-started-in-r-summarize-data,7636032
/vishaldwivedi/python-nltk-sentiment-analysis,7634560
/kibablu/exercise-functions-and-getting-help,7700234
/ken8aisa/mnist,7633206
/krabreu/semi-supervised-anomaly-detection-survey-744459,7632818
/krabreu/the-data-scientist-s-toolbox-tutorial-2,7632764
/krabreu/matplotlib-plot-multiple-lines,7632506
/krabreu/semi-supervised-anomaly-detection-survey,7631656
/kerneler/starter-ames-housing-data-9394bf17-4,7630339
/kerneler/starter-santa-s-helper-304e8533-c,7629926
/kerneler/starter-mydataset-f2c9ad8b-0,7629844
/kerneler/starter-forex-oracle-offers-74b9d2fa-7,7629334
/kerneler/starter-major-league-baseball-games-d-cfee2897-5,7628921
/kerneler/starter-chinook-music-store-data-90f2b425-f,7628695
/kerneler/starter-factbook-data-7a53d1c1-1,7628120
/kerneler/starter-densenet-weights-for-keras-eeddd15d-e,7627628
/kerneler/starter-star-wars-survey-data-804f7b04-6,7627466
/kerneler/starter-fivethirtyeight-nba-winprobs-5d58f087-a,10148438
/kerneler/starter-fivethirtyeight-nba-tattoos-c6df5f12-a,10148434
/kerneler/starter-fivethirtyeight-nba-elo-a0d538ce-6,10148437
/kerneler/starter-fivethirtyeight-nba-draft-2015-a77fb0a5-3,10148429
/kerneler/starter-fivethirtyeight-nba-carmelo-4d7afa5c-6,10148424
/kerneler/starter-fivethirtyeight-murder-2016-7c2306fb-e,10148423
/kerneler/starter-fivethirtyeight-most-common-d25c473b-0,10148436
/kerneler/starter-fivethirtyeight-mlb-elo-b7ae6922-a,10148400
/kerneler/starter-fivethirtyeight-mlb-allstar-7181eafd-3,10148399
/kerneler/starter-fivethirtyeight-masculinity-40827196-0,10148389
/kerneler/starter-fivethirtyeight-male-flight-b3b1a720-a,10148376
/kerneler/starter-fivethirtyeight-mad-men-79641004-f,10148375
/kerneler/starter-fivethirtyeight-love-actually-0577d5ca-b,10148370
/kerneler/starter-fivethirtyeight-lebron-dataset-e462df3e-8,10148362
/kerneler/starter-fivethirtyeight-infrastructure-2ff988c0-3,10148361
/kerneler/starter-fivethirtyeight-inconvenient-bd553738-c,10148360
/kerneler/starter-fivethirtyeight-historical-259bbdc2-4,10148352
/shivammittal99/exercise-machine-learning-competitions,7626214
/kerneler/starter-fivethirtyeight-hip-hop-c0142ca8-7,10148348
/kerneler/starter-fivethirtyeight-goose-dataset-26784b54-4,10148336
/kerneler/starter-fivethirtyeight-forecast-3a894063-a,10148340
/kerneler/starter-fivethirtyeight-food-world-cup-50fa79f4-a,10148325
/kerneler/starter-fivethirtyeight-flying-ab65810e-3,10148322
/kerneler/starter-fivethirtyeight-fifa-dataset-6d0b2d8a-5,10148319
/shivammittal99/exercise-random-forests,7625905
/kerneler/starter-fivethirtyeight-fandango-6e99baaa-9,10148313
/kerneler/starter-fivethirtyeight-endorsements-06cc7737-0,10148311
/kerneler/starter-fivethirtyeight-elo-blatter-cad3c70d-6,10148306
/kerneler/starter-european-parliament-0e3a7ab3-6,10758436
/kerneler/starter-results-of-european-parliament-89e3a27a-9,10758435
/kerneler/starter-arizona-2018-general-election-1474b4a7-6,8612035
/fabiobar/multiclass-classification-image-problem,7624894
/kerneler/starter-oecd-hourly-earnings-844ffac6-0,9576847
/kerneler/starter-harmonized-unemployment-rate-a88e5ec4-a,9576846
/kerneler/starter-gross-fixed-capital-formation-1dde9c54-9,9576829
/kerneler/starter-oecd-gdp-by-expenditure-in-ef7dfd3d-c,9576851
/kerneler/starter-gdp-implicit-price-deflator-1c0b7c0b-7,9576785
/kerneler/starter-financial-account-investment-759d08dc-4,9576772
/kerneler/starter-xrayschest-224sl-f111adcb-0,7623816
/kerneler/starter-xrayschest-299sl-16f673cc-6,7623815
/kerneler/starter-oecd-exports-of-goods-and-21279dff-7,9576761
/kerneler/starter-oecd-employment-rate-united-c9435578-b,9576757
/kerneler/starter-oecd-current-price-gross-463c33b8-7,9576751
/kerneler/starter-eff-automated-licence-plate-12cf55ca-2,7622429
/rihadv/partial-dependence-plots,7622262
/kerneler/starter-umg-test-dataset-18367e24-0,7621102
/kerneler/starter-rakuten-image-food-recipe-b4e38d03-7,7620551
/shbaran/renaming-and-combining-workbook,7791950
/kerneler/starter-whitewine-67c64d94-9,7619312
/sagardhiman/kernelb13a7ce68b,7688197
/malvika8/pubg-prediction-data-visualization,7620283
/lazarabdelmalek/first-touch-in-data-mining,7618361
/feyzatopcu/pokemon,7660849
/kerneler/starter-donn-es-de-training-484a5715-7,8460788
/kerneler/starter-officiers-ebda93ae-0,7611635
/andreab330/kernel431b68d98a,7638556
/kerneler/starter-responses-79c8b49d-4,7611158
/ashishsinhaiitr/bi-lstm-and-attention,7613668
/shivammittal99/exercise-explore-your-data,7611330
/kerneler/starter-dataset-6c1ed97a-f,7609847
/kerneler/starter-freelancers-records-at-sales-54e8e5a9-c,7609672
/kerneler/starter-news-category-dataset-3781633b-9,7609387
/kerneler/starter-workshop-code-week6-3206f986-2,7608585
/moreaniani/thenotebookwithlaba,8610267
/aniketbhunia007/kernel07e7d0745f,7650694
/kerneler/starter-unimelb-train-csv-3c04fa4c-1,7607547
/kerneler/starter-manifestos-australia-test-and-3ed3d7b0-9,7652089
/ak1352/pandas-for-beginners-series-01,8045356
/kerneler/starter-sales-train-2f1bf60d-5,7606247
/deepuml/dog-breed-classification,7606906
/kerneler/starter-dummy-data-to-practice-771f9923-c,7605840
/kerneler/starter-singapore-pollution-data-20976ad4-0,7605736
/kerneler/starter-singapore-pollution-73174520-1,7605380
/kerneler/starter-workshop-week6-c803f78d-4,7605087
/rihadv/intermediate-tutorial-python,7614603
/shbaran/data-types-and-missing-data-workbook,7783189
/kerneler/starter-planned-ict-investments-ed74adff-5,7604281
/kerneler/starter-wage-bracket-percentage-tables-226f016e-0,7604152
/kerneler/starter-cats-vs-dogs-6f8355ba-8,7605554
/kerneler/starter-planned-ict-investments-70bc5aa8-c,7604070
/docongminh/exercise-explore-your-data,8363561
/kerneler/starter-planned-ict-investments-c7619c4a-a,7603726
/rihadv/beginner-s-tutorial-python,7604772
/zanjibar/ssl-check,7601803
/kerneler/starter-live-casino-6a7f6cd3-e,7601611
/kerneler/starter-live-casino-2231ea0d-6,7601379
/kerneler/starter-sentiment-data-1b6f59e5-e,7601125
/balajisriraj/how-to-get-high-rating-on-play-store,7600994
/balajisriraj/simple-exploration-notebook-kiva,7600993
/balajisriraj/everything-you-can-do-with-a-time-series,7601041
/balajisriraj/statistical-learning-tutorial-for-beginners,7601250
/balajisriraj/introduction-to-cnn-keras-0-997-top-6,7600989
/balajisriraj/data-science-glossary-on-kaggle-updated,7600987
/balajisriraj/deep-learning-tutorial-for-beginners,7600986
/balajisriraj/machine-learning-tutorial-for-beginners,7600985
/balajisriraj/intermediate-visualization-tutorial-using-plotly,7600893
/balajisriraj/plotly-tutorial-4,7600891
/balajisriraj/plotly-tutorial-3,7600890
/balajisriraj/plotly-tutorial-2,7600885
/balajisriraj/plotly-tutorial-1,7600883
/balajisriraj/interactive-bokeh-tutorial-part-2,7600880
/balajisriraj/visualization-bokeh-tutorial-part-1,7600879
