/khan97/notebook8d2ab7ac5b,1037204
/josephpaul/notebook6a1aa55923,1037200
/qianbi/titanic-voting-2,1037187
/qianbi/titanic-voting,1037175
/ketakee/notebook197c66a50e,1037173
/vinodshamsundar123/notebook1e5d0269cf,1037167
/qianbi/titanic-rpart-2,1037139
/shin2017/notebook9042ae5081,1037132
/josephpaul/notebook9fa8a9c28f,1037127
/hemalthakkar/matching-que-for-quora-end-to-end-0-33719-pb,1037120
/qianbi/titanic-logistic-2,1037113
/zeroblue/notebook393ec65d0f,1037112
/tonsegpai/titanic,1037104
/drwhohu/notebookf84eb905b7,1037069
/hindupuravinash/fishnet,1037158
/abalvar1/first,1037034
/broundy/notebook244930f7cc,1037017
/stirlitz/test-titanic,1037016
/longerhaha/notebook220fba5131,1037007
/ja1c0de/notebookccc0d13188,1037005
/agaleana/notebook83ded43186,1037000
/agaleana/notebookb1c067492d,1036990
/josephandreas/notebookc59ad24b4f,1036950
/hitzhs/notebookf47c7d08d0,1048278
/vinayreddygaddam/notebookaed5466d9f,1036915
/cointossingpred/notebook386d4569dd,1036875
/korvno/notebook1028701fb2,1036858
/dorahuang/matching-que-for-quora-end-to-end-0-33719-pb,1036839
/zhaoze/titanic,1036824
/hafsanaciye/notebookb08cef32f6,1036822
/davidchang/notebook20d60e7f32,1036785
/fabienbar/notebooka13afad09a,1036781
/artmatician/first-script,1036780
/zhangyuanxun/notebook5821285cf9,1036757
/monotoneoff/notebook591f96f9ce,1036693
/turntrout/housing-price-prediction,1062430
/anurkrut/notebook2b2543b526,1036687
/anurkrut/notebook76be8c7c68,1036686
/paradesi/script1,1036682
/aroldo/notebookcbb31242e1,1036677
/yishuaidu/notebook36dda78462,1036674
/evertonsilva/matching-que-for-quora-end-to-end-0-33719-pb,1036673
/harsh27/notebooka6010a01cd,1036667
/seanmcclory/tester,1036663
/jamerocksojen/exploring-survival-on-the-titanic,1036652
/geow812/notebook98a0097d5f,1037605
/ashvins/titanic-initial-script,1058956
/bryantravissmith/notebook0db9169cb1,1036632
/ashvins/notebook2c435661b9,1036631
/weiweicheng/notebook58ffc3ea70,1036597
/esterkacukierka/notebookf776b98c94,1036592
/jewelltp/notebook3e40e18ed3,1036584
/jewelltp/notebookfe1c278fd3,1036577
/hnadim/notebook6b96ae242a,1036561
/blunuri/notebook1d7ee20d7e,1036557
/lalotto/notebook38cf6decef,1102602
/jewelltp/notebook8a81995452,1036545
/derekwood3/my-first-notebook,1038491
/battuzz94/scikit-learn-ml-from-start-to-finish,1058677
/mallaham/notebook346e380020,1036531
/hannahsimpson/notebooka867470878,1036530
/mallaham/notebookca2ab0d851,1036524
/legohapax/notebook89804059b2,1036512
/tomc1995/aaaaa,1086488
/satellitehead/notebook5a80db34c2,1036490
/ryanaug/notebookfb73209f61,1036472
/ashishsingh21798/notebook3902f2d2da,1036452
/jbates24/marmad17,1036396
/philpuglisi/notebook01cc2edfe1,1036380
/ajbattan/hello-world,1036363
/hcuny0011/version,1036424
/ajbattan/notebook09780b522f,1036352
/maheshak04/notebookf76356b614,1036347
/cleared/notebookf1ea1ada00,1036337
/jeanba/titanic-test,1036321
/tshanker83/notebooke8ebc35651,1036286
/yguo42/notebook61384b3d29,1036282
/ug2409/notebookfd773ef101,1036255
/michaelclifford/notebook3fda39f8e9,1036253
/fasukhan/notebook17b84f4908,1036244
/rohan24/notebookb0b282cee5,1036192
/rohan24/notebook79df91c371,1036179
/creiser/notebooke6c1252d1b,1036139
/paulmara/notebook62f0b73f7e,1036115
/larshueber/notebook2e94be6bcf,1036104
/yangli03/notebookb3a6bd40cc,1036084
/potentialwjy/notebook7e3a39e161,1036058
/jianyu/notebook6bd33913d1,1036059
/kasogi/titanic-tutorial,1036047
/akashsimply/voicegender,1036023
/sarawagi/notebookd42a417669,1036022
/sarawagi/notebook8bf75a0be1,1036020
/jianyu/notebook2953944c9e,1036014
/caoxingchao/titanic-1,1037864
/aakashbhowmick/notebook52e33d52a9,1035978
/donglong/notebook8ec694a93c,1035976
/heraldxchaos/notebook542a4c5edf,1035968
/gmi777/quora-interactive-eda,1035946
/sunyu912/notebookd97ee51b41,1035938
/prachik16/notebooka2dddd3963,1035933
/jaisalmer/notebooka4a280e568,1035924
/kelvindzd/notebook2b9c31c13a,1035923
/sunnikp/notebookd0938a2b31,1035911
/zjianglin/notebook7fe3139baa,1035889
/mehdikucuk/notebook26c89c5aef,1035861
/thanos1/notebook9a41a9ccda,1035839
/trwhite/notebookc638f2b964,1035834
/gowtham264/notebookd046d257d6,1035827
/borjabs/notebook1a54e80fe1,1035817
,None
/uditgera/udit7,1035785
/jaykjcho/notebook8d045210ec,1035732
/iwhisper/dsb-gp-01,1035727
/danlorry/notebookca89324a42,1035702
/paulvineeth/notebook994c8e7446,1035658
/manabutaniguchi/notebook546fcf6cd6,1035574
/rbharti/dsfsdf,1035570
/flingdog/notebook6fc7efa22c,1035555
/phupha/notebook6a37bd26b9,1035544
/girishsonar99/notebookfb4cf48885,1035540
/myvanity/test-titanic,1035529
/hiatus/notebook6ab2ad65a4,1035524
,None
/orrymr/hello-kaggle,1035513
/vvarkey/0325-submission,1035509
/suvalex/notebookb9377481a6,1035488
/czw123/notebooka74806a8e9,1035479
/f3n1xx/notebook9e4d6324c8,1035477
/c00162301/notebook7239dbde23,1035455
/sachin13/notebook46eb18c532,1035439
/a798253982/notebook960b54a511,1035412
/a798253982/notebook98955904bd,1035411
/erdcpatel/notebookc59f0fc3c5,1035398
/erdcpatel/notebook6bcf43f895,1035395
/amitkumarjaiswal/quora-web,1035394
/noelzubin/notebooke609a1583e,1035389
/abhim701/notebook8e95513e9a,1035373
/sugang/notebook78e44b0e43,1035353
/dhrubajitdas/notebook1b568243a8,1035347
/justbeatit/notebook5ce035c54e,1035330
/s944051691/watering,1035318
/kenobi/testing,1035304
/rohan24/notebook8d3f3a3d13,1035297
/rohan24/notebook6de7ac3565,1035294
/maimagdi/python-xgboost-starter-0-209-public-mcc,1035275
/vicky83/step-by-step-house-price-prediction-r-2-0-77,1035270
/romnor/notebook22b9f5b2c7,1035265
/nlpgoer/emory378-team,1035250
/sanchavan/notebookcbc6bd3d72,1035247
/authman/3d-region-growing-flood-fill,1035240
/mateotabares7/notebookd30e53aeb7,1035227
/harshalmane/notebooka4612819a9,1035208
/mandarvaze/notebook1053e6a8f7,1860404
/aditikaushik/exploring-survival-on-the-titanic,1035200
/cullengao/notebook0d82e3d160,1038938
/petewills/notebook93bff540fd,1035182
/danxiyang/notebookf5058c9ffb,1035171
/harshalmane/notebook9ba7836e36,1035164
/xmj9999/notebook0b5d641cae,1035155
/xmj9999/notebookcd894e4fcb,1035154
/sakaekamizato/simple-model,1035193
/danxiyang/notebookaf3eedec3b,1035177
/anirudh796/exploratory-analysis,1035114
/patipon/notebooka1b1154acf,1035099
/ashwathranjol/hello-world,1035097
/ashwathranjol/titanic,1035075
/jwtrueb/notebook0944671f0d,1035072
/chryzair/testing-kernels,1037368
/ashcanpete/notebook96b124286d,1035053
/backhake/notebookf85894b0a8,1035052
/ashcanpete/learning,1035046
/domcastro/matching-que-for-quora-end-to-end-0-33719-pb,1035037
/chryzair/testing-a-kernel,1035036
/thomas31/notebookf59c94e792,1035035
/altrickter/notebookcd01f6a723,1035029
/sunyeqi/test-version1,1035030
/jtson1213/notebook63110901c8,1034998
/jtson1213/notebook1d2eb27d5e,1034997
/lrcusack/notebook406e11277a,1034950
/screwdislocation/notebook60a6770290,1034888
/jsriram/notebook8f42126588,1034865
/shumink/notebook9cf0cdb0e1,1034802
/piyushdugar13/notebookca3eb038e9,1047120
/okarthikeyan/notebook872778b842,1034778
/johnyan1019/run-py,1034785
/atirpetkar/notebook0d98bc019b,1034772
/nbose2/notebook7f8825b1bc,1034756
/devonsepeda/notebookda81ab9bc8,1034755
/anes95/notebook5c9071c3c1,1034743
/crosofg/notebook07e176a888,1034724
/georgm/titanic,1045416
/heraldxchaos/notebookc81ec712a5,1034691
/hhamad/matching-que-for-quora-end-to-end-0-33719-pb,1034689
/pvramesh/notebook076871e371,1034676
/jeffmoser/notebook1897da6bb1,1034652
/chronus25/notebook5a33086338,1034680
/abhishekdutta/notebook8a743e4024,1034623
/amezolma/notebookd2320f36c3,1034618
/angelai/notebook89a1fa8290,1034594
/mckameym/12345,1034597
