/kerneler/starter-indian-license-plates-46664c78-9,6977590
/abhimanyuaryan/exercise-convolutions-for-computer-vision,6812506
/kerneler/starter-santander-train-sample0-2-100958a3-f,6806746
/kerneler/starter-k-meansclustering-ad4d7dfb-9,6805820
/kerneler/starter-vgg16-model-538fd66b-c,6804509
/aharless/filter-199-final-with-higher-thresh-stage-2,6804675
/dangvinh/first-trial-with-gradient-boosting-for-raw-data,6813857
/aharless/nonmax2v8-final-stage-2,6804442
/kerneler/starter-1111111-9647a5b0-1,6804264
/aharless/combine-fold-class-predictions-stage-2,6803627
/kerneler/starter-brazilian-championship-62cee65a-c,6802850
/aharless/mrcnn-inference-from-saved-wts-4dig-70-stage-2,6802314
/aharless/mrcnn-inference-from-saved-wts-2dig-95-stage-2,6802267
/aharless/gs-dense-chexnet-predict-stage-2-from-all-models,6802233
/aharless/andy-densenet-from-multiple-saved-weights-stage-2,6802184
/aharless/yolov3-inference-from-more-saved-weights-stage-2,6802158
/aharless/yolov3-inference-from-multiple-saved-wts-stage-2,6802106
/aharless/resnet-unet-from-saved-weights-stage-2,6802041
/badouwan/tl-gan-demo,6802147
/kerneler/starter-hello-world-deep-learning-siim-206c82fc-5,6801374
/kerneler/starter-cms-state-summary-of-78c55aef-a,6800288
/kerneler/starter-pokemon-dataset-seborn-basics-7b32d225-b,6800099
/kerneler/starter-cms-state-summary-of-inpatient-6d3c34f1-7,6800075
/kerneler/starter-cms-services-by-program-6414a0f1-2,6800043
/kerneler/starter-glmm1-1-e21342ab-3,6799427
/kerneler/starter-char74k-scripts-5e5ca181-f,6797820
/kerneler/starter-breakhist-dataset-830dcdb7-0,6797627
/kerneler/starter-world-wines-ranking-74311446-7,6797436
/diegoperezsalas/wine-from-spain,6797477
/kerneler/starter-old-faithful-4f8794af-c,6796421
/kerneler/starter-conversational-model-data-985a7f9d-b,6796400
/luantm/dogs-and-cats-keras-convnet,7026842
/jessthejay/data-analysis-xgboost-starter-0-35460-lb-2578f5,7942373
/diegoperezsalas/starter-estados-de-venezuela-1d1e1832-a,6793918
/kerneler/starter-sentiment-score-new-0ffe1152-4,6793817
/kerneler/starter-estados-de-venezuela-1d1e1832-a,6793745
/vatsal73/image-classification,6851006
/kishoreb4/nlp-in-r-topic-modelling-workbook-146173,6793389
/kerneler/starter-home-medical-visits-615b036a-c,6793171
/math2do/assignment5,6872747
/kerneler/starter-anp-monitoramento-da-898e4377-a,6791697
/luantm/dogs-and-cats-keras-classify,7220828
/phamdinhkhanh/tensorflow-neural-network-classify-iris-dataset,6790692
/ny1109/japanese-translated-getting-started-kernel,7038693
/iftekharanam/neural-network-approach,7416542
/aalberti333/what-s-cooking-cuisine-prediction,6789040
/kerneler/starter-html-pattern-small-096ba1cd-4,6787344
/kerneler/starter-restaurant-reviews-7b9c8da5-5,6786025
/kerneler/starter-labeled-video-game-driving-6e3aa44d-f,6785735
/kerneler/starter-indian-water-quality-data-2a064ddb-d,6785226
/kerneler/starter-receipts-f87b32b7-b,10208468
/kerneler/starter-concrete-data-e5765b35-7,6783657
/flywithcode/simple-spam-filter,6783807
/olgabelitskaya/quick-draw-doodle-recognition-1cv,6852321
/kerneler/starter-multilabel-classification-4e9f6a91-0,6783001
/milowu/kernel-all-lgboost,6811610
/kerneler/starter-20181025-v3-cec52337-a,6782554
/kerneler/starter-sub20181015-1b8f8322-a,6782090
/kerneler/starter-test-for-test2-ac0aec9c-d,6781413
/kerneler/starter-hallway-rgbdt-9d0000ff-e,6780799
/kerneler/starter-total-output-in-manufacturing-4f33d047-c,6803042
/niyomuge/kernel44ca268c25,6780745
/kerneler/starter-00001075-000-2b954e3a-6,6779152
/manoj0311/creating-reading-and-writing-workbook,6784932
/hitagg009/exercise-convolutions-for-computer-vision-6ef442,6778360
/luantm/mnist-digits-with-tf-layers,6780196
/aavella77/programming-in-tensorflow-and-keras-alejandro,6777257
/kerneler/starter-signlangtutorial-8807c200-3,6789056
/shulili/hello-python,6773337
/kerneler/starter-chris-fun-zone-0060a594-8,6772522
/adrian1acoran/fork-of-pi-3-14159265358979324-code-13e216,6772456
/kerneler/starter-chris-fun-zone-35c4b978-7,6772347
/kerneler/starter-boatos-de-whatsapp-e-outros-do-eba7e357-d,6771878
/kerneler/starter-iris-data-9dd87922-9,6771556
/kerneler/starter-pokemon-5e7a6fad-a,6771457
/kerneler/starter-wine-ratings-e9845763-d,6770368
/kerneler/starter-nyc-high-school-property-5f0a6ea4-e,6770249
/kerneler/starter-puzzles-17cfad1e-f,10293995
/kerneler/starter-quickdraw-image-sample-797af4ca-0,6769861
/widged/a-multivariate-gaussian-anomaly-detection,6769851
/kerneler/starter-website-phishing-dataset-1576a7de-9,6769837
/widged/unsupervised-anomaly-detection,6769772
/widged/anomaly-detection-74c354,6769547
/nasrur8/world-university-rankings-77c2cf,6768932
/nasrur8/world-university-rankings,6768704
/kerneler/starter-lemonade-orange-stand-7f7e7dcc-6,6768551
/kerneler/starter-level-of-education-of-female-1b5263d0-5,6768368
/kerneler/starter-nfl-offense-cleaned-2017to2007-39eb3de2-4,6768132
/naziatazneen/ted-data-analysis,6767805
/tanzilislam021/haberman-s-survival-exploratory-data-analy-f7f288,6767674
/kerneler/starter-r-gaming-comments-matched-to-f15380bc-d,6767240
/kerneler/starter-particle-identification-from-226e1131-b,6770907
/kerneler/starter-particle-identification-from-73e3d11a-2,6767048
/kerneler/starter-swirldata-b3f80ade-c,6766736
/kerneler/starter-html-patterns-bc5722ac-b,6766683
/albeam/kernele9ca2eb49a,6766739
/kerneler/starter-rsna-oof-predictions-11f5c277-6,6765995
/kerneler/starter-the-examiner-spamclickbait-0202c855-2,6765783
/kerneler/starter-dataset-for-pie-chart-30e5dbc3-f,6765776
/savasy/building-train-data-with-news-and-market,6767254
/nasrur8/great-olympians-eda,6764992
/kerneler/starter-beijing-pm2-5-data-set-456c5fce-d,6764451
/weixinxu666/fork-of-panoai-noise-bbbest,6778553
/tanvir97/kernelace650adc1,6764203
/tanvir97/laliga-analysis-in-depth-7e5ab0,6764546
/rajeshr6r/dimensionality-reduction-a-walkthrough,6764362
/fahim1998/kernel2857e4562b,6763889
/rajeshr6r/kernelecd948c663,6763966
/kerneler/starter-ship-speed-fuel-53283640-f,6763412
/kerneler/starter-cars2-csv-f74a272d-e,6763346
/kerneler/starter-cgpa-gre-ielts-toefil-88d03d1b-1,6763081
/kerneler/starter-rgbd-scene-time-lapses-9ee20dda-b,6763666
/kerneler/starter-data-with-drop-public-322b48a7-4,6762482
/kerneler/starter-level-of-education-of-female-3addc977-5,6762450
/kerneler/starter-s001r01-21ab67fb-b,6762350
/kerneler/starter-level-of-education-of-female-2a9d9d23-1,6762229
/oumaimahourrane/data-sciencetutorial-for-beginners,6761058
/oumaimahourrane/first-pass-through-data-w-3d-convnet,6760727
/oumaimahourrane/introduction-to-cnn-keras-0-997-top-6,6760694
/oumaimahourrane/intro-to-deep-learning-and-computer-vision,6760643
/oumaimahourrane/introduction-to-ensembling-stacking-in-python,6760499
/oumaimahourrane/explore-your-data-c3a9e6,6760269
/oumaimahourrane/how-models-work-912cc0,6760227
/kerneler/starter-level-of-education-of-34490547-0,6759917
/aretikar/week-4-instacart-notebook,6762268
/kerneler/starter-weather-data-41ab2fb0-2,6759134
/liluferyasminlipa/cwur-university-rankings-analysis-by-rick-geng,6758989
/kerneler/starter-davis-data-set-70140181-d,6758345
/nelima/bivariate-plotting-with-pandas,6757994
/kerneler/starter-sign-lang-image-data-ec893d72-3,6757946
/kerneler/starter-deepscapulassm-3092944f-f,7415797
/kerneler/starter-massive-slab-ventilated-fb0cc92d-5,6897576
/surbhi97/exercise-explore-your-data,6757256
/adrian1acoran/fork-of-pi-3-14159265358979324-code-1e2f70,6768519
/ankuraman1234/predict-sale-for-next-2-month,6758246
/weixinxu666/panoai-noise-nasnetlarge,6774777
/kerneler/starter-week4s-2cebe264-6,6755157
/kerneler/starter-hkumlsweek4s-374e7834-9,6755151
/kerneler/starter-hkumlsweek4-ac4563e2-4,6755141
/weixinxu666/panoai-noise-densenet,6780274
/kerneler/starter-poster-edta-on-usa-b4e0b68f-a,6754876
/noshintasnimtuli/ipl-cricket,6754891
/kerneler/starter-ships-in-google-earth-fe55c8f3-4,6754212
/kerneler/starter-us-births1994-2014-0c9f411d-d,6754176
/kerneler/starter-us-births-1994-2014-ebf66f3f-3,6754088
/kerneler/starter-x-mnist-5cf6522c-c,6754046
/lamine16/chps0942-td-2-run-in-mnist-9c1ade,6926129
/jainamit333/strength-prediction-using-linear-regression,6754653
/liluferyasminlipa/take-home-exam-1-ipe-205-807eea,6753706
/kerneler/starter-data-analysis-on-top-20-31e45087-c,6753385
/kerneler/starter-average-760486cc-e,6752841
/kerneler/starter-test-100-premiers-d237cab2-e,6753882
/kerneler/starter-result-e1480733-7,6752806
/kerneler/starter-dollars-c66af379-0,6752767
/kerneler/starter-goals-in-countries-5324973c-b,6752652
/kerneler/starter-digits-31dc45ba-8,6752513
/mashrurfahim/average-soccer-goals,6752844
/nelima/crimes-in-boston-multiclass-clustering,6751817
/bhasky/telecom-customer-data-analysis,6751668
/paraspatidar/functions-and-getting-help,6752251
/tanzilislam021/take-home-exam-1-ipe-205-b33959,6751560
/pouya86/exercise-working-with-external-libraries-740289,7602164
/raj630/kernela23b88e09e,6747741
/mennafateen/exercise-random-forests,6746762
/kerneler/starter-despesa-cota-parlamentar-2018-6892e4c6-c,6745351
/kerneler/starter-pemerkasan-cpns-kemenag-jatim-343233f3-4,6744810
/kerneler/starter-airbnb-nyc-home-market-09-2018-124c64ce-f,6743228
/kerneler/starter-play-data-8ff4b5f7-1,6740755
/kerneler/starter-cms-ahrq-patient-safety-1b80a211-8,6740362
/kerneler/starter-cms-pending-initial-l-and-ts-28d3d8f1-f,6740320
/kerneler/starter-cms-order-and-referring-b74061e8-2,6740306
/kerneler/starter-cms-pbj-daily-nurse-staggins-03d6a649-3,6740285
/kerneler/starter-cms-part-d-prescriber-summary-04615618-7,6740248
/kerneler/starter-cms-opps-provider-summary-47960c34-e,6740174
/kerneler/starter-cms-national-summary-of-0cb142eb-c,6740044
/kerneler/starter-pokemon-data-exercise-ba4cc39d-a,6739870
/kerneler/starter-cms-national-summary-of-62bab779-c,6739671
/kerneler/starter-medicare-skilled-nursing-231b6e82-d,6739516
/kerneler/starter-medicare-skilled-nursing-f468f111-0,6739439
/kerneler/starter-medicare-physician-other-aeecfe43-9,6738905
/kmader/lung-opacity-inception-sharp-boxnet,6752091
/kerneler/starter-emnist-8dcd947f-4,6738088
/paraspatidar/hello-python,6738029
/justforgags/chicken-dinner-2-manas,7381356
/saket0565/diabetes,6744115
/kerneler/starter-amino-acid-surface-area-75c7d4d7-b,6883212
/kmader/pretrained-vgg-encoder-gauss-shapes,6745888
/kerneler/starter-download-free-cryptocurrency-4121beb9-9,6734036
/kerneler/starter-food-balance-sheet-europe-32151115-3,6732509
/kerneler/starter-x-ray-bone-shadow-supression-94cff9f3-f,6731676
/sunshiningsobright/underutilized-kaggle-data,7191013
/kerneler/starter-nlsy-merged-dta-ac089f07-7,6729392
/kerneler/starter-nlsy-merged-dta-9c4d793e-c,6729250
/skusuru/exercise-random-forests,6728559
/b2162003/class-demo-auto-summarizing-text,6800890
/kerneler/starter-bank-marketing-a5e50606-f,6725365
/vaibhavsikka/starter-kernel-r-notebook,6725109
/ducklover/introduction-to-cnn-keras-0-997-top-6,6725132
/kerneler/starter-thor-ragnarok-script-a2fcc8cd-5,6723474
/kerneler/starter-exoplanet-085218fc-e,6723430
