/manuelspierenburg/sql-scavenger-hunt-day-2,2496934
/quartermaine/sql-scavenger-hunt-day-2,2497444
/prateekduggal/sql-scavenger-hunt-day-2,2496309
/marwy2017/sql-scavenger-hunt-day-1-2d1406,2495731
/cyrilv3/sql-scavenger-hunt-day-2,2496450
/ranklord/day-2-sql-scavenger-hunt,2570660
/huanvo/sql-scavenger-hunt-day-2-289f92,2497559
/arunans23/sql-scavenger-hunt-day-2,2496152
/scheckley/sql-scavenger-hunt-day-2,2515559
/veereshbabuguddla/sql-scavenger-hunt-day-1-me,2499224
/georgiosgoniotakis/sql-scavenger-hunt-day-2,2521059
/amrshoof/sql-scavenger-hunt-day-2,2496053
/dcampeao/sql-scavenger-hunt-day-2,2496193
/arudiuk/sql-scavenger-hunt-day-2,2495181
/gaogao/sql-scavenger-hunt-day-2,2495689
/shubsn/sql-scavenger-hunt-day-2,2496425
/whoosh/sql-scavenger-hunt-day-2,2496098
/zambia123/sql-scavenger-hunt-day-2,2614176
/sarahlee0/sql-scavenger-hunt-day-1,2565108
/keenank/sql-scavenger-hunt-day-2,2495021
/ervinfarkas/scavengerhunt-day2,2497976
/sruthisuryadevara/sql-scavenger-hunt-day-2,2499035
/markstephenson/sql-scavenger-hunt-day-2,2496920
/bernardkung/sql-scavenger-hunt-day-2,2502757
/winniemoon/sql-scavenger-hunt-day-2,2496623
/jilkoval/sql-scavenger-hunt-day-1,2495991
/stinemon/sql-scavenger-hunt-day2,2550723
/zacklarsen/sql-scavenger-hunt-day-2,2496285
/cwclark/sql-scavenger-hunt-day-2,2498673
/adamkat/sql-scavenger-hunt-day-2-getting-better,2497133
/stephanvj/sql-scavenger-hunt-day-2,2495754
/spandanapothuri/sql-scavenger-hunt-day-1,2495164
/rupakp/sql-scavenger-hunt-day-2,2495046
/markstephenson/sql-scavenger-hunt-day-1,2494639
/achockalingam/sql-scavenger-hunt-day-1,2497187
/anjaneyaprasad/sql-scavenger-hunt-day-1,2494247
/dtitus/sql-scavenger-hunt-day-2,2495718
/amarbut/sql-scavenger-hunt-day-2,2494694
/prpolchinski/sql-scavenger-hunt-day-2-group-by-having,2494187
/dkasii/sql-scavenger-hunt-day-2,2495360
/jingking/sql-scavenger-hunt-day-2,2501068
/eweil505/sql-scavenger-hunt-day-2,2540216
/anjaneyaprasad/anji-sql-scavenger-hunt-day-1,2494317
/codebird/sql-scavenger-hunt-day-2,2494693
/lavanyasekaran/day-1-scavenger-hunt,2494988
/danpnu/sql-scavenger-hunt-day-2-f89d18,2496627
/hoovee/sql-scavenger-hunt-day-2,2495972
/manodeep/sql-scavenger-hunt-day-2,2495995
/bugjoiiz/sql-scavenger-hunt-day-2-d3f1fe,2494146
/schrotty/sql-scavenger-hunt-day-2,2494190
/srgrace/sql-scavenger-hunt-day-2,2505347
/jorensips/sql-scavenger-hunt-day-2,2494299
/simonzski/sql-scavenger-hunt-day-2,2494170
/neillwhite0/sql-scavenger-hunt-day-2,2497048
/rory81/scavenger-hunt-day-2,2496995
/a45632/sql-scavenger-hunt-day-2-my-solution,2493947
/naivelamb/sql-scavenger-hunt-day-2,2542538
/supercaine/sql-scavenger-hunt-day-2,2495354
/sandeep04201988/sql-scavenger-hunt-day-2,2495266
/roshnis/sql-scavenger-hunt-day-2,2507136
/sridhar086/sridhar-s-sql-scavenger-hunt-day-2,2497015
/marcamse/sql-scavenger-hunt-day-2,2494344
/qingguochen/sql-scavenger-hunt-day-2,2496576
/catalyx/bqhn-scavenge2,2526055
/arudiuk/sql-scavenger-hunt-day-1,2495157
/pbalaji85/sql-scavenger-hunt-day-1,2496759
/kerollaine/sql-scavenger-hunt-day-2,2493555
/sauravrt/sql-scavenger-hunt-day-1,2493696
/pranathik/sql-scavenger-hunt-day-2,2494059
/anshuman07/sql-scvanger-hunt-day1,2492921
/microstrategy/sql-scavenger-hunt-day-2,2493892
/brunogc/sql-scavenger-hunt-day-1,2496343
/zzalnierius/sql-scavenger-hunt-day-2,2493734
/goweb7/sql-scavenger-hunt-day-2,2493584
/sinanharms/sql-scavenger-hunt-day-2,2514755
/wwwound/sql-scavenger-hunt-day-2,2497816
/libo9562/sql-scavenger-hunt-day-2-bo,2495448
/bgrich/sql-scavenger-hunt-day-2,2493987
/fiona47/sql-scavenger-hunt-day-2,2762102
/jayhwang/sql-scavenger-hunt-day-2,2524215
/kedownes/sql-scavenger-hunt-day-2,2494627
/jasbner/sql-scavenger-hunt-day-1,2516944
/sramaley/sql-scavenger-hunt-day-2-answers,2495987
/iamchanchal/sql-scavenger-hunt-day-2-chanchal,2493919
/apogue/sql-scavenger-hunt-day-2,2493591
/briwill/sql-scavenger-hunt-day-2,2495909
/pranathik/sql-scavenger-hunt-day-1,2492829
/igiul90/sql-scavenger-hunt-day-2,2496535
/mvbracamonte/sql-scavenger-hunt-day-2,2492578
/pinsleepe/sql-scavenger-hunt-day-1,2492527
/berhag/sql-scavenger-hunt-day-2,2495362
/captcorpmurica/sql-scavenger-hunt-day-2,2492652
/mcsweena/sql-scavenger-hunt-day-2,2537850
/mvbracamonte/sql-scavenger-hunt-day-1-11469c,2492856
/shahir/sql-scavenger-hunt-day-1-answer,2493977
/heidim/sql-scavenger-hunt-day-2,2496059
/afrankwilson/sql-scavenger-hunt-day-2,2518299
/rg1143175/sql-scavenger-hunt-day-2,2503197
/grzeszo/sql-scavenger-hunt-day-2,2492342
/anki54/sql-scavenger-hunt-day-1,2491649
/iljaaa/sql-scavenger-hunt-day-2,2491905
/theend12/sql-scavenger-hunt-day-2,2491354
/dangmckeown/sql-scavenger-hunt-day-2-task-1,2538245
/lsaa2014/sql-scavenger-hunt-day-1,2492004
/chrisbow/chrisb-s-sql-bigquery-scavenger-hunt-day-2,2495808
/italogoncalves/sql-scavenger-hunt-day-1,2491571
/anubham29/sql-scavenger-hunt-day-1,2492256
/vishnuvemuru/sql-scavenger-hunt-day-1,2500202
/isaac34mi/day-1-of-sql-scavenger-hunt,5256637
/mukeshiitr/sql-scavenger-hunt-handbook,2536316
/vikaslbishnoi/titanic-data-science-solutions,2490997
/danvargg/sql-scavenger-hunt-day-1,2491141
/karunyam/sql-scavenger-hunt-day-1,2560232
/bugjoiiz/sql-scavenger-hunt-day-1,2491671
/mrkumar/sql-scavenger-hunt-day-1,2491590
/theend12/kernel7f31274dc1,2490692
/yurigardinazzi/sql-scavenger-hunt-day-1-finished,2491515
/korlayashwanth/sql-scavenger-hunt-day-1-3359a4,2490980
/arigig/sql-scavenger-hunt-day-1,2491420
/klastvova/fork-of-satellite-image-classification,3101342
/xaviera/sql-scavenger-hunt-handbook-89b906,2489792
/danpnu/sql-scavenger-hunt-day-1,2490776
/arunans23/sql-scavenger-hunt-day-1,2489999
/zainnasrullah/sql-scavenger-hunt-day-1,2489612
/phamtla/sql-scavenger-hunt-day-1,2489194
/douglaszickuhr/fuel-type-analysis-renewable-source,2489710
/nowongsri/sql-scavenger-hunt-day-1,2491667
/bcarpio93/sql-scavenger-hunt-day-1-729783,2488971
/klilahannah/sql-scavenger-hunt-day-1-complete,2489033
/zahraeghtesadi/sql2-bigquery-hacker-news,2554743
/douglaszickuhr/renewable-energy-sources-tailpipe-analysis,2488735
/coconuthack/sql-scavenger-hunt-handbook,2488891
/patilpranav1211/scavenger-day1-learn,2489836
/sagarkate/sql-scavenger-hunt-day-1,2488332
/praveenjune17/sql-scavenger-hunt-day-1,2487861
/sruthisuryadevara/sql-scavenger-hunt-day-1,2494230
/hravat/sql-scavenger-hunt-handbook-hussain-ravat,2487323
/charlfr23/sql-scavenger-hunt-day-1-245c80,2488491
/hravat/sql-scavenger-hunt-day-1-hussain-ravat,2487207
/jumpingapples/ms-ds-test1-accident-rate-vs-traffic-signals,2535170
/pknerd/sql-scavenger-hunt-day-1,2490939
/johnthas/sql-scavenger-hunt-day-1,2487666
/cneiderer/sql-scavenger-hunt-day-1,2564639
/iuliakhomenko/kickstarter-projects-dataset-comprehensive-eda,2487446
/pranavcfc/sql-scavenger-hunt-day-1,2487150
/javapocalypse/sql-scavenger-hunt-day-1-completed,2489402
/cvl1990/fork-of-sql-scavenger-hunt-day-1,2486921
/simonzski/sql-scavenger-hunt-day-1,2487099
/carmnejsu/sql-scavenger-hunt-5-day-challenge,2487411
/ninefyi/sql-scavenger-hunt-day-1-41c09c,2486926
/yuichielectric/mecari-competition,2500559
/takuyafukudome/sql-scavenger-hunt-day-1,2486243
/faizunnabi/contraceptive-method-classification,2536830
/patilnitin23/sql-scavenger-hunt-day-1,2537250
/lemonkoala/all-about-win-rates,2485630
/sinzy0925/sql-scavenger-hunt-day-1,2485688
/vivekraman/sql-scavenger-hunt-day-1,2485256
/mastercode0ai/mc-sql-scavenger-day1,2485799
/woutervr/sql-scavenger-hunt-day-1,2485460
/maraim/day-1-sql-openaq-scavenger-hunt,2542383
/oshoagyeya/geometry-of-epilepsy-detection,2484848
/murgen974/sql-scavenger-hunt-day-1,2485369
/samden/sql-scavenger-hunt-day-1,2484928
/dinosaurjohnrara/sql-scavenger-hunt-day-1-johnrara,2489505
/dkasii/sql-scavenger-hunt-day-1,2484576
/pedodorf/sql-scavenger-hunt-day-1-b0d28f,2484436
/michl2017/sql-scavenger-hunt-day-1-2ae866,2484623
/nimeshm12/sql-scavenger-hunt-day-1,2484385
/gabriellima/iris-species,2483958
/khonsu/sql-scavenger-hunt-day-1,2484560
/dserrano1524/sql-scavenger-hunt-day-1,2484078
/asvvisb/fork-of-itsm-incidents-prediction-demo-feb-2018,2496664
/benny4874/sql-scavenger-hunt-day-1,2485004
/faizunnabi/computer-hardware-performance,2484780
/rachelsleet/sql-scavenger-hunt-day-1,2484505
/samujjwalg/sql-scavenger-hunt-day-1,2483924
/vrush77/sql-scavenger-hunt-day-1,2484580
/artemdedkov/sql-scavenger-hunt-day-1,2505806
/atulsaurav/sql-scavenger-hunt-day-1,2483624
/polzak/sql-scavenger-hunt-my-first-day,2483728
/asavv7/titanic-data-science-solutions,2640365
/yogitasingh/sql-scavenger-hunt-day-1-1f318,2483707
/bemmira/sql-scavenger-hunt-day-1-b,2512890
/meenasee0/sql-scavenger-hunt-day-1,2484119
/rakitinma/sql-scavenger-hunt-day-1,2486370
/aboladebaba/scavenger-hunt-day1,2483037
/callmeashish/senti-using-svc,2484095
/meshcheriakova/sql-scavenger-hunt-day-1-meshcheriakova,2482737
/riteshsinha/sql-scavenger-hunt-day-1,2482081
/chrisimorli/sql-scavenger-hunt-day-1,2510536
/habibis007/scavenger-hunt-day-1,2482123
/lixiaoyue/sql-scavenger-hunt-day-1,2481648
/red0hat/sql-scavenger-hunt-day-1,2482623
/nidhisimon/nidhi-simon-day-1-sql-scavenger-hunt,2482313
/kotharv/sql-scavenger-hunt-day-1,2481747
/pkonstan/sql-scavenger-hunt-day-1,2507970
/chemssou/sql-scavenger-hunt-day1,2482456
/aswathyn/sql-scavenger-hunt-openaq-day-1,2482328
/yakolle/mercari-lgb-tune3,2482652
/klastvova/satellite-image-classification,2483406
