/cpenapena/notebooka4483cac73,648992
/timsmole/notebook8c35da2d50,648987
/jarcos/notebooka838809d87,648983
/shogosuzuki/notebook54063084d3,648972
/kiaarash/notebook391067062c,648953
/variablelink/cnn-001,648948
/sylvaind/notebook7ea891af29,648862
/hackpoetic/notebook30d607b8cf,648737
/tisfarah17/a-journey-through-titanic,648655
/khurshidb2/house-price-prediction-part-1,648649
/jgoughessextec/random-forest,648635
/thirupathipattipaka/tensorflow-deep-nn,648609
/albercasas/notebook3650c48ff1,648598
/heyingim/notebooke9a383cda5,648580
/malctaylor15/hr-explore-predict-rf-who-to-quit-the-job,941747
/galenyates/testing,648575
/ankitdatascience/visualization-of-data-in-r,648566
/albercasas/ddgsfsdf,648560
,None
/dorothy2846/first-test,648570
/albercasas/notebookac7584b442,648556
/ashishjagani/my-first-kernel-credit-goes-to-a-lot-of-resources,648521
/asadahamad/fish-detection-39259150,648500
/jared1/principal-component-analysis-explained,661169
/airblack/notebook9768665491,648460
/elaf731991/classification-of-student-marks,648457
/jayrumi/notebookb20ff52619,648367
/albercasas/exploring-survival-on-the-titanic,648314
/odrobot/notebook66529c1c7b,648305
/albercasas/principal-component-analysis-explained,648297
/jaschaknack/notebook405be7fffc,648267
/jxpjay/notebook7ce8ee9f17,648264
/mickytsai/a-journey-through-titanic,648246
/miguelangelnieto/notebook6e596e5f46,648236
/kosta021/btb-0-63523-evaluation,648222
/miguelangelnieto/notebookf8cb755368,648220
/miguelangelnieto/test-1,648207
/sonuk7/notebook268399a554,648200
/jgoughessextec/credit-card-fraud,648190
/cd17540/first-go,648172
/miguelangelnieto/notebook01bedb5b7e,648164
/kushalmiglani01/10-classifier-showdown-in-scikit-learn,648148
/mmcodesso/titanic-data-science-solutions-4d59eb43,648130
/mmcodesso/titanic-data-science-solutions,648113
/fehiepsi/traffic-fatalities-in-2015-f2324b5b,648099
/kratzlo/notebookdc4dc54df5,648073
/alphawu/notebook73d2132f7e,648066
/suresh1644/notebookb6d590bcef,648035
/luokai/feature-extraction-from-images,648011
/fehiepsi/traffic-fatalities-in-2015,648001
/shrivs3/mathematical-formulation-of-santa-s-problem,647984
/ivanov/notebookc91182d489,647975
/kristenhuber/study-of-tree-and-forest-algorithms,650458
/suresh1644/principal-component-analysis-explained,647954
/coreywang/python-data-visualizations,647940
/piccolo/hello-keras-cnn-l-b-1-4,647911
/vak108/celebrity-death-analysis,647903
/yzj19870824/python-data-visualizations,647901
/lynnsha/script2-traindata-cleaned,647907
/asindico/notebook81d328c064,647892
/yzj19870824/notebook098a1553df,647868
/aybukehschdr/notebook112368cda8,647798
/jajool/map-of-temperatures-and-analysis-of-global-warming,647753
/ashishjagani/titanic-data-science-solutions,647717
/yolotron/a-journey-through-titanic,647713
/nomanvb/finding-boatids,656676
/kredshow/testt,647613
/jatinjansari/detailed-cleaning-visualization-python-43409cd7,647608
/kaidran/a-journey-through-titanic,653977
/etrapero/titanic-best-working-classifier,647578
/epuertas/notebookcb3218a20d,647542
/harith1996/notebookf33adfaab0,647506
/dranzr64/student-performance-prediction,647464
/peterwittek/listing-installed-python-packages,647433
/adhok93/notebook1e360a1fe4,647429
/rymyung/notebook436fe1b335,647402
/xgymzxc/a-journey-through-titanic-84149081,647396
/jorgebmedina/notebook1c83569945,647379
/bijith/python-eda,647336
/joves73/notebookdf4fb418f9,647331
/kamalkrishh1992/notebooke6b15d1e30,647284
/kenyau/notebookabe9fc90d3,647282
/sylvaind/notebookae4858f3d8,647273
/fancoo/a-journey-through-titanic,647267
/thabet/simple-convolutional-nueral-network-keras,647247
/dheerajgopi/a-study-on-regression-applied-to-the-ames-dataset,647241
/thabet/image-preprocessing-exploration-2,647231
/oo7feynman/student-performance-prediction,647222
/ak5hay/python-eda,647203
/leopardli/notebooke634fcd7b4,647181
/princewang1994/notebook44688d615f,647100
/shelbj/exploring-us-baby-names,647090
/nidhikhaz/titanic-data-science-solutions,647066
/wuuuuu/a-comparison-of-few-ml-models,647032
/jeenti123/notebook60be131a38,647021
/ashishdutt/classification-of-student-marks,646976
/ra1376/notebook526f54479d,646954
/taowenwu/notebook67f0397d1e,646909
/thebluesky/testing3,646893
/hx173149/notebookb9dca735a0,646889
/kylexy999/notebookca2dce37ac,646887
/kritikarai/outbrain-eda,646878
/randomemf/load-a-3-band-tif-image-and-overlay-dirt-tracks,646850
/anuragsharma111/notebooka44feadeed,646839
/kumarisweta/notebook1a3ab58028,646805
/te87037/leaf-classification-using-svm-ed127f05,646797
/te87037/leaf-classification-using-svm,646796
/wpf5511/keras-convnet-lb-0-0052-w-visualization,646737
/kenkoooo/can-we-improve-by-increasing-variance,646728
/thebluesky/testing2,647444
/schwarzchild/notebook0f86aa5911,646699
/acoder1983/notebookbec588b3de,646686
/thebluesky/testing,646671
/zhenalen/allstate-feature-analysis-python,646645
/jesmine/notebookc1a94bec6c,646630
/vikasp/fork-of-iris-classification-using-pythonv1,646626
/debasishhazarika/notebook9ed726860f,646608
/rajivbarman123/notebookd9d30eb39f,646583
/juntang/a-journey-through-titanic,646574
/is03wlei/tensorflow-deep-nn,646548
/jaeyoonpark/notebookb5c412cc5c,646543
/is03wlei/mnist-with-cnn-0-99157-score-45fc59e8,646541
/delatorrejuanchi/notebooke8edc58e64,646513
/rachit7/myrun,646509
/vaibhav84/celebrity-death-analysis,646488
/jaeyoonpark/notebookda1a712b3c,646484
/pinweihelai/detailed-cleaning-visualization-python-a2de4f2c,646483
/zhenalen/xgbregressor-allstate-claims-severity,646482
/pinweihelai/detailed-cleaning-visualization-python-4beb903c,646457
/leonmak/a-journey-through-titanic,646440
/kumarisweta/notebook2dad1eb093,646434
/xxorg3/test1,646401
/frankzyx/titanic,646389
/balusai/selecting-0-6-age-female-population,646379
/anuragbaddam/notebook9320cc3fbd,646317
/gv2006434865/svr-prediction-model-for-crowdedness,646287
/roshandec29/notebook9eb6bff552,646283
/bipancheaditya/notebook4709fc3964,646270
/michaelmtz20/notebookec4a6073bd,646261
/artie88/10-classifier-showdown-in-scikit-learn,646214
/fohmida/notebook62ea8e3740,646202
/kumarisweta/notebookbb5663d24b,646189
/nazma123/notebook14e9dc6d74,646187
/kumarisweta/notebookc1d1849b69,646175
/krishb93/notebook554692ccb8,646171
/rkbrubul/notebook71ced8956d,646148
/daimarirwirub/notebookb1ccaf4229,646129
/cloud09/principal-component-analysis-explained,646127
/kumarisweta/notebook214ef34493,646114
/beci78/notebook8668af75c0,646102
/abora80/notebooka6cd12fa5f,646098
/drbhargabmedhi/notebook7de158c359,646092
/mjbeattie/notebook900850063f,646084
/daimarirwirub/notebook689eae59f1,646083
/kalyaneeboruah/principal-component-analysis-explained,646074
/kanchan31/notebook87b53e5500,646055
/alokpanjiyar/notebookf8c1439dbd,646039
/rkbrubul/notebook17867c5373,646029
/samirthakur1993/notebookf86fdf0755,646022
/abora80/principal-component-analysis-explained,646016
/himalakshi/principal-component-analysis-explained,646012
/subratac/building-a-neural-net-to-predict-default,645847
/itsskyler/test1,645839
/puremath86/tensorflow-deep-nn,645823
/seiching/data-analysis-for-beginners,645710
/otwordsne1/sentiment-effect-on-stock-price-draft,645697
/zodiake/who-won-the-console-wars-ps-vs-xbox-vs-wii,645685
/sonder/fork-of-a-journey-through-titanic-c2b47e32,645566
/almaya/celebrity-death-analysis,645564
/aselda/could-the-titanic-have-been-saved-7efc763e,645556
/bertslonim/python-data-visualizations-93071dd1,645551
/aselda/could-the-titanic-have-been-saved,645516
/zhuoliliang/a-journey-through-titanic,649624
/te87037/trying-out-svm,645422
/rodrigokryb/notebook32ffcd623c,645408
/mmmm123/can-we-improve-by-increasing-variance,645395
/ronielvbvb/notebook72a4391242,645387
/rodrigokryb/notebook1d2f97d77c,645386
/twotiger/trfffff,645374
/rodrigokryb/notebookcc3d6c498a,645301
/takuok/santasan,645290
/takuok/notebook3028ccef50,645288
/takuok/santa,645277
/rodrigokryb/notebook50ab228fd8,645253
/jbschami/notebook38370c1615,645161
/aribort/in-depth-skewed-data-classif-93-recall-acc-now,645159
/cdicle/notebook7b1659870c,645156
/yuanxu/tensorflow-deep-nn-46859d32,645144
/moonshot91/a-journey-through-titanic-a70f0b5e,645135
/shafee/python-data-visualizations,645129
/dteh92/who-won-the-console-wars-ps-vs-xbox-vs-wii,645099
/shafee/principal-component-analysis-explained,645064
/zbolster/notebook788a11d550,645063
/gstrabes/notebook3fc7d66725,645035
/bharatmaloo/notebook3282549a94,645028
/sharmaharshit/btb-0-63523-evaluation,644977
/derufal/principal-component-analysis-explained,644928
/captlag/notebooke1d10839e6,644801
/shaoboli/catdognet-keras-convnet-starter,644736
/take0033/notebook3f0290c673,644689
