/nsaurav/finding-boatids,451203
/rishisankineni/notebook15013462ca,451201
/wburgess/notebook7f21885cb3,451200
/philosopherscholar/notebook08ac96a7fa,451195
/darkingwing/a-journey-through-titanic-a43f86be,451184
/gary92/notebook5323b4f8a1,451174
/josephvb/exploratory-study-on-ml-algorithms,451164
/hzhu007/tensorflow-deep-nn-8e65dccc,451139
/danieleewww/fishy-keras-cnn16-3-3,451137
/mpsommer/feature-extractor-matlab2python-translated,451132
/danieleewww/fishy-keras-add-16-3-3-cnn,451134
/rpadgilw/notebookea5c2d4af7,451105
/eayunts/mnist-tutorial,451104
/akarimzhul/notebookccdb8a7353,451098
/adornes/notebook9483c633f7,451094
/vinayreddy/notebookff1a69aac2,451092
/klenty/notebook0f5adc5f04,451089
/nightshade7/notebook7813cfed75,451083
/xudipitt/simple-exploration-notebook-nda-compliant,451082
/openneuron/test-keras,451114
/dashiell13/omg-nlp-with-the-djia-and-reddit,451071
/sandeeppatra/titanic-disaster,951063
/beyondbeneath/notebookf0f9452963,451058
/zachdischner/gonefishing,451079
/edonstazz/naive-betting-analysis,451034
/asiamr/notebookbf3703b1a5,451033
/jren1521/regularized-linear-models,451029
/keldlundgaard/simple-exploration-notebook-nda-compliant,451025
/ivovkanych/voi-allstate,451020
/captainpetarrgh/a-journey-through-titanic,451019
/edloginova/detailed-cleaning-visualization-python,451004
/hzhang68/notebook460e1d175c,450994
/yarvalcher/notebook7a4ae1cae1,450991
/jeffricards/notebookcf3e16b7fb,450990
/apgeorg/notebook3455f13edf,450989
/apgeorg/test1,450986
/lemoinef/notebookbe104692fe,450984
/jeorryb/10-classifier-showdown-in-scikit-learn,450970
/ankszara/mental-health-in-tech-survey-data-visualization,450960
/vandanak24/notebook7a562b3ef0,450941
/vib1990/notebookc1e4a3d8cb,450919
/kristianholsheimer/tensorflow-deep-nn,450908
/febinsathar/finding-boatids,450892
/cjwarnerru/simple-xgboost,450922
/sudheer464/prediction-5-on-decision-tree-rattle-package,450884
/jinselove/notebook680d86d335,450882
/zazueta/notebook3df03ab3f2,450843
/geddy05/train-ver2-csv,450829
/jasmine36/keywords-analysis,450828
/sealneaward/a-journey-through-titanic,450821
/sealneaward/visualization-and-analysis,450817
/lukebarry/python-data-visualizations,450809
/sonnguyen/notebookebc881e413,450783
/roscaiosif/notebook1060e03e7a,450776
/hi5sahil/notebookbf23f2ad8b,450772
/sudheer464/prediction-3-on-fare-level,450758
/mzweben/notebook608290560a,450741
/mnrozhkov/notebookac80a736ac,450736
/suplicy/a-journey-through-titanic,450727
/chefele/r-summary-of-data,450745
/hiendoan/notebook1f9417ca04,450710
/a96800/notebook4d92a2dffa,450691
/pavan0713/data-for-extraruns-totalruns-runs-by-batsman,450690
/sabrumit/shark-attack-visualization,450698
/david84/xft-1411,450681
/mroats/testscript,450679
/pruthvishetty/how-far-is-china-ahead-of-india-a34990a7,450676
/lookman/notebook017a8c72a5,450671
/bhargavkanakiya/notebookd493606b7a,450665
/juanpablodlc/notebookb0fba4f78c,450663
/adanbeltran/philly-data-crime-walk-through,450632
/rafeltaye/notebook9d935d14e1,449622
/dssariya/exploration-classification,449621
/saustar/notebook70675cbdb8,449618
/joannakalogianni/notebookc88671c761,449614
/sacvp125/simple-eda-feature-transformations,449606
/pyxide/a-linear-model-on-apps-and-labels,449601
/leahhalvorson211/notebook6ee9dfd383,449581
/joannakalogianni/some-visualizations-for-climate-change,1752312
/onurgun/a-journey-through-titanic,449568
/sramaj/data-exploration-altair-viz,449576
/gabrielsquier/shark-attack-data-visualization,449555
/ikleiman/notebook8cf813bce6,449553
/djd0902/test2-r,449554
/romain919/notebook83cc3ad4d0,449546
/saptarockz/titanic,449545
/nani233/shopfloor-visualization-2-0,449517
/chirag0734/notebookbf289922b7,449498
/thileepan/testt,449475
/sushize/maximum-possible-score,449458
/yogeshggn/credit-card-fraud-detection-99-accuracy,449447
/johannesheidecke/notebookd73c57f9f1,449444
/bakman329/notebook335236d56e,449427
/noudald/test-kaggle-mnist,449497
/subotic/notebook8cbac9a1cd,449401
/pavelakapian/finding-boatids,449396
/rish28/rishabh,449341
/okultich/exploration,449330
/chriszandro/notebookf63bd019bd,449327
/fonso149/testdddd,449291
/atonio/notebookb814752836,449287
/zhujin/notebooke14ce607fa,449285
/stewarthr1/tensorflow-deep-nn,449275
/ming5536/a-journey-through-titanic,449270
/zgcgreat/notebookb762ea5173,449251
/maggy96/neural-network-through-keras,449234
/miracleksh/notebook04b593ff8b,449222
/ninefive/test-2,449215
/danieleewww/santander-battle-k-8,449227
/lancy326/notebook258af6105e,449204
/flopezru/forest-cover-dataset-exploration,449203
/pauaribeiro/mobile-phone-activity-exploratory-analysis,449183
/jlhidalgo/notebook5ee37b97ce,449179
/koungyyy/sdfljk,449178
/tebzito/finding-boatids,449174
/poigal/notebook230e223c83,449170
/yotodragon/notebook6f134d9a4d,449168
/debzsud/detailed-cleaning-visualization-python,449167
/louisng/notebook383a117c97,449154
/inaccessible/outbrain-eda,449149
/kjitender/gender-fare-model,449143
/enyholar/visualization-and-analysis,449137
/kumarsonuuu/notebook607dda4192,449108
/sachingupta0285/notebook730eb20519,449104
/paoduromacmoney/notebook6ac57600d2,449096
/samghim/finding-boatids,449093
/wisconsinohr6/notebook735abe4af8,449076
/elhadj/notebookc851e9d737,449073
/arjoonn/scout-script-9,449054
/samurai618/deep-learning-in-the-deep-blue-lb-1-279,1521995
/elatie/first,449042
/madraziw/notebookbd409a6070,449033
/nlpryan/notebooke618261f8d,449031
/madraziw/a-journey-through-titanic-39b67722,449030
/kaluda/feature-extractor-matlab2python-translated,449027
/wtandt/ipl-play-duckworth,449379
/yashbhat/try01,449018
/pulcherada/notebookc23bce996d,449016
/yilmazgursoy/catdognet-keras-convnet-starter,449013
/bukuai/a-journey-through-titanic-b16a3582,449008
/tsalaman/python-data-visualizations,449005
/elpeepirate/exploring-survival-on-the-titanic,448995
/happymoon/notebook7d68035b68,448992
/marcm89/simple-exploration-notebook-v2-0,448991
/datadatadata/notebook7014055cab,448986
/ankur93/simple-graph-of-relations-between-the-csv-s,448966
/younasm/notebookdde881ad48,448957
/xianfengma/notebook83c1a3be93,448955
/sponakala/analysing-ipl-data,448952
/madraziw/a-journey-through-titanic,448948
/genghis/notebook17505a04e5,448945
/njaster/notebook53a2b7e091,448943
/pastudillo/deep-learning-in-the-deep-blue-lb-1-279,448928
/markusheinonen/testing,448897
/juna88/notebookbdc6501cf8,448896
/fuhang/notebookf2212310b0,448891
/nemishkanwar/predicting-rating-imdb,448890
/joekidd/university-data-analysis,448888
/juna88/digit-recognizer-in-python-using-cnn,448886
/sruthisekar/notebook091503dd64,448881
/njaster/notebook8937e9b91d,448879
/origindot/notebookacc538d45c,448876
/xianfengma/notebook66aa804646,448875
/leonmax/feature-extraction-from-images-6a41d1d5,448866
/junghyun/script-try1,475995
/aritradatta/notebookab4a91e0ac,448855
/junghyun/jh-try1,448848
/jmsaviv/notebook8b83168386,448847
/ghysthms2/notebook52bd02172c,448838
/dmm5213/notebooka122b4a86d,448834
/stellak/notebookfc28721c35,448833
/datamuscleup/titanic,448832
/juna88/notebookacb496c1f0,448829
/rajnish9/python-for-padawans,448818
/aikinogard/cv2dim,451010
/stellak/stella-1116-1,448805
/linweili/detailed-cleaning-visualization-python,448803
/seansio1995/kill-count-by-country,448801
/akarami/arashk,448800
/acullo/notebook8f1e9e50b6,448799
/gabrielsquier/shark-attacks-by-hemispheres,448792
/dalviprasad/notebook13c19cb237,448774
/bissben/explore-the-data,448762
/iserendipitous/titanic-preprocessing-ml-tutorial,448754
/zzdu2013/second-try,448752
/zzdu2013/notebooke81e6c5a24,448748
/jyoti1234/when-during-the-day-were-the-bikes-used-most,448746
/satyarthnegi/a-journey-through-titanic,448741
/jyoti1234/naive-bayes-80-actual-fraud-detection,448733
/jianchengyang/deep-learning-in-the-deep-blue-lb-1-279,448721
/tsleeve/notebookfbe9ee9280,448717
/thefinal/notebookcaaa593241,448706
/monkeydth/notebook539e94a763,448705
/thefinal/asdfgq,448704
/ejsergi/notebookc71296a748,448694
/qf2016/a-journey-through-titanic-1264cca7,448692
/wmrsara/a-journey-through-titanic,448690
/gonuguntla/notebook9d97087004,448688
/z3193631/regularized-linear-models,448686
/chanchope/date-exploration-6min-0-01,448685
