/abdoulsn/data-cleaning-challenge-cleaning-numeric-columns,3491591
/wildcatt/data-cleaning-challenge-character-encodings,3534149
/nnorris/data-cleaning-challenge-cleaning-numeric-columns,3491283
/spmukherjee/data-cleaning-challenge-cleaning-numeric-columns,3490623
/daresnick/data-cleaning-challenge-cleaning-numeric-columns,3491778
/davidcb/using-categorical-data-with-one-hot-encoding,3490735
/ostaski/data-cleaning-challenge-cleaning-numeric-columns,3491237
/daresnick/data-cleaning-challenge-deduplication,3490226
/skbergam/test2342345v45bv4b34t,3490012
/zhang2017/data-cleaning-challenge-json-txt-and-x-480dc5,3492023
/shravankoninti/data-cleaning-challenge-cleaning-numeric-columns,3490425
/jian2017/bdaclass,3489681
/aagundez/test-32423-423,3489587
/doordie/manipulating-data-with-the-tidyverse-workbook,3489840
/shingyang/getting-started-in-r-summarize-data,3490800
/grjasewe/data-cleaning-challenge-cleaning-numeric-columns,3489018
/doordie/welcome-to-data-science-in-r-workbook,3489543
/skbergam/test3214f234g2345g2,3489156
/sugand/data-cleaning-challenge-cleaning-numeric-columns,3489516
/shingyang/getting-started-in-r-load-data-into-r,3489297
/bigdata4u/data-cleaning-challenge-cleaning-numeric-columns,3489373
/jangier/data-cleaning-challenge-cleaning-numeric-columns,3488415
/natepgarrett/test-models,3488036
/shingyang/getting-started-in-r-first-steps,3488422
/dmwvanity/data-cleaning-challenge-cleaning-numeric-columns,3487927
/bcannon/summary-functions-and-maps-workbook,3488627
/attackgnome/data-cleaning-challenge-cleaning-numeric-columns,3487785
/svaidyam/data-cleaning-challenge-deduplication,3487340
/maizespark/categorization-and-lightgbm-0-0657,3602635
/datajohn1/data-cleaning-challenge-imputing-missing-values,3487866
/mik3hall/data-cleaning-challenge-cleaning-numeric-columns,3488382
/ramartya/fork-of-my-first-machine-learning-model,4949604
/grrddm/feed-forward-mnist,3500020
/dthomas87/fork-of-fork-of-fork-of-python-learning-course-l,3486109
/olgabelitskaya/data-cleaning-challenge-cleaning-numeric-columns,3568350
/marcodefalco/data-cleaning-challenge-deduplication,3499902
/avinashbabu/wrangling-of-world-telecom-subscriptions-data,3485544
/julesb/data-cleaning-challenge-deduplication,3487384
/samuelfariarosa/trabalho-aula-8,3544726
/alrpaul83/data-cleaning-challenge-cleaning-numeric-columns,3484997
/marcodefalco/data-cleaning-challenge-outliers,3484824
/cla0709/t-distributed-stochastic-neighbour-embedding,3483665
/jrpang/univariate-plotting-with-pandas,3483229
/yuweiming70/kernel-nomad2018-predicting-transparent-conductors,3483956
/quartermaine/data-cleaning-challenge-imputing-missing-values,3497853
/jingfengzhu/data-cleaning-challenge-cleaning-numeric-columns,3483449
/trivikramchalasani/data-cleaning-challenge-cleaning-numeric-columns,3492600
/stormsh3ll/second-run,3633027
/ritvikkhanna09/carevaluation-pytorch,3536896
/siouxcitizen/tensorflow-practice01,3492987
/siouxcitizen/matplotlib-practice01,3492886
/kumarabhishekone/credit-fraud-xgboost,3485395
/kcbighuge/santander-customer-satisfaction-eda,3479490
/billvillaflor/customer-life-value,3515063
/shingyang/data-cleaning-challenge-imputing-missing-values,3543369
/trivikramchalasani/data-cleaning-challenge-deduplication,3482179
/yhejazi/data-cleaning-challenge-deduplication,3480540
/ahmedhumza94/data-cleaning-challenge-deduplication,3492872
/h123453047/json-to-multi-label-json,3478079
/chrismiddleton237/data-cleaning-challenge-deduplication,3477770
/kcbighuge/santander-customer-satisfaction-with-xgboost,3479233
/deepthoughtdasc/data-cleaning-challenge-deduplication,3477618
/spmukherjee/data-cleaning-challenge-deduplication,3483837
/nikkifitz/data-cleaning-challenge-imputing-missing-values,3602527
/trivikramchalasani/data-cleaning-challenge-outliers,3478577
/spmukherjee/data-cleaning-challenge-outliers,3477184
/cmkcmk/vacant-buildings-escape-from-la,3477096
/roninx/my-first-machine-learning-model,3476738
/ccaddel/data-cleaning-challenge-deduplication,3477120
/ourique/data-cleaning-challenge-deduplication,3476465
/kunallall/5-day-data-challenge-day-1-python,3475897
/agrigorev/word-cloud,3475986
/nnorris/data-cleaning-challenge-deduplication,3475930
/lmalberts/pitchfork-workbook,3543645
/ostaski/data-cleaning-challenge-deduplication,3476142
/ksrajguru/fork-of-data-cleaning-challenge-outliers-07092e,3475072
/mertdikmen/h2o-automl-for-credit-card-fraud-detection,3476089
/lenine/use-word-embedding-layers-for-dl-keras,3484383
/cwestby/data-cleaning-challenge-json-txt-and-x-10a723,3492503
/abdoulsn/data-cleaning-challenge-deduplication,3474986
/mbeveridge/data-cleaning-challenge-deduplication,3488853
/moha5282/preprocessing-tutorial-lung-cancer,3477429
/sarasalas/data-cleaning-challenge-deduplication,3473958
/annvash/data-cleaning-challenge-deduplication,3474066
/jerriek/data-cleaning-challenge-outliers,3473806
/margara8123/data-cleaning-challenge-outliers,3476680
/jherfordsasm/titanic-survival-prediction-model,3473527
/grjasewe/data-cleaning-challenge-deduplication,3473923
/b8li92/data-cleaning-challenge-deduplication,3473742
/margodavis/1-data-cleaning-challenge-json-txt-and-xls,3476471
/wolfgangb33r/quick-and-simple-download-script,3474566
/angad333/data-cleaning-challenge-imputing-missing-values,3473434
/cpagel/data-cleaning-challenge-deduplication,3472685
/dmwvanity/data-cleaning-challenge-outliers-9560d8,3472032
/alanhm/creating-reading-writing-data,3474347
/dmwvanity/data-cleaning-challenge-deduplication,3472013
/daigomiyoshi/nyc-taxi-trip-duration-v1,3471755
/aaditkapoor1201/iris-classification-pytorch,3471632
/karinroe/data-cleaning-challenge-deduplication,3473022
/deeiip/simplest-xgb-without-description-or-title-0-2377,3472923
/tanukisuitc/data-cleaning-challenge-deduplication,3485995
/axel93/identifying-attrition-by-optimizing-recall,3472365
/ksekhark/simple-linear-regression-using-sklearn,3470493
/marielle00/udacity-dand-explore-european-soccer-database,3470388
/nupursh/nlp-in-r-topic-modelling-for-fake-news,3471133
/abhi345/shark-tank-pitches-deals-decoded,3469876
/agernehd/data-cleaning-challenge-deduplication,3469920
/gery93403/data-cleaning-challenge-json-txt-and-xls,3470645
/clouds0715/fork-of-kernel6d505e9ed6-c50006,3469268
/clouds0715/kernel6d505e9ed6,3469332
/alrpaul83/data-cleaning-challenge-deduplication,3469298
/hihelloo/fork-of-el-importante,3468807
/doordie/data-cleaning-challenge-json-txt-and-x-877bf1,3488410
/try4dipen/creating-reading-writing-data-pandas-ex-01,3468609
/datahan/regression-challenge-day-5,3483564
/mik3hall/data-cleaning-challenge-deduplication,3469822
/jihyeseo/london-crime-map,3470183
/jihyeseo/philadelphia-crime-map,3470305
/jihyeseo/chicago-crime-map,3469849
/jihyeseo/baltimore-911-map-category-district-priority,3470124
/mineshjethva/let-s-take-a-look,3467864
/singhchauhan/data-cleaning-challenge-deduplication,3468252
/kingchun1991/pandas-dataframe-corr-exercise,3481883
/jangier/data-cleaning-challenge-deduplication,3467930
/jihyeseo/zalando-folders,3467472
/jihyeseo/time-series-exercise-data-cryptocurrency,3467740
/sandy136/data-cleaning-challenge-deduplication,3467681
/jingfengzhu/data-cleaning-challenge-deduplication,3468342
/stephang30/data-cleaning-challenge-deduplication,3491523
/datahan/regression-challenge-day-4-gamma-distribution,3467119
/jihyeseo/enron-email-for-nlp,3467352
/ahmedbattah/data-cleaning-challenge-deduplication,3467231
/jihyeseo/newspaper-sources-per-language-for-nlp,3466982
/rajesh16702/data-cleaning-challenge-deduplication,3466956
/jihyeseo/blog-data-for-nlp,3466606
/singhchauhan/data-cleaning-challenge-outliers-5415b6,3466837
/andrewje/fork-of-fork-of-qtm-210-extra-credit-kaggle-04d1db,3466325
/jihyeseo/todo-regression-cat-and-con-vars,3466273
/rajesh16702/data-cleaning-challenge-imputing-missing-values,3466454
/yhejazi/data-cleaning-challenge-outliers,3478441
/yhejazi/data-cleaning-challenge-imputing-missing-values,3465822
/olgabelitskaya/data-cleaning-challenge-outliers,3567035
/nikkifitz/regression-challenge-day-1,3469518
/chrisbow/impute-missing-values-in-r-challenge-day-2,3465264
/gimurthy/fashion-mnist-with-cnn,3470417
/ahmedhumza94/data-cleaning-challenge-outliers,3465097
/jiuzhang/aicamp-decision-tree-exercise-1,5604300
/kamesh1984/kernel1a00bb6178,3465062
/jiuzhang/aicamp-decision-tree-exercise-1-complete-version,5604285
/nikkifitz/picking-the-best-model-with-caret-workbook-fdb981,3464601
/amoghsrcm/linear-regression-between-two-entities,3464468
/narayanjogsingh/creating-reading-writing-data-ccde58,3472572
/efezinoerome/data-cleaning-challenge-deduplication,3617158
/ahmedhumza94/data-cleaning-challenge-imputing-missing-values,3464525
/cordneod/my-first-machine-learning-model,3495120
/yuichiyazaki/pandas-profiling-of-titanic-train-data,3463838
/bt22dr/initial-mexico-analysis,3483267
/juan7655/gerencia-de-proyectos,3524419
/grjasewe/data-cleaning-challenge-outliers,3471246
/tanukisuitc/data-cleaning-challenge-outliers,3470380
/deepthoughtdasc/data-cleaning-challenge-outliers,3463605
/nazanindavoudi/data-cleaning-challenge-json-txt-and-x-8349ff,3463773
/trivikramchalasani/data-cleaning-challenge-json-txt-and-xls,3464769
/nikkifitz/data-cleaning-challenge-json-txt-and-xls,3464862
/attackgnome/exercise-joining-data,3461023
/jihlopez/fork-of-forkofworldcup-2018-jihlopez-20316b-730b6f,3460672
/jihlopez/forkofworldcup-2018-jihlopez-20316b,3460624
/ourique/data-cleaning-challenge-outliers,3460749
/natpro/data-cleaning-challenge-inconsistent-data-entry,3475243
/natpro/data-cleaning-challenge-character-encodings,3475035
/awerroes/data-cleaning-challenge-imputing-missing-values,3500300
/alrpaul83/data-cleaning-challenge-outliers,3459707
/daresnick/data-cleaning-challenge-outliers,3459434
/zeus75/data-cleaning-challenge-imputing-missing-values,3458958
/techwizard/data-cleaning-challenge-imputing-missing-values,3460183
/veerendrab/neural-network-from-scratch-with-regularizations,3458663
/natpro/data-cleaning-challenge-parsing-dates,3460383
/bebarrey/data-cleaning-challenge-imputing-missing-values,3458909
/muthukannan91/optimizing-promos-rossmann,3462256
/jaishivanaidu/austin-animal-center-shelter-outcomes-extensive,3475408
/eamanu/using-players-info,3458009
/nnorris/data-cleaning-challenge-outliers,3457996
/ostaski/data-cleaning-challenge-outliers,3461189
/jihyeseo/no-missing-value-6-classes,3456690
/jihyeseo/time-series-sales-data,3456555
/kaiv24/data-cleaning-challenge-outliers,3457094
/jihyeseo/exoplanet-todo-regression-exercise,3456487
/jihyeseo/income-big-or-small,3456386
/sugand/data-cleaning-challenge-outliers,3457752
/maheswarareddyp/data-cleaning-challenge-json-txt-and-xls,3457263
/kirat92/kiva-exploration,3471346
/adrian1acoran/tenemos-que-explorar-mas-y-mas,3458283
/bcannon/creating-reading-writing-data-9910a5,3456552
/mbeveridge/data-cleaning-challenge-outliers,3474054
/adrian1acoran/kernel820269a7b7,3455817
/jihyeseo/bigger-resolution-as-time-goes-linear,3455487
/jihyeseo/science-museum-planetarium-has-highest-revenue,3456522
/prium08/data-cleaning-challenge-outliers,3456676
/lmgrymek/data-cleaning-challenge-outliers-luke,3455015
/jihyeseo/chi-quared-gender-plays-a-role-in-animal-bite,3455103
