/hqyhqy0213/14-jan-2017-7pm-699a51ae,709657
/stassl/notebook3b475ca836,1728898
/hqyhqy0213/14-jan-2017-7pm,709648
/hicheb/notebookba8a5a8496,709642
/sousaplex/titanic-first-r,709593
/ashideldar/full-preprocessing-tutorial,709568
/vshah7779/notebookaa46c7716b,709527
/sambit7/notebook33f8bfce83,709520
/monishma/basic-data-exploration-analysis,709514
/monishma/terrorist-attacks-in-united-states-c511a0a7,709482
/none09/notebooke2f3fd5ec7,709439
/puneetwarikoo/predict-who-left,709391
/pnajit/notebookffcbedad87,709389
/puneetwarikoo/hr-explore-predict-rf-who-to-quit-the-job,709385
/amalhotra/exploratory-data-analysis,709369
/kabrau/notebook8d7e767c64,709359
/superraja/a-journey-through-titanic,709304
/cogitoe/investigate-hn-data,709294
/rishabhr0y/notebook44229e1f6f,709265
/higoreduardo/full-preprocessing-tutorial-cb8d1770,709259
/uodasuodas/cleaned-used-cars-database-68750bd1,709247
/tanujjain/polygon-transformation-to-match-image,709205
/khateeb/full-preprocessing-tutorial,709197
/rejwus/exploring-survival-on-the-titanic,709187
/zvekan/full-preprocessing-tutorial,709184
/narenvaishnavi/decisom,709109
/micheleusuelli/catdognet-keras-convnet-starter-9a07f9fc,709103
/chikenfeet/hp-cf-1,711373
/monishma/terrorist-attacks-in-united-states-fda4e136,709064
/theudbald/notebook9c0ff4713f,709062
/ismailklc/mushrooms-classification-with-caret-package,709058
/s1syphus/full-preprocessing-tutorial,709048
/sarthakdasadia/notebook974280aea3,709025
/pierrendt/notebook1227a8dc87,709022
/fainman/notebook42b9f38eb2,709682
/johnespn/sales-analytics,708897
/pratikshaj/feature-extraction-from-images,708879
/aiswaryaramachandran/notebookb7d0057e07,708877
/zvekan/death-metal-s-development,708872
/lee9507/titanic-survival-prediction-end-to-end-ml-pipeline,708868
/mryuyu1111/test-script,708853
/shuaiwang/exploratory-analysis-visualization,708830
/mentalistk/bicycle-shared-demand-act-1,708823
/aiswaryaramachandran/notebooke79df28513,708842
/muchen/notebook7bf41f512e,708732
/aiswaryaramachandran/notebookc2c89722e3,708731
/muchen/notebookde5ad66b84,708728
/kirillal/full-preprocessing-tutorial,708725
/mensa1962/notebook9e4b2a3db1,708721
/perrinpro/fork-of-dummies-for-dummies,708715
/kagglebdata/regularized-linear-models,708709
/slashliu/notebookca4e07d6d0,708695
/devarajphukan/tensorflow-dnnregressor,708689
/kaigeyang/notebook9fc8de3328,708677
/dalgacik/notebookd478a6be45,708629
/stefanooo/notebook5019ce57bc,708615
/lbdcdb/notebook9194e4dbe9,708614
/sofyabodrova/notebook94631ff0a7,708611
/saikatkumardey/python-data-visualizations,714066
/fmeyerzudrie/full-preprocessing-tutorial,708583
/reetawwsum/notebook929f6b553d,708551
/stepamalkevich/notebookf00ce4aca3,708533
/kaigeyang/magic-feature-visualization,708526
/walidsalah/fork-of-notebook9cc2aaef49,708522
/stelehm/classifying-tasks-using-eeg-data-w-tensorflow-nn,708519
/cogitoe/average-and-maximum-file-size-in-kb,708506
/kcviuas/keras-cnn-with-explanation,708483
/cogitoe/how-deeply-nested-is-the-directory-tree,708482
/cogitoe/average-number-of-files-per-directory,708474
/malay15/regularized-linear-models,708466
/cogitoe/count-files-by-extension,708463
/cogitoe/the-directory-with-most-files,708461
/hoss3inf/titanic-survival-prediction-end-to-end-ml-pipeline,708445
/malay15/notebook3ee44fc5a3,708441
/warakorn/notebookebf8715c77,708422
/mangalutsav/notebook23ff697a6c,724433
/kahuna/merry-christmas-y-all,708861
/pradeeptatiraju/full-preprocessing-tutorial,708408
/catbur/full-preprocessing-tutorial,751546
/hrishikeshvganu/notebookfa303e4b21,708386
/fmeyerzudrie/exploratory-data-analysis,708354
/roswellwayoff/death-metal-s-development,708329
/mananjain/generation-unemployed-interactive-plotly-visuals,708305
/qingnan/notebook24763c96ca,708274
/tuliea/notebook5896992db1,708228
/santoshgsk/notebook2867f5ad14,708209
/ruaidhri/titanic-survival-prediction-end-to-end-ml-pipeline,709004
/jgalarza/exploratory-analysis-and-linear-regression,708187
/twairball/notebook6cca2792a5,708186
/zenblade93/gululu,708177
/akshatbhardwaj/rand-forest1,708107
/chenquan/notebook08477d9a02,708084
/abh001/full-preprocessing-tutorial,708062
/bibins/randomforest,707937
/robsonkaggle/notebook82d9865ef1,707816
/heeroz/simple-perceptron-classifier,707815
/robsonkaggle/notebook5453c0ecf3,707799
/ashakeel/trees-are-red-buildings-are-blue-sort-of,707790
/bstrawson/notebookff23584cdb,707774
/kambarakun/notebook75555a5ea0,707760
/kaderkabore/notebook6e88c36a69,707734
/nico2890/notebook436d84338a,707691
/teajulien/decision-tree-of-students-alcohol-consumption,707666
/reachprajwalbhandary/titanic-survival-prediction-end-to-end-ml-pipeline,707634
/choihochang/notebook1d36083b14,707601
/lixx11/full-preprocessing-tutorial,707575
/sradha/titanic-problem,707560
/wonglkd/notebooke99ba0a2f0,707526
/kumarkeshav26/a-journey-through-titanic,707522
/zhaonan/detailed-cleaning-visualization-python,707450
/shuangsong/full-preprocessing-tutorial,707438
/grittyy/full-preprocessing-tutorial,707431
/whatnxt/notebook4c258b8435,707374
/meetshah1995/neon-cancer,707378
/phantomchicken/randomforestregressor,707363
/anki08/titanic-data-science-solutions,707342
/ser080/full-preprocessing-tutorial,707336
/verycoolcat/python-data-visualizations-45129694,707329
/verycoolcat/python-data-visualizations,707324
/jsw6599/notebookd0550e6157,707311
/keunho/classifying-tasks-using-eeg-data-w-tensorflow-nn,707288
/anki08/random-forest,707272
/ankushreddy/titanic,707258
/kumarkeshav26/notebookc8cdb7ef8d,707256
/npnbkck/detects-83-of-fraud-5d9af719,707254
/npnbkck/detects-83-of-fraud,707253
/jonshao/full-preprocessing-tutorial,707247
/changyaochen/fork-of-hong-kong-marathon-result-prediction,707242
/npnbkck/fraud-detection-with-smote-and-randomforest,707229
/npnbkck/in-depth-skewed-data-classif-93-recall-acc-now,707228
/paragkmital/full-preprocessing-tutorial,707219
/shuangsong/explore-digital-imaging-and-communications-in-med,707214
/rambopanda/beginning,710761
/mochie/notebook6d00e9818d,707209
/sinankefeli/data-exploration-and-visualization,707207
/silane/notebooke903674b3e,707186
/polinaps/a-journey-through-titanic,707142
/phantomchicken/regularized-linear-models,707127
/jianangail/notebookd6a3ca79cb,707121
/jianangail/notebookdb7d49280e,707113
/mdsfdwei1/notebookeec0cc8420,707066
/qschou/notebook6af551f5af,707059
/pulkit8595/full-preprocessing-tutorial,707048
/anki08/forked,707126
/vineeth52/titanic-survival-data,707041
/dataspin/tensorflow-deep-nn,706994
/bharatsraj/kernel-script-beginner-in-r,706990
/pulkit8595/basemap,955471
/amogh100/solution,706934
/amogh100/notebook88b34c20ad,706931
/ark2017/simple-svm-model-for-classifying-voice-by-gender,706920
/ikha27/notebook8129217ee5,706904
/nghenglim/tensorflow-on-iris,706890
/prevso1088/a-journey-through-titanic,706887
/bharatsraj/notebookdba0be0371,706871
/ibrahimalishah2008/notebook2ea137f937,706862
/wenya9248/fork-of-notebook118f0deae7-09915eb8-d07867ed,706842
/qingnan/notebook33e86d8f5d,706836
/chenatu/titanic-survival-prediction-end-to-end-ml-pipeline,706794
/chenatu/notebook1bf54d7ce2,706763
/camwam/full-preprocessing-tutorial,706747
/atamby1/notebookfd01507a01,706727
/cescfangs/useful-text-preprocessing-on-the-datasets,706688
/suneetakartha/decision-tree-of-students-alcohol-consumption,706669
/mingler0/decision-tree-of-students-alcohol-consumption,706649
/arudhir/notebook2ae4c10cc3,706528
/stefthoss/notebooka891fd468d,706517
/alpena/simple-random-forest,706515
/relguzman/a-journey-through-titanic,706460
/weehyong/notebook7428d66cec,706398
/weehyong/tetst,706392
/statsisfun37/principal-component-analysis-explained,706353
/brundapanthula/house-prices-explore-features-and-xgboost,706340
/ekami66/detailed-data-exploration-in-python,706301
/afbayonac/how-does-age-influence-winnings,706268
/cwkaggle/notebook8f3a8d399a,706260
/henryjchang/a-journey-through-titanic,706234
/jz7489/full-preprocessing-tutorial,706152
/traveler1/notebook8f02c13554,706127
/kirk86/keras-w-feature-visualization,706114
/avicenna/nips-papers-visualized-with-nmf-and-t-sne,706111
/yfliao/notebookc487a4aaa5,1537106
/artemzaika/generation-unemployed-interactive-plotly-visuals,706018
/purple/full-preprocessing-tutorial,705965
/nitinmahajan/titanic-survivorship-analysis,705921
/bgpanwar/notebookf5a10c3f76,705919
/galenyates/exploratory-data-analysis,705902
/matwils/notebook102252ceba,705856
/agavranis/lb-0-56130-resnet50-features-xgboost,705778
/adam2907/eda-for-used-car-dataset,705764
/karidj/notebook530bc95c35,705711
/sharath58/notebook34f4db1490,705697
/danielani/jjjjjjjjj,706163
/adam2907/cleaned-used-cars-database,705688
/sharath58/a-journey-through-titanic,705686
/michaelmotoki/tensorflow-deep-nn,705685
/mdinardo/full-preprocessing-tutorial-09b58d48,705683
/mdinardo/full-preprocessing-tutorial,705680
/k0walski/santander-product-recommendation,705674
/kbl4ew/notebook0a2452e9e5,705667
