/kerneler/starter-workers-performance-before-and-74c369cd-2,5359684
/vijayakakumani/exercise-convolutions-for-computer-vision,5359278
/kerneler/starter-fda-2017-drug-inspection-56369108-6,5358028
/kerneler/starter-stock-data-in-korea-32b1081c-a,5357817
/kerneler/starter-stock-data-in-korea-602135ce-d,5357606
/kerneler/starter-testpublic-bf486cf1-1,5356395
/tokhoi/getting-started-with-sql-and-bigquery-workbook,5356062
/kerneler/starter-home-credit-blending-c79f3070-8,5355708
/kerneler/starter-hobbies-455cafd8-4,5355427
/kerneler/starter-jobs-titles-d203a202-4,5355289
/kerneler/starter-jobs-titles-d3489848-6,5355273
/kerneler/starter-jobs-titles-903edeac-3,5355257
/kerneler/starter-jobs-titles-d45205e3-2,5355227
/kerneler/starter-hobbies-95d10ad7-2,5355092
/kerneler/starter-hobbies-c177a26e-4,5355013
/kerneler/starter-2016-primary-election-by-party-4939a3f4-4,5354895
/kerneler/starter-world-development-indicators-c9d3523e-8,5354692
/kerneler/starter-uspto-patent-trial-and-appeal-3a17f32c-9,5354566
/kerneler/starter-uspto-patent-examiner-data-f73b3266-3,5354362
/kerneler/starter-uspto-patent-examination-3321765c-a,5354280
/kerneler/starter-uspto-oce-patent-litigation-a17f3c32-8,5354117
/kerneler/starter-uspto-oce-patent-claims-2603f3bc-a,5354032
/kerneler/starter-financial-data-2000-2018-6b5452c5-4,5353888
/kerneler/starter-uspto-cancer-moonshot-patent-2a594a77-c,5353824
/rsscssr/exercise-random-forests,5353857
/kerneler/starter-toronto-rehab-stroke-pose-52ef0b6a-e,5353717
/kerneler/starter-uspto-oce-patent-assignment-7817f5f2-d,5353659
/kerneler/starter-intellectual-property-ef134e03-5,5353553
/kerneler/starter-patentsview-data-35db0242-3,5353387
/lengjd/fork-of-numpy-matplotlib-exercise,5353242
/abhigupta4981/pytorch-taxi,5355040
/paulorzp/one-line-new-sample-submission-mean,5352678
/agonzalez95/renaming-and-combining-workbook,10159379
/chinki86/guide-for-creating-neural-network-tensorflow,5352175
/lelexad13/manipulating-data-with-the-tidyverse-20adc7,5351235
/kerneler/starter-barchart-b8440675-7,5350626
/kerneler/starter-chart-png-4543359e-7,5350571
/kerneler/starter-flight-ee5d5d2f-5,5350262
/kerneler/starter-matrixware-research-collection-9b9ccf05-e,5350174
/kerneler/starter-google-patents-research-data-15ad2207-e,5350064
/lelexad13/manipulating-data-with-the-tidyverse-workb-a65318,5349782
/kerneler/starter-chembl-ebi-small-molecules-d2c683b9-5,5349520
/kerneler/starter-disclosed-standard-essential-8eb73838-4,5348816
/kerneler/starter-nearest-neighbors-02-4d398edf-b,5348654
/kerneler/starter-cooperative-patent-50e69c07-d,5348605
/kerneler/starter-cooperative-patent-cb5881f2-e,5348599
/kerneler/starter-nearest-neighbors-01-04f746dc-e,5348588
/kerneler/starter-human-activity-state-sequence-78de9348-5,5348261
/kerneler/starter-google-patents-public-data-efdaccf4-a,5348185
/kerneler/starter-a-large-tennis-dataset-for-atp-14f6b5ff-9,5347144
/frlhell/sentiment-analysis-text-cnn-tensorflow,6154709
/pratikshar/kernel543af101e2,5346504
/kerneler/starter-2018-ncaa-men-s-supplement-833668f3-f,5346260
/kerneler/starter-2018-ncaa-men-s-tourney-538e2d21-b,5346237
/charlopan/mark5826-week-5-576a6c,5346973
/voidschemer/exercise-your-first-machine-learning-model,5720407
/busra6297/ilk-devim,5367486
/kerneler/starter-1231qqe-1a2feb4d-2,5345127
/pratikshar/kernel345c2d73d6,5344896
/mpphughes/simple-solution-with-tf-idf-and-rf,5351537
/kerneler/starter-meta-kaggle-1b6ceda4-0,5344705
/pratikshar/kernelf3e8d8bcdc,5344912
/mihirchate95/handling-missing-values,5345371
/kerneler/starter-titanic-0e5c4132-a,5342934
/kerneler/starter-train-change-0261e17f-c,5342852
/kerneler/starter-movies-theaters-bc3550fe-d,5342310
/kerneler/starter-lexvec-a81a7835-7,5342269
/kerneler/starter-mnist-test-622561b9-2,5341794
/kerneler/starter-lexvec-3f02f90c-9,5341359
/alimpolat/alim-renaming-and-combining-reference,5341655
/zahoorahmad/exploring-donorchoose-org,5339646
/zahoorahmad/donorschoose-exploratory-analysis,5339818
/kerneler/starter-count-of-6-drawn-numbers-of-9561a630-c,5338665
/kerneler/starter-organizeflowersdataset-588e4449-b,5338099
/kerneler/starter-nys-e-zpass-usage-statistics-14b4e30e-3,5337498
/kerneler/starter-nyc-jamaica-center-bid-d169abdd-2,5337336
/kerneler/starter-ny-community-health-centers-39d67ff6-c,5337326
/kerneler/starter-nfl-scores-and-betting-data-c1792312-f,5337314
/kerneler/starter-ny-times-square-food-af63cbb3-7,5337311
/kerneler/starter-nfl-scores-and-betting-data-80af2656-8,5337303
/kerneler/starter-ny-contractor-sub-contractor-a4538e2d-f,5337285
/michalmalyska/testing-script-v3,5398203
/kerneler/starter-ny-driver-application-status-1bba243c-a,5337256
/kerneler/starter-ny-medallion-vehicles-and-a4bbb704-f,5337250
/kerneler/starter-nyc-department-of-buildings-43fa1ce7-6,5337234
/kerneler/starter-ny-civil-service-list-69272681-5,5337202
/kerneler/starter-ny-311-service-requests-d607dc56-1,5337201
/kerneler/starter-ny-construction-demolition-4012019a-1,5337184
/kerneler/starter-new-york-city-population-51bc3bc1-6,5336940
/kerneler/starter-ny-ems-incident-dispatch-data-48192c59-7,5336511
/palopoli/pmr3508-2018-f92c77d8dc,5440388
/kerneler/starter-acorn-details-cleased-data-81344abd-c,5335598
/kerneler/starter-nys-diesel-retail-price-weekly-14bbfe00-f,5334363
/kerneler/starter-nys-turnstile-usage-data-0ff143f7-4,5334354
/kerneler/starter-nys-transportation-fuels-data-b4f81d46-e,5334347
/kerneler/starter-nys-thruway-origin-and-921d4dc2-a,5334331
/pedrocarvalhaes/pmr-3208-base-adult,5377734
/kerneler/starter-adultb-5510d422-6,5332752
/kerneler/starter-honey-bee-annotated-images-d8b5a5c8-8,5332190
/kerneler/starter-nba-historical-stats-and-55616ef6-1,5331326
/lvillalobos/uber-business-analysis-of-competition,5331235
/alexandertiopan/kernel2a1a1736e8,5329899
/kerneler/starter-daily-historical-stock-prices-dbc024f1-a,5329876
/kerneler/starter-points-of-interest-poi-cdf15a96-8,5329322
/kerneler/starter-world-soccer-archive-of-79d321e3-c,5329209
/kerneler/starter-a-large-tennis-dataset-for-atp-279b9cbc-0,5328529
/kerneler/starter-magic-the-gathering-cards-bcbdd700-c,7200606
/jongwony/exercise-machine-learning-competitions-6e2ad3,5327964
/kerneler/starter-d3minjs-0812c760-0,5327375
/kerneler/starter-fish-boxes-e21e7bc2-8,5327063
/akare55/my-first-kernel,5354563
/pitoulambert/exercise-random-forests,5329978
/subratpanda/k-nearest-neighbors-classifier,5326839
/rajiv256/kernela52d79d5fd,5326274
/bercarucostin/iris-dataset,5326000
/kerneler/starter-meta-kaggle-199b8689-d,5325467
/kerneler/starter-airbnb-4869dad1-d,5324972
/kerneler/starter-dd7-input-files-1f1587f0-f,5324457
/aravindtls/exercise-functions-and-getting-help,5375001
/kerneler/starter-kqks-quantum-keystone-405efc39-b,5323980
/kerneler/starter-mnist-ex-and-labels-c1e62fdb-3,5323687
/sanketrai/neural-network-model,5327793
/kerneler/starter-output-aeddc675-1,5322394
/kerneler/starter-predict-house-price-5cb4f398-7,5322182
/kaeken/introduction-to-cnn-keras-0-997-top-6,5321062
/kerneler/starter-classification-of-handwritten-fd344722-e,5317384
/kerneler/starter-classification-of-handwritten-9b305bb8-2,5317265
/kerneler/starter-classification-of-handwritten-132e3ebb-7,5317121
/kerneler/starter-toribash-raw-states-1-5c5c9fa1-d,5316606
/kerneler/starter-bixi-datasets-88983780-b,5316599
/kerneler/starter-toribash-raw-states-2-9c2e63b1-3,5316581
/kerneler/starter-bristol-open-data-88981e38-b,5316299
/kerneler/starter-style-color-images-68c16637-4,5315635
/kerneler/starter-style-color-images-85deaf39-0,5313720
/alimpolat/alim-grouping-and-sorting-reference,5340752
/kerneler/starter-style-color-images-e6922cc5-f,5313464
/mallela432/a-deeper-understanding-of-deep-learning,5487154
/kerneler/starter-us-minimum-wage-by-state-from-c1801bc1-4,5312992
/kingofroi/kernelf1fb33079d,5312664
/cng885/cooking-lstm-basic,5345566
/frlhell/titanic-machine-learning-with-ensembles,5330651
/kerneler/starter-world-vars-839e4e85-5,5310826
/kerneler/starter-dogsonly-4002a1c7-6,5310750
/kerneler/starter-ibge-pesquisa-sobre-padr-es-ebde3c2b-f,5310696
/kerneler/starter-unet-resnet34-423ec705-0,5310619
/kerneler/starter-nifty-5-years-3ed617a7-a,5310208
/kerneler/starter-ocrdataset-5a286b62-5,5309957
/mallela432/programming-in-tensorflow-and-keras,5487114
/kerneler/starter-bulldozers-raw-8e6b26d6-2,5309014
/kerneler/starter-crawl-300d-2m-vec-c9862f53-f,5308761
/kerneler/starter-titanic-passenger-ages-4f479087-c,5308694
/kerneler/starter-meta-kaggle-e320b2c6-c,5308639
/kerneler/starter-titanic-passenger-ages-fc2d629d-c,5308559
/kerneler/starter-dd7-input-files-b84b490c-6,5308463
/mallela432/building-models-from-convolutions,5487064
/ashwath7500/digit-classification-using-densenet201,5417804
/kerneler/starter-titanic-pasenger-ages-c0c62d6d-b,5307947
/kerneler/starter-credit-data-60d84e1f-6,5307035
/renaldydermawan25/panjang-juga,5502263
/deathinsured/exercise-booleans-and-conditionals,5323889
/obrienmitch94/importance-of-setting-seed-in-model-fitting,6113348
/kerneler/starter-leaderboard-e4c3f433-5,5306026
/kerneler/starter-imdb-data-set-d9ad0803-0,5304929
/kerneler/starter-imdb-data-set-17c065b5-5,5304823
/summitamola/fork-of-fork-of-data-cleaning-challenge-handling,5304772
/kerneler/starter-predict-b4741535-9,5304350
/summitamola/fork-of-data-cleaning-challenge-handling-missing,5304304
/rpandey111/kernele072849137,5303470
/kerneler/starter-alugueis-e30c7ba4-6,5302637
/kerneler/starter-wikipedia-sentences-bf0f24e2-2,5302635
/kerneler/starter-wikipedia-sentences-995faf0c-b,5302396
/kerneler/starter-wikipedia-sentences-d0a12ce6-0,5302212
/kerneler/starter-home-credit-e8adeead-a,5301510
/swapnilbarwat/deodorant-analysis,6377596
/kerneler/starter-volcanoes-venus-253370ec-9,5300536
/wenluzhang1990/mark5826-assignment-1-778e80,5300315
/kerneler/starter-chi-ab-10-tv-60-d0c9438b-0,5299599
/kerneler/starter-chi-ad-15-tv-60-f8a6fac2-a,5299521
/kerneler/starter-lightgbm-sample-data-ae42ac9c-3,5299414
/kerneler/starter-chi-ab-3-tv-60-a6282861-1,5298767
/kerneler/starter-chi-ab-4-tv-60-49be27b9-5,5298737
/kerneler/starter-chi-ab-2-tv-60-fce3d412-9,5298692
/kerneler/starter-titanic-passenger-a89b888a-6,5297574
/kerneler/starter-nist2sp-1becc0a6-6,5297421
/thisray/forgputest,5296709
/ppinzani/summary-functions-and-maps-workbook-be76c7,5298380
/kerneler/starter-yourset-c6758f25-4,5295518
/kerneler/starter-star-wars-steganography-images-68c234e7-4,7495482
/kerneler/starter-small-openimages-7ac339b1-f,5292507
/kerneler/starter-fruits-fresh-and-rotten-for-07dc88b6-3,5292195
/kerneler/starter-used-cars-database-50000-data-f3ec2de0-9,5292127
/hongtran124/fork-of-hong-assignment-2,5291366
/kerneler/starter-edmunds-consumer-car-ratings-c56d1968-a,5290984
/kerneler/starter-logistic-regression-5919b8e1-d,5290319
/andreasgesundberg/rfs-on-dt-nodes-uses-only-first-train-file,6875993
/yarkov/bayesian-optimization,5342516
/kerneler/starter-pakistan-elections-dataset-fcccee1a-8,5288659
/kerneler/starter-pakistan-elections-dataset-3c4f83fc-c,5288629
/kerneler/starter-pakistan-elections-dataset-9e9d6001-1,5288575
/kerneler/starter-meta-kaggle-34980246-1,5288246
