/grasshaha/notebook3811c16d83,929312
/jackiezhao/notebook6fc66bb941,929273
/dinreddy/explore-explain-density-decision-trees,929248
/saltedfish/homicide-reports-1980-2014-who-killed-who-a467eb,929208
/wuxiwuhen/notebook81c2692907,929204
/ammoxine/a-journey-through-titanic,929102
/luudactam/tensorflow-deep-nn-05b7e8,929097
/bhagyashreebai/the-ntsb-aviation-accident-dataset,929065
/lseiyjg/notebook34f3e99559,929036
/lseiyjg/notebook48e8c6816c,929019
/achillesrasquinha/a-journey-through-titanic,929001
/jameskoo/notebook0725e5d6a0,928988
/lseiyjg/notebook4983556438,928957
/rockingpace/notebook840d8a43c6,928954
/lseiyjg/notebook6b0ce3b337,928948
/lseiyjg/notebookc49043700b,928945
/lseiyjg/notebook59398f2c33,928935
/ermochi/10-classifier-showdown-in-scikit-learn,928909
/lseiyjg/notebook8278ae24bc,928873
/laking10/notebookc39534c0ba,928840
/liantest/introduction-to-ensembling-stacking-in-python,928835
/nudter/a-journey-through-titanic,928815
/klarke/starter-explore-youtube8m-sample-data-5f14fe,928807
/lihongchun2007/knn-voice,928792
/creiharr/notebook2f4841dd9b,928779
/natesh2310/support-vector-machine-detail-analysis,928767
/juchika/fork-of-notebook167e813d6c,928753
/nudter/python-data-visualizations,928725
/peng0041/starter-explore-youtube8m-sample-data,928715
/zerocoder/notebook5f9e58b5d3,928696
/raghuramdr/tensorflow-deep-nn,928663
/wingsfan/simple-exploration-notebook-2-connect,928646
/anandmsdian/virat-kohli-vs-ms-dhoni-d51b48,928638
/rfliu6/script-v66,928633
/anandmsdian/virat-kohli-vs-ms-dhoni,928632
/hlchen/notebooke0fbe34b76,928611
/lseiyjg/notebook9d4a47c7b2,928586
/lseiyjg/notebook55caf1b5d5,928573
/konerukeerthi/visualizing-earthquakes-via-animations,928548
/coolingozone/starter-explore-youtube8m-sample-data-26cb30,928537
/ialghamdi/notebook815f31c3fe,928520
/vamsi023/hrpred,1526598
/akankshapkumar/notebook5adadb146d,928507
/andrewwashington/yet-another-titanic-notebook,928481
/brown471/notebookbad593148e,928474
/brown471/notebook3eaaacaa65,928470
/ianwesley/glmnet-onehotzipcode-test-r-2-81,928595
/amrutabhat/notebook27bdee33ed,928432
/brown471/cats-and-dogs-brown,928392
/agentjay/notebook168d3b3240,928359
/taniponw/predicting-show-up-no-show,928347
/anantupadhyay/a-journey-through-titanic,928323
/rnolan/notebook239d1f39ad,928314
/tplandow/starter-explore-youtube8m-sample-data,928284
/arunbala/notebook43380f679b,928259
/r2akshay/notebooka992ae2a0c,928255
/wmpowell/data-exploration-machine-learning-558dce,928225
/amitbasuri123/notebook4dee249a1c,928221
/wmpowell/data-exploration-machine-learning,928215
/torkar1/exploring-survival-on-the-titanic,928187
/msourav01/notebook01f4d274ff,928183
/feiran/notebookccfeff99b8,1256514
/xiezj12/notebook7dc1b3cc9c,928134
/rawbsmoot/notebook857804f125,928095
/kittenll/simple-word-cloud-in-python,928082
/rajath95/notebook200d9c14ec,928076
/nickzheng/a-journey-through-titanic,928073
/ekraihan/catdognet-keras-convnet-starter,928059
/johncr3/regularized-linear-models,928020
/itachi1/notebook6c7850b4e3,927999
/grindean/catdognet-keras-convnet-starter,927989
/viking714/a-journey-through-titanic,927935
/smann1208/notebook6f1a045eda,927917
/linux18/improve-perfomances-using-manager-features,927915
/zachwelz/starter-explore-youtube8m-sample-data,927903
/patelnes/notebookfd1d5ee62d,927860
/qingyun/notebooke3a5e5c6b2,927793
/ekraihan/notebook3b67a52c74,927791
/yinzongming/python-data-visualizations,927784
/brown471/submission,927750
/ystao1980/xgb-starter-in-python,927724
/jpcarnag/cat-vs-dog,927755
/anguszhang/starter-explore-youtube8m-sample-data,927640
/somrikbanerjee/fork-of-predicting-show-up-no-show,927580
/subrasan/test-subrasan,949490
/vadimmalykh/what-is-the-data,928038
/yvoninja/notebook0663216f2f,927475
/natigali/notebookd188a4ac5f,1597010
/jnfitzpa/notebook16f40caf01,927424
/vadimmalykh/looking-at-the-data,927422
/aliyaleigh/how-to-correctly-load-data-into-r,927421
/jtwessel/notebookebf8256100,927367
/cjwker/introduction-to-ensembling-stacking-in-python,927364
/jtwessel/dogcattitle,927345
/jtwessel/notebook74d32c4276,927316
/anguszhang/testfordata,927744
/sgcarey/notebooka0cfb4fe61,927257
/gshevchuk/house-prices-exploration-work,927252
/gshevchuk/notebook8694da1379,927225
/ifdys123/useful-text-preprocessing-on-the-datasets-3ebf4b,927215
/ifdys123/useful-text-preprocessing-on-the-datasets,927204
/gshevchuk/notebook6479e76c83,927201
/bigboyben/notebook8bc9af4114,927195
/gshevchuk/notebookdf905ffbaf,927187
/qpp852/titanic,927129
/sydney920/notebookdb6840a514,927079
/yajasd/first-pass-through-data-w-3d-convnet,927058
/pierretisseur/testrandom7,927040
/hanaatucl/notebookca83f06a5a,927037
/veereshelango/notebook2853ad8ab7,927036
/veereshelango/notebook17a12e49ba,926972
/jtwessel/notebookdf3a76d559,926960
/dwalker/notebookd2f39f7eca,926958
/hanaatucl/notebook5ef3b21e33,926935
/tnarik/titanic-data-science-solutions,926897
/ggggfan/full-preprocessing-tutorial,926831
/cameres/first-pass-through-data-w-3d-convnet,926803
/raghavanc/medical-appointment-project,966733
/tnarik/notebook9ad0eb1f80,926782
/gshevchuk/dataset-predicting,926770
/divby0/python-data-visualizations-a2d77e,926750
/asafle/eda-and-comparing-ml-algorithms,926791
/johnny1899/my-xgboost-with-som-and-neural-net,926861
/dmayeda/candidate-generation-and-luna16-preprocessing,926727
/johnnymedhanie/notebook341e03a730,926616
/divby0/python-data-visualizations-b361bb,926611
/markc1993/how-to-correctly-load-data-into-r,926590
/neomatrix/notebook0d8b309896,926570
/yutaoxie/notebooke864c61b32,926514
/lgadsden/notebookb8ffae53f6,926506
/nachocarracedo/notebook9857d9f0ef,926443
/divby0/python-data-visualizations,926402
/belindafranklinbarr/notebookf63744003a,926385
/divby0/visualizing-knn-svm-and-xgboost-on-iris-dataset,926377
/gynagy/neural-network-approach,926374
/wodecaoxin/investigation-movie-dataset,926349
/dustinjames/notebook80f96ddb1f,926343
/dustinjames/notebook871869f9b7,926341
/pierretisseur/testrandom432,926448
/manraj/notebookb4c4fef582,926252
/edvinus/dogs-n-cats-my-first-neuralnet,928666
/shgidi/first-pass-through-data-w-3d-convnet,926241
/barslmn/title,926230
/manraj/notebook525ba13fb9,926226
/aleksandricm/working-it-out,926223
/catogonzalez/full-preprocessing-tutorial-test,926216
/jasonkreinberg/notebook0c942ec64c,926207
/yukiwng1992/notebookb650bb986a,926197
/giansegato/testing,944078
/mikemend/notebookd8452deb15,926232
/orvonian/predicting-show-up-no-show,925990
/saeiddadkhah/pytanic-0-rf,926026
/byandby/notebook55d8cf0448,925970
/rickyhennessy/notebook909895d9a7,925924
/mekykemy/regularized-linear-models-e3718a,925915
/olatyu/notebookf5bb0b3133,925859
/zachwelz/test-notebook,925837
/yuntdeng/interactive-intro-to-dimensionality-reduction,925719
/qorbanpour/do-managers-matter-some-insights-on-manager-id,925699
/lordaltair/a-journey-through-titanic,925661
/halbuquerque/notebook387a151713,925655
/jeanmartin/title-of-the-script,925761
/hanaatucl/fork-of-homedepot-fixtypo-4d6774,925630
/hanaatucl/fork-of-homedepot-fixtypo,925626
/hanaatucl/data-exploration,925582
/derufal/introduction-to-ensembling-stacking-in-python,925557
/hanaatucl/notebooke886a8442f,925526
/olatyu/notebook3ea82e14ee,925520
/hanaatucl/notebook5fee9b8986,925516
/mrinalim/first-pass-through-data-w-3d-convnet,925483
/bogtudose/notebookbd4616fb6c,925369
/itstrevor/notebook4c04a9e3fa,932663
/adopheide/terrorism-the-peace-process-in-northern-ireland,925339
/shrimp/simple-exploration-notebook-2-connect,925331
/jfv1995/fork-of-notebook34c39df4b8,925314
/kchoi9/tensorflow-starter-kit-fixed-6d3793,925169
/juanli/notebookfcc962aa57,925143
/shadowfax61/fork-of-initial,925137
/ld0404/notebook616d2fa28a,925076
/hym430430/notebook173ee2d224,925057
/andrewtrice/candidate-generation-and-luna16-preprocessing,925049
/marcosamaris/test-py,925010
/yuntdeng/170223getstart,924995
/kummie/notebookc8c9a3742d,924953
/mikey4170/notebookaf365cef59,924818
/kchoi9/tensorflow-starter-kit-fixed-f95004,924751
/dummydata/text-analysis,924735
/kchoi9/tensorflow-starter-kit-fixed-cad413,924722
/codebat/notebook5b1f442e88,924696
/kchoi9/tensorflow-starter-kit-fixed,924670
/aikinogard/frequency,924655
/kchoi9/catdognet-keras-convnet-starter-22ad1c,924645
/zliang/notebook1e394e60aa,924630
/uj2295/full-preprocessing-tutorial-8051ac,924627
/dls229/notebookde2570094b,924590
/iamparthsinghal/simple-exploration-notebook-2-connect,924566
/zliang/notebookdcb0d04a53,924555
/lordx3nu/notebook39a87263dd,924481
/uj2295/full-preprocessing-tutorial,924469
/mark12345an/randfor,924464
