/yungparse/housing-sales-analysis,721248
/pelham/fast-exploratory-data-analysis-in-r,721224
/clokar/hellokaggle,721222
/kata189/company-work-force-analysis,721199
/karmkons/full-preprocessing-tutorial,756377
/gavr97/a-journey-through-titanic,721190
/mushray/python-data-visualizations,721183
/snowhitiger/full-preprocessing-tutorial,721180
/meliho/ghosts-n-goblins-n-neural-networks-lb-0-74858,722062
/phstudy/notebook72a0ee73aa,2595029
/snk2210/full-preprocessing-tutorial,721129
/marvenbr/python-data-visualizations,721093
/kittarzan/titanic-tutorial,721077
/moidhasan/a-journey-through-titanic,7574662
/shenli/full-preprocessing-tutorial,721033
/spotineni/notebooke5cb9125d9,721018
/antgoldbloom/notebook28e9b28843,720989
/randhawp/a-journey-through-titanic-eb288ff1,720971
/ajulian/full-preprocessing-tutorial,720968
/aviaratzon/death-metal-s-development,720920
/romualdj/full-preprocessing-tutorial,720895
/miyung/notebook832ee8c006,720857
/mikesch/notebook42e685d0ad,720835
/sypher/some-baseline-solutions-for-prediction-problem,720834
/ridasat/classification-of-student-marks,720821
/ivanbaj/notebook653bc917b3,720813
/funkyfog/full-preprocessing-tutorial,720786
/tapan05/notebook782b880ae1,720779
/pasenor/full-preprocessing-tutorial,720765
/sonaam1234/mdoel,720882
/funapi/detailed-cleaning-visualization-python,720726
/nanar69m/titanic-survival-prediction-end-to-end-ml-pipeline,720702
/luizhenriquesoares91/analise-de-dados-titanic,720686
/aojjang/notebook4838aaf266,720626
/syniuhin/full-preprocessing-tutorial-7a44500f,720620
/dvirfalik/notebook6d26d889c4,720610
/jeffd23/notebookab86752102,720573
/invariant47/housing-sales-analysis,720572
/clairvoyance/notebook5018fab162,720533
/kangway/notebook38998c551d,720513
/ahtesham/notebookc984911b44,720482
/chenghuasun/titanic-data-analysis-and-machine-learning,720462
/lmartins/detailed-exploratory-data-analysis-using-r,720426
/ek2660/the-console-wars-ps-vs-xbox-vs-wii,720412
/funapi/regularized-linear-models,720400
/kirillal/notebook85d23e62f4,720393
/sonaam1234/titanic-survival-prediction-end-to-end-ml-pipeline,720362
/terravic/lung-segmentation,720337
/juliannahan/user-data-exploration,720335
/redesignmymind/escape-from-poverty,720334
/zhaoshu2/notebookcd8485ea70,720333
/juliannahan/notebook105b1b1ba6,720326
/shixw125/can-we-improve-by-increasing-variance,720310
/terravic/full-preprocessing-tutorial,720290
/begreen/intro-1,720296
/binhuang/image,720266
/pujakumari/notebooka22860bf63,720225
/usixuz/finding-boatids,720222
/erikbebernes/notebook564566d2fb,720169
/arnavkj95/notebook9b49a767c4,720167
/zhanxw/test001,720143
/erikbebernes/notebook17e53a65af,720141
/jiaminglin/full-preprocessing-tutorial,720118
/shypila/bkgsc,720124
/nasserm/rf-features-importances,720106
/davidchansen/counting-files,720073
/malr87/lung-segmentation,720038
/elliotw/full-preprocessing-tutorial-aa268ba1,720037
/simonnotley/onlinepythontest,974193
/linw1995/notebook1880426eb2,720006
/avicenna/nips-papers-visualized-with-nmf-and-t-sne-c59a961f,719998
/gimix040/notebook41e02a7a70,719995
/deepjyoti/notebook71c9676041,719964
/deepjyoti/notebook755f334027,719963
/newman123/notebook344e8762b6,719943
/therussianfella/notebooke8c2e9d9f7,719918
/sherryvvv/notebook5c9d5cea83-9f34f06d,719915
/caocongcong/a-journey-through-titanic-9f26c020,719892
/caseyftw/notebook0242f24c39,719884
/danielll/notebook2a95b061fe,719881
/chrisyohann/notebooka27334be72,723997
/chrisyohann/notebook25d1240b14,719739
/rishikhanna/finding-boatids,719734
/hesimin123456789/notebook89c32d18ea,719710
/stiane/mobiles-titanic-journey,719695
/bcg0006/titanic-survival-prediction-end-to-end-ml-pipeline,719693
/wasdee/nans-co-occurance,722535
/dehouckt/notebook7d9ac265e0,719676
/yang2217556994/a-journey-through-titanic-1a0e6dda,719662
/yang2217556994/a-journey-through-titanic-21d2bee0,719661
/dehouckt/notebook97c8aac568,719637
/dehouckt/notebook534dfc77ef,719631
/ebrion/full-preprocessing-tutorial,719611
/fast72/generation-unemployed-interactive-plotly-visuals,719508
/gvorik/notebook4bf93119c4,719466
/kingaza/full-preprocessing-tutorial,719448
/eshanashfaque/notebook-fork-test,719428
/wasdee/house-prices-explore-features-and-xgboost,719425
/testy123/data-analysis-top-500-cities-14860577,719373
/prince2502/first-random-forest,719462
/mraykay/nothing,719355
/jayana/notebook336a971a99,719318
/lucienfregosi/notebookc2c505e514,719278
/yennanliu/notebookd03e59d992,719264
/tarekallamjr/full-preprocessing-tutorial,719238
/andremarreiros/notebook95d3c61501,719232
/magnolia94/fork-of-mangues-du-burkina-92b7e8e4,719219
/phumlani/notebookfac479c731,719125
/anilverma/python-eda-and-data-visualization,719118
/hira221/create-dataset-with-tensorflow-d08ec681,719115
/eswarl/first-step,719104
/liyufeiat001/generation-unemployed-interactive-plotly-visuals,719069
/shivinder/data-analysis-top-500-cities,719065
/arjoonn/scoutscript-2,719056
/sumitgames/notebook0ab2d46bda,719044
/invariant47/notebookfda3a3cd7d,719027
/syniuhin/full-preprocessing-tutorial,719026
/hira221/create-dataset-with-tensorflow,719006
/shailjathakur/catdognet-keras-convnet-starter-97876454,906979
/andrewpelton/notebook017d2e9ca2,718996
/omega001/notebook18a89dacbc,718991
/omega001/helloworld,718989
/luizhenriquesoares/notebook0a67767cbb,718976
/luizhenriquesoares/notebook97f2bd2738,718975
/ahmedpyarali/notebook160c9af41b,718929
/rybakovw/titatnic-1,718914
/phirwe/frank-first-test-4948d378,718900
/phirwe/frank-first-test,718898
/napitupulujon/full-preprocessing-tutorial,718894
/mounika5/relevance-of-a-search-result,718869
/adamwong/classifying-user-gender-based-on-tweet-text,718849
/elliotw/full-preprocessing-tutorial,718823
/liyufeiat001/full-preprocessing-tutorial,718821
/kbschent/notebook20804f8850,752205
/skannelu/decision-tree-visualization-submission-sravanik,718964
/linw1995/myscript,814653
/dearkafka/full-preprocessing-tutorial,718718
/blackeagle911/notebook0a5fc8d98b,718694
/blackeagle911/notebook942e98400f,718692
/kloneffekt/notebook06252587e6,718662
/ssuren/notebookeb776a0953,718646
/tanguylaheurte/generation-unemployed-interactive-plotly-visuals,718592
/audreyqvial/notebookc2cff5ba3a,718561
/pauleuh/notebook8b5f17acb4,718540
/technorati/titanic,719057
/gerond/explore-nyc-uber-trips,718486
/aminahmadi/gendervoicerecog1-using-knn-and-feature-selection,718459
/zww523/notebook0ff3500621,718449
/anastasia874/a-journey-through-titanic,718445
/metrox/notebookc666574e40,718444
/zww523/exploring-top-500-cities-data,718443
/liheact/fish-detection-0cbad36e,718433
/kinjaldand/fork-of-notebook27f88bc380-23005686,718424
/mayankthp/tensorflow-deep-nn,718399
/ellatenbarge/notebook64d0b82c60,718390
/oduvan/notebook36465f353d,718383
/syxz0211/notebook0334a42be3,718366
/zaythedatascientist/finding-boatids,718362
/hyshenml/death-metal-s-development,718349
/agusnurh91/notebook8648deafca,1526747
/purpleslz/notebook583d821daa,718294
/scottdbl/exploratory-study-on-ml-algorithms,718290
/hyshenml/bengali-digit-image-processing,718289
/prvccy/titanic-survival-prediction-end-to-end-ml-pipeline,718276
/gaelangu/the-console-wars-ps-vs-xbox-vs-wii,718260
/kartikeyaj0/notebookd4c1eaf70e,718240
/adeshgautam/notebook8f891a8596,718229
/meyoung/slice-visualization-with-interactive-widgets,718221
/fabmilo/full-preprocessing-tutorial,718175
/tonychanyt/1-machine-learning-classification-algorithms,718157
/arnavkj95/notebook6df73353e7,718107
/shoumikchow/notebook9a23065c62,718092
/bmabir17/digit-recog-fully-connected,718085
/lonelyrobot/mnist-fully-connected-nn,718077
/subbaiiit/introduction-of-principle-components-analysis,718067
/davidhou/simple-attempt-on-leaf-classification,718071
/lonelyrobot/notebookce62bc327f,718055
/janicalam/sentiment-classification-in-5-classes-doc2vec,718041
/notbadday/detailed-cleaning-visualization-python,718033
/babamioseng/classifying-user-gender-based-on-tweet-text,718009
/babamioseng/notebookfde4465340,717997
/onlyricks/notebookf1bb00d5c9,717977
/shoumikchow/simple-svm-model-for-classifying-voice-by-gender,717955
/bmabir17/voice-recognization-with-svm-linear-kernel,717953
/smap8109/notebookd79713cb29,717892
/santhoshuj/traindata,717875
/rheasukthanker/text-mining-with-sklearn-9a729f44,717874
/athroughz/global-terrorism-trends-animation,717868
/rheasukthanker/text-mining-with-sklearn,717867
/courins/full-preprocessing-tutorial-67230417,717858
/courins/full-preprocessing-tutorial,717855
/dhruvora/notebook21e2642999,717845
/mcleodx/exploratory-data-analysis,717781
/gshevchuk/exploratory-notebook-v1,717775
/prosun/notebook7e108f0dad,717770
/arnavkj95/notebookdd0ea3a7fb,717734
/guardian1992/ffffff,717696
/guardian1992/notebook288681e23d,717694
/keithkwok/full-preprocessing-tutorial,717671
/vasanth1trots/a-journey-through-titanic,717659
