/husenzhang/mobile-phone-activity-exploratory-analysis,443742
/dongsky/233333333-py,443732
/vikaasvarma/notebooka265544c55,443725
/aroseblue/notebook6544973b79,443723
/psrinivasalu/predicting-epl-scores-for-fun,443704
/dsheikh/notebook43d82e81c2,443702
/nickrobinson/allstate-claims-severity-analysis,443701
/erickruiz/cs145-pca-red,471667
/pmathur/map-of-temperatures-and-analysis-of-global-warming,443666
/ingrid/tensorflow-1vs1,443658
/rishisankineni/notebookbf81330569,443654
/wenjianhukaggle/exploratory-study-on-ml-algorithms-d0ab49f4,443634
/zhenhou/simple-eda-feature-transformations,443595
/jaustinj/visualization-and-analysis,443578
/jipannyc/notebook892f0bf7f5,443561
/gray2000/notebook40d7c0e385,443530
/jaustinj/pokemon-analysis,443513
/cristivlad/the-most-predictable-league,443507
/florianriche/notebook6ee602d22b,443455
/olbustosa/regularized-linear-models,443437
/florianriche/notebook7e4d99a23f,443436
/florianriche/allstate,443432
/dacoconuttman/notebook3650ceea77,443406
/fzhu65/notebooke938fc23dc,443401
/henrykmichalewski/keras-starter-script-with-batch,443458
/yuyang339/notebook4ded58c13c,443383
/passionofml/notebook92421c6250,443377
/rakshasunil/notebook99665c9bb9,443376
/pcminers/new-python,443368
/acconciamessa/notebook97330df473,443365
/weenkus/tensorflow-convnet,443362
/romannazarov/a-journey-through-titanic-b7913e67,443361
/garethjns/notebook49446cbd7e,443349
/kanishkapsingh2/classification-using-nb-gaussian,443348
/cloclo/notebook3034551cfb,443345
/scy1505/titanic-data-set-an-intro-to-data-analysis,443339
/captainrogers/analysis,443328
/prolinea/notebookd416a7477f,443324
/nicoleeel/organizing-data,443323
/dplt280/notebookbb27513d84,443296
/bvanusha/detailed-data-exploration-in-python,443295
/lsabetti/regularized-linear-models,443262
/wenjianhukaggle/exploratory-study-on-ml-algorithms,443260
/lucifertian2010/notebookf1685be083,443251
/julienlondon/notebook2e8c76a3eb,443249
/douglaspicolotto/a-journey-through-titanic-f5a35407,443248
/dmitriic/reduce-size-of-dataset-to-1-gb,443216
/alijs1/testing-some-numbers,473402
/pointer/simple-gbm,443359
/akhmetov/reduce-size-of-dataset-to-1-gb,443197
/ssu008/exploratory-study-on-ml-algorithms,443196
/daihongxia/notebook02c0c3eedd,443193
/oustad/python-data-visualizations,443190
/danieltremer/notebook7b67b217fa,443185
/akaakaaka/notebookff7daf258e,443165
/akaakaaka/notebook853c360599,443164
/eww125/import-tensorflow,443163
/samanthajeyakumar/titanic-machine-learning-from-a-disaster,443154
/manojsukhavasi/python-data-visualizations,443150
/youssraelqattan/notebook57b5b7b581,443134
/olivender/notebook1a70fae200,443133
/alvinjamur/tensorflow-deep-nn,443128
/aleksey22/notebook726fc968d6,443116
/balintfodor/notebook862f82326c,443114
/mhnaomi/notebookd5f3579856,443108
/ritu71/notebook8d28dc1b17,443107
/rjonczy/pokemon-analysis,443106
/abdimo/a-journey-through-titanic,443100
/feliper2/notebook1f2a354063,443092
/allenfrostline/notebook472c21ce6d,443091
/rdunks/python-data-visualizations,443051
/martinbrogren/notebookbc4e3c3fb3,443005
/aritra8195/notebook4296724195,442986
/aritra8195/notebook5a6c272a83,442983
/saltthehash/notebook70bf2ede6b,442969
/talyakar/detailed-cleaning-visualization-python,442968
/louisguth/notebookdc000e2b38,1614557
/chanchope/magic-feature-visualization-c7f6d1fd,442966
/marcovaccari95/a-journey-through-titanic,442964
/frenchy/notebookb641d44e2a,442958
/ftraian/notebookd3264ae1e9,442956
/mariopv82/notebook3054d827af,442949
/chinwee/notebook9f07287f69,442948
/sxlinda/notebook0820a8610f,442941
/minjkang89/could-the-titanic-have-been-saved,442940
/witneschan/let-s-explore-and-classify-monsters,442939
/xdcoder/detailed-cleaning-visualization-python-49688d60,442918
/tehonda/notebookf0969c4c3a,442914
/addmeaning/detailed-cleaning-visualization-python,442913
/yasminamekki/notebook6f9f274470,442905
/oliveryh/notebook090ca57601,442903
/shenwilly/a-journey-through-titanic,442897
/esli88/notebook9ebdcc0fa0,442896
/lucifer1/the-money-makers,442888
/faganok/notebook2da100accc,442884
/odysseask/basic-neural-network-using-tensorflow,442882
/marketmaker/notebookb6a41144f0,442873
/sinasanaei/the-most-predictable-league-dc28f440,442820
/raphaeljaiswal/notebook5735aa7e4f,442795
/jianfengchi/mislabeled-training-images,442792
/jianfengchi/data-augmentation,442899
/jingqiwenhao/simple-exploration-notebook-v2-0,442739
/qmaruf/detects-83-of-fraud,442720
/busybee13/notebooka80393661b,442670
/sirishachodisetty/worldwide-unemployment,442662
/apoorva6/house,442650
/yifant/python-data-visualizations,442649
/napstar/notebookc62c1dd8d8,442648
/jtrinc/notebook96c6881359,442646
/mikell/neural-network-through-keras,442645
/xingkong159/notebook26f7827173,442641
/alexwangbin/let-s-put-the-auc-score-issue-to-rest,442634
/nikhilgupta05/python-data-visualizations,442595
/leolau/notebook4ebd858b98,442580
/shunonoda/notebook954f020869,442567
/shunonoda/notebook50e777f24e,442551
/xiaobinzheng/notebook3b822cda8e,442503
/r0hitgupta/map-of-temperatures-and-analysis-of-global-warming,442487
/pankajtamhane/titanic-machine-learning-from-a-disaster,442486
/prathamesh3103/script-on-h2o,442474
/xdcoder/detailed-cleaning-visualization-python,442468
/hubery/r-analysis-maps-with-streetview-4ec0eb10,442442
/lakeri/tensorflow-1vs1,442441
/jaykol/exploratory-tutorial-titanic-disaster-f3bfa4db,442428
/jay994797/exploratory-tutorial-titanic-disaster,442427
/demetripananos/notebook12939cadd8,442422
/jasonjang/titanic,442450
/gologer28/notebookdb4bd062dd,442386
/jasonjang/digit-rf,442379
/pcalderon0711/seaborn-tutorial-exploration-with-pokemon-data,442378
/maroofmf/a-journey-through-titanic,442367
/nightshade7/notebook018193cca4,442357
/c1ozbek/notebookb9f7ad4d91,442353
/oleght/notebooked5b1ef740,442348
/ranjanbalappakaggle/credit-card-fraud,442340
/nightshade7/titanic-for-python-3,442337
/jasonjang/digit-recognizer,1804117
/inlovidual/hello-ds,442311
/inlovidual/python-data-visualizations,442304
/qdpercy/first,442299
/luthfib/thiss,442279
/nicort/image-augmentation-with-keras-and-output-into-csv,442277
/waelouf/notebook6dfe0ebd5d,442269
/pankajtamhane/product-recommendation,442266
/kenin815/tests,442265
/msaber/my-first-script,442322
/coderdennis/titanic-random-forest,443737
/ybshah/a-journey-through-titanic,442239
/jiaojiaoloveu/notebook518ae93f4a,442226
/yobaba/helloworld,442223
/aliencat/notebook1a17bce9bb,442190
/cheerygirl9/notebookd3e8aba74d,442183
/muhammedeltabakh/notebook5cd937f160,442171
/azouni/python-data-visualizations,442158
/guysagy/notebook47a3a1ba79,442154
/ptr106/notebook7b3d554d54,442133
/richardwall/west-nile-code,442131
/tkm2261/notebooka5d51a8d9d,442129
/norakurian/visualizing-pok-mon-stats-with-seaborn,442122
/pjeje323/building-a-prediction-model,442121
/renancetauro/first-try-ml-titanic,442117
/renancetauro/teste,442116
/shawnv/seizure-boost-0-6-lb,442110
/carlossantos/notebook18bec9ad3d,442104
/shawnv/a-journey-through-titanic,442096
/bluemarlon/exploratory-study-on-ml-algorithms-2776c0c5,442093
/robburke/tensorflow-deep-nn,442091
/bonniewu/exploratory-tutorial-titanic,442080
/sevendeadlysins/knn-from-scratch-in-python-at-97-1,442065
/erickruiz/cs145-script,442057
/gakutobinobu/notebook671eff92b7,442039
/jimmy21/omg-nlp-with-the-djia-and-reddit,442023
/cac815/titanic,442019
/jimmy21/stock-prediction-with-nlp-and-xgboost,442012
/ticmacar/if-football-players-were-betting-on-themselves,442001
/marketmaker/test123,441998
/fuhang/notebook2a373c3c0d,441995
/marketmaker/visualizing-pok-mon-stats-with-seaborn,441994
/memery44/catdognet-keras-convnet-starter-bb3c1703,441993
/awildeman/regularized-linear-models-ff7723fd,441990
/shashanksingh/notebook919022b07f,441979
/leesutton1/notebookfcda278868,441978
/frenchy/notebook6def8f0b0d,441954
/mindcool/feature-extractor-matlab2python-translated,441951
/awildeman/regularized-linear-models,441935
/drasive/exploratory-analysis-and-predictions,441925
/macrogers/pod-exploration,441919
/macrogers/notebook8bf83ed7e4,441914
/frenchy/notebook870bf4a618,441908
/pvithayathil/notebook2561579599,441906
/seandmcclure/notebook4b5c9a7909,441892
/rohitjacob/notebookecd8d4cd3c,441889
/projetosdatamining/notebookfd9f37efea,441882
/ashakeel/detailed-cleaning-visualization-python,441879
/alisalamah/twitter-wars-trump-v-hillary,441854
/bluemarlon/exploratory-study-on-ml-algorithms-a8333658,441838
/miwachu/understanding-xgboost-model-on-otto-data,441837
/ticmacar/hitting-the-jackpot-accumulator-betting,441823
/vasanthegde/a-journey-through-titanic,441781
/ahaque/notebook0437e546b9,441764
