/jialiu2/notebook0632057f22,1071871
/shraddha1994/notebook5b64936bc4,1071862
/rikith/tests,1071852
/nitinvijay23/notebookbd6a46f384,1071813
/akshesh/notebook2feb251630,1071799
/pcanthony/notebook12e59ab89a,1071798
/vinamer/notebookb14e2c10b6,1071794
/minto4644/notebooka73f60057a,1071782
/ireneyoungaha/notebook552bfcc704,1071757
/ireneyoungaha/notebook042ea36d08,1071756
/sanjliraorane/notebook312cd0fb0e,1071751
/xiaohuilu/notebookebc9050d00,1071741
/surmenok/notebooka3527c830b,1071740
/vijayiitk/an-interactive-data-science-tutorial-e67527,1072940
/euler1998/notebook27f2e20698,1071706
/purepython/notebookae7d5a7730,1071703
/sarkars2/notebook1e954544b6,1071697
/sanday/notebook2294e722ce,1071678
/zubairahmed/xgboost-with-cv,1071657
/dongzheng/notebook9f4622bfed,1071639
/pdogra/notebook2dfa6fd34e,1071635
/xzccix/notebookc7fc1d0d87,1071627
/b71829869/notebook572a3f3326,1071617
/b71829869/notebook40481e70de,1071615
/oldingboy/notebooke5d0eeb671,1071595
/hengzi/notebook198e4e056b,1071575
/brandao/xgboost-version2,1071624
/swathijayavel/notebookf8cb70b5a0,1071564
/abhinavagarwal/notebook0b403c2809,1071540
/unsweric/notebookd81a0a2a99,1071538
/danielhanchen/notebook329c69e57f,1071537
/jackchen135/notebooke9787c306e,1081216
/bsukkala/notebook9058ce4e25,1071525
/xujinhua/notebook462f7de77c,1071513
/tylerlindell/notebookc3b6ae5f79,1078573
/xujinhua/notebook8b326fec94,1071504
/hctsaie/notebookd2a832018b,1072377
/bzsjr916/09161,1071437
/yadu4992/notebookcafd51fd40,1071416
/lkroloff/notebook24b0684812,1071413
/flynsequeira/notebook7b7e8afc5e,1071394
/hconner2/notebook84de705adc,1071390
/hconner2/notebooke1edc1587e,1071389
/purepython/notebookf9e4ccfd8d,1071559
/purepython/notebook71752d41fb,1071380
/purepython/notebookae9583d64f,1071375
/aljandro/notebook2966820cdd,1071374
/aljandro/notebook43f527eecc,1071373
/div786/notebook68031258b7,1071371
/div786/notebookd9fcdde769,1071370
/gkjohns/notebook2d7d05a044,1071366
/gkjohns/notebookbc1de01b4c,1071364
/ireneyoungaha/notebook61b1bab698,1071352
/vishkegg/notebook5f897f8e4e,1071347
/ahyeonh/notebook594d2b6930,1071324
/shumakaggle/notebook9d880a88ab,1071358
/jaspreetoberoi77/notebookf72b75df0a,1071259
/zaighum47/notebooke63fe4adbd,1071234
/rats001/notebook03bc00cb66,1071205
/zaighum47/notebook94e43eb699,1071192
/zaighum47/notebookdaeed8d8ee,1071161
/iamthenyu/notebook49f8536ab8,1071095
/datikalabs/notebooka504f9e091,1071068
/clouddd/notebook4c41f881a6,1071063
/curiousbear/notebook7c8b478dbc,1071061
/akshaybrijpuria/notebook8f89f6c45b,1071060
/oge1977/notebook44fa7815c9,1071038
/lkroloff/notebook285a31739d,1071033
/smruthi3131/notebook04a401f999,1071029
/panaggiottis/notebook5e9dfd38b4,1071011
/nealzgu/firstnotebook,1071005
/jjvanman/titanic-first-experiment,1187594
/singhvivek/notebook2f1f5b335e,1070998
/bpali26/extracting-my-superfood-from-foodfacts,1070988
/mgolfi/notebook9dc11944e9,1070973
/vionaq/notebook946b0ed958,1070969
/elty94/test1,1070968
/lkroloff/notebook9bdbfcb205,1070939
/rsanches/notebook218c020ad5,1070937
/lkroloff/notebook9cc81ee1ec,1070933
/jaihinduj/script,1070926
/huseyincelik/notebookc0a6ff6dbb,1070917
/molix26/notebookad6fc9e1cb,1070916
/ratkinson/notebookc7ae26a165,1070915
/jxlxhlq/notebookb35f0eebac,1070879
/willtsao/notebook1cc1d32dca,1070878
/ltanzi/titlu,1070872
/nikhil2008v/notebook83414e997f,1070867
/nikhil2008v/notebook1e50d6cb06,1070866
/avinash29/drinking-water-availability-state-wise,1077205
/wlegrange/willie-titanic-survival-kit,1070859
/wol4aravio/tempo,1070829
/vworri/notebookd2f2611578,1070820
/txstatebmb/starter-script-with-xgb-in-r,1070814
/edubot/notebookd757cfff4e,1070804
/arjoonn/notebook4a40e07a29,1070796
/sebaix/titanic-ml,1448141
/sebaix/notebookd4dbd8fad1,1070784
/tezdhar/cv-statistics-better-parameters-and-explaination,1070774
/colingrodecoeur/notebookef52a6041b,1070758
/molix26/test1titanic,1070750
/ritgoe/myhranalytics,1071843
/ashishashi/notebookd35badbd91,1070732
/molix26/notebookc083e4a61b,1070728
/kevinhp/notebook8d91f5a64d,1070713
/thegenuismentalist/test-1,1070685
/tehslappy/notebookd2831f4b8a,1070676
/shubhamraj/notebook0466053e58,1070669
/shubhamraj/notebookfae3aa9f47,1070667
/obknik/matching-que-for-quora-end-to-end-0-337-857792,1070754
/ccortez/notebook750a3916ed,1070661
/obknik/an-interesting-solution-90-accuracy,1070657
/yihming/notebook2aaa39f866,1070650
/mfernandex/notebook50988ba695,1070647
/reetawwsum/notebook664fe4e9db,1070645
/reetawwsum/notebook7ab17c72e7,1070643
/odunboye/notebook0f3423876c,1070636
/chaitanyapusuluri/notebook600c64a3ec,1070633
/lechuh/notebookf2acb2ac01,1070610
/ssybb1988/notebook93099471ee,1070554
/iver666/t111111,1070547
/iver666/notebook8f5ea72417,1070544
/zzjin13/notebook0dd0211d49,1070526
/dongjinlai/notebook103afd8bbc,1070513
/dingpeng/notebook0303a8bc93,1070494
/xieyufish/notebook182a65e373,1070475
/andohuman/notebook40cf85bb4d,1070467
/ansul2608/notebookdfaaa5f754,1070432
/robinlai/stacking-starter,1070430
/joduis/import-data,1070420
/hnlee527/notebooka5b383f4ef,1070413
/unudurdas/notebook6b048fa28e,1070412
/petterhg/finding-dot-positions,1070410
/yoannjanvier/data-analysis-xgboost-starter-0-35460-lb,1070407
/petterhg/notebook82a148daac,1070406
/gwwang/keras-cnn-with-over-99-accuracy-ecf3ae,1070327
/sukanyanath/notebookcdeb4739ac,1070324
/apurvachowksey/notebook4ee7eda67f,1070311
/pierretisseur/keras-vs-cancer237,1070278
/jeffpohlmeyer/jvp-titanic,1070247
/jayyin/titanic,1070228
/rssisodiya/notebookd8615dc4e3,1070214
/kapetis/notebook812fd38b44,1070208
/niallbrickell/notebookdeadfff893,1070144
/apiccion/first,1070271
/apiccion/notebookea6bf0c082,1070119
/thomasfermi/learning-the-basics,1070111
/psonkar/notebookdda9b731a5,1070108
/mayankdhingra02/notebook5136f09220,1070107
/pawel197/notebook1070b397fb,1070102
/akhil23uchil193/notebook28fe47e28b,1070098
/barslan/notebookde6be3eba6,1070069
/baruchiro/notebooke637c73234,1070048
/cclzxl/notebook906d677e55,1070011
/heenabakhtiani7595/notebook6e2d8968ca,1070001
/jayyin/notebook06638c39ed,1069982
/changlab/notebooka9fad28d98,1069973
/zhuangh/notebook29e8f97bd5,1069970
/satilewang/notebook8c5f4abc4d,1069953
/nwhisper/principal-component-analysis-with-kmeans-visuals,1069949
/dingpeng/notebook7507294f14,1069948
/dingpeng/notebook444d0e30c0,1076589
/vipindas/quora-v-4,1070139
/nwhisper/notebook90fe970c3c,1069921
/rosettast/notebookd571120663,1069911
/vaishnu/notebook841dc9cb24,1069906
/vaishnu/notebookdcf9baadf1,1069905
/miibotree/candidate-generation-and-luna16-preprocessing,1069899
/sohinibhattacharya86/flowpath-viz,1069896
/sohinibhattacharya86/xgboost-reg-linear-lb-0-485,1069895
/jayyin/notebook267d12df1a,1069881
/xujinhua/notebookfb169cf1f9,1069879
/vaishnu/notebookbabc711fc5,1069876
/jayyin/notebook3e180a6715,1069871
/lasiadhi/notebook0be952b2e9,1069854
/binroo/notebook3bc7bc96e6,1069849
/binroo/notebook6566993791,1069841
/lasiadhi/test-tissue,1069834
/pinocchio/notebook109ae67e1d,1069824
/lasiadhi/notebook4b9d2cd0be,1069820
/narendoraiswamy/notebook4e19e54b1b,1069802
/rohan23/titanicnew,1069803
/hc2016/20170409,1069792
/prakashanand/notebookfe30153523,1069787
/rohan23/notebook63f9786791,1069776
/xxczwl/titanic,1069768
/benjiang/notebook9701f5f33e,1069765
/prasunmishra/notebookd7c6cf99e3,1069758
/ramjir/notebook59ab22de03,1069731
/ecdraayer/painter,1070761
/vipindas/quroa-v-3,1069724
/eaglem/notebook2e2e1ecc21,1069722
/ziechen/tutorial,1069714
/tiddi143/notebook25f749dfa0,1069696
/vipindas/notebook1913da7856,1069693
/blackthunder98/notebookebe3d1c378,1069674
/yeoldefogey/notebooke01b778944,1069662
/bubbafat/stacking-starter,1069677
/sonnetjolt/notebookc972e08ae9,1069623
/hjhjpark/print,1069615
