/mnguy127/notebookd985094788,812249
/mnguy127/test-notebook-1,812221
/yonzhang/comparing-random-forest-pca-and-knn,812200
/panda1023/random-forest-benchmark-r,812169
/nathaniel/full-preprocessing-tutorial,823618
/linghuang/notebook035faec0cd,812099
/cpngo0/exploring-features,812074
/sentdex/next-steps-after-full-preprocessing-tutorial,812064
/sahilrggupta/fork-of-a-journey-through-titanic,813816
/scaevolan/initial-exploration-when-events-occur,812037
/gaomrx/exploratory-analysis-visualization,812006
/xidorn/notebookb28f4c96b9,826487
/anjaneyaprasad/notebook00b5ec9109,811946
/taoari/titanic-random-forest-82-78,811927
/taoari/notebookd3238ab02c,811908
/jeffstahler/candidate-generation-and-luna16-preprocessing,811894
/adrianlsk/data-imputation-aguah-water-consumption-8c4fad42,811865
/jmcg862/notebook232c4326e8,811833
/sushize/full-pipeline-demo-poly-pixels-ml-poly,811828
/taoari/a-journey-through-titanic,811752
/anna93/deep-learning-in-the-deep-blue-lb-1-279,811688
/nzewail/iris-classification,811683
/nzewail/notebook8b9a6af36c,811672
/nzewail/dem-or-gop,811667
/manishranjan0805/studying-titanic-data-and-creating-features,811651
/alanxu89/full-pipeline-demo-poly-pixels-ml-poly,811619
/damel21/republicans-and-democrats,811607
/shafiee/tensorflow-starter-kit,811602
/anna93/regularized-linear-models,811591
/kankyu/spinal-abnormalities-an-ul-approach,811580
/majidmortazavi/keras-convnet-lb-0-0052-w-visualization,811536
/maximuz/notebook3286de68ac,811517
/nazoulay/titanic-competitionb,880560
/wiseguy/full-preprocessing-tutorial-5a7dad2b,811435
/xubingran/an-interactive-data-science-tutorial,811415
/jameshvk/pca-and-regression,811600
/jamartis/notebook2787c9a3b1,811377
/ommirandap/exploratory-earthquakes,811364
/jacobinski/full-preprocessing-tutorial,811342
/shahir/full-preprocessing-tutorial-ab562b59,811330
/edabel/testscript,811322
/ltmico/full-preprocessing-tutorial-d1d9fb4a,811308
/ajulian/notebook0c2813cc87,811288
/sandymule/full-preprocessing-tutorial,811265
/vangelisb/exploring-survival-on-the-titanic,811262
/pauldichtl/notebook690aa9f05d,811243
/arun25/data-visualization-and-analysis-with-tidyverse,811219
/mukesh49/notebook16ff66daef,811214
/smirshekari/notebookcf3aea48c8,811177
/walidsalah/full-preprocessing-tutorial,811165
/clu8791/notebook75034a5ee8,811156
/lingam21/notebookb05098b90a,811113
/leomacias/top-genre-basic-understanding-of-dataset,932406
/currenkatz/improved-lung-segmentation-using-watershed,811101
/surajbhor/notebookd2a6ac9075,811086
/icurlmyster/notebookb6ab030e0f,811079
/nicolasg1/notebookf9f3f79307,811059
/hoangle96/visualize-polygons-and-image-data,811039
/michalmadera/notebookbdfc9685c7,811028
/imsharad/deciphering-the-quora-bot-4a2166a5,813635
/nrupal/exploratory-data-analysis,810951
/nseth6/testing,810942
/beechnutsanctions/mnist-tensorflow,810893
/larocca/an-interactive-data-science-tutorial,810830
/surajbhor/notebook0d20d30380,810821
/micheleusuelli/catdognet-keras-convnet-starter-c105f6f1,810723
/ftwagner/notebooka341096dc2,810670
/matthijsb/python-data-visualizations,810639
/yinjia/python-data-visualizations,810603
/tony007/python-data-visualizations,810591
/smartsn123/titanic-random-forest,4187247
/agrinshpon/notebookba6da662be,810579
/rmalshe/an-interactive-data-science-tutorial,810576
/michaldrygajlo/regularized-linear-models,810566
/shashanksingh/notebook25a71839a1,810551
/tsubuo/deep-learning-in-the-deep-blue-lb-1-279,810533
/sarojkumar1212/demonetization-sentiment-and-time-analysis,810532
/grozeille/notebookfc231db62d,810525
/jinhui/improved-lung-segmentation-using-watershed,810509
/tkayne/regularized-linear-models-fb48556e,810491
/tkayne/regularized-linear-models-acedda45,810486
/cheral/abcky,810485
/mahadeb/titanic-survival-prediction-end-to-end-ml-pipeline,810463
/sddhrth/titanic-py,810460
/sarojkumar1212/a-quick-random-forest-on-glass-classification,810455
/davidlemoine/titanic-maritime-machine-learning-de628054,810324
/burnpanck/notebook0367df38a9,810261
/qige96/full-preprocessing-tutorial-c89d905c,810246
/iamtheodor/notebooke512ab97d7,810224
/ericawh/housing-data-regression,816866
/kacky24/allstate-feature-analysis-python,810186
/epattaro/comparing-random-forest-pca-and-knn,810180
/epattaro/conv-net-on-only-2-features,810172
/ericawh/notebook6e4392a7ef,810169
/yangkeao/notebook43a209d152,810147
/epattaro/manifold-learning-and-autoencoders,810145
/agzamovr/detailed-data-exploration-in-python,810115
/rio114/cnn-for-digit-recognition,810038
/khadijahafeez/most-number-of-attacks-proportion-of-people-died,810032
/felicialiu/full-preprocessing-tutorial-30c92d45,810014
/tbelpaeme/video-game-sales-by-genre,810001
/cleytonmessias/notebook4c0710702e,809998
/tvanesse/notebook8ef411b4cb,809993
/kingfengji/model-based-feature-selection-newbie,809946
/jevifronatalia/in-depth-skewed-data-classif-93-recall-acc-now,809898
/farrukhjalali/notebook72909e0108,809886
/defraction/improved-lung-segmentation-using-watershed,809836
/wuxiang/notebooke439c80642,809830
/lhy1989/notebook828c84abd4,809825
/knivetes/titanic-data-science-solutions,809808
/vbhattad/testscript,809805
/swapnonil/notebooke2445656a0,809790
/dimitrios/full-preprocessing-tutorial,809755
/eswai30/a-journey-through-titanic,1691061
/golgrif/an-interactive-data-science-tutorial-d2fe5ab7,809723
/paulmuaddib/notebook3028ff1bd9,809718
/shiladitya/data-visualization-and-analysis-with-tidyverse,809681
/krishnateja307/data-visualization-and-analysis-with-tidyverse,809674
/viveknium/titanic-random-forest-82-78,809672
/viveknium/iris-classification,809669
/aivxyz/aivxyz-iris-species-notebook,809642
/rgeissen/notebookc3a8f3b69b,809617
/rkakkad/notebooked52297ef2,809615
/sominwadhwa/principal-component-analysis-explained,809610
/trojanhorse/notebookbe20a3d7bd,809605
/mynoan/notebook5fa8bc5918,809571
/john99nguyen/draft,809513
/valeron/full-preprocessing-tutorial,809460
/anuragw/interactive-intro-to-dimensionality-reduction,809440
/jorgecarleitao/test-stuff,809431
/leobel888/notebook90f3e31c4c,809404
/machinegun/notebookec845b62a9,809398
/s12599/notebookd79b63fbbc,809383
/chuckyin/data-analysis,809373
/hhhhhhhhhh/notebooke915248fe6,809361
/hhhhhhhhhh/notebook388903ae20,809348
/scottyuecao/notebooka1f1eb2067,809277
/lwkuant/notebookdb4bb20faa,809248
/charmingwho/tensorflow-deep-nn-6aa61746,809247
/charmingwho/tensorflow-deep-nn,809244
/zhonglongshen/a-study-on-regression-applied-to-the-ames-dataset,809241
/dingyuyang/notebook15e3c9f8f8,809240
/kblee91/titanic-random-forest-82-78,809215
/rio114/notebookdb5356d763,809194
/shubh24/notebook0abb36b599,809073
/dingyuyang/a-journey-through-titanic,809004
/ica1c4/python-data-visualizations,808985
/evanhsu/usa-aviation-accidents-happened-at-same-location,808984
/evanhsu/title-feature,808976
/jainvikas/notebook3f7d037267,808968
/demetripananos/voting-classifier-from-tpot,808955
/debdaspur/ghtijj,809363
/gongyc/notebookba0b6bb80a,808933
/samhithachalla/notebook4cc5dd15d6,808926
/gcpok2000/notebook74795e00f9,808876
/pjzerochina/an-interactive-data-science-tutorial,808861
/polymerguy/initial-exploration-when-events-occur,808835
/knevers/data-exploration-and-visualization,808832
/odujokod/learning-ml,808828
/demetripananos/notebookca6f003139,808823
/odujokod/a-journey-through-titanic,808815
/mtmoncur/full-preprocessing-tutorial,808774
/prassinoux/fork-of-python-data-visualizations-0d22dbac,808767
/chulti/notebook7965d697ce,808754
/shreyanshadoop/sentiment-analysis-of-tweets,808728
/tshrjn/regularized-linear-models,808700
/ashinde/a-journey-through-titanic,808664
/upperbounder/trial-with-titanic-data-on-kaggle,808601
/mdeguzman827/exploratory-data-analysis-b7f73a5e,808571
/forsure/notebook07a5689bd8,808562
/skybirdhe/test1,808551
/mdeguzman827/exploratory-data-analysis,808545
/ybdesire/notebookcfc6446407,808536
/alevin1/notebook5e67aa2d08,808533
/adityamnk/notebook7217390725,808493
/aagundez/fork-of-fantasy-football-cheat-codes,808473
/aagundez/usa-aviation-accidents-happened-at-same-location,808471
/tang0604/notebook5c5223d5c1,808470
/amritkrs/notebookc69ab41724,808442
/billqhdp/full-preprocessing-tutorial-e8bb34ac,808432
/ittyipe/aviation,808423
/smilemoon/sanjin-test,808422
/aurilia/notebooke5bb9cd2ce,808391
/eric19xx/filling-up-missing-values,808386
/stonedl/python-data-visualizations-e1f672cc,808377
/zourui0228/house-prices-data-exploration-and-visualisation,808312
/soundsoul/notebook5ca87b000e,808299
/sroland68/python-plotly-mapping-example,808291
/soundsoul/generation-unemployed-interactive-plotly-visuals,808290
/stonedl/python-data-visualizations,808285
/indranilnanda/notebook7b5a8d64b6,808264
/abhijitgp/a-journey-through-titanic,808256
/indranilnanda/r-apply-ml,808231
/zhangruiskyline/fork-of-python-data-visualizations,808189
/speedoheck/pythonorders,808172
/pengcheng4451/visualizing-pca-with-leaf-dataset,808155
/kimiya/test-save,808117
/fcpenha/fork-of-pandas-exploration-fandango-dataset,808108
/matias3/my-scratchpad,808058
/huakaijianwo/catdognet-keras-convnet-starter,808043
