/davidbofill/the-most-predictable-league,612163
/philadams/logistic-regression-and-knn-predictors,612152
,None
/katherton/testing,612660
/wellingtonbengtson/notebook87736927cd,611870
/wellingtonbengtson/titanic-first-try,611840
/wellingtonbengtson/notebookcfb89d198d,611817
/jonwarghed/notebookde3a96394b,611784
/macsilber/notebook6f9887d734,611781
/kyledmarshall/notebook54af00cf28,611778
/ryanfpage/titanic-data-analysis,611676
/michaelmtz20/notebook2abeca500a,611641
/kperry/notebook17cccefaa4,611519
/romandovega/notebook87b83f6098,611495
/anuradhay/regularized-linear-models,611486
/michaelmtz20/notebook61397f1efc,611484
/noderaider/notebook892378ee04,611475
/sajuas/solution-dogs-vs-cats,611434
/pedrogomes/notebooke043b27cdd,611432
/zhangruiskyline/notebook188042ffef,611370
/marcusschwarting/notebookb7869ccc7f,611325
/vulpalam/a-journey-through-titanic,611275
/tarobxl/hello,611268
/aronatom/principal-component-analysis-explained,611216
/secretlyacow/abced,611053
/nadieh/randomforestregressor,610908
/sajuas/fork-of-titanic-best-working-classifier,610841
/aamin25/terrorist-attacks-in-united-states,610829
/tt1103/notebookc38704add7,610811
/shathamansour/notebook56b2aa586b,610784
/chercheuse/exploring-features,610779
/chercheuse/exploratory-study-on-ml-algorithms,610760
/bacalfa/notebooka420510d1c,610758
/chercheuse/python-data-visualizations,610754
/mhbshirazuni/keras-cnn-example,610733
/linkonmaran/classification-of-eeg-for-confusion,610842
/indraforyou/notebook3ba9b66453,610642
/jasparr/test-hr-script,610627
/frankengelbert/notebook2eb11ebba6,610624
/tungty/outbrain-eda,610515
/snlpnkj/hr-analytics-and-prediction,610473
/blackcore/keras-test,610483
/arctaninfinity/linear-regression-avgprice,610275
/hugodarwood/notebookf257132e97,610251
/hoogleraar/notebook2e8879819b,610160
/intricate/notebook8c4f5d0e42,610151
/deesha/santa,610083
/guoqiang2/principal-component-analysis-explained,609747
/standouting/matplotlib-cities-disparities,609712
/sudeshnakundu/deep-convolutional-network-using-keras-su,609673
/priyatham/a-journey-through-titanic,609564
/newbeehunter/a-journey-through-titanic,609432
/platinumgod/fork-of-notebook87827811aa,609398
/hoondori/notebooke203cd9fdc,609342
/chandanverma/notebooka560a2faae,609258
/charlesleung/notebookda42e2ad67,609234
/akihiro35/outbrain-eda,609142
/siburay/notebook6b4b3d0d32,609125
/pran7eeth/data-visualisation-for-ipl-datasets,609077
/slavash/python-data-visualizations,609054
/mezhu5/notebookdc9a44933d,609052
/fluffygravy/descriptive-statistics-for-housing-prices,608997
/igorbarsanti/test101,608987
/ikovrigin/notebookfe29dba7d4,608977
/prakritidevverma/notebook543ed3b715,608940
/mayukh18/notebookc29e30aa3b,608936
/fluffygravy/a-study-on-regression-applied-to-the-ames-dataset,608891
/chemaplana/employees-satisfaction-analysis,608875
/gv2006434865/notebook9566d3cf44,608810
/junkyeye/hitting-the-jackpot-accumulator-betting,609500
/b02901120/notebookf4a2ed09b6,608776
/superzhang/notebookb5a94fa68c,608767
/josepespasa/notebookc07de69c2d,608743
/johanvermeire/notebookff1f77d320,608735
/codemukul95/code-1,608715
/vincenzomanzoni/notebooka92760635a,608677
/siyaozheng/notebook28a461b91e,608660
/siyaozheng/notebook4f90e2c170,608659
/siyaozheng/notebookfd87b51e9b,608656
/jssllee/isis-followers,608648
/greizy/notebook9a75a32991,608645
/sionek/just7lines,608630
/mholmes/helloworld,608611
/saitoxu/test-kaggle,608575
/mrqlab/python-data-visualizations,608466
/roczhao/notebook6aa7430155,608457
/vishwanigupta/notebook6d4251212b,608382
/navinrajegowda/notebook010ca62800,608366
/penguinnoel/fork-of-notebook612f7a84f3-5d9d2565,608356
/hemanth171/notebook2cb8796eaf,608338
/cirtan/europe-habits-b3b4dfc2,608316
/apwang/pikachu-vs-bulbasaur-matchup,608233
/akhileshhari/notebookeffea686b3,608221
/leeweeteck/mathematical-formulation-of-santa-s-problem,608218
/akhileshhari/notebookc8370888a9,608202
/akhileshhari/walk-through-of-different-classification-models,4721877
/b01901169/notebook77b21b7539,608143
/arthurtok/notebook8f3808a2ba,608125
/twein89/a-journey-through-titanic,608088
/twein89/exploratory-tutorial-titanic,608084
/neopy1/is-please-really-the-magic-word,607964
/shanchuanruge/digit-recognizer-random-forest-with-pca,613285
/sharmavaibhav246/ufo-reports-in-united-states,607893
/ming5536/global-terrorism-trends-animation,607852
/princewang1994/notebook438698b19b,607833
/zamanisaja/setting-up-a-prediction-problem-dota-2,607827
/vish96/helloooo,607822
/twein89/notebook9587f98d87,607784
/uj2295/exploratory-study-on-ml-algorithms-576c6efc,607723
/vish96/notebookef01df4fe1,607702
/patricktu/a-journey-through-titanic,607677
/pilar92/digit-recognizer,607674
/ckadoj/j-test1,607666
/ishbir/notebookfe8b4dfb82,607656
/jackyyeh5111/modeling-prices,607640
/leadbest/fish-v3-hdkim,618716
/tanichev/support-vector-machine-svm,607612
/caizhiwei/catdognet-keras-convnet-starter,607598
/mkdika/a-journey-through-titanic,607570
/effe0215/notebook2070d9656d,607558
/yashwanthch/premier-league-performance,614797
/lakshminarayanan211/uber-heatmap-rendering,607502
/kevinr/regularized-linear-models,607412
/qiumengkai/walk-through-of-different-classification-models,607362
/liqunyu/fish-detection-0413484f,607348
/marotoku/svm-implementation-for-nature-conservatory,607339
/liqunyu/fish-detection,607284
/rajacsp/notebook3f4a978590,607173
/miketibb/regularized-linear-models,610545
/vigilanf/loan-book-per-state,607162
/imadsalimi/notebookee328926e2,607147
/lakshminarayanan211/classifying-who-are-going-to-leave,607131
/kirthigaa/notebookc47fca73fa,607062
/dean2016/titanic-best-working-classifier,606974
/qinpersevere/fork-of-language-model-for-sentiment-analysis,606899
/speedoheck/finding-boatids,606804
/rmrouse88/notebook135b0ca3df,606707
/satvirsan/notebook0aea88df14,606645
/alanfeder/test-script-1,606600
/datahww/fish-detection,606564
/shixuehuai/a-journey-through-titanic-46754b84,606487
/yuningalexliu/exploratory-tutorial-titanic,6868074
/jrabie/notebook007ed81fb7,606425
/chenfenghui/principal-component-analysis-with-kmeans-visuals,606336
/n0angel/notebook1ea316a336,606333
/simooh/notebook02520457c0,606315
/penguinnoel/notebookbb802a43bc,606275
/crl1989/titanic-best-working-classifier,606272
/penguinnoel/notebook1003e31386,606269
/iamlfish/exploratory-analysis-and-predictions,606236
/arbitrarydisplayname/load-a-3-band-tif-image-and-overlay-dirt-tracks,606227
/kperry/notebook4740d70b8a,606205
/feirie/notebook0ecade71ad,606193
/iamlfish/notebookbbabdeede2,606192
/iamlfish/notebook631f67b158,606188
/yuningalexliu/feature-extraction-from-images,6868075
/chungyehwang/digit-recognizer-in-python-using-cnn,606071
/njimenezcol/exploratory-tutorial-titanic,605983
/dean2016/notebook26be4a6e4a,605780
/derbedhruv/notebook135d18dd2f,605732
/jrsturge/notebook8e0ca94500,605726
/derbedhruv/exploratory-eda,605748
/binilg/fishy-keras-lb-1-25267,605644
/bradyzhu/notebookc6cafbcf06,605622
/bradyzhu/practice,605617
/lusiliang93/notebooka0951ebb5a,605547
/yaroshevskiy/fork-of-titanic-problem,605534
/kknaub/notebooka8720491d2,605529
/lusiliang93/notebook55c6e869cb,605484
/njimenezcol/could-the-titanic-have-been-saved-183473ef,605459
/njimenezcol/titanic-version3,605404
/reiser/notebooked3a020c66,605388
/reiser/notebookd8d4d919a3,605386
/reiser/notebook27ea8281d6,605380
/moemgd/notebook35142b5d7c,605284
/andropag/notebook6dbc367d2f,605217
/vipnikki/notebook37a8b1eff5,605215
/kirkbroadhurst/exploring-survival-on-the-titanic,605145
/poliveira/tensorflow-deep-nn,605080
/rajacsp/veg-and-fruits-vs-sugar,605083
/zhangwm/exploratory-lending,605041
/qvajou/logistic-regression-test,604911
/vigilanf/tobacco-use-in-united-states,604894
/qvajou/logistic-regression,604891
/alikaratana/could-the-titanic-have-been-saved-4b9e190a,604887
/alikaratana/could-the-titanic-have-been-saved,604885
/lefterisk/notebook96f32577b1,604865
/irrwitz/notebook4601a1c671,604849
/sotirisnik/notebook5a88656247,604842
/dainsraj/exploring-features,604826
/sn7ghost/wine-testing,604811
/jedediahfrey/notebookd6d6dc9c00,604804
/andressotov/notebookf9df82c6cf,604778
/qvajou/fork-of-kaggle-titanic-001-2930bad1,604774
/dainsraj/python-data-visualizations,604747
/jeanpauln/notebook702c8966ca,604735
/ajinkya97/glmnet-with-feature-engineering,604726
/guirob/notebook75eb3bbc4c,604720
/bryceguinta/notebook71c30844b6,604715
/jmclane/notebook9f6dbb7156,604677
