/llihan/exploratory-data-analysis-on-nsw-traffic-fine,2142123
/vradore/signal-extraction-and-transfer-learning,2145772
/cnnc1024/notebook5090389578,2141373
/bill072/gcma-test-58f85d,2139642
/ccaddel/eda-of-police-killings,4493320
/evjrob/keras-cnn-for-the-mnist-dataset,2139465
/opanichev/basic-lightgbm-model,2138064
/pratik2901/effect-of-alcohal,2138017
/adibigsun/titanic-data-science-solutions-67f6a3,2141944
/derrickmwiti/tweet-language-processing,2137221
/toshik/import-pyfasttext,2150605
/anthonyfong/titanic-ml-guide-for-begineers,2684438
/stone111/notebook4e875cd556,2470138
/prajwalv94/notebookc777d838b7,2135505
/chenyu2018/a-hahaha,2135303
/passwordqk/notebooka6c3125662,2135262
/achukka/conv-layers-with-batch-normalization-in-keras,2135047
/yanan95/yanan-liu-ml-assignment-2,2135041
/carlice/titanic-practice,2134955
/mikeair/notebook807b16d285,2134700
/holzner/variational-autoencoder-for-speech-dataset,2135964
/s1korrrr/football-events-analysis,2133400
/datageekpriyanka/av-datahack-jan13-2018,2178335
/wangruinju/rnn-with-keras-ridge-sgdr-0-43553,2133052
/haoyingyu/ml-for-titantic,2132863
/dipanjan131/comparing-the-accuracy-of-svm-and-mlp,2138561
/amchowdh/intro-to-python-and-machine-learning-with-titanic,2133347
/mataman/notebook4fad18329c,2131729
/umerfarooq807/notebook84c2c19653,2131568
/alaa1234/fork-of-handwritten-digit-recognition-using-minit,2131561
/aayushkubba/first-submission-on-kaggle,2131454
/toddler/notebook59bfa52d55,2130914
/frusunnanbo/olympicfailure,2130733
/alekhb36/detailed-exploratory-data-analysis-using-r,2129819
/ssvitian/dvpylab1,2129944
/rilwen/stable-matching-in-c,2129543
/crystaliu/titanic-survival-analytics,2129438
/crystaliu/titanic-data-analytics,2129338
/crystaliu/titanic-data-analytics-project,2129287
/scottvirshup/titanic-predictions-virshup-bax,2128890
/houlong66/pytorch-test1,2128608
/lisabai/titanic-survival-prediciton,2128319
/yusuzech/titanic-prediction,2128014
/sccdzyb/titanic-disaster,2127595
/danieleewww/submarineering-scoring-cracking-log-loss,2126736
/nicholastang1995/titanic-analysis,2127373
/malbwa/5-day-data-challenge-day-4-lego,2126545
/cheshtav/us-wildfires,2125856
/manika15/titanic-data-science-solutions,2125604
/gpdata/my-stacked-regressions,2125556
/gpdata/my-v2-simple-xgboost-house-price-prediction,2124614
/dboshardy/notebookebcf428dc5,2124471
/wildgrok/disk-space-trend,2212544
/danielsafai/notebooke562902c99,2123493
/danbenn/modified-nb-svm-strong-linear-baseline,2126656
/egggump/notebook47e45e212a,2122587
/leansa/lerenbeslissen17-629d2e,2131116
/vikrant4/analysis-of-body-measurements,2126143
/malbwa/5-day-challenge-day-1,2126519
/sanjyotg/cervix-segmentation-gmm,2121513
/leigee/day-3-perform-a-t-test,2120999
/pratik2901/basic-ann,2120912
/waderqq321/predicting-employee-kernelover,2120112
/nishantbigdata/prediction-using-randomforest,2120059
/zenmeder/notebookb30e61f565,2119051
/lehmkudc/machine-learning-class-project,2124761
/aliyar/project-hr,2118231
/leigee/the-5-day-data-challenge-day-2,2117178
/alvaruco/my-model-6c20cb,2116786
/asbivibsa/notebook304c779c38,2116172
/vbookshelf/word2vec-cnn-0-056-lb,2185166
/madhoney/classic-data-driven-approach,2115835
/nkroher/exploring-genre-co-occurrence-among-users,2114791
/marijacija/regression-challenge-day-3,2149318
/zfturbo/efficient-python-ortools-algo-0-9337,2113158
/taurothebull/keras-bidirectional-lstm-baseline-lb-0-051,2112545
/cameton/notebook6db6fa0134,2112766
/oguzhany/notebook8f4dcffa9d,2111304
/pablovega/mercari-1st-pass-eda,2111139
/ajayhalthor/detailed-analysis-of-isil-in-iraq,2111158
/acostasg/model-agregation-rules,2110863
/acostasg/analysis-by-purchasing-number,2110918
/alaa1234/fork-of-handwritten-digits-classification,2110300
/nishal7777/datawrangling-eda-for-recruit-data,2110323
/saritwik/my-notebook,2109864
/icdata/bites,2110350
/akash07sky/world-happiness-report,2163257
/mozanator/fork-of-notebook96e3ce21c3,2108419
/joaomarcosgris/nb-svm-strong-linear-baseline-eda-0-052-lb,2107444
/stkbailey/pre-processing-the-oil-timeseries,2107389
/leansa/lerenbeslissen17-d8d289,2107183
/kaggilyspies17/lerenbeslissen17-lgbm-test,2150995
/myonin/house-prices-linear-regression,2106648
/yogalakshmi18/r-functions-for-basic-data-management,2106990
/munaggle/notebook0bf0ba318c,2105580
/avis9ditiu/6-dimensionality-reduction-and-7-classifier,2105307
/avis9ditiu/notebook0c5fff2ae4,2105284
/avis9ditiu/notebook84c361285b,2105234
/avis9ditiu/notebook18f9b9b23f,2105222
/obiwang/toxic-comments-classification-version-6,2105064
/ankit8604/in-depth-skewed-data-classif-93-recall-acc-now,2624103
/akababa/rnn-gru,2109295
/mboaglio/basic-eda-human-activity-recognition-using-sp,2103785
/aminehakkou/titanic-sruvivors-nn,2104375
/marcschroeder/data-analysis-resident-advisor-reviews,2103647
/awkhan/bullet-loan-data-analysis,2102881
/kedownes/regression-challenge-day-5,2111100
/ldphan/pesticide-use,2102448
/lehmkudc/mushroom-classification,2169008
/oshoagyeya/driver-prediction-simple-first-model-1-0,2124364
/abhishekkrg/5-day-data-challenge-day-2,2100155
/thuongtran12/logistic-regression,2099774
/zhangdaye/speech-representation-and-data-exploration-78eb77,2099439
/lbeaucourt/regression-lineaire,2099437
/arinbasu/notebook4f9723ff67,2099119
/kondrosso/notebook1638d62ff9,2099010
/lotusky/grocery-fc,2098825
/anmolhanda/finding-happiness,2098278
/shishirbharti/catdognet-keras-convnet-starter,2098152
/orangebox/python-data-visualizations,2097896
/datageekpriyanka/the-5-day-data-challenge-kaggle,2097836
/colorfulstars/python-data-visualizations,2097693
/cableyang123/a-journey-through-titanic,2097518
/gururajanr/ibm-hr-attrition-data-set-analysis,2097225
/nicolivesey/stacking-model-lasso-ridge-enet-xgboost,2096541
/jacksonharper/ranking-schools,2127820
/multinucliated/titanic-gridsearch-k-fold-and-randomforest,2095986
/mohamoud1/notebooka66bcefcf1,3880654
/adityasinghce92/rnn-using-tensorflow,2988250
/mairizk/titanic,2095889
/c334706598/5-day-data-challenge-day-2-2,2094279
/c334706598/5-day-data-challenge-day-2,2094202
/abhishekkrg/5-day-data-challenge-day-1,2094148
/c334706598/5-day-data-challenge-day-1,2094116
/devshekhawat/support-vector-regression,2093329
/avis9ditiu/notebookd7b92da183,2092847
/sgtlm19/data-science-boot-camp-intro-unit-capstone,2092526
/prakashravi09/notebook22f18290aa,2092325
/ashukr/sets-and-venn-diagram-in-python,2092153
/uremember/happiness-is-predictable,2091974
/panagop/kanepe-momentrotation-example-for-beams,3736819
/konohayui/titanic-data-visualization-and-models,2090295
/aronysidoro/ml-alg-using-tf-ml-for-beginners-mnist-interface,2090195
/rahulahuja123/notebookdb0d7573fd,2106581
/eaturner/nice-transformer-idea,2089959
/ticoaguilella/question-1-final-test-ntut,2101039
/takuyasakaguchi/cleveland-data-science-code-1-6-18,2089086
/leigee/5-day-data-challenge-day-2,2120629
/jain6968/trial,2089118
/renatabarros/ml-with-titanic,2088845
/pangyuteng/numerai-exploratory,2088706
/wasd558045/notebook132fb942c7,2088656
/agcdufeliyu/fork-of-explore-data-skill,2088593
/juliana2535/detectives-julamlo,8039534
/zahidmadeel/first-script,2088414
/egma00/understanding-the-data,2095382
/tomiwa/intro-to-python-ai-saturday-lagos,2089594
/masajm/data-analitics-assignment-3,2116262
/tingyufur/final-exam,2087861
/l1170165845/titanic-data-science-solutions,2086931
/ivanukhov/titanic,2086659
/boweisu/notebook8444ff3b88,2086509
/boweisu/notebook697dfff32b,2086458
/believe91618/exam2,2086450
/boweisu/notebooke6395c256f,2086332
/believe91618/final-exam,2086291
/saurabhrathor/5-day-data-challenge-day3,2086885
/dgjncgtyu/notebooke2223aa7b5,2094281
/classtag/data-preprocessing-template,2086152
/vickyyuan/abcde,2086110
/melvin9802/notebooka80a493eb2,2085826
/ddongchen/the-first,2085619
/mlshff/useless-kernel,2084724
/yashmor31/kaggle,2084185
/saurabhrathor/5-day-data-challange-day2,2084157
/kunal627/polynomial-regression,2083880
/saurabhrathor/5-day-data-challenge-day-1-python,2083772
/felgonatana/notebookcfd57b04e7,2083640
/yogalakshmi18/5-day-data-challenge-yogi-workout,2083403
/utkarshmalik211/dogcat,2083018
/pratibhasharma/linear-programming-in-r,2083191
/pageman/starting-kit-for-pytorch-deep-learning,2082137
/vickyyuan/1234567,2082072
/vickyyuan/12345,2082061
/zyk96011/tensorflow-deep-learning-to-solve-titanic-9c41b4,2081880
/winnie0504/group-8,2081882
/danieleewww/rnn-gru-with-keras-512-64-relu-0-44025,2081676
/gaurijha/novice-to-expert-day-1,2080148
/alvations/nmt-with-pytorch-and-tatoeba,2079997
/fqiang/titanic-r-machine-learning,2079704
/babakbf/soccer,2079633
/alberto33/h2o-ai-from-linear-models-to-deep-learning,2079006
/poornapallela/house-prices-poorna,2416491
/caneryasav/recognizing-human-activity-96-accuracy,2078577
/rdubary/my-first-kernel-titanic-challenge,2330321
/stefanbergstein/split-titanic-data-upfront-by-age-nan,2076908
/patilaum/simple-cnn-batchnormalization-99-071,2079769
/omarayman/chi-square-test-in-r,2074790
/cedrickchee/boilerplate-of-keras-model-with-eda-0-210-on-lb,2074310
/peixin1103/final-exam,2074355
