/johnedwinbray/notebook1ea98dac67,1209263
/ryankung/test-rk,1133660
/ryankung/notebook15652d86c2,1131790
/zfrenchee/notebook2e1bde0e82,1131785
,None
/plazmer/notebookfc082b89a2,1131782
/lkaramage/notebook75c6dddc62,1131765
,None
/cmlaughing/house-price-prediction-for-first-time,1131755
/alekstdt/alextdt,1131751
/aguschin/notebook79d6458c53,1131727
/riskanalytics/notebookf56d712baa,1134761
/prakritidevverma/notebooke3bd93f59c,1131720
/zeusnet/notebook5bea02ac27,1150300
/davidgluzberg/notebook97a32518ab,1131697
/guilhermescha/notebooka8148729ed,1131674
/dzeksen/notebook0bf777eb61,1131649
/cesaaar/testing-kaggle,1132883
/geetsawhney14/notebook219ba4784c,1131520
/saadakaalo/my-first-script-py,1131565
/nutchanut/titanic,1131518
/rizo83/rense-s-titanic-kernell,1131487
/dragonabyss/notebook8208b36e42,1131485
/varunahuja/notebook551b9ecce4,1131481
/vyasadhikari/notebookb6c937a143,1131453
/salsinats/notebook62a6446318,1131379
/tugcegenc/artificial-neural-network-ann-on-loandata,1131370
/samithaj/notebooka9aa70c083,1131339
/leuduan/notebook71fac69dd1,1132036
/schmitzi/0-808-with-simple-stacking,1131300
/alexinwonderland/notebook46f1d0ec1f,1133188
/pccw1996/notebookdc171b358f,1131211
,None
/rafalbachorz/notebook3ecff361bd,1131145
/alohasprit/notebook2443edffca,1131107
/tanya61094/titanic,1131136
/yuefurong/notebook7ce762af1b,1131087
/jjclune/random-data-exploration-to-try-out-kaggle,1130974
/zeusnet/notebook31db3453dd,1220755
/yaxianzhi/deep-neural-network-keras-way,1130955
/kiryash/notebook3c3ed0bc23,1130952
/kashif9161/notebook3011acee00,1130949
/payall4u/mytest,1133557
/kelvinkong/notebook9a6b8b25da,1130939
/dks1994/notebookb1dceaaaa8,1130933
/eduardoli/notebooka26f4135d6,1130926
/saadvirk2017/titanic-practise-first-ever-experiance,1130915
/kenhsyu/notebook6c2fa3bb1e,1130911
/jianzheng/notebookba9b2c61d2,1130880
/mohmmedshoeb/notebook71ba5859e1,1130872
/amdube/notebook9128bec34e,1130865
/chupau96/titanic-challenge-test,1130891
/kashif9161/notebook64337a8e1f,1130847
/iancho88/russian,1130830
/trojanwars/notebookfe4ffcc6e5,1130809
/dacliem/comprehensive-data-exploration-with-python,1130808
/anorris/testing,1130797
/darshilbabel/notebook8e689f90ca,1130736
/akshay1001/glass-classification-using-decision-trees,1130735
/chemalytics/realty,1266565
/kamranmk/notebook150c7f5ab4,1130689
/parasbansal33/test0,1130670
/parasbansal33/notebookf5b013bda2,1130669
/theorangejuice/test001,1130665
/kathakaliseth/notebookc6e3033e6b,1130631
/darggon/notebook2da6d8e11f,1130607
/syapmoneylion/notebookb27512e3a8,1130601
/nobodynsa/kernel-notebook-may2017,1130546
/avinash29/notebookf1271b1676,1130541
/nelnour123/notebook1261b82ed8,1130536
/avinash29/notebookb27ba32033,1130528
/aagundez/notebook945b5bffe2,1130519
/jacobxieyuan/notebook942441d343,1130517
/caitiwest/simple-keras-starter,1130510
/jacobxieyuan/notebook98401c2a2e,1130506
/mallickd/inquire,1130496
/renatoterssetti/notebook79facfac4b,1130485
/pierobo/santander-practice,1146315
/kagglezhang/word2vec-meets-linguistic-preprocessing,1130475
/pierobo/notebook4e476bca63,1130468
/yacovyi/notebookcdcd66075b,1130458
/g12megha/notebook38bb2abd7e,1130437
/g12megha/notebook36722e0213,1130414
/noneil/notebook3ec73a1245,1130410
/mmahadt/my-first-practice-kernel,1130430
/mthoma5/notebook95db13af1d,1156069
/pierobo/test1,1130439
/bluenorthface/notebooka9101252fd,1130359
/charlie1s/notebook3516ec6c72,1130347
/benhamner/notebookcbdef39719,1130342
/qingyangwu/test1,1130304
/avainyeh/notebookf360af3422,1130267
/timoboz/notebook2128c7cd39,1130222
/ffontan/notebookfed72535e9,1130208
/timoboz/notebook1786c7c6ce,1130205
/dragonabyss/an-interactive-data-science-tutorial,1130441
/carlosam10/notebook9bd171ae54,1130174
/hcwong/notebook086f844a8a,1130166
/cfadnavis/hello-world,1130268
/mtfall/confirm-data,1130125
/wenqiao/notebook940267a23f,1130118
/codegladiator/notebookfc3be28ddf,1130095
/annavictoria/notebook111a032345,1130079
/agraynel/resnet-using-keras11,1130074
/dvkonst/jkllgvh,1130065
/datacanary/notebook1afa2453a8,1130052
/aagundez/notebook736b2a49b6,1130050
/annavictoria/notebook80107ace7d,1130047
/annavictoria/notebook0e1ecd3acf,1130046
/bjorngronntun/notebookb48c576a44,1130040
/mingkim/notebook44bbbc4426,1130037
/martinkoenig/notebook12345762b6,1130036
/mingkim/notebookaa85d8f5b2,1130032
/mingkim/notebook0a14405841,1130028
/benzie/notebook7f7c1d85cb,1130027
/datacanary/notebook24d15dfe12,1130026
/mingkim/notebook5159431059,1130025
/mingkim/notebook68f406bb3d,1130024
/apetitje/deep-neural-network-keras-way,1130005
/hvp4259/notebookcb5dc68345,1130004
/hvp4259/notebookf39570729b,1130002
/mingkim/notebookff80dc234e,1130001
/mingkim/notebooke262cb33e7,1130000
/bjorngronntun/notebook3e604ecd53,1129992
/bjorngronntun/notebook1034c93379,1129989
,None
/benzie/notebook8f9302a5ca,1128979
/apetitje/notebookf907984e2a,1128975
/apetitje/notebookcbfacc5d1e,1128971
/yvasilyev/notebookf6a24a3bc4,1128968
/ofdomejean/notebook032e6219ab,1128903
/ofdomejean/notebook50ec68fd03,1128902
/bveliqi/notebooka1a9e7a6eb,1128878
/jenasimbahan/notebookbc20335223,1128876
/balasm/notebook0ce4b5ad32,1128729
/kelshamouty/a-study-on-regression-applied-to-the-ames-dataset,1128712
/dossbalaraman/notebookf5b94c8e56,1128677
/tugrulhanates/hhhhhhh,1128630
/greenstick/young-people-unsupervised,1128647
/tunadag/notebook74af748f99,1145776
/hasanbay/notebook8195ddae6c,1128608
/jopkajopka/title,1128883
/soyoungkim/cv-statistics-better-parameters-and-explai-106a95,1128576
/mirandalv/simple-keras-starter,1128560
/bikramptnk095/alcohol-consumption-on-final-grades,1128550
/kam1ro/getting-color-ranges-for-the-best,1128519
/mcnowak/learning-kaggle-with-the-titanic-dataset,1128475
/crsilva/notebook86b9e91e15,1128467
/sendos/titanic-analysis,1128456
/hugobmachado/notebook16ab5c704b,1128431
/abdullahm/notebookf83a4d7e56,1128415
/ericnana/notebook45ea700b04,1128411
,None
/muditrastogi/notebookf07a156e79,1128372
/klinglof/tst-tf-linear,1128352
/karamjb/notebook1998a61c19,1128310
/earthbug/for-my-rose,1128295
/egg125064/shentf,1128286
/egg125064/notebooke974e9aaac,1128277
/ronitpurian/notebook19eae7c783,1128432
/longnguyen/wnvpredict,1128257
/ldviki/notebooka3a0769750,1128231
/debojyotiroy13/notebookece92a4385,1128228
/mohmmedshoeb/notebook4b42931667,1128224
/thetechie/notebook36d2eae0cf,1128220
/vincenttnr/notebookd5e51b7651,1128192
/vishnupratap/notebook978db171a0,1128184
/adenutzzza/notebooke8bec9d1f6,1130902
/patwhite/notebookcce1888ca0,1128177
/julesbro/hellokernel,1128163
/tariq1981/notebookfadac8e51b,1205437
/asammy/notebook04d7c62e1b,1128148
/ahelliesen/project,1128147
/vincentsoh/notebook2a755cb200,1128144
/angiejones/exploratory-study-on-ml-algorithms,1128130
/vijayakapoor/random-forest-prediction-using-4-variables,1128215
/vincentsoh/notebook39ccd1838f,1128092
/dustywhite7/myiristest,1128083
/lehisx/notebook39e97d4166,1128102
/nasergh/kkkkkkkkkkk,1128060
/msilva1/notebooke79decc56e,1128057
/nasergh/asdasd-asd,1128049
/hemelds/notebook67ba91b5f1,1128047
/alejandrodumas/notebook15b4ea6429,1128034
/ugaliguy/notebook3d7c1d42c5,1128008
/cloudbuster/justin-python-tutorial,1128085
/paveltytyuk/notebook7d4cfc5197,1127988
/rrjing85/jr-sberbank,1127972
/nikolaikopernik/notebook4d8f77288c,1127966
/mmuvyeyi/notebookd7b416e596,1127954
/emilioserra/notebook4ad0e0526e,1127936
/krishnasumanth/notebook49b4fa06cd,1127932
/zazueta/notebook3240871766,1127928
/enerygames/pruebas-energygames0,1141458
/medbro/notebookfcb2182320,1127898
/renatakc/terrorism-test,1127890
/keykey/exploratory-study-on-ml-algorithms,1133569
/ommirandap/notebookb9f71e891f,1127923
/leventakkoyunlu/notebook9f883de9e4,1127883
/prasannakumar2012/notebook7e019b6adb,1127865
