/alijs1/try-to-beat-that-benchmark,778681
/abhishekkant/random-forest-modelling,560796
/gairolap/titanic,559809
/lzhao1217/titanic-machine-learning-from-disaster,559583
/hitn0e1/qwqqwqqwq,578405
/dmemoing/my-test,564995
/arthurherbout/titanic-preprocessing-the-data-first-methods,560316
/maheshb/classification,1068133
/wjh2016/mushroom-classification,559783
/paolobozzola/two-sigma-v2-pb,563518
/gwolff/my-first-kernel-visualization,556007
/remibaar/digit-recognition-multilayer-neural-network,555984
/adammorgan42/simple-gbdt-model,555522
/kjitender/tree-model1,558574
/rajaguru/first,554435
/nmsx1608026/randomforet,553456
/apartin/kerneltoy01,1101178
/na5hun/clustering-states-by-killed-and-injured,552980
/nktdev/iris-5-folds-accuracy-py,551960
/quark6/1st-project-titanic,570949
/luissuall/titanic-models-assemble,577133
/mirajvashi/aviation-accidents-01,550942
/mingtong/first-time-playing-around,586704
/kgjkgj/data-exploration,551093
/jtowler/titanic-jt-explore,550359
/dc4data/leaf-classification-dc,550073
/lbdcdb/titanic-prediction-with-tf,574592
/ani310/titanic-dataset,550424
/postprior/a-quick-prediction-using-partitioning-trees,550067
/ctrlaltdel/play-with-xgboost,552201
/royportas/movie,578469
/richarlee/satisfaction-richarlee,647543
/greenbamboo/tiantic-train,554683
/mingkun/titanic-test,548598
/iliachatz/titanic-ilia,547300
/dkatya/simple-tree,551974
/rbsilva/rodrigo-s-titanic,553125
/mchirico/cheltenham-vehicle-accidents-with-panoramic-map,931240
/yding1/kaggle-first-try,551150
/souravsingh/keras-digit-recognizer,547061
/marouaneb/okokok,545305
/gunjan17/gunjantitanic,1054011
/mgudipati/initial-exploration-and-basic-predictions,544770
/dc4data/digit-reco-random-forest,545113
/shadoe/titanic-testwwwww,544665
/akila29/paper3,1918429
/chiszy/started-with-titanic,558085
/adhok93/notebook402fa339b9,543825
/lebowski330/extensive-feature-engineering,544905
/johngroves/outbrain-eda,543647
/dsaxton/aviation-incident-data-exploration,546041
/wzimmz/titanic,548286
/lzbthb/two-sigma-exploratory,543218
/rnmehta5/tmdb-movies-data-exploration,2161650
/mchirico/devtestmap001,546152
/gongzhitaao/mlp-with-feature-data,550803
/mosin26/santander-product-recommendation,540987
/mengolivia/ufo-chi-square-and-ks-test-seismicities,540935
/aknvictor/titanic-rf,540992
/gitanjali13/testing1,540421
/gunjan17/mytitanicsolution,1054093
/aarun1811/first-logistic-regression,539608
/even311379/leaf-classification-trial,538963
/svesal/catvsdog,691739
/xiaohuihuang/house-prices-advanced-regression-techniques,538017
/injeans/titanic-script,548420
/mchirico/traffic-sqlite3,537103
/rsa0123/test4,542137
/ameld93/kaggle-try-codezen,535861
/adrianspataru/kaggle-meetup-01-edit1,535670
/agvccc/notebooke53123f9f9,535410
/vinay6666/linear-regression-very-basic,534877
/mtinti/combined-1,550366
/zackcuomo/individual-notebook,542167
/chaoge/chaoge,534858
/stellated/first-baby-steps-with-amazon-fine-foods,536300
/brucialized/video-game-analysis,533513
/sunclios/my-outbrain-1-0-version,997657
/sambid9988/lost-languages,533185
/vishallakha/khus-phus-khus-phus,576518
/duncanrenfrow/housing-prices,532482
/kpatel20538/exploring-representations-to-sieve-spam,532342
/liucharles/my-second-competition-of-digit-recongnizer,532731
/abcrank/testing-testing-1,536482
/woahboy/tutorial-notebook,610833
/valerydanilik/digit-recognizer-first-steps,531560
/jojadud/titanic-exploration-1,539349
/kandarp16/titanic-survival-data,531102
/rachit72/football-work,569410
/angelmm/leaf-keras-2layerednn,530661
/shadoe/kernel,530369
/rohsurve/feature-analysis,529260
/lizhenxing/fishdetection1-py,528810
/lizhenxing/fishdetection-py,528782
/jeevithanswamy/notebook3fb123bdaa,528732
/nbean13/playing-with-bike-data,528560
/felixzhao/oos-predictionaccuracy100-too-good-to-be-true,584101
/jeffhebert/installed-r-package-list,527334
/jakubmottl/initial-test,530192
/team17/team-17,527033
/aniketparsewar/titanic,1169461
/magnusoverby/magnustitanicnotebook,589760
/bnasuti/2014-us-mortuary-studies,606882
/deeded/20161211-test,525024
/doanducqui/msubx,524031
/andnpatt/first-entry,523831
/jdlc106/reforest,525220
/raistorx/xgboost,525020
/ilijaf/titanic,650060
/zrythpzhl/first-try-validation,531051
/jhicobrix/kneighbors-adaboost-decision-tree,520389
/jassss/kaggle,527907
/mchirico/devtestt01,527400
/svesal/fish-detection,518068
/samsons/check,529719
/xingyongyue/fish-kears,518006
/aditya1702/sssssss,517463
/clemlaflemme/pca-and-randomforest-for-digit-recognition,517481
/priyaranade/correlation-across-means,517697
/akila29/eeg-analysis,516986
/jadhavad/exploratory-visualization,556216
/linden8/preparedata,516903
/chqngh/random-pizza,516183
/toadtoadtoad/newwwww,518209
/adrianbureu/another-test,515881
/rithinch/uberny,515598
/rohandoshi/sarcasm-classification,515539
/icozma/test-notebook,515149
/wburger/mnist-pca-svm,518389
/catarango/terrorism-exploration,514797
/rutledge/testing,514401
/gabrieldemarmiesse/neural-network-for-beginner-lb-1140,514234
/mugenjoka/titanic-survival-prediction,522364
/alexanderkegel/exploring-the-titanic-dataset,1079996
/maxpavlovdp/titanic-1-play-book,513585
/bridoux/1sttry,513010
/shravandhanuka/classification-decision-tree,512332
/rohitagarwal/attempt-number-1,532888
/rsa0123/grid-search,516746
/lisajune/outclick-documentsandevents,519825
/nlprunner/housing-prices-prediction-with-scikit-learn,666996
/garimaraheja/allstate-stat-198-garima-and-ghaida,510439
/peteryin21/exploring-4-classification-models,510173
/kiranmath/kmmdataset,509486
/xingobar/starter,510613
/irvayans/linear-regression-model,508273
/sr71nighthawk/comparison-of-different-machine-learning-models,507381
/subhransuss/ipl-batsmen-vs-bowler,507196
/prototype96/mytest6,506958
/gauravjoshi1986/leaf-classification-through-keras,3090340
/wr819697746/knn-study,506837
/farzi100/random-forest,506433
/brucialized/movie-analysis,506185
/randyb/hpi-initial-analysis,505987
/happyv/digit-recognizer-rf,506229
/angelang/learn-and-test,538066
/wjh2016/hr-analysis,507534
/josephkrawiec/trial,505578
/napsa0125/familiarising,505422
/aarontrefler/titanic,515633
/eibanezm/family-engineering-in-titanic-s-dataset,527673
/nirupamkar/dummy-run-2,504555
/harveywang/first-competition,515624
/victorwang/rf-model,506443
/antonchekhov/predicting-survival-to-65-years,504512
/laparrala/first,515759
/sriramv16/titanic,503574
/toadtoadtoad/original-teammate,503841
/phtimo/simple-logistic-regression,503281
/darguelles/reducing-neighborhood-dimensionality,525689
/violetvivirand/read-the-details-of-the-dataset,516646
/cloudchen/titanic,502705
/tentotheminus9/interactive-largest-severe-hail-locations,1453133
/greenreddy0/rec-digits,502604
/dc4data/pandas-random-forest-experiment-titanic,507270
/junghyun/decision-tree,502331
/petermazurkin/the-global-network-of-temperature,501840
/richarlee/leaf-classification-richarlee,544346
/zhenhao/test-py,501922
/vidmath25/titanic-data-beginner,503527
/xgenie/cross-validated-neural-network-with-undersampling,501187
/mjschaich/predictingthewinner,500821
/rdaisy/hr-analytics,504591
/sohailkhan/exploratory-analysis-1,518887
/ndilsou/training-sandbox,502708
/yavuzdogan/knn-classification,498475
/xziems/ziems-cnn,498816
/tjin14/stack-exchange-primary-run,497955
/violetvivirand/try-on-titanic-dataset,502761
/vinay6666/explore-cats-vs-dogs-images,497584
/andy12290/ipl-data,747758
/kristenhuber/i-m-flying-jack-soaring-through-titanic,549271
/ugoood/691466,495623
/nitink12/prog-pyth2,505913
/runwitheez/digit-recognition,495042
/analyticsdojo/null-model-and-first-regression,494537
/valerydanilik/titanic-first-bigdata-experience,502063
/jeremyjgriffith/randomforestregressor,499763
/miaojiang/my-second-try,496365
/devinanzelmo/bug-kagglegym-reset,494117
