/s884225/notebook2ed8580974,474614
/abhi13neet/wordcloud-of-tweets,474601
/iujevic/notebook7515da57ef,474600
/mbwordup/bernoulli-naive-bayes-auc-59,474596
/majidmannan/game-of-thrones-analysis,474594
/drathnasingh/analysis,474578
/dattamunde/classification-of-student-marks,474577
/mbwordup/presenting-seven-classifiers-9dff2a79,474573
/wellwellwell/plotting-pivot-tables-and-exploring-data,474557
/jiachengpan/tensorflow-deep-nn,474543
/nlothian/notebook681f52345c,474536
/anishmayaramka/notebook57c3fee222,474535
/jiachengpan/digit-recogniser,474532
/majidmannan/predicting-imdb-score,474527
/kovserg/notebook9bbbec5457,474526
/emidzn/image-preprocessing-exploration-2-be2146bd,474550
/anishmayaramka/roy-s-titanic-notebook-7e6c7e62,474507
/pielover/initial-work,474503
/sunclios/a-journey-through-titanic-1f7b3a3d,474502
/gilleslouwerens/first-titanic,474490
/carlos14/randomforestregressor,474481
/emidzn/image-preprocessing-exploration-2-e3c9157d,474480
/emidzn/image-preprocessing-exploration-2-1cc92f12,474479
/sunclios/a-journey-through-titanic,474478
/marc000/feature-importance-with-extratreesclassifier,474476
/anuragshrivastav/notebooka6c4fdbba6,474834
/edwardchor/titanic,474462
/edwardchor/script-test,474460
/shubvyas/notebook6ad53f05e1,474452
/phaedrush/exploratory-study-on-ml-algorithms,474450
/xtt5480/cdscvsdv,474447
/yakubakh/notebook3e0f7fd99f,474439
/abhi13neet/feature-selection-for-predicting-wins,474436
/yakubakh/notebook089c672979,474434
/alexchan1292/notebookb57bb3f75c,474428
/kaggleshi/python-xgboost-starter-0-209-public-mcc-8a6d103b,474427
/xtt5480/qwert,474438
/xtt5480/notebook91ca2cc991,474423
/aaroncracker/a-journey-through-titanic,474414
/rijubhattacharyya/go-for-more,474413
/liangjiaxing/just-for-test,474405
/gzw8210/fork-of-the-titanic-project,474401
/anishmayaramka/the-titanic-problem,474399
/anishmayaramka/notebookf5faa03f34,474398
/jiayong/notebook964fd3a383,474397
/gzw8210/notebook240a204204,474389
/shubvyas/notebookf16385f8eb,474387
/shubvyas/iris-species-prediction,474531
/pntuananh/feature-importance-v1,474377
/monkeydth/a-journey-through-titanic,474375
/jasonhejingang/psychology-of-a-professional-athlete,474354
/ynhdng/svc-with-weighted-class,474351
/rijubhattacharyya/when-less-is-more,474345
/jstzhyd/cnn-on-digit-recognition-d79ad21d,474392
/gshankarbade/notebookf2321014d6,474819
/xiaopingchen/tensorflow-deep-nn,474336
/caokai/100-accuracy-math-relax-prediction-with-knn,474335
/gshankarbade/notebook8a21d498fd-a8c57aa7,474333
/gshankarbade/notebook8a21d498fd,474331
/yufengli/notebook5089981f27,474322
/linkinparkcs/sketch,474315
/heavenwesker/firstscript,474312
/srikhs/pikachu-vs-bulbasaur-matchup,474308
/rtmink/asdasdasd,474305
/rtmink/asdasdasdasd,474301
/rtmink/title101,474299
/jeffliu/notebookf440d5303c,474296
/lrlthink/a-journey-through-titanic-a5c17680,474295
/chenghua/simple-exploration-notebook-v3-0,474290
/gsinapi/notebookaecd3e4b66,474289
/nikomata/notebook85e9d0aa5c,474288
/earlygeek/explore-video-games-sales,474281
/rtmink/test101,474275
/zibinkevingao/notebookc0caf0aff0,474273
/gzw8210/a-journey-through-titanic,474266
/neojoy/notebook5bc907ac56,474256
/richconboy/notebookd90ce0466e,474249
/tobyfrancisv/notebookfa8b852a2a,474242
/pranaykishoree/notebook6b21d07447,474230
/adrienle/python-data-visualizations-feacd0a4,474225
/adrienle/exploratory-study-on-ml-algorithms,474218
/adrienle/python-data-visualizations-bc1b06d8,474214
/adrienle/python-data-visualizations-50944ee3,474212
/adrienle/python-data-visualizations,474209
/faheemt/notebookf63efdc43c,474203
/lzyeee/notebook8ed31f0177,474162
/jhoward/notebooked9e4e4ab7,474099
/jackiehuynh/notebookdb8cca932c,474025
/haoyanzhang/notebook1ab72aecd7,474023
/johntasto/notebookbfb30c0d89,473973
/bharath25/visualization-and-analysis,473963
/jenhu1/notebooka27ae265db,473943
/denisdegraeve/a-journey-through-titanic-0d128e39,473940
/rogertsui/notebook1bb39e0836,473935
/bharath25/notebook1fd59ea5bb,473931
/danieleewww/comprehensive-exploration-and-visualization-1,473923
/yayang/omg-nlp-with-the-djia-and-reddit-090ea964,473920
/brainymel/notebookdb16a3f0a1,473915
/bkonitzer/python-data-visualizations,473909
/raulmonraz/detailed-cleaning-visualization-python,473904
/wenchenkof2001/kaggle-1,473897
/mengting/omg-nlp-with-the-djia-and-reddit,473889
/raghavendrab/notebooke31da2d8d1,473882
/raghavendrab/notebook30be776fb5,473879
/gogotutu/notebook71661027c6,473875
/mparedes/regularized-linear-models,473871
/ghassem1365/notebookfb5d0bf47f,473868
/songzhm/coherence-image-pairs,473864
/litingguang/exploring-survival-on-the-titanic,473860
/ttobias/a-journey-through-titanic-352539d3,473849
/iviglious/notebook8c7dccb9af,473844
/sandeep8530/traffic-fatalities-in-2015-03d04011,473826
/sandeep8530/traffic-fatalities-in-2015,473807
/desared/comparing-goal-trends-across-europe-768f6122,473805
/raghavendrab/notebooka8dfed1263,473793
/vib1990/notebookedd7cbc96a,473786
/ttobias/a-journey-through-titanic,473782
/danzilla07/most-repeated-words-in-titles-in-different-areas,473779
/mktaop/decision-tree-implementation,473778
/crwfumth256/notebook71112d34d5,473776
/shubhij/optimizing-probabilities-for-best-mcc,473767
/megan1/notebook631db08ec4,473762
/mohamf1/notebookcb5f13031d,473761
/desared/comparing-goal-trends-across-europe-9bee9fb3,473749
/desared/comparing-goal-trends-across-europe-207bd3a3,473747
/desared/comparing-goal-trends-across-europe,473746
/ssai73/traffic-fatalities-in-2015,473744
/paoduromacmoney/detailed-cleaning-visualization-python-20e6c611,537160
/dwalczak/test1,473738
/dennisdt/ghosts-n-goblins-n-neural-networks-lb-0-74858,473729
/redpine/a-journey-through-titanic,473723
/redpine/traffic-fatalities-in-2015,473721
/yayang/omg-nlp-with-the-djia-and-reddit,473709
/gjm0216/cleaning-used-cars-database-in-progress,473699
/samuel1a0/notebook9b83470c9d,473694
/yayang/a-look-at-the-swedish-economy-1908-2001,473691
/sophiasmith/traffic-fatalities-getting-started,473690
/pcastanha/notebookf5ff0a9ab9,473679
/ekaterinaivanova/fork-of-notebookfc8e6df814,473672
/roblevin/traffic-fatalities-in-2015,473669
/bovalle09/notebook656c6c4db7,473664
/bruno16/imputing-missing-data-on-santander-product,473650
/lubo23/notebook9392f79c2b,473642
/simpleconjugate/notebook6c10d1db22,473640
/tamisalex/notebookae45c2f927,473638
/dhamoui/notebook90fc7b4d9e,473633
/tamisalex/notebook1340452cb8,473632
/vigilanf/notebook6eed2f664d,473626
/serenajiang/viz-stuff,473623
/gsysbm/notebooka9dc80927a,473620
/dbsnail/notebook2225689f8f,473614
/bdaubney/housing-prices,473613
/dvillero/notebookd11985f3fb,473611
/dvillero/notebook29c5a291e3,473609
/dalgacik/notebook0bf93d7834,473607
/grozzz/a-journey-through-titanic,473601
/dvillero/notebookb28ba9c9da,473588
/binalb/john-zheng,473572
/bdaubney/numbers,473575
/mrisdal/notebook32abbae8db,473562
/ervachon/notebookd55a13f0b7,473554
/hemau23/virat-kohli-vs-ms-dhoni-fe8e6dd2,473547
/pisipisi/notebookf147b4a50b,473545
/shan4224/ghosts-n-goblins-n-neural-networks-lb-0-74858,473533
/itownleys/notebookcc2f29132c,473527
/nathanzorndorf/titanic-python-ii,473526
/ekaterinaivanova/notebook81ca54ad84,473518
/denisdegraeve/a-journey-through-titanic-5b25a198,473508
/natashasm/notebookb255a71c1b,475678
/husenzhang/notebook29665ac45f,473435
/dogbear/my-kernel,473431
/samuellemon/notebookf25fa3d5c1,473411
/abdulmohsen09az/notebook83361d7aa6,473405
/abdulmohsen09az/notebook8f21ad71f9,473393
/victorthibert/traffic-fatalities-in-2015,473387
/zackpickler/notebook17aa0cbaf7,473362
/samuellemon/notebookdc4d6abfed,473361
/rcanand/exploring-survival-on-the-titanic,473360
/raalesir/notebookd737270f5a,473356
/divine0enigma/notebook964269c6e2,473354
/hemanshu38/notebookbf0a5f880b,473353
/tompago/digit-recognizer-in-python-using-cnn,473350
/ekaterinaivanova/notebookcfad99f543,473342
/dbsnail/fork-of-police-deaths-in-united-states-1c9f6370,473330
/yarosh/notebook4665b37629,473328
/michellejw/a-journey-through-titanic-0c07faea,473323
/michellejw/a-journey-through-titanic,473321
/michellejw/titanic-dataset,473319
/michellejw/notebooka51b7e8083,473314
/gftitman/world-dev,473312
/chudovamarina/who-not-to-fly-with,473289
/antgoldbloom/a-journey-through-titanic-e3a8f3be,473279
/rijubhattacharyya/notebook49a9b8a822,473274
/adrianspataru/notebook11b58e273d,473257
/dashwieland/notebook9b4e47619b,473254
/yabinzhang/hello-world,473352
/nolanlee/catdognet-keras-convnet-starter-93803182,473222
/fredaugermorin/notebook0abf0f1f36,473212
/mcavdar/notebookbee87f6122,473194
/anjithgeorge/fish-detection,473192
