/urmil99/notebook09ec77b14f,558147
/imrishabhgupta/titanic,1033857
/xieyufish/notebook61769002d7,558141
/tonmcg/fish-detection,558136
/sharath29/roy-s-titanic-notebook,558117
/maheshb/notebookcbb1c0ec92,558083
/wetdumpling/notebook5b198188ea,558014
/demyanoff/notebook2888834397,557996
/playerpiano/ffsdfgh,557982
/midhun/notebook950cb7b5bb,557974
/mchack/notebook0dd64c15a7,557970
/playerpiano/notebook9a97c10b99,557966
/mchack/notebook1ab4b40386,557964
/chicabow/first-step-in-titanic,557949
/zespace/visualization-and-analysis,557943
/msaifzainudin/hr-analytics-why-are-so-many-employees-leaving,557929
/zespace/philippines-energy-use,557888
/powderman/fork-of-notebook123c4b0cbd-4796ac97,557873
/rgupta88/exploration-and-plotting,557872
/rgupta88/notebook4110178e93,557869
/saifaldeen/notebook5c47e756ac,557817
/biopedro/notebookbbb171b07a,557804
/powderman/fork-of-notebook123c4b0cbd,557782
/siddartha607/brand-and-model-based-benchmarks-78c80b21,557775
/siddartha607/a-linear-model-on-apps-and-labels-74e15f10,557774
/ronaldtroncoso20/notebookacf8add5c7,557712
/yanjiang1/randomforestregressor,557705
/kimberlydevi/notebookd8606d1b52,557659
/futurist/notebook71b3b278d7,557644
/schenkelir/data101-d2037efa,557641
/chinling/notebookdd6d40c0b3,557626
/chaewonkim673/notebook7ae801d172,557620
/pbhosale/notebook74220887b1,561154
/youdong/notebook42b2f91c94,557519
/youdong/notebook73a2fd0609,557518
/kannyj/terrorist-attacks-in-united-states,557495
/snowmonster/notebook40ab886fba,557485
/interkf/students-habits-and-grades-prediction,557470
/mfyaya/notebook37154bffcd,557464
/li1992721/omg-nlp-with-the-djia-and-reddit,557458
/jamessw/running,557547
/abao00/titanic-test,557397
/amalptsr/outbrain-eda,557385
/amalptsr/explore-user-base-by-geo,558281
/abao00/titanic-project,557357
/xieyufish/notebookd050db812a,557338
/tanlikesmath/go-for-less2-lag1,557310
/clivesun/notebookda4f595f44,557261
/rmaurya/exploring-survival-on-the-titanic,557219
/marcusluck/notebookfe06fc8674,557171
/pdhapare/notebook37366de17c,557111
/vibhasgejji/random-forest,557059
/muhabek/simple-exploration-notebook-v3-0,556973
/ddelmoli/notebook37e2d6b65c,556954
/lwkuant/principal-component-analysis-explained,556863
/danieleewww/when-less-is-more-extended,568957
/tianshuo/xgboost-lasso,556730
/contradirony/notebook968baa3ca4,556708
/moodyreaper/rating-prediction-using-numerical-data-0dfb5038,556696
/contradirony/notebook952795fc5a,556690
/igorbb/notebook9bc9b40f4d,556644
/joelwilson/notebook9de9d7338f,556619
/nicholastran/notebookf39c39188d,556609
/jeffvaldez/notebook1c6064a0cf,556580
/saracardoso/notebook3b72582a45,556552
/shubhamagrawal/santander,620599
/kumarishalini/nn-mlp-keras,556493
/fzhurd/titanic-v11h2-20161217,556377
/mlemacks/terrorist-attacks-in-united-states,556361
/prashanth058/notebook82d54cbe01,556295
/prashanth058/notebook0c2c78aaa8,556293
/jadnohra/fish-detection,556277
/pblund/notebook83a8cbf14d,556194
/prashanth058/my-first,556191
/moodyreaper/rating-prediction-using-numerical-data,556160
/amirtasbihi/a-journey-through-titanic,556098
/celniker/getting-started-with-the-homicide-dataset,556096
/zacharydfriedlander/looking-at-tech-spending,556088
/zacharydfriedlander/notebookf8038f5ea9,556061
/chandrad/run-while-i-m-reading,556049
/andymasl/notebook974aacdce4,556048
/noahsan/notebook5eee5e9780,556027
/moodyreaper/imdb-movie-dataset-exploration,556010
/moodyreaper/imdb-analysis-by-genres-3859c3c7,555971
/tomgracie/notebook9673535a8a,555960
/moodyreaper/imdb-genre-based-analysis,555948
/iangrotton/a-journey-through-titanic,555921
/moodyreaper/imdb-analysis-by-genres-b5f69566,555917
/moodyreaper/imdb-analysis-by-genres,555910
/dimaku/test-py,555897
/doobopp/digits,555852
/doobopp/digit-recognition,555844
/vnktsh/tensorflow-deep-nn,555939
/sjb2014/a-journey-through-titanic,555780
/lukeschollmeyer/a-study-on-regression-applied-to-the-ames-dataset,555748
/pramukta/exploration-and-plotting,555732
/bestaar/my-first-kernel,1109411
/jmporrua/notebook882e53424e,555607
/mchirico/vehicle-accident-snow-dec-17th-map,587771
/jaromiru/notebook7d11548bf8,555546
/anil1234/feature-importance-v1,555525
/dhamoui/notebook1108eaaad5,555519
/z0mbie/exploratory-study-on-ml-algorithms,555485
/nahedelshareif/notebooke1fba81ddf,555481
/mountlee/regularized-linear-models,555465
/wdmtrader/notebook3bbe6a1393,555443
/nazlevent/notebook68999da067,555438
/daniuatchina/notebook83dc9e08a1,555437
/daniuatchina/a-study-on-regression-applied-to-the-ames-dataset,555399
/nazlevent/notebook04bca021da,555383
/paesibassi/notebook1d1be63377,564456
/agniash/notebookdf42b7df96,555362
/daniuatchina/houseprice,555360
/daniuatchina/notebook4f226e31a8,1470266
/abcdefghgjkl/notebook6fc8f8aa56,555303
/mohanpb/notebook9d004364d1,555273
/dhamoui/nn-mlp-keras,555250
/marcusoliveira/mapping-global-terror-matplotlib,555246
/marcusoliveira/a-heat-map-to-visualize-mean-crowdedness,555241
/mayhill40/notebook9fecbace10,555224
/vadimkuzmin/notebook36584945cf,555209
/vadimkuzmin/notebook01c83a1f04,555149
/akshaypatel/a-heat-map-to-visualize-mean-crowdedness,555136
/piakarski/pervyj-test,555116
/dcwoods2717/notebookec07a30860,555107
/vadimkuzmin/initial,555081
/vadimkuzmin/notebook7a95b372c2,555077
/tsyrendylykova/house-prise,555076
/smt9317/expensive-restaurants-look-like-this,554991
/vv4zir/a-journey-through-titanic-7820a9d4,568009
/ineelsjl/three-level-classification-architecture,554979
/tsyrendylykova/notebook638a7bffb2,554947
/krishnachaitanya1/a-journey-through-titanic-4f6ca831,554936
/vladcris/data-exploration-and-visualization,554907
/vul31i0911/notebookf332bcdaaa,554898
/caiomsouza/simple-r-platform-0-638-20161217-001,554893
/buttowski/notebookab17cbffe8,554884
/xuziying0618/notebook7593b81c2e,554880
/jjc295/notebook170399809b,554863
/matze192003/notebook81a3c4b940,554820
/fragout/notebook516b5b7a3b,554813
/ghdeng/notebook971064919c,554790
/jchachere/canceractivity,554763
/laurenceegan/a-journey-through-titanic,554761
/jchachere/notebookfdf5080bea,554748
/ashwanthpasu/visualize-the-users-in-the-us,554705
/xtt5480/hhhhhhh,554685
/nicolasj/testlalala,554692
/juwillms/testjw1,554798
/amanbh/checking-for-decartes-package,554770
/nicolasj/notebook150805a9e1,554618
/hitn0e1/qwqqwq,554625
/sugionoags/notebook8de2c7680e,554575
/ahmedwael/notebook3f312168b1,554520
/shalteor/notebook1ec3835bd1,554515
/taqtaq11/notebook0d16ae22a1,554514
/xtt5480/aaaaaaaaaaa,554472
/liyi1991/mapping-global-terror-matplotlib-abfcb8dd,554468
/jyyeli/my-script,554464
/xuziying0618/notebookd5cca0eec4,554423
/mmd2007/notebookc576206f4c,554422
/mmd2007/notebook7d69d64d1c,554419
/arthurpivz/exploratory-study-on-feature-selection-dffb2b49,554414
/pharmbot/notebook0ef7213cb9,554397
/yasha02/credit-card-fraud-detection,554407
/s7uff3r/titanic-best-working-classifier,554341
/gandhirushabh2311/notebook1f42d49d31,554333
/namra42/notebook4d878b7ca5,554325
/xuziying0618/ghosts-n-goblins-n-neural-networks-lb-0-74858,554382
/xtt5480/fffgdd,554300
/liyi1991/mapping-global-terror-matplotlib,554274
/d3potf/keras-convnet-lb-0-0052-w-visualization,554260
/onefoot/principal-component-analysis-explained,554240
/xuziying0618/notebookd180005dc5,554232
/gabybudel/random-forest-benchmark-r,554213
/genericurl/notebookb3a9311d8b,554195
/robscovell/notebookb9d0c691b1,555503
/genericurl/a-journey-through-titanic,554166
/kotlarmilos/notebook686c942fc0,554164
/adityavithaldas/notebookde43f614ad,554143
/ykwon0407/exploration-and-plotting,554135
/hardev/hardev-01,554134
/robscovell/notebook1b175b5fe5,554129
/vprooks/notebookcffdd89503,554127
/chandrasekhardcs/performance-comparison-of-ml-algorithms,554125
/wenjianhukaggle/detailed-cleaning-visualization-python-e40a8d72,554124
/st20104068/a-journey-through-titanic,554119
/bannel/not-racist-but,558892
/s7uff3r/mapping-global-terror-matplotlib,554094
/liyi1991/notebookbe6fca1036,554084
/rubtsovvasiliy/notebook25d011b8e7,554069
/jeffbmartinez/notebook8fd1201056,554041
/ericwang915/notebook9ea178fcee,554016
/jesusmoreno/exploring-aviation-accidents,554005
/thakursantosh/notebook963c168560,553963
/kaiyushi/exploratory-study-on-ml-algorithms,553945
/playerpiano/notebook554bf69bbe,553941
/thakursantosh/notebook10a30ac45e,553934
/thakursantosh/notebookcafb2170fb,553903
/lisa095/notebook645e8ba329,553876
