/keithselover/notebook72b0f262bb,351196
/bluecloudws/notebook59060dee7e,351189
/apoorb/notebook1fca6f3e3d,351169
/mrisdal/notebook9d4e782881,351168
/aquintero/notebook5c8f66bd8e,351167
/azmed86/notebookfd54145e3d,351162
/qq532933297/psychology-of-a-professional-athlete,351159
/erbahr/notebookf88dea5346,351160
/srushtigangireddy/notebook3f6ea0aca6,351117
/kputnam/notebook4d407022d8,359852
/thatdude/notebookd2bf3d49b9,351114
/erbahr/notebook7425d85602,351112
/jjjaime/data-analysis-on-your-name,351320
/anpakosh/exploring-player-stats,351085
/nkdxczh/notebookf490f7dfab,351067
/nkdxczh/notebook3a13078249,351063
/ikrishna/python-data-visualizations,351053
/accurate/exploring-products,351042
/justanotherbrain/notebook63f08c6fe6,350998
/ipacheco22/notebook5f6aba5fbf,350971
/abriosi/notebook8bdd1e5fd4,350965
/ianvince/notebook92f19c5fa4,350945
/karthikko/user-data-exploration,350909
/aniket0123/notebookb3a6087935,350872
/ianvince/notebook795f26d492,350847
/vikaskgp/notebook81e613624d,350842
/umqrat/notebook2bd6e4f2e0,350861
/shabdaraaj/notebook39f3a60ff4,350811
/chent02/notebookfa5f02a080,350828
/reakins/notebook84c6cc3c47,350783
/igpogo/dependentcost-9ddd2cc5,350760
/rodericksd/dr-titanic-on-kaggle-9-2-2016,351014
/urticazoku/tensorflow-deep-nn,350738
/jitesh03/notebook42835160e4,351250
/fahadsohrab/red-buffer,350870
/billjia/notebooka0e140d17e,350695
/jimthompson/notebookb41090eea4,350679
/kevinpalm/xgboost-with-leak,350659
/slickskills/notebook62dc5dca45,350652
/loesknoben/notebookdd669c8ab5,350642
/umqrat/notebookced392d9aa,350629
/bharath4246/notebooka044ff5100,350598
/umqrat/notebook271e0c8c86,350580
/anatolechessel/notebooke71ac8cf07,350559
/kevogich/a-journey-through-titanic,350740
/cvikas/notebooka0a32acfa2,350513
/dmanojbabu/notebook13f1188afd,350509
/afrozhussain/notebook32a0b9fa27,350501
/maluram/python-data-visualizations,350500
/prash027/notebookd405d94130,350491
/muralikrishna9/notebookdb92917ba7,350477
/tmfdk333/notebook3d22ee001d,350453
/lightman/notebook1c82222538,350449
/devvishal/notebook122e51ef22,350445
/vinayshuddar/notebook947a6fa9e7,350442
/luenebus/geolocation-visualisations,350408
/zonemercy/a-linear-model-on-apps-and-labels,350964
/asherlee/a-journey-through-titanic-922fd5d7,350364
/sombhad/exploring-global-inequality-and-growth,350360
/shamo002/notebook3bc4965f3d,409320
/hxyyuan123/notebook9830bc4bba,350337
/viktordederde/data-analysis-and-visualization-poke-master,352279
/lukaoo/notebook0f393de3f9,1297490
/icaetanodiniz/notebook8910499d3c,350281
/icaetanodiniz/logistic-regression-and-knn-predictors,350280
/chimera0kimura/notebookd378dcbe19,350263
/wensi11/geolocation-visualisations,350262
/xiaotawkaggle/notebook8e47ca78ea,350256
/venkybuddy/notebookd0eec35f59,350240
/vinayshuddar/fork-of-a-linear-model-on-apps-and-labels,350209
/dlcarey88/notebook611730a274,350196
/liuyue715lm/notebook21f67bb56c,350189
/masayukixhirose/fork-of-notebookf806ea01fc,350181
/masayukixhirose/linear-model-roughly-modeling,350197
/cnukaus/python-data-visualizations-5ebb96c2,350171
/dasean/notebook918d1f636f,350168
/sunnyrain/basic-neural-network-using-tensorflow,355397
/liuyue715lm/geolocation-visualisations,350163
/cnukaus/python-data-visualizations-6708f8fb,350155
/brassmonkey381/notebookeb53582bb2,350154
/bencongdon/notebook474e8288ad,350150
/gmoben/notebook0de921f625,350146
/jbejar86/python-data-visualizations,350144
/zheng11/notebook4485090ace,350142
/poteman/0-909-36,350479
/tdcolorado/notebook4e66a31d95,350117
/zheng11/notebook3e16a8dca6,350116
/vivekhule/notebook2fb1f88603,350112
/tmtabor/logistic-regression-and-knn-predictors,350105
/jacobbogossian/county-facts-candidates-heatmaps,350103
/igpogo/dependentcost,350687
/tanlikesmath/notebookf12ad30113,350101
/datacanary/notebookd70473c925,350099
/madmaxliu/brand-and-model-based-benchmarks,350095
/alexislori/notebook7a822a8ee8,350089
/lovemyjean/tensorflow-deep-nn,350068
/zheng11/notebook7dd96742b0,350098
/diddypwn/notebook3a00f68026,350027
/evanwang1028/notebookc0541c65e5,350024
/icyfire/notebook89f744818f,350019
/mingrisch/notebookb6cf993c21,350018
/xinlutan/notebook3bb9f75969,350015
/datacanary/notebookada2c80274,350011
/jeradrose/notebookb353ac621d,350010
/benhamner/notebook03e93f0bf0,350009
/peatschmo/notebookaa582deb13,350007
/rsandhu77/zika-data-analysis,349985
/mehdib/a-titanic-voyage,356475
/tahabilge/notebook712aab6cc2,349973
/xinlutan/notebook29c8c886d8,349971
/bananuhbeatdown/notebook0e9a3a892d,349966
/johnmin/exploratory-image-analysis,349946
/derekknelson/notebook165dbfd9af,349943
/dongdongwang/notebook0f862bc7c6,349934
/anpakosh/investigating-the-home-advantage,349930
/attila007/notebook602df2651f,349916
/attila007/notebook78f404511a,349912
/attila007/the-biggest-impacts-on-name-popularity,349910
/attila007/brand-and-model-based-benchmarks,349921
/dhananjaigupta205/notebook5ec49eb5cf,349884
/igpogo/analyzing-text-in-consumer-complaints,349872
/jitesh03/notebookf4f293b62c,349871
/cvisger/notebookdc6ac8bdf9,349868
/juan001/python-data-visualizations,349850
/bembo98/notebook3deadb2886,349845
/haoshuai/notebookf8ecfd09bf,349821
/isosnovik/notebook72f6fece79,350391
/bulmer/explore-sf-salary-data-quick-eda,349794
/vivekg342/notebook5ae7ef9d83,349793
/saracha/notebook4b9c7f4e31,349775
/nopium/brand-and-model-based-benchmarks,349767
/growthack/notebookd168b2cbfb,349744
/loveleen2201/brand-and-model-based-benchmarks,349722
/madraziw/notebookf949e3d638,349690
/jiangmulong/notebook478923f569,349684
/isosnovik/notebook65c1c87ebd,349676
/mchirico/when-is-a-bad-time-to-take-a-train,349674
/le3sym44/notebookcfba024425,349673
/phaethonprime/notebook6f273a4b26,349671
/vinceallenvince/notebook44fd54b41a,349656
/vijaysankar/notebooke9a23690aa,349634
/saracha/python-data-visualizations,349633
/michaelthe/notebookef0dcd5c7d,349615
/elguapo77/omg-nlp-with-the-djia-and-reddit,349606
/crailtap/notebook4e16f2b16e,349605
/josealberto/work-in-progress,350414
/artygan/notebook1df28b9878,350372
/phaethonprime/notebookd4125d6c0c,349578
/wwang107/notebookd028733649,349569
/keerthihs/notebook4e2ac54a9c,349562
/sauravshishodia/notebook7f2fd0cf2d,349533
/nithinmurali/notebook814a2e357d,349531
/cnukaus/python-data-visualizations-35221378,349528
/zubati/notebook090488a418,349526
/datamine06/notebookefbb9666ed,349516
/piscab/notebookf4cfea9883,349515
/sapphire0/exploratory-data-analysis,349512
/sapphire0/predict-hotel-type-with-pandas,349511
/sapphire0/exploring-features,349510
/sapphire0/geolocation-visualisations,349509
/sapphire0/python-data-visualizations,349508
/klodgo/notebookb663bc4ce2,349479
/brainleochang/python-data-visualizations,349439
/dheeraj21/the-biggest-impacts-on-name-popularity,349418
/atomate/python-data-visualizations,349386
/josealberto/fork-of-pca-naive-bayes-r,349406
/karthik82/python-data-visualizations,349342
/wlsanders/a-journey-through-titanic,349273
/cnukaus/python-data-visualizations,349265
/gatesm/a-linear-model-on-apps-and-labels,373002
/nitant/notebook37261d2957,349260
/zishan/notebook6e7119cffa,349255
/prateekbhat/notebookdf3431f104,349707
/shwetasharma/notebook63f6c15b87,349249
/ccuulinay/kobe-shots-show-me-your-best-model,349238
/ccuulinay/psychology-of-a-professional-athlete-9e62355f,349234
/madhulika189/notebook97f4f2d075,349213
/jimthompson/notebook4727cd4602,349203
/jeremylovedata/knn-from-scratch-in-python-at-97-1,349193
/minhoolee/notebook88e9b6b561,349320
/carlnw/zika-data-analysis,349186
/andyveloper/python-for-padawans,349179
/beast00460/a-journey-through-titanic,349158
/speedoheck/notebookf505f9271d,349137
/meenakshilakra/notebookf5034fd235,349119
/jonlee317/notebook632d4908fd,349111
/frankmassi/notebook2dcf058447,349101
/federicoleonardi/notebook46d4c7f795,349092
/vekumar/notebook2c24be2565,349084
/brendangraham/tensorflow-deep-nn,349058
/speedoheck/notebook5158829ea8,349048
/matthewsochor/xgboost-vs-betting-markets,349019
/herilalaina/notebook4e5df07b4c,348992
/antgoldbloom/notebook4985dcc40c,348981
/aiglagomes/notebook79c0ea83e9,348944
/bonanzhang/python-data-visualizations-52bd80b9,348932
/katerynad/svm-classifier,349173
/arenasource/notebooka3fafa9676,348918
/fickas/notebookfabc8c6a23,348917
/thething/notebook56610870bc,348915
