/kerneler/starter-documentation-a61b65d5-6,6722563
/adrian1acoran/sql-scavenger-hunt-handbook-16156b,6721850
/kerneler/starter-iris-dataset-d1ab5012-4,6720707
/kerneler/starter-news-classification-e8a042e9-4,6720681
/kzais92/int-at-whs-digitrecognizer-praktikum-aufgabe-2,6720399
/kerneler/starter-movie-review-polarity-a067bbd5-2,6720225
/adrian1acoran/fork-of-fork-of-kaggle-2017-survey-results,6862713
/wnhwnnlove/this-s-like-a-secret-place,6721066
/kerneler/starter-wukong-datasets-03eddbb9-2,8739811
/kerneler/starter-reviews-of-london-based-hotels-e69465cc-1,6719355
/kerneler/starter-poster-predictive-analysis-0195e7d8-3,6719190
/kerneler/starter-poster-predictive-analysis-deebf088-b,6718785
/kerneler/starter-sign-language-digit-dataset-2705e165-3,6715963
/skusuru/underfitting-and-overfitting,6714020
/vikki95/rsna-pnuemonia-detection-cnn-segmentation,7030821
/kerneler/starter-vietnamesarticlesummary-0a4d59a6-8,6713070
/krabreu/unsupervised-anomaly-detection,7632791
/kerneler/starter-taxipredictiondata8m-85be16ce-6,6710585
/th0sch/introduction-to-cnn-keras-0-997-top-6,6739300
/kerneler/starter-verba-idenizatoria-cldf-2017-4f1bb308-9,6709945
/kerneler/starter-protein-probes-8fdabc20-1,6709856
/mathfour/pubg-prediction-with-three-features,6709769
/tjbhdata/tf-idf-analysis3,6796754
/kerneler/starter-pro-evolution-soccer-pes-d4500e0b-c,6706337
/pausempere/preprocess-and-feat-engineering,6704988
/urosjarc/kernelf83d7d0ee4,6703175
/kerneler/starter-shoes-dataset-1f1dddc4-b,6702818
/kerneler/starter-playmobil-46ed1811-3,6702110
/kerneler/starter-imdb-database-short-form-98d6d3db-b,6701563
/adrian1acoran/fork-of-kaggle-2017-survey-results,6700928
/praseeda810/classifier-comparisons-55fce1,6700768
/adrian1acoran/fork-of-sql-scavenger-hunt-handbook-98967c,6700750
/vatsal73/kernel767fc1a4d8,6703750
/adrian1acoran/kaggle-2017-survey-results-88e6cc,6699992
/alqamahjsr/topic-3-decision-trees-and-knn,6870327
/adrian1acoran/how-models-work,6699505
/kerneler/starter-udemy-class-pca-41781abf-2,6699304
/djloyd/kernelaa95af3d60,6715228
/kerneler/starter-2econsultingwebpagelog-e693cf8a-8,6696820
/hassanhayat/exercise-syntax-variables-and-numbers,6695625
/boomberung/simple-eda-extratrees-v1,6694600
/hassanhayat/exercise-explore-your-data,8811766
/kerneler/starter-european-city-population-and-a65b2f81-3,6693963
/kerneler/starter-alphabet-images-written-in-fa745101-9,6693954
/kerneler/starter-protein-atlas-eab-predictions-fb0dd9e2-6,9426422
/kerneler/starter-englishnamescsv-52f8071d-7,6693635
/kerneler/starter-englishnames-9f1795e6-1,6693596
/mustiege/logistic-regression-accuracy,6694449
/tarokawakawa/kernelf17df5258f,6693220
/kerneler/starter-gdp-and-life-statisfactory-2bce332a-8,6692938
/plsms21/11exc-time-series-plotting-optional,6692811
/kerneler/starter-gdp-per-capita-e03ed619-f,6692539
/kerneler/starter-global-dc60d88e-e,6692166
/kerneler/starter-trainsklearn-e2864d46-f,6691934
/launay10christian/2017-france-presidential-election-analysis,6691187
/kerneler/starter-insta-car-dataset-55eccace-2,6690913
/cheng1115/fork-of-hello-python,6690684
/kerneler/starter-deeplearninbegginer-ed801788-b,6688957
/plsms21/09exc-introduction-to-plotly-optional,6688555
/kerneler/starter-pubgmax-67ee97da-c,6945633
/kerneler/starter-x-ray-classification-457b4f09-b,6687700
/kerneler/starter-alphabets-sign-language-85c8f99e-8,6687637
/kerneler/starter-visitors-to-taiwan-by-8d35f17a-a,6884442
/kerneler/starter-viettel2-2f078861-6,6685958
/vothanhan/hello-python,10023327
/sobharaj/welcome-to-data-science-in-r-workbook,6765152
/sobharaj/how-models-work,6685116
/kerneler/starter-result-0054317c-c,6685097
/alqamahjsr/topic-2-part-2-seaborn-and-plotly,6689390
/kerneler/starter-votacao-es-95acd2b6-b,6684077
/kerneler/starter-votacaoes-21c8866d-3,6683646
/kerneler/starter-midterm-elections-candidates-d885567b-8,6681382
/kerneler/starter-precipitation-machine-5f8f9e03-f,6680450
/kerneler/starter-egrid-1996-2016-044b4caa-0,6679885
/adrian1acoran/pi-3-14159265358979324-code,6696921
/gazal123/dogs-and-cats,6724449
/kerneler/starter-north-carolina-tract-85e73b64-2,6678434
/kapileshkothavale/home-pricing-random-forest,6678430
/lequanne/housing-prices-advanced-regression,6677931
/unniukeh/topic-4-linear-models-part-3-regularization,6675191
/kerneler/starter-viettel1-b46ef5e0-9,6685892
/kerneler/starter-wildfire-non-wildfire-208bab4e-3,6672960
/kerneler/starter-tweets-eleicao2018-4f27cbec-2,6672770
/kerneler/starter-glove-s50-ff3b588d-9,6672691
/tanmoyie/python-script-of-youtube-videos,6672653
/kerneler/starter-dasch-slopes-5107af43-1,6671800
/kerneler/starter-bibliography-6b879085-0,6671105
/kerneler/starter-dl1-store-6f7d9c8b-f,6670812
/kerneler/starter-optimization-talk-images-e55d6b09-0,6671359
/bhasky/fully-convolutional-accuracy-94-1-15-mi-789a46,6670449
/shriram1510/fork-of-doodel-detection,6688264
/deepakmallick64/text-mining-and-sentiment-analysis,9628338
/krijestoracmaida/pima-indians-diabetes-database,6669186
/adrian1acoran/prote-nas-humanas,6673747
/kerneler/starter-london-boroughs-house-price-7fbc081d-4,6668029
/kerneler/starter-dataset-6363f2ad-d,6667317
/prashantsaraswat123/land-registry-house-price-analysis,6667275
/kerneler/starter-land-registry-housing-prices-6db31772-9,6665441
/shriram1510/doodel-detection,6669972
/yakolle/gs-nn-uv-train-1-8-10,6662988
/kerneler/starter-medciare-part-a-b-d50fe74e-7,6662617
/kerneler/starter-medicare-part-d-opioid-265fa93a-1,6662596
/kerneler/starter-medicare-hospice-use-4d372448-3,6662576
/kerneler/starter-medicare-individual-provider-55a000d1-1,6662539
/kerneler/starter-medicare-home-health-agency-963bdd3a-d,6662522
/kerneler/starter-cms-ipps-provider-summary-data-c57aa4d3-4,6662488
/kerneler/starter-cms-hitech-interactive-70799ccb-0,6662455
/kerneler/starter-cms-dialysis-facility-reports-3f99439f-0,6662384
/kerneler/starter-medicare-ffs-cert-improper-e0cb971b-d,6662354
/kerneler/starter-cms-dra-hac-provider-level-6a1bd236-2,6662298
/kerneler/starter-cms-innovation-center-data-6d175cd6-f,6662274
/kerneler/starter-wildfire-photos-256125e3-e,6662101
/kerneler/starter-cms-ffs-30-day-medicare-56446273-3,6662025
/kerneler/starter-cms-qualifying-health-plan-e86b2f1a-f,6662010
/kerneler/starter-cms-ffs-data-for-shared-4ccef5e7-2,6661982
/kerneler/starter-medicare-shared-savings-eb02cae2-5,6661965
/kerneler/starter-cms-american-indian-alaska-5620fc72-f,6661942
/kerneler/starter-cms-basic-stand-alone-6526823f-b,6661908
/kerneler/starter-cms-physician-supplier-50ff8d56-9,6661832
/kerneler/starter-dialogue-lines-of-the-simpsons-b987a227-d,6660202
/kerneler/starter-egrid2014-eaa83841-c,6659572
/kerneler/starter-egrid2012-3e11af1b-6,6659569
/kerneler/starter-egrid2010-9f51ffb6-3,6659566
/kerneler/starter-egrid2009-e45275c5-5,6659561
/kerneler/starter-egrid2007-3eb23acb-7,6659560
/kerneler/starter-egrid2005-a9d77eb6-d,6659555
/kerneler/starter-egrid2004-b35ad1a0-9,6659554
/kerneler/starter-egrid2000-c9b249bd-4,6659553
/kerneler/starter-egrid1999-1480e1fa-8,6659550
/kerneler/starter-egrid1998-99cea012-e,6659547
/kerneler/starter-egrid2016-2ee3c23d-0,6659543
/kerneler/starter-egrid1997-424078a1-7,6659529
/kerneler/starter-egrid1996-232a8d11-6,6659459
/adrian1acoran/kiva-43370d-d-a23c8f,6670072
/kerneler/starter-picostweets-3c4d1761-d,6658630
/kerneler/starter-twitter-sentiment-analysis-f08e9d52-d,6657685
/skihikingkevin/estimating-pri-esea,6732491
/kerneler/starter-twitter-data-4e7ab639-b,6657002
/voxels/protein-atlas-exploration-and-baseline,6805081
/kerneler/starter-twitter-worlds2018-0cb7d034-3,6655493
/sambelkacem/twitter-sentiment-analysis,6657779
/plsms21/07exc-faceting-with-seaborn,6654964
/kerneler/starter-dataset2-d5b4f386-c,6653983
/jaderlima/template-aula-3-exerc-cio-1,6653873
/fernandofto/template-aula-3-exerc-cio-1,6653867
/kerneler/starter-bureau-of-transportation-2cc203f3-5,6653036
/kerneler/starter-emotion-classification-164c8634-c,6652815
/obinnaugbor/exercise-booleans-and-conditionals-f96ff2,6651790
/alqamahjsr/working-with-external-libraries,6652519
/kerneler/starter-tweets-sentiment-analysis-18f9956d-a,6650398
/versha20/kernel670be3cb51,6805050
/tarunpaparaju/pubg-placement-predictor-catboost-regression-v3,6651173
/kerneler/starter-room-type-8dab5613-e,6648976
/adrian1acoran/fork-of-titanic-desastre-43370d-dfb6b4,6658422
/kerneler/starter-ventilated-slab-81080fe1-9,6648829
/kerneler/starter-homicides-aabd24dc-3,6647855
/kerneler/starter-slab-drying-at-ventilation-a1fd66b5-5,6647835
/kerneler/starter-stress-reduction-data-ad90a6fd-d,6647197
/kerneler/starter-churn-modelling-6f660c97-d,6647037
/yakinrubaiat/retina-net-again,9912425
/kerneler/starter-slab-drying-at-ventilation-e679244b-2,6646290
/kerneler/starter-thermal-soccer-train-da3685c9-1,6646102
/alinecristini/aula-2-exerc-cio-1-aline-camila-rafa-a58d26,6645915
/kerneler/starter-cats-and-dogs-images-e50f9983-b,6645639
/kerneler/starter-python-150k-dataset-b8961e2b-e,6919407
/kerneler/starter-killer-app-c4b8dd0b-9,6645210
/kerneler/starter-pimaindian-c15588bc-d,6645169
/kerneler/starter-housingvotes-650edd91-1,6645164
/kerneler/starter-gm2008-62b2c164-d,6645151
/kerneler/starter-gapminder-f65f7a9d-a,6645140
/kerneler/starter-nba-player-stats-2017-18-82de518e-d,6646614
/kerneler/starter-slab-drying-at-ventilation-e49aa31a-2,6644056
/dazcode/kaggle-kernel-demo-pre-trained-image-class-91709c,6644810
/kerneler/starter-ldadata-46ddc5a3-9,6643647
/kerneler/starter-imdb-movie-review-dataset-76227449-f,6643644
/nvinayshetty/joining-data,6643482
/pragyachik/exercise-random-forests,6643354
/kerneler/starter-pubg-ver1-775a5f98-a,6642908
/burmad/pubg-stickafork-chickendinner-isready-version-1,6646156
/kerneler/starter-gun-deaths-in-the-us-997d1847-9,6640891
/tprakash059/hello-python-da8645,6640436
/snapperxyz/fork-of-exercise-functions-and-getting-help,6639821
/plsms21/05exc-subplots,6639203
/kerneler/starter-zalo-train-set-6870d2a6-6,6638396
/mariopincay/algoritmos-de-machine-learning-con-python-spa,6637948
/kerneler/starter-aula-3-exerc-cios-1-2-e-3-a37bc538-3,6636864
/rfacchioli/template-aula1-exerc-cio1-dataviz2018-d89452,6646806
/galacticcyrus/aula-2-exerc-cio-1-apresenta-o-de-data-91190f,6637602
/sezinengur/fork-of-introduction-to-data-visualization-datacam,6736468
/kerneler/starter-fastai-v3-dataset-6c9c64ca-5,6635621
/plsms21/03exc-bivariate-plotting-with-pandas,6634240
/rocki37/students-scores-analysis,6632835
/yunisu/test-data-recognizer,6702438
/rocki37/education-literacy-gender-wise-distribution,6632375
/kerneler/starter-census-shapes-for-3500103-2da0e07c-a,6630917
/josephmomo/kernelf48402b5ec,6690376
/kerneler/starter-steam-comments-11ce82dc-8,6638675
/nvinayshetty/as-with-v,6629433
/kerneler/starter-deprecated-pubg-finish-be031398-a,6628845
/adrian1acoran/titanic-desastre-43370d,6635562
