/mckameym/notebookcbc40d9819,1034589
/angelai/notebooke2cdba7744,1034583
/st03lh/titanic-practise,1034622
/kalyserge/notebook721c007291,1034562
/lucao66/can-a-computer-say-a-1000-words-from-a-pict-b23d1f,1034545
/sarbanes/notebookc77a2a9a37,1034541
/sumendar/notebooke3825761d6,1034536
/rraju2/leaf-classification-example,1034738
/rraju2/notebook4e1917511a,1034528
/dsaini306/titanic-prediction-hello-worlds,1034510
/pletnes/notebook9cf7a9da35,1034494
/srij96/first-kernel,1034492
/athabascaai/generic,1044524
/rraju2/notebooka82344a591,1034481
/amirsayegh/notebook36575f6b11,1034466
/trandinhcat/notebookf0d75cf883,1034460
/rbharti/ppsnwd,1034483
/bodhiswatta/notebookf3886e5be7,1034429
/tylernd27/notebook6f65e6676e,1034406
/dijanaobralic/test1,1034404
/pamelachen/game-01,1034372
/yuerlong/notebook0009ab5846,1034346
/gibbstp/notebook68f3205e7f,1034320
/jimdilorenzo/testa,1034294
/jemtdj/notebooka691f4aade,1034289
/ajuoga/notebookcef6a72d8e,1034287
/sanyasiraju/notebook1e98e83125,1034277
/bqnguyen94/scikit-learn-ml-from-start-to-finish,1034260
/soufianeorama/notebook6e663ec7ff,1034243
/soufianeorama/notebooka968396f31,1034236
/premshah/notebook8ee2616973,1034197
/nia9515/notebook0fc871274e,1034184
/yuerlong/notebook571799e541,1034171
/victorbible/notebook6e05b4ebfd,1034146
/moozzy/notebooke6e59f1227,1034135
/wuhao1542/hello-world,1034118
/jweston/digit-recognizer-kernel,1034104
/shraddhadinde/data-pre-processing-iris,1034103
/qeltium/notebookbba5d25c6d,1034064
/jscan1/notebook37817ab970,1034061
/benhamner/notebooka05bf500b5,1034058
/svetlin/notebook7e37b3c9a2,1034052
/dorshman/notebook29d22dc0e4,1034035
/xiaocao/notebookf3a79e3522,1034034
/giosans/notebookd1428d1abd,1033984
/abobel/notebookf980d29eb2,1033974
/philchiago/notebook65e8f46389,1041673
/lukeh123/notebook42e188d793,1033944
/praveen13/notebook0abffc0db0,1033932
/yexiaogil/digital-recognizition,1033927
/aboubakr/notebooke5c9982a83,1033920
/sudoprime/notebook0f4744da3e,1033919
/sgebone/notebookf530da4fbc,1033908
/yoname/notebookf975a1eab5,1033884
/fadlanzunima/notebook8a70d087c6,1033876
/fadlanzunima/recognition,1033875
/ranggaacc/notebook5604e02e69,1033872
/adisaputra7/recognition,1033870
/azmiiqbalgp/notebook2401ce2614,1033869
/kamal17/notebookf9aeb4f830,1033866
/maheshktmsu/notebookceb504ab88,1033855
/hks9697/notebook6ca9c8f42f,1033838
/anvibhat/notebookce31e73cb0,1033823
/imrishabhgupta/notebook4bc34a8881,1033800
/davbmoricano/notebooke5f29d4251,1033789
/andrewsmith92/notebookf5cfe84365,1033788
/verdecal/test-script-svc2,1034408
/kathakaliseth/notebook7e1a109a61,1033758
/fredrikl/notebook96a5314f10,1033754
/djay100/notebook0ae73c9c9c,1033744
/rw3374/test1,1033690
/liuyangcv/notebook7e645fd8f4,1033686
/agavranis/notebook1f0d81a774,1033680
/agavranis/matching-que-for-quora-end-to-end-170324,1033674
/nagendeak/nagender,1033669
/amerbasatna/my-first-scribt,1033637
/chanast/notebook6cad379d36,1033593
/tranguyen/notebook4fdda2c45a,1033658
/suryam/exploratory-study-on-ml-algorithms,1033554
/pyy1128/notebooka34fccee87,1033523
/lijiaqi/notebook337cd685ab,1033517
/vaibhavbhujbal/notebookb1e5273cd5,1033497
/haryshort4/notebook2adf0e455c,1033479
/alexxanderlarko/another-python-version-of-it-is-lit-by-branden,1057452
/agavranis/xgb-starter-12357-csv,1033527
/ravishukla26/inspired,1033465
/ajuoga/notebook7ca462ae47,1033463
/ankur1129/notebook82c19451bf,1033457
/kingsway/notebooka1c1885d4c,1033455
/time1ess/notebooke5e068dfb9,1033438
/time1ess/notebook1db9962f6b,1033435
/henrylam/notebookf084eaeeb8,1033429
/henrylam/notebookdcd5b8641e,1033428
/baleal/playing-around-with-homocides,1033420
/sunnybest1990/notebookc802523009,1033418
/time1ess/notebook95acc07c65,1033412
/bodhiswatta/notebooke6f59a2e3b,1033404
/glorykim/notebook03e0dc4a98,1033388
/powderman/notebookedd12319ce,1033386
/diptynawal/notebook7b87088cd3,1033383
/powderman/notebook0c508d7e9f,1033375
/powderman/notebook7678e4cc35,1033369
/juiz007/notebooke0cd9d14fe,1033368
/kent119/comprehensive-data-exploration-with-python,1044988
/xiaohou/notebooka1fb6a487d,1033335
/akilaw/xgb-starter-12357,1033334
/ahmadi/the-true-number-of-cluster,1033399
/anmol007/notebook3ee9688710,1033275
/skhawaja/titanic-disaster-survival-099,1055038
/awesomeprashant/notebookec3675f0bb,1059389
/selinali89/notebookdb8976a0ed,1033253
/kalmadi/notebookc36024d99a,1033244
/liulin/digit-recognizer-in-python-using-cnn,1033237
/davidguandev/notebook46faec75ec,1033230
/pugazh/titani,1033209
/cosas1008/notebook58390e06b9,1033199
/openjny/notebook6ca9cd168b,1033181
/aomidro/notebook43fcb3bbb5,1033167
/yuchaogg/notebooka7ae8bf400,1033162
/czfshine/notebook3e552e5bec,1033148
/pravalsharma/notebooke5839fa75f,1033145
/archanar/notebook8181da9f4d,1033142
/solrex/titanica,1033126
/rbharti/practice,1033314
/rbharti/notebook31d5017463,1033121
/nurulpaully/notebooke592acceb4,1033112
/mrouvier/notebookd7469d7f67,1033108
/solrex/titanic-fresh-man,1033493
/solrex/notebook8e46bcedef,1033498
/sart123/notebook6a0d41bd38,1033083
/chhavisaluja/notebooka311787e26,1033075
/johnobia/notebookf1bcd8e7af,1033057
/cindyt/notebook26daf729b8,1033052
/shaodan/deleted,1033040
/fengwei96/notebookc0e55edb01,1033032
/sieunjeon/notebook13b7c8d116,1033026
/mikezhaocs/notebookdc1108e8eb,1033025
/hamedpola/notebookf7b1a2725d,1033021
/alexbooth/digit-recognizer,1033041
/yeongxiang/feature-engineering,1032987
/piyushdugar13/notebook518d9e7815,1032974
/zhoudaoyu/notebookbd72939871,1032960
/pvs266/notebook2ea8171d53,1032953
/yuchiwang/notebookecb0c374de,1032952
/liuxiao1028/my-notebook,1032958
/zhoudaoyu/notebook46b11af1f5,1032946
/tngodup/notebookfc2bb49233,1032926
/longint/another-python-version-of-it-is-lit-by-branden,1032922
/cpamieta/testerrrr,1032915
/scream23/notebook6110cc0123,1032904
/dulybon/exploredata-r,1032906
/ccronin51/notebook0664709ed6,1032887
/lijiaqi/notebook8b4bcd323e,1032886
/zychensdcc/notebookfc3fa0b23c,1032880
/gcwngo/notebook673966b689,1032857
/matallan/notebookb18beceb16,1032852
/imanjohari/notebooka1e9f2f546,1032846
/benhamner/notebook127c77c9b0,1032840
/zhaojunnie/notebook9a14839e30,1032839
/yuchiwang/notebook2e1bbc6ced,1032790
/jackywong1825/notebook27a72636aa,1178420
/yusakuomasa/notebooka3b5edb679,1032778
/dowdyg1/test-nfl-script,1525164
/ajuoga/sentence-similarity-check,1033348
/danielleip/tester,1032757
/dowdyg1/nfl-test,1032735
/alexsoong/notebook8711a0efed,1032714
/colafly/notebooke2edbea051,1032637
/antgoldbloom/notebook6c54d2cfe5,1032629
/elaineresende/notebookec89b98b01,1032623
/ivanoliva/understanding-xgboost-model-on-otto-data,1032610
/pinemosquito/notebook54465997d2,1032567
/nshad94/notebook822ab24009,1032555
/chriscc/notebookccbbb3cc06,1032528
/karidj/notebook44e1514367,1032521
/namluu/titanic,1032529
/dowdyg1/notebook0e38685db0,1032514
/jeffreypage/titanic-data-exploration,1032512
/karidj/notebookc86d3d62de,1032484
/dowdyg1/notebook6c62145d2b,1032476
/sureshshanmugam/notebook32b583d782,1032466
/lucao66/can-a-computer-say-a-1000-words-from-a-picture,1032464
/kipster/notebook70521c4ebc,1032448
/cwhitson/titanic-learning,1040475
/dsaini306/notebook386e35fb19,1032399
/alexai/defautscript45,1032375
/tdoan35/notebook2306acc186,1032374
/rakgow/notebooka2624e35b0,1032368
/vinitmehta/visualization-on-a-2d-map-with-t-sne,1032346
/harini5693/notebook10566210fa,1032337
/coolalexv/first-script,1032326
/rahulgopal/renthop,1032321
/hudan1992/notebookcd32a9dc97,1032306
/sumitchansouliya/notebooke98ececf70,1032292
/lindsar/notebook0e97c9972c,1032280
/janet7061/notebookcde8f8c2ed,1032258
/stevenc49/tolist,1032255
/jagratkhandelwal/notebookfb8511f570,1032248
/emma2016/notebook9d7fe4b700,1032241
/jagratkhandelwal/fraud-detection,1032239
