/lemonkoala/popular-unisex-names,3700456
/dxc496/final-work,3558203
/kylehounslow/kernel510eb7e71d,3557650
/cwestby/exercise-convolutions-for-computer-vision,3568914
/douglaswchung/time-series-plotting,4460757
/kord96/averaging,3557165
/narayanjogsingh/model-validation,3557058
/emilmelnikov/dataset-downloader-with-multiple-features,3557075
/kertis/chapter-6,3556109
/ahmedmoorsy/kernel56f66f0bc6,3556040
/dionref/data-cleaning-challenge-inconsistent-data-entry,3557070
/vneogi199/detecting-retinal-damage,3566682
/anagharumade/thinking-like-sql-in-pandas,3554926
/guillaumemartin/simple-supervised-learning-pipeline,3554878
/ashteotia/digit-recognizer-model,3554855
/davidcb/pipelines,3554987
/kehlinswain/practice-2,3554682
/davidcb/partial-dependence-plots,3554723
/snehanshu17/911-calls-analysis-learning,3554568
/viviennexu/fork-of-summary-functions-and-maps-workbook-c3f007,3554132
/anuj3305/kernel20508a3f18,5097414
/narayanjogsingh/your-first-scikit-learn-model,3556709
/narayanjogsingh/selecting-and-filtering-in-pandas,3553667
/evimarp/method-chaining,3556614
/viviennexu/summary-functions-and-maps-workbook-c3f007,3881884
/tdesfont/matplotlib-visualisations-for-titanic,3553260
/antrellbanes/using-categorical-data-with-one-hot-encoding,3566830
/evimarp/renaming-and-combining-workbook,3553315
/rossrco/kiva-loans-philippines-region-matching,3563127
/evimarp/data-types-and-missing-data-workbook,3552846
/chiduralasunny/exploring-predict-monthly-sales,3552350
/nachilieder/kernel591ca256bc,3551857
/yehonatanliron/create-a-mini-set-of-data-of-popular-landmarks,3623002
/naina04/exercise-coding-in-tensorflow-and-keras,3551693
/naina04/programming-in-tensorflow-and-keras,3551603
/naina04/exercise-convolutions-for-computer-vision,3551604
/tripl3a/data-cleaning-challenge-handling-missing-values,3634043
/dsofiagonzalezg/icbfinfancia,3730240
/hadsga/kernelbecb5026c9,3550382
/hadsga/kernel714e01e0c6,3550364
/hadsga/kernel324d9dfab2,3550325
/swethayl/linear-regression,3550853
/pascal2806/ki-aufgabe-3,3635521
/lovenico/titanic-leaderboard-rank-situation,3547757
/jsmwoolf/cleaning-our-data,3546539
/yjalilik/data-cleaning-challenge-character-encodings,3545822
/heavensong/part2,3546268
/sonuchhabra/dv-06-plotting-with-seaborn-t,3600978
/phuongpho/data-cleaning-challenge-json-txt-and-xls,3545202
/kennethacurtis/honey-production-analysis-1998-2012,3569362
/jabusch24/data-cleaning-challenge-character-encodings,3574457
/omarayman/lenet-implementation,3640976
/dionref/data-cleaning-challenge-character-encodings,3544584
/dionref/data-cleaning-challenge-parsing-dates,3544220
/evimarp/grouping-sorting,3544295
/currywurscht/ki3-klassifizierer,3626245
/johngiglio/sql-scavenger-hunt-day-2,3543022
/heavensong/part-1,3542739
/jihyeseo/html-generate-tag-nlp,3542666
/jihyeseo/photo-classify,3542618
/jihyeseo/satellite-image-time-order,3542622
/jihyeseo/image-regression,3542614
/jihyeseo/detect-duplicate-ads-pair-nlp,3542610
/jihyeseo/ultrasound-nerve-segment-image-neck,3542596
/jihyeseo/images-painter-classify,3542591
/jihyeseo/leaf-images-classify,3542586
/jihyeseo/dog-probability-regression-binary-classify,3542542
/jihyeseo/satellite-image-detect-object,3542577
/jihyeseo/ncaa-tournament,3542554
/jihyeseo/fisher-monitor-8-category,3542537
/jihyeseo/ct-image-patient-chest-lung-cancer-2-classify,3542570
/jihyeseo/fool-classification-image,3542510
/jihyeseo/video-youtube,3542534
/jihyeseo/image-jpeg,3542519
/jihyeseo/cancer-graphic-image-cervix-types,3542530
/jihyeseo/image-count-sea-lion,3542523
/methi1999/final-project-for-ucsd-dse200x,3542584
/jihyeseo/image-satellites,3542496
/jihyeseo/kernela113ad9d0f,3542451
/jihyeseo/image-identify,3542482
/jihyeseo/image-masking-identify-boundary,3542470
/jihyeseo/attack-image-into-specific-target-class,3542517
/bukosabino/simple-model-lightgbm-auc-0-93-recall-0-86,3542726
/jihyeseo/adv-attack-image-classify-robust,3542440
/jihyeseo/cancer-text-treatment,3542433
/jihyeseo/english-normalize-text,3542425
/jihyeseo/russian-normalize-text,3542420
/jihyeseo/classify-4-text-nlp,3542412
/jihyeseo/segmented-nuclei-images,3542399
/jihyeseo/men-basketball-proba-predict-regression,3542408
/jihyeseo/image-file,3542368
/jihyeseo/basketball-predict-probability-regression,3542362
/jihyeseo/image-which-camera-classify,3542343
/jihyeseo/home-value-predict-regression,3542333
/jihyeseo/speech-recognition-tensorflow,3542313
/jihyeseo/santa-gift-match,3542309
/jihyeseo/predict-price-regression,3542301
/jihyeseo/conductor-physics-regress-2-target-conti,3542289
/jihyeseo/image-iceberg-classify,3542279
/jihyeseo/restaurant-visitor-forecast,3542271
/jihyeseo/toxic-comment-classify,3542261
/jihyeseo/plant-classify-image,3542253
/jihyeseo/dog-image-breed-classify,3542245
/jihyeseo/whale-classify-recognize-image,3542233
/jihyeseo/classify-recognize-sound,3542221
/jihyeseo/image-url-as-json,3542206
/jihyeseo/video-seg-movable-objects,3542376
/jihyeseo/images-as-json-url,3542185
/jihyeseo/binary-predict-unbalance-csv,3542176
/jihyeseo/landmark-recognition,3542151
/jihyeseo/landmark-retrieval-image,3542150
/jihyeseo/remove-noise-from-printed-text-image,3542126
/jihyeseo/eeg-gal-detect-6-events-forecast,3542114
/jihyeseo/inspection-regress-forecast-score,3542108
/karagain/donors-choose-exploration-kernel,4196330
/jihyeseo/pizza-eda,3542010
/jihyeseo/forest-cover-eda2,3541994
/jihyeseo/churn-kkbox-eda,3541930
/jihyeseo/donorchoose-eda,3541931
/jihyeseo/handle-rds-and-zip-eda,3541788
/jihyeseo/avito-tsv-csv-sqlite,3541832
/jihyeseo/unzip-eda-dataset-removed,3541696
/jihyeseo/load-df-eda-pricing-catepillar,3541725
/jihyeseo/outbrain-click-eda,3541749
/jihyeseo/mobile-demo-eda,3541606
/jihyeseo/koby-bryant-basketball-shot-eda,3541520
/jihyeseo/trackml-eda,3541844
/polarbearice/kernel0bc8a393b2,3545713
/jihyeseo/coupon-purchase-eda,3541822
/jabusch24/data-cleaning-challenge-parsing-dates,3544492
/jihyeseo/home-depot-prod-search-relevance-eda-sqlite,3541842
/jihyeseo/9-class-eda,3541283
/jihyeseo/safe-drive-eda-unbalanced-binary-class-58-x,3541258
/jihyeseo/airbnb-eda-new-user-book,3541361
/jihyeseo/favorita-grocery-eda,3541452
/jihyeseo/bosch-perform-eda,3541753
/jihyeseo/santa-eda,3541164
/jihyeseo/unzip-eda,3540971
/jihyeseo/santa-eda-2-world-map,3541236
/jihyeseo/springleaf-eda-unzip,3540908
/jihyeseo/eda-crowdflower-search-ecommerce,3540943
/jihyeseo/ncaa-eda,3541838
/jihyeseo/eda-tau-muon-unzip,3540868
/jihyeseo/russia-house-eda,3540997
/jihyeseo/grupo-eda,3541098
/jihyeseo/trip-eda-rda-unzip,3540871
/jihyeseo/cooking-eda,3540932
/jihyeseo/wiki-eda-reshape-df,3541027
/jihyeseo/bike-eda-time-series-regress,3540808
/jihyeseo/expedia-eda,3540739
/bakharzy/indexing-selecting-assigning,3541034
/yshashank/exercise-joining-data,3539524
/jihyeseo/nyc-taxi-trip-eda-time-series-duration-predict,3539836
/iamivo/character-fun,3608189
/jihyeseo/eda-ghost-3-class-4-con-1-cat-x,3539480
/jihyeseo/quora-eda-nlp-2class,3539348
/rafaelbeni/kernel-rajan,3539363
/jihyeseo/cardif-eda-binary-class-130-cols,3539295
/jihyeseo/rain-eda-need-to-unzip,3539237
/nachilieder/kernelf93e13d6c3,3548157
/bakakashi/titanic,3539109
/yuanjingjy/creating-reading-writing-data-29b585,3538108
/sapience/01b-loading-data-inr,3537752
/jihyeseo/fb-chck-in-predict-eda,3539187
/jihyeseo/prudential-regression-eda-128-var-most-continuous,3537560
/jihyeseo/rain-eda-22-continus-x-continus-y-regression,3537474
/jihyeseo/benz-eda-387x-regression-eda,3537338
/md2111/eda-bitcoin-transaction-data,3537384
/jihyeseo/santandar-happy-customer-eda-binary-371-columns,3537290
/hachemsfar/xgbmulticlass,3553993
/jihyeseo/mosquito-eda-every-2-years,3537165
/jihyeseo/redhat-eda-category-classify,3537039
/sathi557/got-data-cleaning-exercise,3711079
/hanumanstark/ritvik-project,3536841
/jihyeseo/rossmann-eda-time-series,3536993
/chandraroy/data-cleaning-challenge-json-txt-and-xls,3537136
/yshashank/lesson-1-bigquery-introduction,3537915
/jihyeseo/restaurant-revenue-eda-no-missing-time-series,3536774
/jihyeseo/claim-severe-eda-no-missing-value,3536625
/inflightmealbabamba/korean-s-life-religion-divorce,3536669
/srvand/pima-india-diabetes-using-multiple-classifiers,3536345
/deboss98/my-first-machine-learning-model,3539800
/jihyeseo/santander-eda,3536547
/praneshramaiya/linear-regression-on-us-car-market-sample-data,3535901
/jihyeseo/integer-sequence-learning-eda,3535771
/jennivine/something-awesome-2,3536908
/omkarsabnis/data-mining-cse3019-project-enron,3535379
/vaibss/bivariate-plotting-with-pandas,3538398
/framelove/kernel954ecdbdca,3535147
/hachemsfar/maketestdatawithpast3,3535053
/vaibss/univariate-plotting-with-pandas,3535054
/myonin/3-types-of-food-production-clustering-methods,3541560
/hachemsfar/makedatamulticlass2,3534816
/narendhar22/data-analysis-and-visualization,3746484
/aravindh04/toxic-classification-by-aravindh,3605361
/clouds0715/180510-titanic,3534210
/daekyung/bigquery-hacker-news,3534249
/nagarajan619/comparing-various-time-series-forecasting-methods,3533966
/hanumanstark/fork-of-yash-jaypee,3533908
/chetchaiyan/digit-recognizer-convolution-neural-network,3538582
