/nanu146/titanic-survival-prediction-end-to-end-ml-pipeline,809856
/felicialiu/full-preprocessing-tutorial-a20f9454,809842
/felicialiu/full-preprocessing-tutorial,1505470
/lhy1989/video-game-sales-by-genre-fork,809776
/icbcbicc/notebook4ee815b26f,809526
/valeron/loading-and-processing-the-sample-images,809436
/scottyuecao/notebook317807a2f5,809395
/charmingwho/a-journey-through-titanic,809312
/jorditura/full-preprocessing-tutorial,809284
/vinayhp83/titanic-data-science-solutions,809221
/jiutian/an-interactive-data-science-tutorial,809182
/steveny1/generation-unemployed-interactive-plotly-visuals,809175
/luohuan/notebookae2f7d863d,809085
/ica1c4/python-data-visualizations-2b7767ca,809006
/somania/notebook1f98ffc47f,808898
/somania/keras-mnist,809250
/somania/bengali-digit-image-processing,808836
/jainvikas/candidate-generation-and-luna16-preprocessing,808784
/littlely/video-game-sales-by-genre,808737
/liqigang/python-data-visualizations,808708
/priyaswayam8/notebooke461ab5164,808704
/aprindle/an-interactive-data-science-tutorial-2007d092,808878
/bradrobinson/notebook9afe5b1d47,812188
/adityamnk/my-titanic-tutorial,808506
/swatisavaji/quick-pass-at-mushroom-classification-ml-72bcb16e,808481
/golgrif/an-interactive-data-science-tutorial,809517
/indranilnanda/notebooka59e956ff5,808263
/zifannan/notebook07b78d31f6,808249
/dodoman/notebook05880c233f,808216
/lhy1989/video-gaming,808220
/onecoolsurf/the-perfect-score-script,808192
/mylincs/full-preprocessing-tutorial,809497
/bhargav1992/notebooka772597606,826438
/gtrimarc/simple-exploration-notebook-nda-compliant,808112
/gian12/notebook1372115a83,807795
/vchagas/notebook9cc61037aa,807713
/maloy1993/usa-aviation-accidents-happened-at-same-location,807691
/sasali/notebook83cb3b1069,808253
/zerocoder/map-of-temperatures-and-analysis-of-global-warming,807601
/meghananaik/removing-nan-s,808071
/xmingchen/tensorflow-nn,807608
/longwaytothetop/notebook582fb52601,1014928
/earroyo/full-preprocessing-tutorial-4d6d877c,808010
/coolgenes/notebookb11fc5ac05,807297
/bhargav1992/notebook2f73a73fcc,807860
/sanchijain/notebook2b5da60b56,806963
/bhargav1992/match-outcome-prediction-in-football-b13de65e,806851
/hassansin/house-prices-data-exploration-and-visualisation,806833
/namluu/notebook3cc0cdcd1c,807042
/nowanilfideme/notebook979b401d9c,807389
/sanchijain/notebook375e816339,806428
/delta37/notebook74e7443b08,805939
/flexml/python-data-visualizations,805791
/yasminehachi/full-pipeline-demo-poly-pixels-ml-poly,805626
/jmccabe/text-preprocessing,805427
/nayanam/notebook6b254e51f4,805030
/knivetes/an-interactive-data-science-tutorial,805019
/shantanunagpal/notebookc2e57ee72b,804969
/imsharad/deciphering-the-quora-bot,820110
/jyoti1234/resignation-prediction-using-decision-tree-in-r,804817
/nicolasd/the-console-wars-ps-vs-xbox-vs-wii,804797
/hkassem/predicting-footballer-rating,804649
/solomonk/bayesian-logistic-regression-with-rstanarm-sk,804591
/sahiljindal290/notebookc1bfb4d224,804527
/forrestlmj/python-for-padawans,804508
/lancerliang/a-journey-through-titanic-56032b9e,813857
/jelly08/a-journey-through-titanic,804361
/chenfenghui/notebook0c4f84acaa,804320
/chichidaxia/a-journey-through-titanic,804730
/shipilov/notebookec71c2ea4e,804322
/kvikra/notebookeb0f3ffdb8,804039
/pter233/notebook2f354566b8,803770
/rahulsh555/resignation-prediction-using-decision-trees-in-r,803819
/samhithachalla/notebookcc08649f8a,808661
/rojre1979/fork-of-catdognet-keras-convnet-starter,803686
/holgerknust/full-preprocessing-tutorial,803576
/yahuheihei/titanic-survival-prediction-end-to-end-ml-pipeline,803348
/bcwang95/mapping-of-earthquake-and-its-analysis-c29943c3,808174
/rafaelmm/keras-convnet-lb-0-0052-w-visualization,803278
/cameronlcross/a-journey-through-titanic,979962
/carlosguia/notebook102786c713,808205
/chilianlin87/trying-to-predict-used-car-value,840154
/rojre1979/catdognet-keras-convnet-starter,927801
/devs85/generation-unemployed-interactive-plotly-visuals,803094
/changliu2016/catdognet-keras-convnet-starter,801893
/vb2489/notebooka3b0fdbffb,801696
/kevincc/full-preprocessing-tutorial,801663
/j1o1h1n/a-journey-through-titanic,804938
/finpro/a-journey-through-titanic,801611
/ashideldar/amazon-food-reviews-sentiment-analysis1,801593
/brownsh/a-journey-through-titanic,801526
/dhanushanth/notebook425b6c9d91,801326
/lesinle/initial-exploration-when-events-occur-eaf2a4eb,801117
/rogrezende/notebook68af8ff562,800985
/clbaechtold/full-preprocessing-tutorial-1dd42689,800931
/rogrezende/notebookee3d09d9ba,800911
/piperid/notebook49093d1107,800808
/belhassen/basic-data-analysis,800729
/raghavatal/a-journey-through-titanic,800727
/pratik1390/notebookf4212c569d,800846
/jinhui/lung-segmentation-and-candidate-points-generation,803883
/piskunov91/network-analysis-8231fe23,800557
/jalfano/a-journey-through-titanic-53d464cd,800511
/rreddy426/basic-data-analysis,800470
/jalfano/a-journey-through-titanic-e1e2b298,800386
/mattocci27/notebook849b816805,800345
/om1042/principal-component-analysis-with-kmeans-visuals,800215
/abhinavtilwar/notebook84d05805f6,800203
/mfumagalli68/notebookd9e329f34e,799958
/santiago911/fork-of-notebook2c3fada8c4-2532a977,799872
/santiago911/fork-of-notebook2c3fada8c4,799857
/plotkin/notebook92d9f492bd,801568
/kalind/the-perfect-score-script,798832
/kalind/full-preprocessing-tutorial,798766
/ctultul/python-data-visualizations-2f2f0ffb,798690
/sujaydsa/notebookaf359cadb7,798666
/glusus/an-interactive-data-science-tutorial,801883
/rogrezende/notebook00319db23d,798544
/eyaladgham/notebook8de72c70d4,798465
/nielsonsoares/notebook5f877ce039,798364
/anuragw/learning-data-science-titanic-disaster,812965
/martolini/notebookeef892d94b,798093
/zhsong/a-journey-through-titanic-30fb841a,798083
/jalfano/a-journey-through-titanic-9887c4dc,798059
/eyaladgham/notebook4744632438,798438
/user849017/temp-4,1429699
/shipilov/notebook2a8d8218ea,797947
/ayakhemir/notebookab94310317,798557
/vignanl/notebook58c402845a,799875
/eyaladgham/notebook185bcf7042,797994
/imsharad/merging-duplicate-questions-in-quora,797844
/gokulsadanandam/notebook7d58e81d23,797797
/mbrecheteau/notebook398d61a027,859064
/akramsayadi/notebook0ebdcba4c0,804411
/danielito/an-interactive-data-science-tutorial,824808
/vivekwisdom/an-interactive-data-science-tutorial,1288844
/vivekwisdom/deciphering-the-quora-bot,797496
/ashish21/multinomial-logit-with-gradient-descent,797435
/maheshsk/tensorflow-deep-nn,797498
/missaoui/notebookc27bd7ed88,797332
/gaomrx/notebooka800983543,797272
/barthelemy/notebooka10cce3790,826944
/leeivan/detailed-cleaning-visualization-python,797061
/foutik/notebook5c2f042390,804523
/yigu8115/notebook683e43a699,796954
/bcwang95/visualizing-pca-with-leaf-dataset,796760
/oforia/full-preprocessing-tutorial,796702
/ropoctl/notebookcfc7b297c9,804385
/bryan1201/notebooka86c5f5087,796848
/astron/an-interactive-data-science-tutorial,796575
/alexxanderlarko/improved-lung-segmentation-using-watershed,796516
/kudashi/lasso-model-for-regression-problem,796474
/mrnoone/notebookafd3147ec6,796398
/kholidfrakhan/cut-into-crime-rates-south-africa-map,796332
/mrnoone/notebook10e3a4230f,796325
/optimus17/notebook82f4e354a6,796100
/linzhu/should-i-eat-that-mushroom,796060
/jcclose1/regularized-linear-models,795992
/gabe808/full-preprocessing-tutorial,795861
/xuexsss/a-journey-through-titanic,795892
/johnnywong/python-data-visualizations-2f7ad7c8,797690
/sunillimbu/a-journey-through-titanic-a9d534e3,795702
/yinghawl/notebooke44887df82,795570
/jdduryea/notebook49c357d031,795565
/yinghawl/notebook998ccea8cc,795561
/riverkim/notebook795cb6626e,795517
/xiaofei/principal-component-analysis-with-kmeans-visuals,795481
/lzhang06/notebook7c9ff3f2b9,795339
/rogrezende/notebook561154b831,795308
/andrewmerrill/full-preprocessing-tutorial-adab9f5c,797719
/patguy/full-preprocessing-tutorial,794968
/mackenzielarson/an-interactive-data-science-tutorial,794930
/qlidct/notebookf9541e13e9,794877
/carolewaihai/notebook916ad4806c,794618
/paweljasiurkowski/full-preprocessing-tutorial,794605
/ayush860/a-journey-through-titanic,811328
/drsimonj/notebooka01c294487,794793
/ljsweeny/police-fatalities-in-united-states,794350
/maigva/full-preprocessing-tutorial,794840
/dishongoro/a-journey-through-titanic,794155
/nscherf/full-preprocessing-tutorial,794046
/amanrana20/notebookb6aeb8196c,816041
/ignited/fork-of-a-journey-through-titanic-5efc63f7,794020
/gallonmargin/mapping-of-earthquake-and-its-analysis,1860633
/demborg/notebook347a85f1fd,793168
/haddock/omg-nlp-with-the-djia-and-reddit-35d36fcc,793142
/timobaier/notebookc2216e598e,793074
/jackklpan/titanic-machine-learning-from-disaster,792943
/sunfeiatx/an-interactive-data-science-tutorial,792924
/sasikala11/sentiment-classification-in-5-classes,796074
/dnkrsl/classifying-relaxation-versus-doing-math,792727
/davidwoudenberg/notebooka2d02b780d,792608
/wanghanzhi/cat-dog-notebook,793060
/amykoh/notebook2c28383911,792412
/spowers/notebook58ce790b1e,792326
/markpopov/full-pipeline-demo-poly-pixels-ml-poly,792685
/davidwoudenberg/notebookacba837d38,792309
/mayankgandhi/a-journey-through-titanic-ca923a99,791699
/wanghanzhi/text-mining-with-sklearn-keras-mlp-lstm-cnn,791589
/taeheekim/notebooke8837cea48,795654
