/taeheekim/notebook9f3aafb181,791387
/aadibhumihar/notebook142638da7c,792118
/chubing/notebook355806fef7,791336
/samhithachalla/notebookc455eed8d6,796603
/nekomimimi/interactive-intro-to-dimensionality-reduction,791125
/archins/notebook6f0ab1f0d1,790986
/hpham018/python-data-visualizations,790863
/lin538x/titanic-survival-prediction-end-to-end-ml-pipeline,790847
/mrisdal/10-classifier-showdown-in-scikit-learn,790746
/ncoolidge/game-models-fork-from-when-events-occur,821426
/nekomimimi/notebookcca6c102e2,790689
/nekomimimi/notebookf7ff64c0e3,790601
/kalekist/the-perfect-score-script,790198
/telesphore/full-preprocessing-tutorial,790191
/lprakash/terrorist-attacks-in-turkey-by-years,790066
/srajkuntala12/notebook89dff140b8,789867
/snfraser/notebook8e2f3df012,789733
/anjuta/notebook3f358f24ad,789730
/timoeller/notebook8ee614cdbe,789686
/cl2ev1/keras-convnet-lb-0-0052-w-visualization-182767d7,789631
/deepanshugarg/an-interactive-data-science-tutorial,789630
/ericdagobert/random-tree-classifier,789702
/mangalanks/explore-the-train-data-footprint-db61120a,789557
/alejandrox1/notebook0b2f59a73b,820149
/corrupt1985/notebook595b5c68d2,789383
/jiraiya812/data-exploration,789378
/datagenome/usa-aviation-accidents-ntsb,789237
/jupyteryoda/exploring-the-human-resources-dataset,789124
/sambitnandi/notebook81a8537ba2,789126
/sarahah/getting-started-with-2015-acs,789312
/demborg/notebook2586c881b3,789101
/cl2ev1/keras-convnet-lb-0-0052-w-visualization,788886
/pratik1390/notebook948303435d,790938
/midshipman/a-journey-through-titanic,788702
/byasmuni/map-of-earthquake-and-its-analysis-ba1d14c0,788627
/ramyayanamadala9/notebook4857a71509,788543
/johnny1899/improved-lung-segmentation-using-watershed,788797
/jftttt/football-fans,788501
/ilavarshney/an-interactive-data-science-tutorial,788270
/jalfano/a-journey-through-titanic-c652d9c1,788261
/realhiroshi/alcohol-consumption-and-average-grades-62e9b65e,1353122
/pm2017/notebook21a8f7c2ef,787920
/jeffmansfield/notebookd2d9591c93,788645
/amansingh13vit/titanic-survival-prediction-end-to-end-ml-pipeline,787854
/rafahernandez/notebook518eb515ce,787845
/barthelemy/notebook988ee859f6,787716
/jalfano/a-journey-through-titanic-bc94af43,1104661
/barthelemy/notebook9bef45205d,787662
/hberkia/notebookedeb21a2af,797064
/achyutkotekal/brazil-visitors-trend1,787358
/sriharshabs/walk-through-of-different-classification-models,787299
/novitoll/notebookd9efb23145,787292
/tinneminy/notebook1d821719bc,787284
/tvanesse/notebooka2b9f69983,787279
/colibri/notebook50cdf0425c,787059
/ettoreriva/notebookd8a6c99a76,787037
/johnnyw/notebooke05739ae55,793395
/cinojose/notebook0334232d27,786912
/dianacmm/full-preprocessing-tutorial-5e85af3c,786895
/naveena123/support-vector-machine-detail-analysis,786743
/samhattangady/notebookb97ad1fec2,787128
/hberkia/notebookeb841c52c6,786707
/prabakeran/map-of-earthquake-and-its-analysis,786537
/prassinoux/fork2-of-python-data-visualizations,808894
/noogel/python-data-visualizations,786381
/pmikesell/notebooka1f69e88be,786253
/maheshrajmainali/my-first-notebook,786237
/actuarioarturo/usa-aviation-accidents-ntsb,785930
/rigelx/interactive-intro-to-dimensionality-reduction,785655
/wgeatuncc/co2-eda,904347
/kyohei4325/a-journey-through-titanic,785171
/momaliza/notebookf723fb64bb,852567
/chbrian/salmon-conservancy-model,784606
/fuchenliu/full-preprocessing-tutorial-cea17fe6,784422
/ltmico/full-preprocessing-tutorial-7a53beba,784384
/haxpes/full-preprocessing-tutorial,785045
/dysonlin/titanic-random-forest,792146
/sarahah/exploratory-image-analysis,784122
/t1nspire/an-interactive-data-science-tutorial,784116
/sarahah/full-pipeline-demo-poly-pixels-ml-poly,784112
/dysonlin/titanic-third-submission-don-t-overfit,784127
/lorenzogreco/regularized-linear-models-f84a2d64,784187
/hossamsaray/movie-recommendations,783982
/snowynight/notebook8aa2fa3116,783979
/jeongyoonlee/notebook1faff44fc6,783921
/ivanusov/can-we-improve-by-increasing-variance,783826
/dysonlin/titanic-second-submission-decision-trees,784042
/edobrien/notebook409ea660f1,1293605
/nucleosynthesis/tensorflow-deep-nn-a07c194f,783702
/wpncrh/using-inceptionv3-features-svm-classifier,826048
/anmolp1/notebookaa6ec89c33,783294
/sabyasachimishra/notebookde88143c87,783277
/satrioadityo/titanic-data-science-solutions,782968
/anjuta/notebook0e321e1a50,782897
/takenorio/notebook057e8c6110,782734
/tejainece/exploring-plotline-keywords,783310
/davidprakash/notebookc1afc299a3,782374
/samhattangady/notebookc2d3e85900,782295
/alvaromc317/notebookb1fec0acdf,782033
/tgtads/fork-of-visualising-correlations,782037
/omosaad/notebook03bf94c0ea,1993831
/achyutkotekal/brazil-visitors-trend,787311
/animatorumor/titanic-data-science-solutions,781793
/anilhk/the-perfect-score-script,781779
/farhodkalonov/titanic-survival-prediction-end-to-end-ml-pipeline,781037
/kuldeepaksharma/notebook515eaa824a,780997
/jixunchen/lung-segmentation-and-candidate-points-generation,780942
/diapause/a-journey-through-titanic,781818
/marksha/test123,3329984
/shifanmao/notebooke98a71771e,780832
/asfreeman/an-interactive-data-science-tutorial,780802
/shivamjoshi/notebook39656d7eff,1333606
/jackstine/regularized-linear-models-a1898f24,780655
/vmridula/notebook3ff37f978b,780632
/wingchun007/an-interactive-data-science-tutorial,780876
/geoffhutch/notebook1a3290eeed,780284
/shuchaobi/exploratory-data-analysis,780258
/suruisun/full-pipeline-demo-poly-pixels-ml-poly,780394
/mbiardzka/fork-of-notebook891fb75eb1,780377
/mrelegante/a-journey-through-titanic,816639
/akurniawan/svm-classifier,779998
/adeelk/notebook217137533b,779776
/yijunliu/full-preprocessing-tutorial,779447
/tgandhi/fork-of-titantic-gender-class-only,779312
/lhincenberga/the-perfect-score-script,779247
/elliotlard/notebook9310f9fe7e,779277
/ilyasov/notebook860f037b2b,779806
/octavianh/10-classifier-showdown-in-scikit-learn,779108
/rirakkuma/catdognet-keras-convnet-starter,779882
/rahulravi26/explore-digital-imaging-and-communications-in-med,778754
/pfichou/notebook2c37c82978,778816
/andykamath/notebook83cdeb423e,778688
/taoufik/regularized-linear-models,778893
/brentfagan/full-preprocessing-tutorial,778393
/cesartrevisan/a-journey-through-titanic,1161474
/khushhall/notebookdf70b7d698,778098
/msuriyak/python-data-visualizations,778338
/sinhavartika/full-pipeline-demo-poly-pixels-ml-poly,778114
/jorcox/neural-network-through-keras,777880
/sarathsp06/bush-vs-obama-administration,777720
/bowyerk/a-journey-through-titanic,777675
/deepburner/an-interactive-data-science-tutorial,777672
/ryutek/full-preprocessing-tutorial,777660
/evelinev/notebook5bb013b731,777549
/prathm/titanic-survival-analysis,777292
/samhithachalla/notebooke28d9c5715,788381
/ak1f9d/a-journey-through-titanic,776958
/wyyualan/notebook09ac411336,776720
/jackstine/regularized-linear-models,776520
/thodime/titanic-data-science-solutions,776188
/fuchenliu/full-preprocessing-tutorial,775977
/vitocolano/notebook9578b55cc7,775643
/tarobxl/the-perfect-score-script,775636
/tgandhi/fork-of-predicting-survival-with-r,779132
/andrewpbell/a-journey-through-titanic,775941
/prassinoux/feature-extraction-from-images,775458
/yannickqi/10-classifier-showdown-in-scikit-learn-dea16a89,775261
/nagnath/a-journey-through-titanic,775066
/saltyporridge/notebook2989234e92,775025
/dorsatum/prudential-insurance-risk-predictions,775067
/srinivas1/notebookc5c7c94acc,1439857
/ftwagner/titanic-kernel,774420
/barthelemy/notebooka609ef219a,774545
/eilbeigi/visual,774329
/sgamidi/a-journey-through-titanic,774239
/kiranjanga/predict-hotel-type-with-pandas,774174
/kumarswapnil/building-a-prediction-model,774116
/rossm1/notebook352985894f,774033
/davidprakash/minimum-distance-classifier-enhanced,774208
/hunanand1991/lc-loan-analysis,777523
/farcel/simple-pitch-detector,773907
/farcel/predicting-top-3-words-in-lyrics-per-artist,773902
/farcel/an-artist-s-favorite-words,773891
/aadibhumihar/notebook38078974a9,773790
/viditj/full-preprocessing-tutorial,773720
/suyashkharade/simple-logistic-regression-85b822e7,773680
/candicezeng/titanic-data-analysis-and-machine-learning,777488
/lovening/notebook5ff6fdb1aa,813443
/mmvalado/an-interactive-data-science-tutorial,1318118
/threedb/improved-lung-segmentation-using-watershed,949860
/lkolasan/notebook77bce794cd,773304
/jahchaisang/regularized-linear-models-2374aa93,773201
/manishkv/notebook90a003b64c,773043
/nudtyangke/full-preprocessing-tutorial,773031
/aaronhunt/notebookeda212166c,772947
/tai001/a-journey-through-titanic,772696
/rsilveira2020/beer-by-name,772603
/michales/notebook3fd1c6feb8,772452
/sharthee/a-journey-through-titanic,772363
/datafordays/notebook3a72309577,772321
/michalstepniewski/newnotebook,772318
/datafordays/notebookb4b8c74098,772309
/snehathaz/a-journey-through-titanic,772276
/taylorbrown/full-pipeline-demo-poly-pixels-ml-poly,789379
/aaronalexander/full-preprocessing-tutorial,772106
/andmad/notebook4d61ae59f2,774270
/trgosselin14/notebookf9397b717d,771883
/negatu/iris-species-k-nearest-neighbors,776815
/vonoshun/a-journey-through-titanic,771591
/yl1991/an-interactive-data-science-tutorial,771478
