/efezinoerome/data-cleaning-challenge-outliers,3464168
/ccaddel/data-cleaning-challenge-outliers,3457751
/attackgnome/data-cleaning-challenge-outliers,3455181
/cpagel/data-cleaning-challenge-outliers,3456748
/karinroe/data-cleaning-challenge-outliers,3462267
/panpluto/whisky-recommendation-using-nearest-neighbors,3454624
/sarahxue/data-cleaning-challenge-json-txt-and-xls,3454865
/matohulin/data-cleaning-challenge-imputing-missing-values,3454636
/anupama2504/data-cleaning-challenge-json-txt-and-x-f3414b,3454415
/abdoulsn/data-cleaning-challenge-outliers,3470511
/oranges09/starting-your-ml-project,3452558
/grjasewe/data-cleaning-challenge-imputing-missing-values,3452485
/srulikbd/svm-and-logistic-regression-models,3452013
/matohulin/data-cleaning-challenge-json-txt-and-xls,3453061
/sahilbhosale63/fork-of-my-first-machine-learning-model,3450961
/djapydev/first-ml-model,3451120
/dupengcheng/digit,3451109
/sarasalas/data-cleaning-challenge-outliers,3451160
/agernehd/data-cleaning-challenge-imputing-missing-values,3469592
/maheshak04/avito-simple-read,3451231
/litinz/getting-started-in-r-load-data-into-r,3450672
/nrutyam/data-cleaning-challenge-outliers-a311fa,3450902
/mxolisi1/data-cleaning-challenge-json-txt-and-xls,3451937
/jangier/data-cleaning-challenge-outliers,3450613
/jihyeseo/competitions-with-largest-datasets-983eae,3450083
/jihyeseo/competitions-with-smallest-datasets,3450073
/mik3hall/data-cleaning-challenge-outliers,3461412
/achinjain31/wine-taste,3464920
/annvash/data-cleaning-challenge-outliers-0ecfa9,3450240
/nikkifitz/machine-learning-with-xgboost-in-r-workbook,3450804
/sarasalas/data-cleaning-challenge-imputing-missing-values,3450048
/amoghv/random-forest-regressor,3454999
/ieneames/malicious-and-benign-websites-with-ml,3449442
/nikkifitz/nlp-in-r-topic-modelling-workbook,3449581
/sarasalas/data-cleaning-challenge-json-txt-and-xls,3449603
/qinbaidu1266/mnist,3448943
/nikkifitz/visualizing-data-with-ggplot2-workbook,3449275
/xyw930511/tensorflow-mnist,3495128
/nikkifitz/manipulating-data-with-the-tidyverse-workbook,3448674
/haven2017/tensorflow-cnn-lb-0-98929,3465448
/jingfengzhu/data-cleaning-challenge-outliers,3450056
/ramanamurthy/data-cleaning-challenge-json-txt-and-xls,3466068
/lhuaizhong/terrorism-analysis,3448026
/stephang30/data-cleaning-challenge-outliers,3458888
/sahilyou7/data-cleaning-challenge-outliers,3448201
/sandy136/data-cleaning-challenge-outliers,3448311
/sahilyou7/data-cleaning-challenge-imputing-missing-v-d2cc97,3447696
/nikkifitz/welcome-to-data-science-in-r-workbook,3448320
/tarunkumar/data-cleaning-challenge-json-txt-and-xls,3447514
/gbecon/data-cleaning-challenge-outliers,3454957
/b8li92/data-cleaning-challenge-outliers,3447043
/baruakaggle/data-cleaning-challenge-json-txt-and-x-31d882,3447581
/kukanishka/creating-reading-writing-data,3446769
/singhchauhan/data-cleaning-challenge-imputing-missing-values,3447596
/lankeshw/log-of-factorials-of-a-given-numeric-array,3446122
/farhanmd29/house-prices-model-validation,3482309
/ayushpatidar/prediction-of-medical-charges,3446028
/ixjnkeewnoxx/data-cleaning-challenge-imputing-missing-values,3446532
/singhchauhan/data-cleaning-challenge-json-txt-and-x-10c133,3445830
/senamerter/data-cleaning-challenge-json-txt-and-xls,3445574
/nick2logan/data-cleaning-challenge-json-txt-and-xls,3445761
/cosmeow/data-cleaning-challenge-imputing-missing-values,3445990
/sandy136/data-cleaning-challenge-json-txt-and-xls,3447025
/sandy136/data-cleaning-challenge-imputing-missing-values,3447639
/bnsagar90/titanic-survival-prediction,3444946
/shingyang/data-cleaning-challenge-json-txt-and-xls,3445492
/ahmedhumza94/data-cleaning-challenge-json-txt-and-xls,3445397
/vsridhar7/data-cleaning-challenge-imputing-missing-values,3446242
/yossyda/mental-health-in-tech-survey-ml-tokyo4-day1,3657111
/mandar2589/getting-started-in-r-graphing-data,3444001
/onepromise/data-cleaning-challenge-json-txt-and-xls,3444423
/mandar2589/getting-started-in-r-summarize-data,3443784
/mandar2589/getting-started-in-r-load-data-into-r,3443372
/lanqin/data-cleaning-challenge-imputing-missing-values,3534512
/chrismiddleton237/data-cleaning-challenge-imputing-missing-values,3442973
/agernehd/data-cleaning-challenge-json-txt-and-xls,3443292
/rusingh26/data-cleaning-challenge-imputing-missing-values,3443163
/deepthoughtdasc/data-cleaning-challenge-imputing-missing-values,3443284
/mandar2589/getting-started-in-r-first-steps,3442681
/rusingh26/data-cleaning-challenge-json-txt-and-xls,3442610
/yjalilik/data-cleaning-challenge-scale-and-normaliz-c36b20,3443522
/panbanglanfeng/data-cleaning-challenge-json-txt-and-x-91b9c5,3442213
/pedrum/data-cleaning-challenge-imputing-missing-values,3442255
/greigar/data-cleaning-challenge-json-txt-and-xls,3442293
/kmader/library-overload,3442055
/rirodrig/fashion-mnist-with-cnn,3442625
/pedrum/data-cleaning-challenge-json-txt-and-x-722303,3442087
/nikulkar/data-cleaning-challenge-imputing-missing-values,3442394
/mandar2589/data-cleaning-challenge-imputing-missing-values,3476889
/rory81/manipulating-data-with-the-tidyverse-workbookv2,3441798
/yjalilik/data-cleaning-challenge-imputing-missing-values,3441987
/ourique/data-cleaning-challenge-imputing-missing-values,3441549
/ranjitmishra/lending-club-loan-analysis,3441815
/olgabelitskaya/data-cleaning-challenge-imputing-missing-values,3566149
/bradleye1l/fashion-image-classification-kernel6120e67,3456618
/nexus671/ml-kernal,3441110
/salekali/dense-neural-network-classification-via-tensorflow,3441140
/ostaski/data-cleaning-challenge-imputing-missing-values,3442138
/thecpshah/data-cleaning-challenge-imputing-missing-values,3441154
/walmcc/data-cleaning-challenge-imputing-missing-values,3447143
/sharisochs/data-cleaning-challenge-imputing-missing-values,3440994
/walmcc/data-cleaning-challenge-json-txt-and-xls,3440584
/moscowjh/data-cleaning-challenge-imputing-missing-values,3440596
/randihughes/data-cleaning-challenge-json-txt-and-xls,3454581
/brijbhushannanda1979/kernel7776ae3a20,3439677
/pierrea/exercise-order-by,3439574
/natpro/data-cleaning-challenge-handling-missing-values,3610705
/moscowjh/data-cleaning-challenge-json-txt-and-xls,3439972
/arciclaudio/synthetic-data-generation-0-95-auc,3439505
/vipul92/houses-prices-xgboost,3439731
/satya0206/exercise-order-by,3439679
/uyangas/data-cleaning-challenge-imputing-missing-values,3439673
/nnorris/data-cleaning-challenge-imputing-missing-values,3438821
/hihelloo/fork-of-hello,3439359
/skandhvey/data-cleaning-challenge-imputing-missing-values,3439087
/insanityisoverrated/data-cleaning-challenge-imputing-missing-values,3438784
/arigig/data-cleaning-challenge-json-txt-and-xls,3439456
/sugand/data-cleaning-challenge-imputing-missing-values,3439424
/vyasaswi/data-cleaning-challenge-imputing-missing-values,3440895
/jerriek/data-cleaning-challenge-imputing-missing-values,3473492
/kaizerw/my-first-machine-learning-model,3438275
/hihelloo/my-approach-to-titanic-competition,3438415
/evimarp/data-cleaning-challenge-imputing-missing-values,3438615
/marglit/introduction-to-cnn-keras-0-997-top-6,3448697
/maheswarareddyp/data-cleaning-challenge-imputing-missing-values,3438227
/lmgrymek/data-cleaning-challenge-2-luke,3454780
/nasdap/data-cleaning-challenge-json-txt-and-x-5dabfe,3437638
/daresnick/data-cleaning-challenge-json-txt-and-xls,3437732
/ccaddel/data-cleaning-challenge-imputing-missing-values,3437372
/cpagel/data-cleaning-challenge-imputing-missing-values,3438217
/imron1/data-cleaning-challenge-json-txt-and-xls,3475201
/alrpaul83/data-cleaning-challenge-imputing-missing-values,3438838
/femannso/data-cleaning-challenge-imputing-missing-values,3448054
/ashishmis/data-cleaning-challenge-json-txt-and-x-1da201,3437061
/femannso/matrix-or-dataframe-for-randomforest-input,3448082
/jangier/data-cleaning-challenge-imputing-missing-values,3437826
/antrellbanes/using-categorical-data-with-one-hot-encoding-1,3612743
/jawadrashid/data-cleaning-challenge-imputing-missing-values,3435951
/edmilsonsantana/data-cleaning-challenge-imputing-missing-values,3436483
/dmwvanity/data-cleaning-challenge-imputing-missing-values,3436895
/tanukisuitc/data-cleaning-challenge-imputing-missing-values,3451046
/shanthiagarajan/data-cleaning-challenge-json-txt-and-xls,3442593
/niranjan1995/programming-in-tensorflow-and-keras,3434848
/karinroe/data-cleaning-challenge-imputing-missing-values,3436441
/imskey/ml-tokyo4-day2-shrooming,3687055
/gowthamteja/nlp-in-r-topic-modelling-workbook-2a424d,3436320
/edmilsonsantana/data-cleaning-challenge-json-txt-and-xls,3435388
/ak715misra/data-cleaning-challenge-imputing-missing-values,3435802
/mukulace/data-cleaning-challenge-json-txt-and-xls,3435715
/niranjan1995/exercise-convolutions-for-computer-vision,3434630
/prium08/data-cleaning-challenge-imputing-missing-values,3434984
/jtrnegi/useful-eda-for-beginners,3466238
/zahoorahmad/decision-tree,3434337
/siddie06/spam-filter-using-naive-bayes,3434309
/annvash/data-cleaning-challenge-imputing-missing-values,3437640
/jtrnegi/fork-of-happiness-via-independence-8ba8c9,3434378
/anupama2985/data-cleaning-challenge-json-txt-xls-d1,3434432
/daigomiyoshi/predict-future-sales-v1,3434121
/rohilla1234/kernel8fcadac420,3433713
/techwizard/data-cleaning-challenge-json-txt-and-xls,3435293
/awerroes/data-cleaning-challenge-json-txt-and-xls,3434322
/ksrajguru/data-cleaning-challenge-json-txt-and-xls,3433914
/stephang30/data-cleaning-challenge-imputing-missing-values,3447664
/nihal88/feature-engg-and-visualization-spooky-author,3454167
/duswlgks22/fork-of-jy-0501,3434215
/annvash/data-cleaning-challenge-json-txt-and-xls,3433791
/xyw930511/keras-digit,3525141
/aarono/data-cleaning-challenge-imputing-missing-values,3435413
/jingfengzhu/data-cleaning-challenge-imputing-missing-values,3433810
/mbeveridge/data-cleaning-challenge-imputing-missing-values,3434871
/gbecon/data-cleaning-challenge-imputing-missing-values,3432285
/olgabelitskaya/data-cleaning-challenge-json-txt-and-xls,3565332
/prium08/data-cleaning-challenge-json-txt-and-x-566f88,3432025
/masoodsdt/data-cleaning-challenge-json-txt-and-xls,3494433
/b8li92/data-cleaning-challenge-imputing-missing-values,3431444
/manojnakalapala/data-cleaning-challenge-imputing-missing-values,3431561
/vkuma008/data-imdb-rating,3430616
/vaibss/data-cleaning-challenge-json-txt-and-xls,3449856
/manimaranp/data-cleaning-challenge-json-txt-and-xls,3433612
/hervec/build-knn-and-apriori-based-recommendation-engines,3430879
/madhavpro3/data-cleaning-challenge-json-txt-and-xls,3430246
/manojnakalapala/data-cleaning-challenge-json-txt-and-xls,3430576
/sahilyou7/data-cleaning-challenge-json-txt-and-x-499778,3430035
/stephang30/data-cleaning-challenge-json-txt-and-xls,3430257
/karbendazym/data-cleaning-challenge-json-txt-and-xls,3429706
/johnhsweeney/thinking-through-the-glrc-part-2,3429514
/xpingli/data-cleaning-challenge-json-txt-and-xls,3429866
/vishaljindal0/titanic-r-code,3449998
/cosmeow/data-cleaning-challenge-json-txt-and-xls,3430069
/bebarrey/data-cleaning-challenge-json-txt-and-xls,3429678
/deepthoughtdasc/data-cleaning-challenge-json-txt-and-xls,3429478
/peacepeach/data-cleaning-challenge-json-txt-and-xls,3429672
/vishwassr/zillow-keras-cnn,3445264
/efezinoerome/data-cleaning-challenge-imputing-missing-values,3463776
/efezinoerome/data-cleaning-challenge-json-txt-and-xls,3429325
/grjasewe/data-cleaning-challenge-json-txt-and-xls,3428853
/bebarrey/getting-started-in-r-first-steps,3429144
/cpagel/data-cleaning-challenge-json-txt-and-xls,3429019
/takuyafukudome/data-cleaning-challenge-json-txt-and-xls,3428836
/yhejazi/data-cleaning-challenge-json-txt-and-xls,3429985
