/colecola/my-submitting-from-a-kernel,2211585
/smrutiranjan/data-sciencetutorial-for-beginners,2208880
/priyanshu2411/notebook7572e51706,2208563
/bhumitadivarekar/notebook519677c3e4,2208184
/kimkyeongyong/notebook1b167043fd,2206898
/kishangabani/first-file-to-kaggle-learn,2665677
/dreamkeeper/course-work,2206049
/dalber/getting-started-in-r-graphing-data,2205603
/zkop354/spam-detection,2205374
/xunxu1990/solving-digit-recognizer-with-pca-svm,2205278
/rosado/top-7-eu-countries-population,2204904
/sirpunch/exercise-data-augmentation,2204723
/sirpunch/data-augmentation,2204697
/ranrancao/stop-the-s-toxic-comments-eda,2204664
/philipjames11/picking-the-best-model-with-caret-workbook,2204654
/sirpunch/exercise-using-transfer-learning,2204572
/jiuzhang/knn-20180121,2204495
/grybeck/keras-u-net-starter-lb-0-277,2204441
/cxb5580/lab-02-notebook,2615616
/sirpunch/transfer-learning,2203699
/colecola/my-random-forests-sample,2203654
/testacc02/svg-onload-alert-1,2203620
/sirpunch/exercise-coding-in-tensorflow-and-keras,2203393
/sirpunch/programming-in-tensorflow-and-keras,2203272
/skalskip/how-to-pronounce-gif,2203473
/sirpunch/exercise-convolutions-for-computer-vision,2203050
/mschoi2877/notebook8eb3e4c1d6,2354009
/vivekchatt/separating-known-from-unsure-predictions-lr,2202833
/gchbin/notebookb2e1d9e5d1,2201996
/vivekrai11/titanic-problem-solution,2439340
/whitgroves/5-day-data-challenge-day-1,2229800
/zhenwudadi/seedlings-pretrained-keras-models,2201317
/zhenwudadi/kobe-shots-show-me-your-best-model,2201297
/jignanaik/getting-started-in-r-summarize-data,2200842
/suiyue/uber-rides-dataset-2016-analysis,2311358
/ddesai/my-model,2199083
/lisiqikaggle/titanic-data-science-solutions-fb6b37,4390089
/phclark/identifying-shrooms-with-trees,2231230
/xin1q1q1211/testing-unet,2198452
/xin1q1q1211/testing-unet-latest-keras-and-tf,2198442
/triple777er/logit-attempt-1,2198431
/zhaoxin0630/how-to-remove-this-kernel,2199459
/wanzima35/notebook4c7356757f,2198337
/int3dev/which-product-categories-have-the-best-discounts,2197881
/jasonshin/notebook55023a8da6,2197515
/vilata/kope-toxic-cleanup,2197018
/kingposeidon/titanic-project-2,2196662
/simulacra/ghouls-and-mlr,2203040
/yumi080301/notebook40181a9c58,2195486
/psaadbye/keras-u-net-starter-lb-0-277,2194818
/scirpus/ase-testing,2194894
/nickbst/rhetoric-in-ted-talks,2195186
/kimmmy/notebook15b44f4b60,2194635
/deadlysmurf/preliminary-data-exploration,2194238
/humolunar/comparing-various-ml-models-roc-curve-comparison,2193960
/llihan/vafar3,2193299
/rpiyush/fork-of-fork-of-notebook6a7f11d69a,2193210
/rakyfeng/comprehensive-data-exploration-with-python-77874f,2193135
/timhargreaves/fashion-item-identification-using-pca-svms,2197502
/vaibhavs10/kaggle-learn-ml,2192780
/ianhorsman/preparing-data-for-analysis,2191764
/pavanp2k/multi-output-regression-olivetti-faces,2191308
/fancywang/titanic-data-science-analysis,2191942
/ramanasap/multi-output-regression-on-olivetti-faces,2190483
/naveeny68/simple-linear-regression-in-r,2190321
/chinki/mtcars-visualization,2194907
/jdtorres10/mst-604-data-analysis-presentation,2583739
/imsharad/nba-player-power-influence-and-performance-ce1db5,2189001
/vinceniko/custom-pandas-subclass,2187933
/elloumi/test-1,2188319
/icecap/hello-kaggle-titanic,2187750
/ashwani07/classification-of-mushroom-beginners,2187547
/yashubhi/handling-missing-values,2192347
/tejasvedagiri/help-me-i-dont-know-how-make-cnn-for-this,2186893
/diogo22santos/starting-your-ml-project-6e4150,2186465
/syounlee/notebook03f9b373a7,2186199
/pratik2901/adaboostclassifier-for-accuracy-76-04,2186180
/arunpondugula/notebook334ae4c90e,2186132
/jmanish/notebook011b9d3e8a,2185889
/john2195/notebook10a08d5c82,2185488
/akash169210/notebooke1ed66f07a,2185447
/alexxela12345/iris-test-ipynb,2185243
/derrickmwiti/the-state-of-data-science,2185195
/jieyima/nba-player-power-influence-performance-eda,2183734
/akgeni/random-forest-with-seasonal-feaures,2182761
/triple777er/base-submission,2182512
/uscyiwei/implement-ai-to-improve-health-industry,2182269
/uscyiwei/titanic-data-science-solutions,2191292
/kagglecitizen/zillow-home-prices-exploration,2182014
/ttungl/programming-in-tensorflow-and-keras,2181720
/danielrajamanohar/decisiontreeregressor,2210648
/codechef/build-digit-recognizer-with-tensorflow-cnn,2180291
/mmalaj/nlp-in-r-topic-modelling-workbook,2179895
/deepak2873/nomad-transparent-conductor-ensembled-regressor,2180206
/colecola/my-first-scikit-learn-model-python,2184828
/chenpu/surprise-me-2-neural-networks-keras,2179569
/ztyh0121/lab-2-probability-distributions,2179192
/dks1994/house-price,2184670
/jber1234/notebook6da604aec6,2178605
/kaustubholpadkar/digit-recognizer-cnn2,2178615
/kaustubholpadkar/digit-recognizer-cnn1-2,2181078
/sachinrawat/test-notebook-c52562,2178105
/abhishekmshr956/getting-started-with-kaggle-titanic-dataset,9178018
/kaustubholpadkar/digit-recognizer-dnn,2178722
/nanthiniganesan/notebook44c5032ca0,2176537
/chandlervan/tfidf-xgb,2180637
/scirpus/last-gp-for-nomad,2176410
/jachanpr/housing-prices-demo,2176403
/analystanand/speaker-recognition-visualization,2175931
/ilhamk/a-japanese-journey,2175640
/jatina/notebook0891643d68,2175516
/ganeshkharad2/start-ml-here-the-5-day-data-challenge-c38915,2175303
/ganeshkharad2/whirlwind-tour-of-python-index-0df4c6,2238864
/curtaincall/exploring-survival-on-the-titanic,2174358
/umakantjena/data-visualisation-project-techniue1,2175868
/jatina/data-augmentation,2175127
/yanhehe/notebook-gru,2173517
/fz267671/regularized-linear-models,2172933
/tryscience/time-programming-to-satisfaction,2172528
/shushi/notebook7c28623d8a,2172147
/oceancode/cereal,2172008
/dalonlobo/sf-salary-exploration,2171578
/philipjames11/getting-started-in-r-graphing-data,2171236
/cheedcheed/predictions-on-california-solar-power-production,2173426
/rtatman/testing-for-tim,2170842
/bodealamu007/a-journey-through-titanic-74f17b,2170451
/oceancode/groundhog,2172125
/nikhilroxtomar/keras-sequential-model-lb-0-052,2169732
/sasikala11/building-a-prediction-model-f77b51,2168908
/friedda1/iceberg-wvadim-credit-py,2167977
/pgnemm/svm-classification-feature-eng-graphics-etc,2167352
/demolamalomz/my-model-tutorial,2176365
/superchen/house-price-prediction-by-cmy,2166307
/adk2017/a-walk-in-the-park,2352225
/rituanalyst/notebook25f21a8dc4,2164998
/tangchuanxin/keras-u-net-starter-lb-0-233,2171721
/ml2nlp/fixing-typos2,2164388
/duan123/duan-dingle,2183175
/kamote/end-to-end-ml-classifier,2164019
/pudumadamraja/xgboost-meetup-15e6f9,2162484
/qihouyingdream/my-model-2fdfbd,2162396
/elliottmurray/notebooka5df0a65f8,2161988
/denisbubel95/notebook46954d49b6,2161913
/dragonheart/visualize-the-time-series,2161748
/nabeel965/exploring-data-with-pandas,2161703
/fratelloden/getting-started-in-r-first-steps-88d122,2161574
/fratelloden/getting-started-in-r-first-steps-a94469,2161539
/fratelloden/getting-started-in-r-first-steps-cda594,2161555
/stkbailey/functions-for-plotting-mask-overlays,2161955
/lskr802/my-mmodel,2161541
/amittu/my-model-rf,2160314
/utathya/traffic-patterns,2159698
/anandad/auto-encoder-to-demonstrate-outliers,2289915
/s0ci0path/notebook89e2a02e54,2159426
/brijbhushannanda1979/market-bank-data-analysis,2157332
/bvhiremath/100-reference-classification,2157100
/flyshinigami/notebook4c0e585207,2156787
/withsnaveen/5-day-data-challenge-day-1,2156650
/neerajpai/tensorflow-deep-nn,2164359
/johink/song-generation-with-grus,2156247
/savokiki/mushroom,2156059
/sidra63/fork-of-full-preprocessing-tutorial-ebffe1-ee9b4d,2155410
/sidra63/fork-of-full-preprocessing-tutorial-ebffe1-079f4e,2155043
/brijbhushannanda1979/fork-of-fork-of-fork-of-fork-of-fork-of-titanic-re,2154921
/nts524/rolling-features-extraction-sample,2154579
/mattsherar/pytorch-gru,2154275
/timoboz/fork-of-github-commit-messages,3046931
/ndphuong/firstkernel-add-competitive-feature,2200541
/denisbubel95/fork-of-fork-of-notebook357e5c0385-f75d0d,2152251
/paravastup/seattle-weather-first-notebook-on-kaggle,2153061
/arvindbhatt/human-resource-analytics,2152079
/boyan2/conditional-probabilities,2195124
/sommeio87/mercari-eda,2152698
/pratik2901/binary-classification-of-diabetes,2265763
/abhivj/test-notebook,2150612
/anupamtapmi/recruit-exploratory-analysis,2369264
/shirsangshudutta/sucide,2149839
/jhonathanibanez/league-of-legends-data-analysis,2149136
/sgmtcl/02-maintenance-keras,2151303
/ymorakkam/deep-learning,2148718
/vshah24/h1b-data-analysis-using-basic-python-concepts,2582795
/sridharcr/data-sciencetutorial-for-beginners,2148320
/takahashi1205/notebookfb28a00ef8,2148406
/yangyc06/titanic-analysis-learning-to-swim-with-pyth-44992a,2148041
/stephensisk/kernel-with-gnarly-datasources,2146124
/marcslaughter/mst-604-buyer,2318834
/limitpointinf0/mc-d-nutrition-eda,2199778
/tonychanyt/conv1d-gru-lb-0-441,2145581
/ravi0912/notebookf4a867d4ab,2148534
/radiowei/san-francisco-bay-area-bike-share-data-analysis,2147306
/web8341/grocery-analysis-v4,2147699
/watermelone/sgd-regression-practice,2147054
/poliedou/split-test-json-to-avoid-memory-issues,2145261
/watermelone/linear-regression-example,2144546
/denisbubel95/notebook69cef9887f,2143820
/ferrarisf50/check-the-geopoints-if-is-water-or-land,2143653
/geraldkoye/notebooka7ef3983a6,2143645
/wilson8507/mercari-0-43,2142716
/shwetabh123/predict-criminal,3392876
/caizhichao/test-for-task,2540762
