/guillermobp/digit-recognizer-con-pca-y-svc-score-0-98200,3533121
/almandsky/donorschoose,3533445
/maheswarareddyp/data-cleaning-challenge-cleaning-numeric-columns,3532749
/lakhindr/2015-usa-50-states-poverty,3554857
/mbiethieu/creating-reading-writing-data,3534156
/yanpapadakis/talkingdata-model-development-f,3530877
/vanaml/adtracking-challenge,3530268
/ianward56/manipulating-data-with-the-tidyverse-workbook,3591595
/lanqin/data-cleaning-challenge-cleaning-numeric-c-149e86,3534444
/arashkhoda/kernelddf96fb37b,3530029
/hanselhansel/kernel1c4e81c458,3529532
/dbromley/angel-and-denny,3530185
/dionref/data-cleaning-challenge-scale-and-normalize-data,3723385
/mknorps/bokeh-server-notebook-integration-test,3528324
/kmacdon/simple-and-effective-knn-classifier,4227205
/dionref/data-cleaning-challenge-handling-missing-values,3543608
/skar26/avito-demand-prediction-model-gbm,3556207
/lanqin/data-cleaning-challenge-deduplication-c8cb1a,3528952
/shamssam/anomaly-detection-manual-implementation,3527104
/cwestby/my-first-machine-learning-model,3531220
/cwestby/starting-your-ml-project,3526312
/jalfano/titanic-final-robbieoliphant-joea-copy,3565867
/hachemsfar/makejuneextradatamulticlass,3530206
/jidbro1/practice-1,3525940
/hachemsfar/makejuneextradata,3525952
/sarasalas/data-cleaning-challenge-cleaning-numeric-columns,3526255
/angad333/data-cleaning-challenge-cleaning-numeric-columns,3527335
/maheswarareddyp/data-cleaning-challenge-deduplication,3525525
/hanumanstark/final-minor-project,3533511
/angad333/data-cleaning-challenge-deduplication-608b3e,3525028
/sanjeet41/fork-of-talkingdata-adtracking-fraud-detection,3524599
/narayanjogsingh/data-types-and-missing-data-workbook,3524950
/yabarretto/data-cleaning-challenge-json-txt-and-x-90b3f1,3524232
/songckaggle/exercise-joining-data,3523396
/narayanjogsingh/grouping-sorting,3524426
/jihyeseo/nonfatal-male-unprovoked-shark-attacks,3523170
/jihyeseo/dictionary-of-all-dataframes,3523043
/ced3h9/what-drives-the-cocaine-cost,3523443
/maartendebruin/analysis-cross-contamination,3826466
/ja38055/basic-libraries-on-ipl-2017-data,3522201
/songckaggle/exercise-as-with,3522917
/evimarp/summary-functions-and-maps-workbook,3523602
/hanumanstark/yash-jaypee,3522752
/neshmwaniki/data-cleaning-challenge-deduplication,3521333
/vidmath25/eda-using-python,3533965
/mhasanince/data-sciencetutorial-for-beginners-1ce871,3521075
/rachaelnantale42/data-cleaning-challenge-scale-and-normalize-data,3521185
/rahulk29/data-cleaning-challenge-handling-missing-values,3520435
/mmusori/fork-of-data-cleaning-challenge-deduplicat-f95f80,3519310
/datahan/data-cleaning-challenge-outliers,3520179
/prattaysaha/network-optimization-example-airlines,3518562
/imdevskp/state-wise-and-year-wise-attacks,3527012
/abusaideshohan/network-optimization-example-airlines,3518565
/humayrasamiha/fork-of-network-optimization-example-airlines,3518430
/jannatul06/fork-of-network-optimization-example-airlines,3518409
/fahim1998/network-optimization-example-airlines,3518447
/sakibhasan/network-optimization-example-airlines,3518438
/liluferyasminlipa/network-optimization-example-airlines,3518395
/abirmahbubtitom/network-optimization-example-airlines,3518355
/sujoychakma/network-optimization-example-airlines,3518410
/parvezipe/network-draw-simple-one-e9cb91,3518257
/abirmahbubtitom/network-draw-simple-one-7ddd59,3518249
/rakib2806/network-draw-simple-one-895b1c,3518235
/nazmusshakib/network-draw-simple-one-837c61,3518209
/jannatul06/network-draw-simple-one,3518190
/munna23/network-draw-simple-one,3518175
/fahim1998/fork-of-network-draw-simple-one,3518167
/humayrasamiha/network-draw-simple-one,3518133
/sakibhasan/network-draw-simple-one,3518132
/sujoychakma/network-draw-simple-one,3518123
/liluferyasminlipa/network-draw-simple-one,3518137
/jtrnegi/eda-silicon-valley-insights,3518045
/badirlis/feature-engineering-and-classifier-comparison,3517455
/chetchaiyan/digit-recognizer-multilayer-perceptron,3524657
/kah5z9/nfl-first-downs,3516844
/jasonduncanwilson/exercise-dv-pandas-bivariate-plotting,3516512
/xyw930511/dog-breed,4929096
/maheswarareddyp/data-cleaning-challenge-outliers-ae1d25,3516048
/evimarp/indexing-selecting-assigning,3516326
/ineael/data-cleaning-challenge-json-txt-and-xls,3518539
/datahan/data-cleaning-challenge-json-txt-and-xls,3516095
/evimarp/creating-reading-writing-data,3515858
/jasonduncanwilson/exercise-dv-pandas-univariate-plotting,3515927
/neshmwaniki/data-cleaning-challenge-outliers,3515837
/willylu326/data-recoginizer,3514909
/cesartrevisan/kernel5ce758bcd4,3514584
/umairqaisar/kernel25a7b03d1f,3514279
/jihyeseo/most-populous-states,3521386
/jihyeseo/chinese-labels-small-dataset,3521407
/jihyeseo/environment-data-in-many-countries,3520678
/douglaswchung/plotnine-practice,4460915
/brycechamberlain/nutrient-optimal-shopping-with-linear-algebra,3513902
/jihyeseo/not-gaussian-11-continuous-var-no-missing-val,3520505
/jihyeseo/fake-data-why-not-gaussian,3520540
/jihyeseo/wine-data-stuck-with-visualization,3520653
/jihyeseo/budapest-flats,3521416
/jihyeseo/mit-and-apache-are-the-most-popular,3520875
/jihyeseo/daily-per-element,3521019
/jihyeseo/big-query-of-google-analytics,3520207
/jihyeseo/restaurant-inspecttion,3520260
/cwestby/data-cleaning-challenge-cleaning-numeric-columns,3512658
/isabellareb/wineguess-bolo-de-goma,3512272
/tanmoyie/network-visualization-bokeh-interaction,3512162
/chrismiddleton237/data-cleaning-challenge-cleaning-numeric-columns,3512362
/nikmaniatis/glass-type-kneighborsclassifier,3513569
/adityarajuladevi/fork-of-s-p-index-prediction-using-lstm,3512264
/sagarpalyal/my-first-machine-learning-model-61feb9,3512336
/lkakarla/data-cleaning-challenge-cleaning-numeric-columns,3511602
/lkakarla/data-cleaning-challenge-deduplication,3511527
/lkakarla/data-cleaning-challenge-outliers,3511458
/lkakarla/data-cleaning-challenge-imputing-missing-values,3511356
/lkakarla/data-cleaning-challenge-json-txt-and-xls,3511220
/tanukisuitc/data-cleaning-challenge-cleaning-numeric-columns,3511708
/akhanal/kernel481102df63,3519571
/raulguarini/timed-rf,3528582
/gregorias/titanic-data-analysis,3509638
/nikhil04/an-introduction-to-scikit-learn,3508923
/sarahxue/data-cleaning-challenge-imputing-missing-v-82283f,3508483
/sidharthsuman/data-cleaning-challenge-cleaning-numeric-columns,3508294
/inflightmealbabamba/korean-s-life-sex-job,3507460
/oembot/initial-data-exploration-modelling,3512995
/cselabnotes/predicting-with-cnn-using-keras-and-tensorflow,3516055
/kullapat/naive-bayes-model-prediction,3506080
/sidharthsuman/data-cleaning-challenge-deduplication,3508285
/currypurin/pandas-profiling,3505870
/pasha49411/simple-linear-regression,3505375
/songckaggle/time-series-plotting-optional,3505311
/kirahman2/exercise-group-by-having-count-final,3505054
/sidharthsuman/data-cleaning-challenge-outliers,3505745
/kirahman2/exercise-using-select-from-where-final,3504717
/chadalee/data-cleaning-challenge-deduplication,3505065
/willylu326/first-commit,3504508
/vipul92/iris-tensorflow-deep-learning,3504145
/jiuzhang/20180505,3504466
/vipul92/mercedes-xgboost,3503891
/sonuchhabra/dv-03-bivariate-plotting-with-pandas-t,3504086
/zhaogj/talking-data-solution,3503317
/petenice/titanickernel,3502952
/jiuzhang/aicamp-decision-tree-exercise-2,3504147
/umairqaisar/keystroking,3514428
/ymahendr/feature-eng-rose-model-with-99-acc,3531872
/cwestby/data-cleaning-challenge-deduplication,3512391
/cwestby/data-cleaning-challenge-outliers,3501148
/graham123/kiva-eda-2-0,3637869
/fernandosola/03-02-pandas-exercicios-gabarito,3499941
/fernandosola/03-02-pandas-exercicios,3499908
/jnsness/data-cleaning-challenge-handling-missing-values,3499914
/ksrajguru/data-cleaning-challenge-deduplication-16e06c,3500477
/fernandosola/03-02-pandas,3499878
/fernandosola/03-01-python-exercicios-gabarito,3499782
/jawadrashid/data-cleaning-challenge-cleaning-numeric-columns,3499885
/fernandosola/03-01-python-exercicios,3499630
/fernandosola/03-01-python-basico-exercicios,3499574
/jawadrashid/data-cleaning-challenge-deduplication,3499621
/fernandosola/03-01-python,3499521
/evimarp/data-cleaning-challenge-cleaning-numeric-columns,3501448
/jawadrashid/data-cleaning-challenge-outliers,3499414
/awerroes/data-cleaning-challenge-outliers,3500254
/afanis/getting-started-in-r-load-data-into-r-fb067a,3498780
/nitikagarw/creating-reading-writing-data,3499692
/tony75/fork-of-predicting-bmi,3498320
/evimarp/data-cleaning-challenge-deduplication,3499178
/anandgupta1202/my-first-machine-learning-model,3923039
/quartermaine/data-cleaning-challenge-outliers,3500014
/tanmoyie/max-flow-google-developer,3926763
/agernehd/data-cleaning-challenge-cleaning-numeric-columns,3498204
/hulfyback/grouping-sorting,3498268
/hamishdickson/playing-with-decision-tree-classifiers,3520033
/sidharthsuman/data-cleaning-challenge-json-txt-and-xls,3497698
/inflightmealbabamba/korean-s-life-job-income,3507266
/hulfyback/summary-functions-and-maps-workbook,3498261
/hulfyback/creating-reading-writing-data-02ace9,3498180
/kullapat/ann-sf-classification,3521791
/isaikumar/data-cleaning-challenge-json-txt-and-xls,3496547
/rajat0202/welcome-to-data-science-in-r-workbook-d1ec88,3496454
/spythrone/data-cleaning-challenge-character-encodings,3495468
/siouxcitizen/data-display-practice01,3495228
/spythrone/data-cleaning-challenge-parsing-dates-5ffd00,3495138
/isaikumar/getting-started-in-r-graphing-data,3495166
/juyoungsarachoi/practice-6-thanks-to-aki-vehtari,3603389
/isaikumar/getting-started-in-r-summarize-data,3494858
/zeus75/data-cleaning-challenge-outliers,3494629
/isaikumar/getting-started-in-r-load-data-into-r,3494409
/jian2017/ising-model-monte-carlo-data-analysis,3494266
/isaikumar/getting-started-in-r-first-steps,3494210
/praveenbits/past-recession-analysis-and-prediction,3493919
/spythrone/data-cleaning-challenge-scale-and-normaliz-56d935,3493646
/ahmedhumza94/data-cleaning-challenge-cleaning-numeric-columns,3493201
/spythrone/data-cleaning-challenge-handling-missing-v-3c7d71,3493130
/cwestby/data-cleaning-challenge-imputing-missing-values,3500525
/bnovak1/data-cleaning-challenge-json-txt-and-xls,3493344
/shonafeng41/data-cleaning-challenge-parsing-dates,3600349
/smenon8/home-depot-product-search-mynb,3568107
/moraes191/exercicio-imoveis,3956397
/zhang2017/data-cleaning-challenge-imputing-missing-values,3498124
/yjalilik/data-cleaning-challenge-cleaning-numeric-columns,3492560
/stephang30/data-cleaning-challenge-cleaning-numeric-columns,3492533
/plarmuseau/credit-card-data-classification,3495291
/huarancca/data-cleaning-challenge-json-txt-and-x-f1730f,3491795
/adamschroeder/probability-of-failing-past-classes,3491274
