/trezorro/notebook77a0db40ac,1067297
/philej/notebookd75a40831f,1067284
/qiuxinpei/titanic,1067281
/shiftcommathree/notebook272ccc959c,1067248
/samotron23/notebook47305182a3,1067239
/anki08/renthop-model,1067212
/wonjin911/notebook08fb093d63,1070162
/jwegas/an-interesting-solution-90-accuracy,1067191
/xbmatrix/notebook2e207732b3,1067173
/jfzhang1995/exploratory-study-of-ml-algorithms,1067172
/filmar/notebook0582c103e8,1067166
/mrisdal/notebook5f64f7ed2f,1067165
/technicalwise/notebook039e848ea8,1067160
/jinlin/notebookdf2fc83292,1067176
/akilesh/notebook42edfc4912,1067155
/jakobgrimmius/notebook4edf843954,1067148
/tryingtobebetter/notebook137e115991,1067111
/mmotoki/estimating-the-size-of-the-public-dataset,1067682
/ozeron/myfirst-script,1067108
/gophie/notebook2bd4bb82b3,1067092
/thestrider3/notebook4d4b60e876,1067080
/zahharovareal/notebookff436b93ec,1067076
/ironbar/notebookefb95e4e2a,1067072
/samotron23/notebook1ee86fe6a5,1067062
/dversteele/eda-and-fraud-detection,1067060
/vivek27/notebook6d9d0c5e91,1067048
/pecooper/naive-submission-based-on-mean,1067050
/caszhang/notebook33a9bda2ec,1067010
/frenchy/xgboost-two-sigma,1067004
/rjosh24/notebook6f95b86493,1066983
/rjosh24/notebook6bcf3dbd24,1067376
/jintian82/tian-titanic,1066959
/ttagu99/notebook6cf81c11ea,1066947
/dimartins/notebook25d667063b,1066944
/rodrigosantiss/exhaustive-search-pca-and-knn-pipeline,1096209
/cristhro/notebookbb3a33213d,1066936
/cristhro/the-optimal-parameters-of-the-random-forest-model,1066928
/sarrufat/notebook7e8fb481fc,1066904
/cfrancoh/notebook578648c21d,1066902
/andresmechali/notebook9f4ecd3ae8,1066898
/jfzhang1995/exploratory-study-on-ml-algorithms,1066896
/thonicc/notebookdc621866d4,1066844
/kimyp80/notebookaad22a2b40,1066842
/jyp2016/notebook23a2dbd2bf,1066839
/jfzhang1995/a-guide-to-titanic-challenge,1066837
/jyp2016/notebookc7f57bc4c3,1066836
/deepuanand/notebook13524570f4,1066793
/bingbbb/notebookf45877ed32,1066776
/dafengzai/notebook7db1bdb092,1066771
/lillyk/notebook5f684d7bc4,1066768
/jbyabazaire/notebook75e3a98aba,1066757
/alainliu/notebookbe2be15121,1066746
/peteryun/my-first-titanic,1066727
/zzzhacker/firsttry,1066720
/imatrix/hotels,1066702
/bindukumar/notebook445e7a1199,1066701
/gouravbansal/data-detail,1074534
/pradeepchappidi/test-script,1066668
/pradeepchappidi/notebook6ad8313225,1066636
/kercker/notebook40d73619b3,1066628
/sangramr/notebook6de3cd51c0,1066611
/kentoschmidt/notebook230a30db76,1066596
/zubairahmed/notebookce30b45e5c,1066566
/bharatrajbahadur/notebookbf2068b3fd,1066553
/bharatrajbahadur/notebookf818b28af9,1066552
/karupps/notebookb373f7a8b1,1066535
/rashmitiwari1990/notebookca7f5e9a19,1066532
/dacliem/notebook0da68e3ad4,1066519
/kuo77122/notebook578c2252db,1066513
/henrisco82/notebook0acb38fbc2,1066772
/noddabodder/notebookc92031cf1c,1066510
/gioroulden/notebook9dec1e8990,1066504
/mariusv/python,1066473
/jimfeng/notebook05ff4975fe,1066464
/bennji/notebook3363c53b10,1066458
/yangziwen/notebookff8791f4c0,1066450
/hermetist/notebook28ef5e2b96,1066443
/rosnicka/notebook87d563235f,1066434
/yangziwen/load-py,1066428
/funikurakun/tests,1066427
/funikurakun/notebookf3fa4a9d53,1066414
/et1919/notebook44905a3e77,1066396
/maheshak04/notebook5c5e41eb37,1066375
/tracetristan/quickstart-in-datamining,1066369
/redace85/build-nn-with-tensorflow,2175161
/febrifahmi/notebookb8e0891726,1066332
/meihuanyu88/ggggg,1066349
/xiapeng/notebook251d731296,1066313
/akhil163/notebookaec69d47dc,1066273
/sileishibaura/simple-analysis,1066423
/awsmm11/notebook576d95eaec,1066238
/qq1351606172/notebook3272353893,1066232
/mikezhaocs/notebook571b53d9c3,1066220
/budayu/notebook913cb6381a,1066218
/abhishek0389/notebooka22eded78c,1066215
/paperplane/notebooka6cc22ca8b,1066213
/yeyangmiya/knn-and-probability-lookup-script,1066205
/shimpei310/test1,1066184
/pratapnagvel/vg-analysis,1066175
/jingyany/notebookfa29b54567,1066123
/squidarth/notebook114a57d63e,1066092
/mataeil/notebook745de10c57,1066095
/mrckrd/notebook5576891b41,1066080
/mataeil/achieving-100-accuracy,1066074
/jingyany/notebook21ec545801,1066067
/hbajaj/exploring-india,1066062
/halidziya/benchmark,1067022
/oscar84922tw/notebookf610402e16,1066052
/obiwang/stacking-starter,1066049
/luey02/notebook7b8e4eef73,1066029
/lngvietthang/house-prices-predict,1066018
/priya0495/nltk-assignment,1066009
/savithanallasamy/notebook15996ebfca,1065996
/savithanallasamy/notebook7ff29e778e,1065992
/zly0428/predicting-fraud-with-tensorflow-f16dff,1065990
/palakj/notebook000d32000f,1065964
/priyaananthram/cv-statistics-edited-0-5346-score,1065954
/ryuqae/notebook21f67a91d9,1065951
/julianpan/notebook5e920e2aa2,1075681
/hinwongman/notebook6d3ce2d591,1065946
/lynn1990/notebook5cb939b240,1065937
/jingyany/notebookf6c0f91c85,1065931
/memoriesk/test1,1065929
/mayingzi/notebook40264734e8,1065919
/lxjlxj/notebook668495a6d0,1065918
/memoriesk/notebookb5598d05de,1065916
/edward1997/notebook2e6a677c8b,1065913
/jgundlur/if-we-treat-stack-overflow-as-a-social-network,1065908
/steviediesel/titanic,1065902
/rachelle/notebook23661da34a,1065900
/steviediesel/notebook3b9190561a,1065899
/fingernight/notebookb3bd9f219c,1065892
/thisguy/notebook31c77db88a,1065858
/lxjlxj/notebook0f9b92eaa3,1065904
/rrjing85/notebookeec7a37fff,1065845
/ikmalpani/notebook55d6d0ff0e,1065831
/vadavila/notebookf86e07e214,1065825
/kirillal/resnet50-features-xgboost-v9,1065955
/yangshusheng/python-data-visualizations,1065788
/vikeedi/notebookba6c220101,1065674
/aagundez/test-one-two-three-four,1065660
/aagundez/test-one-two-three,1065659
/hellovenkat/notebook26d7d0d5c7,1870029
/buckminster/notebooka8eed60e0a,1065619
/leodirac/notebooka8ff2336ee,1065559
/trgosselin14/notebook11575982fd,1065555
/sarvesh278/fork-of-cnn-and-batch-normalization-in-tensorflow,1065552
/scromhee/notebook9cd72cca3c,1065543
/floriannagel/notebook53c8ce30f2,1065539
/aagundez/test-output-bye-bye,1068138
/attila007/mean-std-mod1,1065535
/lucyq228/notebook40837dc676,1065504
/christophergian/test-r-1,1065500
/anuradhasadineni/notebookd02ea3871d,1065481
/hvp4259/notebookce3e221c7c,1065467
/vincentmo/digitrec,1065454
/benhxb/house-prices-prediction,1065429
/iamacliche/notebook0464fd3d06,1065422
/noddabodder/leakage-solution1,1065419
/michaelpmacdonald/notebookd8118189de,1065412
/noddabodder/notebook99f9c5e472,1065409
/p2pjoin/notebook4fd92d78cf,1065375
/dkrupenya/notebookd782587635,1065358
/scromhee/notebook9a1bd75a52,1065356
/benerdact/notebookd0e9e9400e,1065352
/phersu/notebook2dfa54465e,1065327
/shahir/notebookf0a7717c8a,1065297
/gertadam/notebook5e82011cf3,1065295
/deanda/notebook05f621b562,1065267
/shahir/notebook290148af11,1065262
/shahir/notebookc473b0d1fe,1065238
/hliu88/notebook6e87f06d33,1065234
/igauty/notebook711081f4ad,1065225
/korbawest11/credit-card-ml-rpart-xgboost-tsne-attempts,1065172
/mai1995/ass-6,1065170
/ellen1119/notebookff131ef89d,1065159
/sebbybear/speed-dating-python,1065158
/puggler/notebook76c5c6d476,1065156
/lillywang1126/notebook14f5ea2321,1065154
/nikhil2008v/keras-test-stage2,1065094
/mhetrerajat/mnist-digit,1065090
/vishwasgupta/notebook6eb6171c08,1067204
/nlmlsh/got213,1065080
/hoppipollaa/test1,1065079
/vikrant523/notebook0b5a21c1c6,1065068
/nlmlsh/notebooke2de61a59d,1065066
/nicholasbinger/project-1,1065104
/nlmlsh/notebook0f1b834ee0,1065062
/manpreet1994/notebookd66192b8d9,1065060
/jreber/redhat,1065053
/arun17/notebooked56cc5eb9,1065041
/manpreet1994/first-try-using-logistic-regression,1065052
/danielvb/notebook030d1e5912,1065034
/techaware/notebookb659dcddf3,1065024
/danielvb/notebook8aea731c66,1065005
/michaelhazell/notebook8b0cfcc867,1065003
/techaware/explore-quora-question-pairs,1065016
/marcose18/notebook38bc997287,1064986
/madisonestabrook/notebookbd50e2a35d,1064981
/markwoodbridge/notebook154e9694a3,1064967
