/bp249507/notebook1045ae4201,653862
/sokian/keras-cnn-example,653857
/hhllcks/can-we-improve-by-increasing-variance,653846
/franzohc/pikachu-vs-bulbasaur-matchup,653834
/lushuo/tensorflow-deep-nn,653831
/camartinezbarbosa/regularized-linear-models-6a1a94b0,653822
/uklidyeesarapat/notebook008cb559c2,654175
/jeofuhuang/fish-detection-eab605f1,653740
/jinrui/notebook51b7e89370,653708
/xiaowang111/nn-through-keras-copied-mod,653701
/uyuutosa/explore-classify-the-goblin-ghost-ghoul-dataset,653698
/flysamc/mynotebook,653678
/amanunited/air-quality-index-basemap-animation-plotly,653673
/myelinji/titanic-survival-prediction-end-to-end-ml-pipeline,653672
/flysamc/support-vector-machine-detail-analysis,653669
/akhilprakash/aaaaaa,653664
/renkaipeng/notebook5673d1f010,653659
/sayalidzambre/exploratory-study-on-ml-algorithms,653658
/flysamc/genderrecognition-test,653660
/nidhisatrawala1992/first-code,653564
/paoloseba/notebookba0c90342d,653544
/sbeck27/notebook266a7f1a42,653519
/dagilmore91/most-unique-words-in-enron-dataset,653478
/ryosuke/titanic-data-science-solutions,653461
/davideverona/notebook54bf17a071,653452
/vishaljc77/notebookd1cf15c6d3,653439
/volotsky/notebookee2c6065de,653395
/sramirez/notebook17bf3529e4,653393
/mahdijavid/code01,653385
/masterjeevan/video-games-analysis,653382
/thallesbarba/notebook3f7214ea4c,653369
/mozafari/support-vector-machine-detail-analysis,653359
/tracysmilepang/support-vector-machine-detail-analysis,653323
/cpjain/myfirst,653301
/jianminsun/notebook03f4e215e7,653286
/paleparalavictoria/pikachu-vs-bulbasaur-matchup,653278
/prabakeran/spkkkk,653258
/nuriagco/notebook4fa228bf81,653245
/nuriagco/notebookc9e1a0243c,653242
/chaitanyasanapathi/support-vector-machine-detail-analysis,653229
/wh1992/notebook4afcbd3815,653227
/samatamayoz/classification-of-animals,653218
/zburning/titanic-survival-prediction-end-to-end-ml-pipeline,653174
/dkr1993/simple-tuned-random-forest-classifier,653164
/fanyundaxia/mastering-the-basics-on-titanic,653146
/sreeanalytics/notebooka7546fe4bf,653103
/piyush2017/notebook264b8622b1,653072
/dileekettle/notebook8ede3c8304,653052
/aybukehschdr/notebook3774ff8b3e,653042
/berkkarahan/ghosts-n-goblins-n-neural-networks-lb-0-74858,653024
/ohalkhateeb/python-data-visualizations,653012
/sonder/leaf-prediction,652984
/ybdesire/bin-yin-test1,652940
/khattab34/notebook54264642bc,652927
/lzheng/exploratory-data-analysis,652894
/shirgaokar/notebookb78ae6d2b1,652873
/rakesh22/notebook0df988d19c,652867
/ilalwani/notebookf26dc50cba,652833
/yaroshevskiy/digit-recognition-random-forest,654384
/agemoo/keras,652770
/angelyu/notebook3823966329,652732
/jeofuhuang/fish-detection,652713
/sramaj/notebook55d531c132,652699
/aviral10/notebook91d57d6f6b,652665
/forscience/data-merging-and-cleaning,652636
/lightforever/extract-leak-using-biqquery-it-takes-30-seconds,652629
/pratikgoyal8/digit-recognizer-in-python-using-cnn,652603
/mattslight/notebookaeb8d9b055,652576
/mattslight/notebookd1c44e0f22,652575
/airiaddy/notebook233dd9f1d5,652573
/jeofuhuang/fishy-keras-lb-1-25267,652546
/simmoncn/notebookedac549646,652529
/deniss17/support-vector-machine-detail-analysis,652519
/rissonyao/fork-of-fork-of-talkingdata-exploration-with-r,652495
/notom234/notebookf90213fa74,652488
/azkiwasher/notebook91f27e57ab,652470
/maddynit/cccccvfg,652465
/takeaki/notebook99339b2cbf,652437
/krishna9/regularized-linear-models,652394
/ekaterinaivanova/notebook6f64b796e0,652360
/ashiya123kaggle/examp,652336
/jkim9747/notebook5a5e9ef87d,652321
/harrymu/notebook34981f3148,652294
/tanyouweismile/notebookfe3212ab1d,652284
/nupursaxena/hello,652188
/azurawiz/turn-polygon-layer-into-a-binary-mask-fast,657605
/xinyuyangren/regularized-linear-models-4cf0bcab,652125
/rissnalin6/notebookcd026d4d4c,652124
/harrymu/dogs-vs-cats-redux,652121
/roshandec29/notebookf54cb49ea7,652060
/pvomelveny/notebook018f545f2e,652046
/wordsforthewise/merry-christmas-y-all,651949
/wordsforthewise/exploration-and-plotting,651902
/rohit1996/titanic-1,651907
/travelingshoes/fork-of-notebook966d158d8d,651896
/invitedtea/abcde,651830
/adigamov/notebookf3a3d40613,651825
/yseeker/optimal-expected-submission-value,651819
/berserkr/leaf-classification,711684
/pmaroun/house-price-prediction-part-1,651741
/auygur/exploring-survival-on-the-titanic,651737
/retrieverjo/outbrain-eda-7a6c596c,651733
/horiebin/principal-component-analysis-with-kmeans-visuals,651732
/jgskaggle/notebooka076825922,651700
/rissonyao/notebookb84e19ceb0,651684
/daleofhill/notebook91384ab3f9,651656
/vinaykva/notebookdae6bb9eb1,651652
/jianminsun/small-vehicles,651646
/vinaykva/celebrity-death-analysis,651639
/berkayinan/random-forest-and-knn-on-a-few-blocks,651623
/jianminsun/trees-are-red-buildings-are-blue-sort-of,651575
/ghassent/principal-component-analysis-with-scikit-learn,651524
/virzy7/feature-extraction-from-images-6febf474,651519
/virzy7/feature-extraction-from-images,651514
/linearregression/regularized-linear-models,651512
/spiracular/death-by-county,651497
/benbrahim777/titanic-data-notebook,651449
/wtcooper/regularized-linear-models,651428
/wtcooper/xgboost-10-kfolds-with-scikit-learn,651421
/zoeeee/notebookd973a34184,651409
/zoeeee/test1,651392
/rakesharumalla/firstscript-py,651360
/baidrahul/notebook8c68071e6d,651301
/caesar0301/notebook029884ca54,651297
/kraglemylego/notebook06ebfbca10,651213
/walleiv/a-journey-through-titanic,651208
/shleedynamics/notebookb260518351,651165
/azurawiz/polygon-transformation-to-match-image,651120
/danteomar/learning-big-data-with-panda-totally-useless,651115
/achar71/principal-component-analysis-explained,668520
/azurawiz/exploration-and-plotting,651084
/otanet123/notebookb2ded3af84,651071
/glanglois/notebookf613928bfc,651069
/chensara/a-journey-through-titanic-2ef64d41,651043
/chensara/a-journey-through-titanic,651036
/puremath86/script2,657275
/jcrowe/notebookb2f3d98da2,650948
/gesman/test-1,650937
/rajarja/feature-ranking-w-randomforest-rfe-linear-models,671866
/mchirico/notebook34bc15ee23,650899
/prasannakannan/india-water-quality,965725
/prasannakannan/notebook473801f44f,650818
/bartekmiselis/a-journey-through-titanic,650686
/siganapathy/a-journey-through-titanic,650657
/yachtsman60/notebook1f193f47f1,650641
/tchen21/notebook6770b4a510,650585
/zobara/santa-uncertain,650521
/adamflanagan/notebook7c642ad7be,650454
/valefor/notebook2c090082b4,650400
/vineetagarwal208/notebook63b723e901,650365
/leogan/principal-component-analysis-explained,650346
/czarleonid/notebookbbdf6cd2ea,650307
/toni00/exploration-and-plotting,740082
/apurbaroy/developing-insights-of-data-science,650159
/johncookds/tensorflow-deep-nn,650157
/pvomelveny/notebookfd9d9a18ff,650138
/dean2016/exploratory-tutorial-titanic,650125
/cj2001/notebook531d6de062,650109
/murato/presenting-seven-classifiers,650097
/puremath86/script1,650079
/puremath86/notebook66d43777ee,650075
/muchappreciated/notebook22fd15b463,650073
/tonyfrancis/notebook8249b1cf0c,650057
/sayeedsohail/notebooka06e799bd7,650023
/jcrowe/quick-python-map-visualization,650021
/jillotine/notebook9916e4503c,649973
/ifonecoder/classification-of-animals,649909
/yingxiangjiang/titanic-data-science-solutions,649880
/vagrantguy/lasso-model-for-regression-problem,649824
/nuaawaterloo/notebook5c9d5cea83,649776
/nickbray/can-we-improve-by-increasing-variance-1055572c,649766
/anuragbaddam/notebook8d76b42e25,649750
/nickbray/can-we-improve-by-increasing-variance,649741
/redwane/notebook1cb48a724a,649728
/bxiong/notebookece63d156b,649579
/mspakuru/mapping-global-terror-matplotlib,649566
/ilknuricke/conv-net-on-only-2-features,649527
/poiss0nriot/unveiling-page-views-csv-with-pyspark,649487
/vitalikarpovich/vitalik,649501
/jgoughessextec/in-depth-skewed-data-classif-93-recall-acc-now,649466
/serg386p/notebook07a18907e1,649461
/uprised/notebook49278592e2,649403
/serg386p/notebook5e289215bf,649399
/thorstein99/notebook8734be2a76,649380
/ojibous/celebrity-death-analysis,649362
/lavande233/detailed-data-exploration-in-python,649284
/sarangkarpate/notebook55ae7427ae,649281
/lavande233/regularized-linear-models-9099be0c,649279
/lavande233/trees-are-red-buildings-are-blue-sort-of,649269
/sgirkin/notebook09689ed6ea,654651
/merterino/terrorist-attacks-in-united-states,649218
/analystwiz/bayesian-logistic-regression-with-rstanarm,649170
/abhishekplays/notebook86687262b4,649168
/mrscrew/notebook2389c108b4,649151
/hjethwa/notebook749c329130,649145
/quinnfargen/notebook711d53bae2,649123
/hjethwa/notebookd197b9359d,649106
/huangxinwang/simple-r-platform-0-638,649039
/molsbon/alcohol-consumption-and-average-grades,649026
/relativiti/classification-of-animals,649014
