/ankithaiyar/random2,1703
/benhamner/fiddling-with-r,1490
/alexbra/svc-and-pca-r,996
/alexbra/svm-with-pca,1043
/benhamner/fiddling2,986
/dchudz/open-closed-by-title-length,1003
/functioncall/digitrecon,820
/dgarrett/dougg-test,190
/benhamner/mean-digits,154
/benhamner/whoops-doing-this-logged-in-under-my-own-name,6467
/yeknathmerwade31/quora-insincere-sentiment-analysis,10690935
/xsakix/box-office-one,10690638
/vsagarvi/quora-competition,10690615
/kmader/mocap-with-asf-amc,10690492
/iamfuture/tmdb-challenge,10690294
/lazodelsol/pubg-capstone-project,10690628
/armagansarikey/how-to-select-model-k-fold-cv-gridsearch,10797743
/jonathan97/yihong-s-solution,10754089
/tomehta/elastic-net-with-hyper-param-tuning-using-grid,10713941
/ibacaraujo/creating-reading-and-writing-workbook,10711591
/anant1205/trial-installation-for-raspberry-pi,10750502
/paulopinheiro/pima-indians-diabetes-randomforestclassifier,10707785
/razekmaiden/learn-python-challenge-day-5-ex-joseverdugo,10699094
/vuown88/exercise-underfitting-and-overfitting,10698446
/sanjay11100/squad-stanford-q-a-json-to-pandas-dataframe,10696490
/igauty/exercise-convolutions-for-computer-vision,10694479
/danyayush7/working-on-iris-dataset,10693073
/vigneshwaran34/digitrecogniser,10692582
/fullnamefull/exercise-machine-learning-competitions,10692362
/faezakamran/exercise-model-validation,10690067
/vothanhan/exercise-syntax-variables-and-numbers,10689158
/ntasic/starter-cardiovascular-disease-dataset-3da6b6d2-3,10689094
/nehaaher/a1-demo-pandas-and-uci-adult-dataset-040011,10687625
/riteshahir/simplest-linear-regression-for-understanding,10687126
/sakibreza/sign-language-mnist-using-pretrained-vgg16,10685092
/musfiq47/musfiq-kernel2-revised-simplex-implementation-47,10702397
/tmadhukar/exercise-machine-learning-competitions,10681735
/faezakamran/exercise-your-first-machine-learning-model,10678549
/bstrayer0/exercise-machine-learning-competitions,10677426
/maniak/cat-dog-cnn,10675233
/yeshwanth97/exercise-underfitting-and-overfitting-138c08,10673268
/ryches/transformer-new-to-old-bible-w-pretrained,10678916
/nadjetba/fastai-v3-lesson-2-horses-by-color-breed,10695883
/ibacaraujo/exercise-underfitting-and-overfitting,10671342
/mczenitar/some-analysis-on-customers-behavior-part-i,10696247
/kmader/cmu-mocap-overview,10689010
/rajarshighoshal/sign-language-recognition,10794122
/sakarilukkarinen/demo-10-xception-and-dense,10688420
/faezakamran/exercise-explore-your-data,10666483
/razekmaiden/learn-python-challenge-day-4-ex-joseverdugo,10665862
/kmader/run-cadence-analysis,10665578
/avneetsingh/indexing-selecting-assigning,10665529
/razekmaiden/learn-python-challenge-day-2-ex-joseverdugo,10664221
/meraj786/exercise-your-first-machine-learning-model,10657666
/meraj786/exercise-underfitting-and-overfitting,10657587
/meraj786/exercise-model-validation,10657611
/razekmaiden/learn-python-challenge-day-1-ex-joseverdugo,10657444
/vuown88/exercise-model-validation,10656429
/ariessa/exercise-random-forests,10655148
/tkanand/welcome-to-data-science-in-r-workbook,10652969
/vsharm29/a2-demo-analyzing-cardiovascular-data-f86061,10652490
/kaunajbanerjee/exercise-machine-learning-competitions,10649731
/ashwani07/emnist-using-keras-cnn-with-augmentation,10649464
/jfeng1023/learn-python-challenge-day-7-exercises,4180554
/jfeng1023/learn-python-challenge-day-6-exercises,4136614
/jfeng1023/using-elastic-net-to-select-variables,3694200
/jfeng1023/picking-the-best-model-with-caret-workbook,3644886
/jfeng1023/machine-learning-with-xgboost-in-r-workbook,3658772
/jfeng1023/visualizing-data-with-ggplot2-workbook,3544157
/jfeng1023/manipulating-data-with-the-tidyverse-workbook,3513243
/jfeng1023/data-cleaning-challenge-cleaning-numeric-columns,3501817
/jfeng1023/data-cleaning-challenge-deduplication,3501459
/jfeng1023/data-cleaning-challenge-outliers,3491579
/jfeng1023/data-cleaning-challenge-imputing-missing-values,3445336
/jfeng1023/data-cleaning-challenge-json-txt-and-xls,3442068
/jfeng1023/beginner-data-challenge-chi-square-test,3024879
/jfeng1023/data-cleaning-challenge-inconsistent-data-entry,3013767
/jfeng1023/data-cleaning-challenge-character-encodings,2999197
/jfeng1023/data-cleaning-challenge-parsing-dates,2982892
/jfeng1023/data-cleaning-challenge-handling-missing-values,2944643
/prasun2106/ad-click-prediction,10688159
/yurax401/kernel762f8269f0,10687445
/nins15/starter-cifar-10-0d19d576-0,10687376
/tkanand/manipulating-data-with-the-tidyverse-workbook,10731398
/thulasikumar7/naive-bayes-on-amazon-fine-food-reviews,10687317
/chansbest93/analyzing-speeches-of-rbi-governors,10686494
/tomehta/lasso-for-feature-selection-and-logreg,10646252
/krishnamoorthy1992/a1-demo-pandas-and-uci-adult-dataset-e77510,10645483
/cindithompson/modeling-the-amazon,10638886
/bharat77/exercise-intro-to-deep-learning-and-computer-vis,10637564
/praveen0608/exercise-machine-learning-competitions,10636246
/praveen0608/exercise-underfitting-and-overfitting,10635832
/praveen0608/exercise-model-validation,10635240
/praveen0608/exercise-your-first-machine-learning-model,10633627
/eldarg/a2-demo-analyzing-cardiovascular-data-fc3541,10633462
/mhendrickson/analyzing-3-million-github-repos-using-bigquery,10633300
/hinatasaien/exercise-machine-learning-competitions,10631683
/chachichachi/stripped-down-fast-ai-submission,10633264
/pmucha/housing-prices-competition,10627361
/ariessa/exercise-underfitting-and-overfitting-c161d3,10625203
/diksha2497/heatmap-for-current-address,10624938
/bozenakirkov/renaming-and-combining-workbook,10624354
/bozenakirkov/data-types-and-missing-data-workbook,10623624
/ricardocortez0211/data-types-and-missing-data-workbook,10620982
/wbtoms74/digit-recognizer-cnn,10766702
/saboohidhawan/linear-regression-ecommerce-customers,10618253
/asnim19/exercise-machine-learning-competitions,10611778
/tetsuyazama/fork-of-titanic-example-for-nst,10609676
/adamjochna/ensembles-titanic,10607795
/tomehta/underfitting-with-rf-and-lgbm,10602197
/jungjoonlee/exercise-as-with,10600616
/ariessa/exercise-model-validation-d815ef,10599087
/kwispy/boundaries-comparison,10598733
/perihanbagbudar/recommender-systems-1,10728258
/nitinchaudhari/exercise-functions-and-getting-help,10596412
/paritoshkr30/exercise-validationmodel,10596038
/lintraildukes/exercise-machine-learning-competitions,10597577
/anuragsahoo/earthquake-prediction,10600560
/jungjoonlee/exercise-order-by,10592836
/manojbaliyan/a1-demo-pandas-and-data-analysis-mlcourse-ai,10597083
/ariessa/exercise-your-first-machine-learning-model,10589702
/anirudhsundar/a1-demo-pandas-and-uci-adult-dataset,10586234
/rcompass/exercise-machine-learning-competitions-103f51,10584904
/alepacheco/basic-xgboost-approach,10582863
/ibacaraujo/exercise-model-validation,10573598
/parmeet1992/logistic-regression-using-sklearn,10573050
/jjlogu/grouping-and-sorting-8816ae,10571881
/clare3/titanic-2019-svm-to-submit,10571749
/ankurjohari/clash-of-clans-user-reviews,10571207
/razekmaiden/learn-python-challenge-day-3-ex-joseverdugo,10570519
/thangam2000/pneumonia-classification-using-vgg19,10570003
/dhruvt93/a2-demo-analyzing-cardiovascular-data-solved,10569494
/kunal28chaturvedi/student-performance-in-exams-beginner,10566139
/felipefiorini/house-price-lm-gbm-rf,10577559
/bozenakirkov/grouping-and-sorting,10560608
/bashturtle/fork-of-pipelining-xgboost,10559694
/paritoshkr30/exercise-your-first-machine-learning-model,10555657
/forgetit/07-working-with-external-libraries,10555141
/paritoshkr30/exercise-explore-your-data,10555103
/forgetit/06-strings-and-dictionaries,10554702
/forgetit/05-loops-and-list-comprehensions,10552962
/tahirishaq/data-cleaning-challenge-inconsistent-data-entry,10551986
/forgetit/04-lists,10551725
/tahirishaq/data-cleaning-challenge-parsing-dates,10551501
/tahirishaq/data-cleaning-challenge-handling-missing-values,10551166
/jjlogu/summary-functions-and-maps-workbook,10546112
/jjlogu/indexing-selecting-assigning-edb25b,10544849
/aarpitgogia/a1-pandas-and-uci-adult-dataset-4efce7,10544483
/jjlogu/creating-reading-and-writing-workbook,10543506
/mukul09/housing-price-prediction,10540880
/bozenakirkov/summary-functions-and-maps-workbook-c20e6a,10538267
/rahuldubey/a1-demo-pandas-and-uci-adult-dataset-a7bbc4,10536420
/achintsatsangi/posten-starter-kit,10536139
/bozenakirkov/indexing-selecting-assigning-573181,10533956
/bashturtle/pipelining-xgboost,10533478
/aniketg11/credit-card-fraud-recursive-feature-elimination,10533683
/forgetit/03-booleans,10550445
/kokovidis/xgboost-predictive-notebook-of-instacart,10531286
/ariessa/exercise-explore-your-data,10530443
/bozenakirkov/creating-reading-and-writing-workbook,10530424
/yeshwanth97/exercise-your-first-machine-learning-model,10530365
/forgetit/02-functions-and-getting-help,10530076
/toshinoue/feature-selection-by-aicc,10654582
/deachintiaputri/house-prediction-random-decision-forest,10525700
/forgetit/01-hello-python,10527539
/jmmrbx/exercise-machine-learning-competitions,10523414
/natdubrov/exercise-strings-and-dictionaries-a0de30,10519089
/natdubrov/exercise-loops-and-list-comprehensions,10517166
/sakarilukkarinen/demo-04-binary-classifier,10516540
/akshatdeep12/exercise-machine-learning-competitions,10526882
/akshatdeep12/exercise-underfitting-and-overfitting,10513460
/yashagrawal19/exercise-machine-learning-competitions-b7f40d,10513022
/wageesha/getting-started-in-r-graphing-data,10512869
/bozenakirkov/exercise-working-with-external-libraries,10512608
/drewlinsley/dscov-tutorial,10514638
/utkarshnag/text-generation-using-lstms,10510887
/ctrlz/notebook,10509230
/anu1212/exercise-your-first-machine-learning-model,10503406
/bozenakirkov/exercise-strings-and-dictionaries,10501921
/agilles/columbus-v3,10501243
/leslyarun/a1-demo-pandas-and-uci-adult-dataset-solution,10500438
/abhimanyuaryan/random-forest-from-scratch,10498426
/shubhammishra111/exercise-explore-your-data,10498297
/redfoongus/lightgbm-test,10495608
/tomehta/underfitting-with-svc,10523117
/akshatdeep12/exercise-model-validation,10491687
/bernardomartinez/tfgyelpanalisisexploratorio,10489546
/kalyankkr/a2-demo-analyzing-cardiovascular-data-f8aa16,10488950
/skannelu/exercise-functions-and-getting-help,10487760
/bozenakirkov/exercise-loops-and-list-comprehensions,10487692
/myltykritik/task1-nadya-anna,10487565
/bozenakirkov/exercise-lists,10486752
/bozenakirkov/exercise-functions-and-getting-help,10486212
/bozenakirkov/exercise-syntax-variables-and-numbers,10486190
/bozenakirkov/exercise-booleans-and-conditionals,10486234
/a2cerda/data-cleaning-challenge-character-encodings,10479808
/victoriapeel/welcome-to-data-science-in-r-workbook,10485025
/natdubrov/exercise-lists,10478220
/vuown88/creating-reading-and-writing-workbook,10474429
/rjs417/a1-demo-pandas-and-uci-adult-dataset,10473584
