,None
,None
,None
,None
,None
,None
,None
,None
,None
,None
,None
,None
/kerneler/starter-ipl-cricket-dataset-d44a9d82-b,9816421
,None
,None
/prodigalprodigy/stock-movement-prediction,9816126
,None
,None
/worldmovers/house-prices-lasso-xgboost-and-a-detaile-2fae9e,9815662
/kerneler/starter-petfinder-optimizer-bug-59336f2d-0,9815223
/kerneler/starter-markdwon-b6cc4e36-2,9814304
/kerneler/starter-readmeeeee-addfee74-d,9814305
/kerneler/starter-test1233333-39f0cbc2-4,9814303
/kerneler/starter-greek-strikes-and-name-days-f819f8b0-6,9813511
/amarinderplasma/play-cartpole-with-deep-q-networks,9885885
/hamelg/r-notebook-test,9811791
/rajatsr94/graduate-admissions-rajatsr94,9813276
/armin1989/fraud-classification-through-anamoly-detection,10222206
/callsaurabh/fork-of-exercise-machine-learning-competitions-7e,9809716
/kerneler/starter-iron-maiden-ad906710-8,9805653
/yulanl22/exercise-explore-your-data,9806002
/rahulgarg28/neural-network,9804293
/kerneler/starter-combined-cycle-power-plant-9656dfc3-3,9802326
/kerneler/starter-knives-dataset-66ad6d90-f,9800714
/kerneler/starter-standard-f72f1a79-5,9800165
/kerneler/starter-russian-cyrillic-names-and-7cfbe9d4-9,9799970
/po1234263/exercise-convolutions-for-computer-vision,9798718
/kerneler/starter-data-analysis-and-13bc28eb-1,9798588
/kerneler/starter-gis-mehsana-1fa8b403-7,9798401
/sheetalsawant/exercise-explore-your-data,9797777
/binolgeorge/tensorflow-programming,9797419
/kerneler/starter-adult-datasets-2896f266-3,9795877
/zhenyufan/exploration-and-ml-for-graduate-admission,9831714
/kerneler/starter-prostate-664bd74f-8,9794435
/kerneler/starter-poker-datasets-ff99af05-2,9794362
/bhamin/human-protein-atlas-xceptionnet-3-chs,9792294
/worldmovers/detailed-data-analysis-ensemble-modeling-3c5977,9791216
/ahmetgeci/fork-of-pokemon-data-cleaning-with-python,9787022
/jrahul/pytorch-spam-ham-classification,9786671
/etinuz/fastai-starter-model-based-on-pytorch-starter,10106935
/fschwartzer/titanic-decision-tree,9781568
/kerneler/starter-traffic-crashes-vehicles-d97f4188-8,9780684
/kerneler/starter-malaria-1e35e4e6-4,9779754
/conradws/the-importance-of-recall-in-logistic-regression,9783991
/hung20736/exercise-explore-your-data-26aa14,9960319
/kerneler/starter-greenhouse-gas-emissions-in-f048c188-0,9837102
/gangwareshita/machine-learning-1,9775689
/kerneler/starter-idao2019-725311ea-7,10006698
/gpreda/house-price-baseline-model,9771894
/kerneler/starter-overhead-depth-images-people-7fd9e8a4-0,9769955
/adithyakrishnan/time-series-forecasting-in-python,9766961
/kerneler/starter-highway-traffic-m03a-taiwan-bbce2cee-6,9774164
/kmader/visualizing-an-mlp-using-conx,9766083
/kerneler/starter-fake-news-detection-dataset-2caa2dea-8,9764403
/kerneler/starter-chest-xray-masks-and-labels-d973d411-b,9764179
/kerneler/starter-complaint-status-tracking-e2ea9589-f,9763483
/kerneler/starter-predciting-price-transaction-58c82635-5,9763468
/jackyourdata/the-data-scientist-s-toolbox-tutorial-1,9762373
/johnkyon/fork-from-bilstm-attention-kfold-0115-81a8d9,10293897
/kerneler/starter-us-stocks-1129ecb1-4,9760377
/kerneler/starter-patient-f5d1731b-e,9759460
/khasimpannegatla/sentimental-analysis,9758511
/hanamaruko/fx-lstm,10722381
/anant1205/the-newest-version-all-the-new-data,10785828
/kerneler/starter-sohan-dataset-new-0d31066e-d,9756472
/kerneler/starter-test-data-f7615ed4-2,9756465
/kerneler/starter-traffic-crashes-crashes-69027f5d-8,9781252
/kerneler/starter-warsaw-stock-exchage-adl-021c8726-d,9750159
/kerneler/starter-tiny-imagenet-features-1f16eda6-a,9954836
/kerneler/starter-censo-escolar-2018-986fdd88-b,9750037
/kerneler/starter-gigadata-51b2883d-6,9747830
/kerneler/starter-wine-data-99c34422-2,9747804
/kerneler/starter-fastai101-2-6e90c2e0-1,10679212
/paradoxicalparadox/exercise-explore-your-data,9748813
/kerneler/starter-2-digit-country-codes-iso-3166-e01225e3-3,9890685
/frabbisw/wine-rating,9746765
/rupalisharma/data-cleaning-challenge-character-encodings,10254112
/hamidbadriiam/exercise-convolutions-for-computer-vision,9747014
/kerneler/starter-emojify-b7c0214f-d,9745920
/utsavgupta/exercise-explore-your-data,9745860
/kerneler/starter-unet-skin-255-2e351d6a-9,9745095
/kerneler/starter-signature-verification-dataset-f45b895d-1,9884969
/hamidbadriiam/full-classification-example-with-convnet-ffd8c8,9745385
/rashikds/data-cleaning-challenge-parsing-dates,9744412
/valeriiaa/data-cleaning-challenge-parsing-dates,9744635
/yekang/dimensionality-reduction-pca-tsne,9749696
/toulik/machine-learning-basics-digit-recognizer,9752847
/kerneler/starter-gun-dataset-aabc2847-0,9741274
/kerneler/starter-denver-open-data-catalog-f97d2637-1,9739300
/victow/exercise-explore-your-data,9965716
/kerneler/starter-nyc-311-2010-to-present-b1696f81-2,9737377
/kerneler/starter-img-data-256-67e89d54-8,9737220
/hamidbadriiam/comprehensive-data-exploration-with-python,9743807
/kerneler/starter-img-data-61d01977-9,9735365
/kerneler/starter-bollywood-movie-dataset-fdd1747c-0,9735133
/milkshakespeare/machinelearning-beginnner-a7c465,9735103
/milkshakespeare/machinelearning-beginnner-7bb5cb,9735069
/kerneler/starter-churn-modelling-887f47f3-e,9734684
/kerneler/starter-brands-logos-3acb33c3-3,9733370
/kerneler/starter-amazondatasets-d675f1f1-6,10461917
/kerneler/starter-101-fast-ai-ad383a07-1,10098283
/kerneler/starter-bert-model-41e309e0-9,9729550
/kerneler/starter-youtube-5000-channels-videos-8c778076-6,9728802
/kerneler/starter-yolo-fruits-dataset-for-dji-9eef06b9-6,9728655
/kerneler/starter-delayedflights-b7ac3f1d-5,9726929
/econdata/petfinderprediction,9726891
/yliu40/aicamp-wk9-s3-simple-object-detection,9725164
/kerneler/starter-sanrio-character-image-dataset-c478da78-0,9724467
/kerneler/starter-automotive-researchers-at-78c0edf8-9,9723075
/kerneler/starter-cardiovascular-disease-dataset-3da6b6d2-3,9722491
/kerneler/starter-passport-colors-74ef9242-9,9717957
/kerneler/starter-nba-players-data-64888213-8,9717905
/mgiraygokirmak/modelling-overrated,9991708
/collinslagat/ann-in-keras-approach-to-predicting-fraud,9716723
/kerneler/starter-hackathondataset-0f599fb9-d,9716201
/kerneler/starter-ravdess-emotional-song-audio-bdf5335c-9,9716198
/kerneler/starter-sas-hmeq-dataset-in-csv-e6325ccb-8,9715571
/kerneler/starter-malware-3d9a1489-0,9713903
/kerneler/starter-infersent-90e53bb2-7,9712802
/kerneler/starter-infersent-repo-6bedfc58-9,9712799
/kerneler/starter-romanian-literary-essays-40c7f331-5,9712724
/kerneler/starter-ravdess-emotional-speech-audio-8ad119dd-0,9712509
/kerneler/starter-noaa-integrated-surface-hourly-80152d0e-a,9712171
/kerneler/starter-rock-paper-scissors-cv-53340a08-b,9711212
/basifrank/data-cleaning-parsing-dates,9725443
/kerneler/starter-women-ncaa-2018-paris-6b0953bd-8,9735572
/kerneler/starter-guns-dataset-f9593235-6,9732663
/kerneler/starter-universalbank-eb99d021-9,9706281
/bmconrad/two-sigma-news-official-getting-started-base,9705654
/kerneler/starter-shop-8-5607146d-7,9704318
/kerneler/starter-outer-space-measurements-2863e5ce-5,9704156
/iamrahulcse/a-comprehensive-ml-workflow-with-python,9703076
/kerneler/starter-capilla-776c3ecc-2,9702162
/datauma/data-types-and-missing-data-workbook,9702353
/kerneler/starter-capillary-machine-learning-d675b0df-2,9698867
/kerneler/starter-lite-eyepacs-3ac69d11-7,9696524
/kerneler/starter-bert-keras-implementation-8d1414fe-a,9696068
/kerneler/starter-bert-pretrained-af6d3459-4,9695117
/haririthanyam/exercise-functions-and-getting-help,9770624
/kerneler/starter-unitcirclepoints-a3eb72ab-b,9689893
/sunlim/pytorch-baseline-model-61ae34,9686545
/kerneler/starter-analysis-data-eeebb48f-7,9685416
/bulentsiyah/histopathologic-cancer-detection-vgg16,9696671
/kerneler/starter-math-in-minutes-2fa7cfa2-3,9681867
/kerneler/starter-cifar-100-b7ca6c61-b,9681838
/datatoknowl/fasttext,9685361
/ziasafi22/data-cleaning-challenge-parsing-dates,9680725
/lokeshbathula/kernel93603503ec,9680372
/ctrlz/kernel0d2c5ddcc8,10562854
/ziasafi22/data-cleaning-challenge-handling-missing-v-885aea,9680027
/kerneler/starter-pytorch-1-0-0-pretrained-image-d61c3815-7,9678806
/kerneler/starter-rainbow-six-siege-s5-c5d34966-4,9698356
/kerneler/starter-rainbow-six-siege-s5-d197f9b4-f,9730714
/kerneler/starter-submission-2867225d-4,9675587
/kerneler/starter-labels-15104e0d-3,9675574
/kerneler/starter-data-driven-comp-6d3372f7-4,9675561
/abhinavgoel/exercise-booleans-and-conditionals,9674378
/hibahamdi/kernela61df3b98a,9703693
/kerneler/starter-play-information-csv-71296ea0-2,9673056
/kerneler/starter-nevada-19878e65-b,10370848
/biren162/exercise-underfitting-and-overfitting,9757544
/khasimpannegatla/telecom-customer-churn-prediction,9667368
/kerneler/starter-moscow-games-club-dataset-f6afb0b7-7,9666389
/kerneler/starter-dogscats-fastai-bb939c21-3,9663783
/ninhson/first-read,9662994
/purva1497/breast-cancer-classification-using-ann,9662494
/conheomauxanh1/elo-world-high-score-without-blending,9662456
/bqnnguye/complete-beginner-your-first-titanic-submi-1a0bb0,9662943
/haftom/titanic,9661033
/liztianjiaoliu/titanic-data-science-solutions-f40d30,9659465
/amrhendy/dog-breed-pretrained-keras-model,9659243
/liztianjiaoliu/a-data-science-framework-to-achieve-99-ac-319b1d,9659197
/g3rtsch3/machinelearninghw1,9656351
/kerneler/starter-hollywood-music-dataset-d5b9f45f-2,9655351
/kerneler/starter-premier-league-football-data-70f5e779-b,9654668
/kerneler/starter-premier-league-data-seasons-65feddc3-3,9654330
/kerneler/starter-vet-vechain-binance-dataset-17a90644-9,9653011
/mrgodsay/data-cleaning-challenge-handling-missing-values,10260588
/ayusov/find-quora-glove-50-vectors,9648380
/kerneler/starter-text-cnn-py-in-text-cnn-model-5aa5685e-8,9647872
/kerneler/starter-data-file-feature-engineering-92f5238f-f,9647629
/kerneler/starter-a-deceptively-simple-dataset-36032612-1,9647506
/mitchelwijt/kernel32738d77d2,9647301
/kerneler/starter-nfl-selected-features-ff4f3f3d-1,9647144
/chittiprolu/exercise-explore-your-data,9647274
/rongzhang2017/titanic-survive-prediction-radom-forest,9645923
/kerneler/starter-stock-market-data-369e33bb-d,9645815
/kerneler/starter-logos-bk-kfc-mcdonald-92524e4c-0,9645136
/hn5311/rsna-pk2-lr-fine-sample-1,9642024
/hn5311/rsna-pk2-lr-fine-sample-3,9642007
