/zdanev/fork-of-hello-world-f464f116,846533
/zdanev/fork-of-hello-world-8ead8952,846527
/stellayang92/random-forest-starter-with-numerical-features,846313
/farrar/a-journey-through-titanic,846239
/terenceliu/a-journey-through-titanic,846175
/x09072993/titanic-logistic-regression-75,846161
/farrar/notebook50df91e60a,846138
/mani7831/notebookbeda6647cb,846614
/ghhabib/notebook7bac8e66dd,845921
/fohmida/fork-of-the-santa-problem,845893
/homerawesome/a-journey-through-titanic,845751
/mlennox562/notebook52d61601cd,845491
/peishenwu/notebook7e4b15d62f,845449
/peishenwu/notebook95f760f42c,845440
/vikramlance/catdognet-keras-convnet-starter,846507
/jmccabe/notebookbb3a07490f,845331
/successf2fe/how-to-correctly-load-data-into-r,845304
/buggycode/qwewqe,845110
/maniarpa/full-preprocessing-tutorial,845020
/kendallgreene/notebook575cccadbe,863142
/skakkerlak/fork-of-icebreaker,855155
/spooflouis/alcohol-consumption-and-average-grades,844664
/twrogers/notebook39b0f827a1,844284
/andywill/notebookc52f500aeb,859606
/nikogk/iris-test,844392
/zainzin/notebook30b5b0b10e,844149
/nguyentuanhai/notebookc84b0c06c0,865649
/penguincwarrior/a-journey-through-titanic,843381
/prajak/full-preprocessing-tutorial-56618b15,843664
/dingding22yu/exploratory-and-randomforest,843270
/aniruddhaachar/notebook7a406050a7,843239
/andreil00/notebook06dd889675,843315
/vince59/notebook2f5bb10a27,843228
/lklipl/usedcars-prediction,843147
/budhiraja/xgb-starter-in-python,1066641
/bananachips/titanic-with-keras,858981
/bziuum/global-religion-from-1945-to-2010,842948
/vkozlov/titanic-random-forest-82-78,843622
/nbvcxz/a-journey-through-titanic-b5dbba37,842831
/sankhamukherjee/notebook3521d72c03,875604
/lukethorp/notebooka187dde585,842822
/mentalistk/notebook19079b1cb0,842364
/jokerljl/notebook2b2eb5f5d5,842412
/lavanya123/imputation-and-fit-with-regression,1214184
/bryan1201/exploring-survival-on-the-titanic-by-bryan1201,842139
/nevil7/notebooke6b9e9d81a,844508
/myyier/notebook840c3f0bfe,841888
/bkirubak/notebookf98744297e,841896
/bankhv/xgb-starter-in-python,841782
/chakriv88/notebookd2733ae7fa,841535
/caofanzhi/full-pipeline-demo-poly-pixels-ml-poly,841389
/kylemix/notebook175c2b1b80,841367
/billiezhang/full-preprocessing-tutorial-copy,841305
/sheshu/titanic-random-forest-82-78,841306
/zhouchen/looking-at-vehicle-accidents,841265
/enuok1/notebookf469491f88,841275
/atinaks25/in-depth-skewed-data-classif-93-recall-acc-now,841202
/alagappan/a-journey-through-titanic,841028
/carlosmmc224/notebooke38750af49,845517
/johnstreet/full-pipeline-demo-poly-pixels-ml-poly,840656
/dysonlin/python-data-visualizations,840425
/jeremyb3/a-journey-through-titanic-test,840378
/mogrifier/notebook29df85f84e,840118
/christophergrant/notebook271b313b94,840084
/adioshun/tensorflow,839981
/fmassoud/random-forest-starter-with-numerical-features,839901
/sebasggx/a-journey-through-titanic-6830fd14,839907
/alexionby/notebookb54c3ab920,839787
/cl2ev1/nn-through-keras-copied-mod,839698
/prateekparkash1/notebookfa3471430e,839570
/yuqingxue/notebook5db603a79c,839455
/pkbravehack/how-to-correctly-load-data-into-r,839385
/jesshermosillo/full-preprocessing-tutorial,839553
/pkbravehack/xgb-starter-in-python,839316
/auygur/xgb-starter-in-python,839194
/milad121/notebook08ab51e052,838889
/akshayseth7/tensorflow-deep-nn,849665
/civipush/notebook5d4402226e,838435
/justin511/random-forest-starter-with-numerical-features,838319
/alvarisal/notebook9a64448750,838305
/oyshonib/notebook949b289ba3,838293
/mrgraham/a-journey-through-titanic,839549
/windell495/notebook57e53500b8,838136
/lavanya123/detailed-data-cleaning-and-imputation-5b53f5c0,838098
/gilcu3/a-journey-through-titanic,838311
/tsharlej/notebook8d279b075c,838179
/nguyendanghuynh/notebook02b82580dd,837860
/kreczko/full-preprocessing-tutorial,842614
/eyalis/first-pass-through-data-w-3d-convnet-82bb5fa8,837671
/dzeksen/notebookc45c801e5b,837502
/dzeksen/notebook8dcde4de2a,837496
/enemis/notebook2792329e81,838455
/slackerking/notebooke044315211,837340
/deepaksharma/notebook6ee7861d05,837462
/smaroli/notebook3e97adb8dd,837113
/mayanksoni/notebook9fcf38d513,837064
/shamik07/sample-svm-model-with-x-validation,837021
/mayanksoni/notebook35ae828263,837018
/goonerrish/notebook73200e3f42,836989
/mayanksoni/notebookc20a303ac6,836977
/kolbecks/notebook6d8b82e9fd,836980
/namsbhulawat/notebook5954c4485b,836684
/saurabhbhagvatula/clustering-years-upon-words-usage-in-a-year-papers,836826
/lavanya123/detailed-data-cleaning-and-imputation-de932fff,836588
/lambrusco/notebooke501613f50,836928
/padmaja94/notebookd54ba288ad,836541
/venkateshksl/notebook4b961b47ea,836538
/roopa123/fish-detection,836414
/maryamgrimich/regularized-linear-models-27b11b84,836424
/silverajessica/regularized-linear-models-jessaudal,836329
/davetb/simple-exploration-notebook-2-connect,836549
/piterfm/wordcloud-time-series-cluster-modelisation,836305
/liuzhui/adding-synthetic-data-on-glass-classification,836189
/liuzhui/an-interactive-data-science-tutorial,836133
/francescoimbriglia/notebook514627c6ab,836093
/anastasiakuznetsova/notebook01d97fad5b,836869
/vikibytes/notebookeba25a5820,835974
/satishjasthi/a-journey-through-titanic-17887ac6,836338
/replicat/notebook6907ca03d6,835909
/lynnpo/improved-lung-segmentation-using-watershed,835862
/khushhall/notebookb2b2bdb4aa,835268
/jidong/random-forest-starter-with-numerical-features,835389
/sanchavan/trying-to-predict-used-car-value,835185
/lhy1989/video-games-analysis-for-learn,835125
/vigneshjothiselvaraj/notebook010c6a831f,835103
/moduma/text-mining-with-sklearn-keras-mlp-lstm-cnn,835076
/nisanthd/random-forest-starter-with-numerical-features,835042
/wangdong8500/a-journey-through-titanic,839622
/vigneshjothiselvaraj/notebook20b08a7d22,1004519
/jeremyvoltz/an-interactive-data-science-tutorial,835013
/vigneshjothiselvaraj/notebook3f706f0808,835010
/vigneshjothiselvaraj/notebook4d31f105ff,834995
/vigneshjothiselvaraj/notebook7eef3b0e1c,834979
/vigneshjothiselvaraj/notebook178f9c8829,834968
/jmorrise/test-notebook,851149
/vigneshjothiselvaraj/notebook5f46d248a4,834947
/efuruko/notebook7148fc4267,834910
/ayushgupta1994/start,834838
/brainonastick/first-approach,834786
/crisiljoanne/notebook899b0119ea,834584
/deltae/notebook8b9b54c878,834571
/a3rao1/a-journey-through-titanic,834544
/bibins/random-forest-starter-with-numerical-features,834399
/meenakshidas/notebookebfb1dea3f,834316
/shaggy2606/a-journey-through-titanic,834220
/rainydata/notebookd685236c9b,834193
/dantussk/notebook0eebbc253f,834035
/jintgeorge/notebookd0a1b116c5,868895
/yogeshdatascientist/notebook3a2d296d72,1267346
/yogeshdatascientist/fork-of-dninja,833953
/rajkiran/a-journey-through-titanic-037d0d1a,833860
/mwizasimbeye11/renthop,1040346
/yogeshdatascientist/notebook02a4cb1f1a,833789
/timhill/notebook0db79a6dd4,833760
/izgordon/notebook68b01c4073,862567
/nagallapradeep/titanic-test,1349759
/rainydata/notebook9f342db727,834157
/shanderyo/notebook8945dba29b,833307
/awpotter/notebook547bebd396,834046
/collincun/notebook1f36155541,833099
/kgjkgj/experiments-using-r-raster-clumping,833273
/himanshusanghi/titanic-data-science-solutions,832685
/crisosma/notebook17972da28d,832676
/ryankopa/san-francisco,832728
/bhati5/notebookcf65b453ba,832395
/mikenow/a-journey-through-titanic,832242
/adeane/omg-nlp-with-the-djia-and-reddit,832057
/msoleh/titanic-random-forest-82-78-d1401fbe,832011
/xietaitong/notebook9b689285a2,855161
/msoleh/titanic-random-forest-82-78,831956
/somnah/notebookce6b38bc31,831935
/emilazeri/global-religion-from-1945-to-2010-716ecac1,832807
/ezesalta/notebook948c9dc110,5162261
/akramsayadi/notebookbb26316dfc,836308
/vendettasrk/notebookbb92ca4928,831586
/mikelow/titanic-random-forest-82-78,831482
/andreistar/notebook33f946e1d6,831419
/umaumahorse/notebook4d9b4beea2,831300
/andreistar/exploring-survival-on-the-titanic,831153
/mishkri/notebook3951e4f06e,831072
/davetb/learning-from-film-rating-systems,830946
/manisbea/manisbea-filling-up-missing-values,830883
/kmmaller/fork-of-titanic-survival-predictions,830624
/akramsayadi/notebook4a76b030d1,830473
/dieden/notebooke7feb19711,830809
/swchoi/notebookc8a69edbb6,830444
/petercaya/notebook7b3086a978,830404
/pingmadhankumar/insurance-underwriting,861336
/kozitheone/the-most-predictable-league,830433
/daliende/explore-and-classify-birds-by-their-bones,830145
/olympku/trying-to-predict-used-car-value,830107
/horbycheu/a-journey-through-titanic,830040
/akramsayadi/notebookdc679e4cc7,830110
/pengchengchen/python-data-visualizations-4e981ad9,829940
/drorata/notebookfd89fd962e,829903
/asdftoger/a-journey-through-titanic,834653
/vpa1977/full-pipeline-demo-poly-pixels-ml-poly,829709
/yonatan365/an-interactive-data-science-tutorial,835940
/frankw/notebook382c1ef5bd,884131
/rkkekm/an-interactive-data-science-tutorial,829475
