/karthikvmv/manipulating-data-with-the-tidyverse-workbook,4666946
/mtejeda/data-cleaning-challenge-handling-missing-v-38ad5c,4599874
/sagarjaspal/data-cleaning-challenge-handling-missing-values,4627110
/sakinapetiwala/an-interactive-data-science-tutorial,5559854
/discdiver/regression-project-predicting-housing-sales,9779702
/prescotttj/my-first-machine-learning-model,4632203
/didizlatkova/renaming-and-combining-workbook,4595287
/ibraheemmoosa/logistic-regression,4611378
/didizlatkova/data-types-and-missing-data-workbook,4595093
/ansuaggarwal/house-price-prediction-model,4741801
/marckempssnijders/data-cleaning-challenge-parsing-dates,4597272
/marckempssnijders/data-cleaning-challenge-scale-and-normalize-data,4590322
/perlinwarp/indexing-selecting-assigning-answers,4621560
/dimonrtm/xgboostclassifier,4630072
/ritsyelsa/notebook1,4589446
/phoenix1984/my-first-machine-learning-model,4756244
/ambabaei/my-first-ml-model,4600319
/bnovak1/regression-challenge-day-3,4583106
/aogbumah/exercise-functions-and-getting-help,4585384
/didizlatkova/grouping-and-sorting,4579212
/zcbtf85/random-forests-to-predict-house-prices-beginners,4581439
/luisouthier/my-first-machine-learning-model,4578600
/ibraheemmoosa/multinomial-naive-bayes,4592688
/mrozacki/learn-python-challenge-day-1-exercises,4577336
/phoenix1984/exercise-dropout-and-strides-for-larger-models,4575079
/phoenix1984/exercise-data-augmentation,4573948
/phoenix1984/exercise-using-transfer-learning,4573747
/phoenix1984/exercise-coding-in-tensorflow-and-keras,4573414
/deepakna08/rate-smbs-based-on-yelp-dataset,4586643
/vtu5118/data-cleaning-challenge-scale-and-normaliz-8343b4,4582675
/grribeiro/just-following-kaggle-s-machine-learning-tutorial,4631532
/mikehans39/data-cleaning-challenge-handling-missing-values,4569477
/didizlatkova/summary-functions-and-maps-workbook,4578044
/hirkani/data-cleaning-challenge-scale-and-normaliz-54b82b,4566223
/fanwww/data-cleaning-challenge-handling-missing-v-cc7d30,4566499
/peterhoklee/exercise-functions-and-getting-help,4616447
/manoj01997/exercise-functions-and-getting-help,4576561
/akib11/exercise-syntax-variables-and-numbers,4562086
/jaskarannagi19/data-cleaning-challenge-parsing-dates,4561855
/vtu5118/data-cleaning-challenge-handling-missing-values,4565965
/jitendergrover0101/data-cleaning-challenge-inconsistent-data-entry,4560789
/jaskarannagi19/data-cleaning-challenge-scale-and-normalize-data,4555804
/didizlatkova/indexing-selecting-assigning,4567375
/brinda1/exercise-functions-and-getting-help,4553844
/brinda1/exercise-syntax-variables-and-numbers,4552746
/lakhindr/mnist-dense-layer-vs-resnet-residual-block,4602109
/aamirsiddiqui/house-prices-eda-and-regression-analysis,5480751
/didizlatkova/creating-reading-and-writing-workbook,4552797
/yogeshdeveloper/exercise-syntax-variables-and-numbers,4548498
/anuragbhatt1/data-cleaning-challenge-handling-missing-values,4545517
/lakhindr/keras-sequential-functional-models,4557423
/schlerp/keras-ann-kfold-ensemble-normalisation-fe,4591801
/reed2100/summary-functions-and-maps-workbook,4609813
/deathmoose/iowa-housing-data-random-forest-model,4555342
/jzhang12/getting-started-in-r-graphing-data-bd32e7,4541223
/jitendergrover0101/data-cleaning-challenge-character-encodings,4540501
/cunni319/data-cleaning-challenge-character-encodings,4537584
/sdlecenter/random-forests-r,4538779
/johnfarrell/mnist9-quantized-model,4543616
/johnfarrell/mnist9-binary-model,4536676
/dongzhi/machine-learning-model-learning,4550767
/lukpierri/my-first-machine-learning-model,4536039
/corvuslee/house-prices-prediction-with-xgbregressor,4601165
/yavu2demir/my-first-machine-learning-model,4533788
/dkimds/ml-track-lv2-practice,4626981
/adzha05/my-first-machine-learning-model,4528197
/nia9515/learn-python-challenge-day-2-exercises-6dc27f,4537878
/adzha05/renaming-and-combining-workbook,4524760
/cunni319/data-cleaning-challenge-parsing-dates-7c885b,4523617
/edwarddoan/learn-python-challenge-day-3-exercises,4523201
/tsparacello/data-cleaning-challenge-scale-and-normalize-data,4522707
/adzha05/data-types-and-missing-data-workbook,4524583
/cunni319/data-cleaning-challenge-scale-and-normaliz-b5d847,4522393
/adzha05/grouping-and-sorting,4528684
/colinmorris/exercise-exploring-your-data,4521535
/adzha05/summary-functions-and-maps-workbook,4528620
/adzha05/indexing-selecting-assigning,4528339
/jitendergrover0101/data-cleaning-challenge-parsing-dates,4522938
/tsparacello/data-cleaning-challenge-character-encodings,4522030
/sharish/fork-of-indexing-selecting-assigning,4964780
/islammuhammad/learn-python-challenge-day-6-exercises,4621460
/thenameisdrey/my-first-machine-learning-model-47d188,4516761
/mrcool4/creating-reading-and-writing-workbook,4512114
/perlinwarp/solving-mnist-using-a-more-complex-cnn,4514989
/laulan/learn-python-challenge-day-6-exercises,4829987
/brendajohn1/santander-value-prediction-kek,4509678
/tsparacello/data-cleaning-challenge-parsing-dates,4506763
/alanovaibek/data-analysis-example-wikipedia-traffic,4515219
/jitendergrover0101/data-cleaning-challenge-scale-and-normalize-data,4507162
/tonilopezrosell/indexing-selecting-assigning,4516506
/arjunvenugopal/getting-started-in-r-graphing-data,4504997
/kmader/hr-vehicle-spatial-unet-segmentation,4506596
/kukreti12/creating-reading-and-writing-workbook,4553006
/vraval48/house-price-prediction-using-stacked-regression,4632404
/tsparacello/data-cleaning-challenge-handling-missing-vals,4506813
/huazaili/alexnet-1,4520116
/alexaf/learn-python-challenge-day-6-exercises,5410485
/chessesio/iowa-house-prices-prediction-model,4705724
/panivishal/data-cleaning-challenge-scale-and-normalize-data,4501308
/mrcool4/data-cleaning-challenge-handling-missing-values,4501288
/adzha05/creating-reading-and-writing-workbook,4519566
/jagdish1980/data-cleaning-challenge-character-encodings,4496008
/adzha05/exercise-joining-data,4495898
/adzha05/exercise-as-with,4495194
/ykrueng/house-prices-prediction,4586426
/dalkomm/data-cleaning-challenge-scale-and-normalize-data,4491831
/sumitnair/visualizing-data-with-ggplot2-workbook-e7f34e,4501750
/gdonaire/data-cleaning-challenge-character-encodings,4488803
/abhishek27297/data-cleaning-challenge-parsing-dates,4488402
/truongkhanhduy/learn-python-challenge-day-4-exercises,4487691
/ta9nom/data-cleaning-challenge-handling-missing-values,4489226
/suprabhatdas/my-first-machine-learning-model,4486786
/seryoungshim/exercise-group-by-having-count,4485923
/srish28/my-first-machine-learning-model,4529000
/jitendergrover0101/data-cleaning-challenge-handling-missing-v-7bbda2,4490800
/bdtudos/1st-kaggle-xgboost-version,4485324
/austinwright/my-first-machine-learning-model-60cb9a,4483385
/thayumaanavan/exercise-dropout-and-strides-for-larger-models,4481027
/thayumaanavan/exercise-modeling-from-scratch,4480581
/thayumaanavan/exercise-data-augmentation,4480074
/thayumaanavan/exercise-using-transfer-learning,4479827
/thayumaanavan/exercise-coding-in-tensorflow-and-keras,4479498
/pedroarthur/sentiment-analysis-of-imdb-reviews,4519434
/dalkomm/data-cleaning-challenge-handling-missing-values,4475718
/swarnabha/santander-1-2-1,6690106
/syedmohammedarshadzaidi/exercise-dropout-and-strides-for-larger-models,4471686
/veronicalau/data-cleaning-challenge-handling-missing-values,4470676
/krishnam08/data-cleaning-challenge-scale-and-normalize-data,4468905
/panivishal/data-cleaning-challenge-handling-missing-values,4468912
/jagdish1980/data-cleaning-challenge-handling-missing-v-ee9aee,4468448
/jagdish1980/data-cleaning-challenge-scale-and-normalize-data,4468159
/seryoungshim/exercise-using-select-from-where,4467094
/seryoungshim/getting-started-with-sql-and-bigquery-workbook,4466899
/srihaas/indexing-selecting-assigning,4466542
/yifei87/my-first-machine-learning-model,4467696
/vmvalenc/iowa-house-prediction-using-xgboost,4811920
/bnovak1/regression-challenge-day-1,4464831
/jitendergrover0101/my-first-machine-learning-model,4491968
/sumitnair/manipulating-data-with-the-tidyverse-workbook,4482902
/szaitseff/under-the-hood-a-dense-net-on-titanic-dataset,5292100
/rafpro/predictive-business-analytics-with-instacar-cac3ab,4459099
/krishnam08/data-cleaning-challenge-handling-missing-values,4456847
/adzha05/exercise-order-by,4492816
/adzha05/exercise-group-by-having-count,4453694
/adzha05/exercise-using-select-from-where,4453550
/gdonaire/data-cleaning-challenge-parsing-dates,4452790
/syedmohammedarshadzaidi/renaming-and-combining-workbook,4452458
/ianmkos/r-tutorial-level-2-xgboost,4611490
/zhoulingyan0228/denoising-documents-w-feature-engineered,4484435
/mrmunch1988/data-cleaning-challenge-handling-missing-values,4446763
/raj0789/indexing-selecting-assigning,4940824
/nickcerco/house-prices-advanced-regression-techniques,7171670
/ayushsinghania/my-first-machine-learning-model,4715713
/knikopoulos/predictive-business-analytics-with-instacart,4448544
/levana807/data-cleaning-challenge-scale-and-normalize-data,4442210
/jagdish1980/my-first-machine-learning-model-829b95,4530685
/syedmohammedarshadzaidi/data-types-and-missing-data-workbook,4451910
/kasper83/data-cleaning-challenge-scale-and-normalize-data,4439103
/kasper83/data-cleaning-challenge-handling-missing-values,4438273
/gdonaire/data-cleaning-challenge-scale-and-normalize-data,4437386
/praveenks30/my-first-machine-learning-model,4459686
/amazzuca/data-cleaning-challenge-parsing-dates-e39360,4429582
/jaskarannagi19/using-different-models-to-understand-difference,5322913
/qiyeh88/exercise-joining-data,4438800
/rubychang/my-first-house-value-model,4532593
/desankha88/learn-python-challenge-day-1-exercises-92ca90,4471762
/shaynarh/forked-airbnb-user-data-exploration,4422943
/hamitay/data-cleaning-challenge-handling-missing-v-b97433,4421423
/gdonaire/data-cleaning-challenge-handling-missing-values,4420291
/tejasreddy/visualisation-tut-1-2-solution,4418153
/shaynarh/data-cleaning-challenge-inconsistent-data-entry,4417859
/shaynarh/data-cleaning-parsing-dates,4417402
/shaynarh/data-cleaning-scale-and-normalize-data,4417140
/katiemishra/my-first-machine-learning-model,4420063
/shaynarh/data-cleaning-handling-missing-values,4416757
/anakul9/my-first-machine-learning-model,4417511
/brinda1/creating-reading-and-writing-workbook,4446451
/tejasreddy/pandas-tut-7-solution,4412156
/tejasreddy/pandas-tut-6-solution,4410495
/tejasreddy/pandas-tut-4-solution,4408569
/samvatsarbs/data-cleaning-challenge-handling-missing-v-5bffc9,4406204
/tejasreddy/pandas-tut-3-solution,4409136
/tejasreddy/pandas-tut-2-solution,4408622
/marcelofms/my-first-machine-learning-model,4693830
/frizzles7/my-first-machine-learning-model-level-2,4416196
/konrad12211/exercise-coding-in-tensorflow-and-keras,4401298
/farhan5157/data-cleaning-challenge-character-encoding-41d25e,4400902
/frederiks/data-cleaning-challenge-inconsistent-data-entry,4400569
/shaynarh/machine-learning-handling-missing-values,4401925
/cvfcyt/reconocimiento-de-digitos-fcyt,4428135
/frederiks/data-cleaning-challenge-character-encodings,4400305
/sumitnair/welcome-to-data-science-in-r-workbook-0f5ba5,4482992
/syedmohammedarshadzaidi/manipulating-data-with-the-tidyverse-workbook,4399558
/vtmhieu90/sql-scavenger-hunt-day-4-0339d4,4392029
/srihaas/melbourne-housing,5566228
/kieranprinsloo/data-cleaning-challenge-scale-and-normalize-data,4389330
/queenfiona/iowa-data-model,4415591
/khotveer1/data-cleaning-challenge-handling-missing-v-173b34,4388448
/riddlerclash/data-cleaning-challenge-inconsistent-data-entry,4388265
/khotveer1/data-cleaning-challenge-parsing-dates-fe081f,4388304
