/ephemerai/python-exercise-strings-and-dictionaries,5083126
/ephemerai/python-exercise-lists-and-tuples,4798351
/minalk11/my-first-machine-learning-model,5251821
/ostaski/exercise-using-transfer-learning,4764998
/aljqa2/creating-reading-and-writing-workbook-325eaa,4766419
/varshasyam/data-cleaning-challenge-scale-and-normalize-data,4765636
/nakulgupta7447/my-first-machine-learning-model,4784651
/joshuaneman/data-cleaning-challenge-scale-and-normalize-data,4764469
/tamasbela/exercise-functions-and-getting-help-44d34f,4798708
/kukreti12/hr-analytics-using-python,5073181
/ernie55ernie/learn-python-challenge-day-2-exercises,4765250
/palasht/exercise-syntax-variables-and-numbers-35c922,4764821
/rabinkhah/exercise-syntax-variables-and-numbers,4770719
/vimkku/exercise-strings-and-dictionaries,4839500
/dmitriytarasov/exercise-lists,4779198
/dingdiego/baseline-0-731-0-158,4798474
/ephemerai/python-lists-and-tuples,4793217
/ephemerai/python-exercise-booleans-and-conditionals,4765384
/cyringa/data-cleaning-challenge-handling-missing-v-5e380a,4758105
/annmary25/data-cleaning-challenge-handling-missing-v-be6f0f,5074280
/dmitriytarasov/exercise-booleans-and-conditionals,4757095
/luisfernandobr/data-cleaning-challenge-handling-missing-values,4755779
/oskfiusz/some-hints,4755042
/rentom/data-cleaning-challenge-handling-missing-v-5a6493,4752735
/impratiksingh/exercise-booleans-and-conditionals,4758577
/leishang0311/recruitment-challenge-data-science,4750803
/ymdahi/comp-683-project-approach-b,4767820
/allysonm/exercise-convolutions-for-computer-vision-a1f8de,4747828
/dantedpf/data-cleaning-challenge-handling-missing-values,4747242
/eriq41/exercise-booleans-and-conditionals-e1d430,4757703
/varshasyam/data-cleaning-challenge-handling-missing-values,4747687
/joshuaneman/data-cleaning-challenge-handling-missing-v-c98121,4746931
/compsloth/my-first-machine-learning-model-021f2f,4813628
/kabhi1/learning-to-use-xgboost-24e96b,4745330
/peicao/house-prices-regression-notebook-refined,4848869
/hewani/exercise-dropout-and-strides-for-larger-models,4745127
/anumusic5/getting-started-in-r-graphing-data,4744934
/aljqa2/data-cleaning-challenge-handling-missing-values,4745667
/dingdiego/fork-of-u-net-dropout-augmentation-stratificati,4773732
/dmitriytarasov/exercise-functions-and-getting-help-4663ac,4741849
/bigbigdog/fork-of-titanic-1-0-0,4769199
/akhileshsharma/exercise-lists,4781002
/jimmeex/mark5826-week-1-solutions,4735669
/fooeta/mnist-challange-cnn-with-data-augmentation,4784928
/mrisdal/10-monkey-species-templatef3d9c1cc-5,4734235
/akumetsu/reconocimiento-de-imagen,4751728
/simecek/july-24-micro-challenge-total-aces-params-only,4732577
/metalpole/my-first-ml-model,4826864
/akhileshsharma/exercise-booleans-and-conditionals-322de7,4738043
/fragote/handling-missing-values-622122,4731360
/ostaski/exercise-coding-in-tensorflow-and-keras,4728117
/byanua/manipulating-data-with-the-tidyverse-workbook,4729678
/vermillion/creating-reading-and-writing-workbook,4727542
/boho999/exercise-booleans-and-conditionals,4781963
/kyilmaz80/exercise-functions-and-getting-help,4860584
/rohankuntoji/data-cleaning-challenge-inconsistent-data-entry,4726120
/jesperdramsch/july-24-micro-challenge,4747657
/dingdiego/u-net-dropout-augmentation-stratification,4772761
/dsarwom/mussel-watch-workbook2,4760204
/vamsi115/logistic-regression-vs-cart-vs-random-forest,4723559
/nahimsouza/data-vis-faceting-with-seaborn,4781250
/rianprayoga/exercise-loops-and-list-comprehensions,4722683
/dmitriytarasov/exercise-syntax-variables-and-numbers,4722809
/nahimsouza/data-vis-plotting-with-seaborn,4781248
/akhileshsharma/exercise-functions-and-getting-help,4722001
/angana10/my-first-machine-learning-model,4735748
/madhurika10/my-first-machine-learning-model,4754189
/jaskarannagi19/exercise-dropout-and-strides-for-larger-models,4724460
/ivanwong1994/fork-of-my-first-machine-learning-model-78c2dd,4717433
/hrushikeshg/pandas-exercise-1,5001353
/mariannajan/learn-python-challenge-day-6-exercises-de197c,4714918
/animikhaich/my-first-machine-learning-model,4720788
/ashirahama/my-first-lightgbm-svp,4730572
/rtatman/download-a-csv-file-from-a-kernel-in-r,4710539
/byanua/welcome-to-data-science-in-r-workbook,4727033
/hemanth346/test-kernel,4893561
/shrinidhiganesh/eda-and-visualization,4719113
/clubjuggler/getting-started-in-r-graphing-data,4709417
/clubjuggler/welcome-to-data-science-in-r-workbook,4726716
/yeoleparesh/my-first-machine-learning-model,4763200
/lakhindr/small-efficient-neural-network-for-mnist,4709711
/lmzentner/my-first-machine-learning-model,4866424
/cla0709/convolutional-vae-on-simpsons,4820587
/ajboschee/housing-model,5585975
/kshitijagg/my-first-machine-learning-model,4846040
/kmader/deeplesion-csv-analysis,4705056
/fooeta/fork-of-my-first-mnist-challenge-svm,4711803
/vikashsharma8/exercise-syntax-variables-and-numbers,4890286
/akhileshsharma/exercise-syntax-variables-and-numbers-b43f4d,4713207
/ldsirius/10-monkey,4723249
/amol120586/my-first-machine-learning-model,4807174
/arvind0007/my-first-machine-learning-model,4712077
/liu10andrew/my-first-machine-learning-model,4705222
/schlerp/simple-ann-trained-with-ga,4697990
/bnovak1/sql-scavenger-hunt-day-1,4694839
/mtejeda/fork-tsc-clean-data-then-separate,4751112
/shalter11/exercise-booleans-and-conditionals,4693443
/ephemerai/python-exercise-functions-and-getting-help,4739887
/lazybilla/exercise-syntax-variables-and-numbers,4692528
/mlsmall/titanic-competition-a-complete-explanation,4707438
/richardberte/exercise-lists-c0f859,4688175
/rohankuntoji/data-cleaning-challenge-parsing-dates-7deea5,4687545
/hostfox/introduction-to-ensembling-stacking-in-python,4686718
/amol120586/data-cleaning-challenge-inconsistent-data-entry,4685853
/amol120586/data-cleaning-challenge-character-encoding-ca6253,4685443
/sgaur1/house-price-prediction-model,4846041
/jakishi/titanic-using-categorical-age-instead-of-age,4683522
/netokey/house-price-kernel-by-xgboost,4683356
/richardberte/exercise-booleans-and-conditionals,4682158
/amarthota/my-first-machine-learning-model,4689561
/bansalnvn/vgg16-transfer-learning,4682812
/dikshant002/exercise-functions-and-getting-help-a88652,4675429
/upod01/data-cleaning-challenge-parsing-dates-f5e407,4675205
/dikshant002/exercise-syntax-variables-and-numbers,4673373
/chenmu1/exercise-syntax-variables-and-numbers-08364d,5115212
/rohankuntoji/data-cleaning-challenge-scale-and-normalize-data,4672371
/jugalashar/manipulating-data-with-the-tidyverse-workb-30757a,4669214
/dingdiego/unet-with-depth-recurrent,4669844
/pratiush309/zs-sol,4677653
/salsitail55/tf-neural-network,4886501
/salsitail55/neural-network-mlpclassifier,4662025
/turbineyang/lightgbm-version-11,4661473
/darshanadiga/store-sale-forecasting-dnn-solution-lstm,4778783
/danielhanchen/mark5826-assignment-1-solutions,5577804
/hemanth346/learning-eda,4678102
/amol120586/data-cleaning-challenge-scale-and-normaliz-ffb49b,4670851
/ayushyuvraj/exercise-syntax-variables-and-numbers,5034076
/macrohardcool/exercise-booleans-and-conditionals,4653867
/amol120586/data-cleaning-challenge-handling-missing-v-533d4d,4656060
/yugagrawal95/renaming-and-combining-workbook,4652730
/doomed/initial-random-forest-regressor,4652278
/yugagrawal95/data-types-and-missing-data-workbook,4652347
/thevinaymittal/data-cleaning-challenge-scale-and-normalize-data,4652284
/saloni0101/notebook-santander,4655808
/turbineyang/lightgbm-version-9,4651630
/dkimds/exercise-data-augmentation,4651685
/bhumika53/data-cleaning-challenge-handling-missing-values,4651088
/suki1221583/learn-python-challenge-day-1-exercises,4652375
/ephemerai/python-exercise-syntax-variables-and-numbers,4693016
/jhashanku007/fork-of-cat-vs-dog-prediction-cnn,4662423
/amazzuca/grouping-and-sorting,4646901
/yugagrawal95/summary-functions-and-maps-workbook,4646090
/turbineyang/lightgbm-version-7,4645615
/hnsmncdpya/iris-knn,4646459
/agarwalpeeush/my-first-machine-learning-model,8222756
/yugagrawal95/indexing-selecting-assigning,4645764
/yugagrawal95/creating-reading-and-writing-workbook-4a27e2,4645390
/nahimsouza/pandas-method-chaining-workbook,4781183
/didizlatkova/plotting-with-seaborn,4644572
/ajaystubborn/exercise-booleans-and-conditionals,4643598
/icrtto/data-cleaning-challenge-parsing-dates,4643779
/killer415/getting-started-in-r-graphing-data-c93f99,4642229
/gogulaanandr/data-cleaning-challenge-scale-and-normalize-data,4641995
/danpavlov/data-cleaning-challenge-handling-missing-values,4638672
/blastchar/santander-value-prediction-challenge-xgboost-2,4639988
/dkimds/exercise-using-transfer-learning,4639076
/dkimds/exercise-coding-in-tensorflow-and-keras,4636370
/lidehua/catdognet-keras-convnet-starter,4638692
/tharug/fork-of-housing-prices,5361405
/macrohardcool/exercise-syntax-variables-and-numbers,4636856
/turbineyang/lightgbm-version-5,4635121
/turbineyang/lightgbm-version-4,4634687
/hush7867/indexing-selecting-assigning,5249791
/ariklein/exercise-booleans-and-conditionals,4634285
/somshree/exercise-syntax-variables-and-numbers,4634066
/vivian08xie/fork-of-data-cleaning-challenge-handling-m-c1a8b4,4633592
/turbineyang/lightgbm-version-2,4633196
/ozgurb/predict-sales-v5,5255616
/sychuan/my-first-machine-learning-model,4657214
/kukreti12/method-chaining-workbook,4642366
/kukreti12/renaming-and-combining-workbook,4630184
/salsitail55/step-4-validate-model,4639978
/salsitail55/step-3-accuracy-score,4639939
/salsitail55/step-2-simple-model,4639688
/bingung/data-cleaning-challenge-handling-missing-v-c000c4,4627402
/themikeo/machine-learning-level-1-tutorial,4632656
/cla0709/autoencoder-based-on-convnet-with-keras,4661047
/kmader/systole-3d-cnn-time-model-with-tb,4636480
/marckempssnijders/data-cleaning-challenge-inconsistent-data-entry,4625538
/mittalsrishti/exercise-syntax-variables-and-numbers,4625360
/kmader/mri-volume-processing,4636120
/sdshariff/my-first-machine-learning-model123,4652888
/user319274/method-chaining-workbook,4622424
/jdutta1993/indexing-selecting-assigning,5079167
/andrewzhen/data-cleaning-challenge-handling-missing-v-a9144f,4618770
/jdutta1993/creating-reading-and-writing-workbook,4618798
/mtejeda/data-cleaning-challenge-scale-and-normalize-data,4617299
/vtu5118/data-cleaning-challenge-inconsistent-data-entry,4615988
/fermm92/learn-python-challenge-day-4-exercises,4611200
/tsparacello/data-cleaning-challenge-inconsistent-data-entry,4612058
/lekeonilude/data-cleaning-challenge-handling-missing-v-d49767,4615588
/ankitbasu/exercise-syntax-variables-and-numbers,6144818
/kmkarakaya/lstm-time-series-explorations-with-keras,4614985
/suibility/my-first-machine-learning-model-84c325,4616942
/walauaknight/data-cleaning-challenge-handling-missing-values,4607479
/vish4luffy/my-first-machine-learning-model,4623553
/marckempssnijders/data-cleaning-challenge-character-encoding-7d14b9,4603928
/didizlatkova/method-chaining-workbook,4627677
/myqwerty/my-first-machine-learning-model-2fed0c,4611150
/zplance/youtube-8m-analytics,4600245
