/nitinkd/classifying-ghouls-goblins-and-ghosts-using-xgb,424992
/visionarytom/notebookc80c4ca5dd,425077
/reshephgohil/notebook5e7a4af1b6,424989
/captunez/notebook3e43172719,424979
/taherlal/notebook58366eaccb,424970
/pecoraro/notebook7d646c026e,425094
/dennisoost/notebook7aff1a0047,424936
/ishaanv/notebook61747facc8,424893
/hi6hi3/python-data-visualizations,424879
/suresubs/notebookcd089e37ca,424872
/xmucbf/notebook109fb781ed,424857
/rrkc00/notebook8c903a36db,424832
/bobzsj87/notebookf301494af0,424812
/djmachet/meme-analysis,424796
/ming5536/notebook6583a1e808,424793
/ramukami/notebookdc084f7629,424781
/exnovo/notebook35e489f12e,424773
/tanyaisawesome/regularized-linear-models-068b2b4e,424774
/cohimame/a-journey-through-titanic,424994
/bhilhanan/notebook1abf3a365b,424728
/wyywyp/notebook49c25da2d8,424708
/rekasol/notebookd1e470c213,424677
/yijichunyu/notebookcaef73452e,424660
/wyywyp/notebook82cd507db0,424658
/wyywyp/notebook2bbf53f35c,424646
/pgollakota/python-data-visualizations,424640
/wyywyp/notebook016d10e7b6,424638
/wyywyp/notebooka71131a031,424620
/blimbu/notebookd530b69b01,424562
/nagar2307/notebooked3869d33e,424542
/wyywyp/notebookd49ee5ac82,424532
/gkganesh/notebook98f4ac41d3,431367
/hlchen/notebook91429e4b97,424510
/jagadeeshsv/notebook33bd190852,424498
/ahmethamzaemra/memes-dataset,424521
/eibriel/notebookf9e7a14246,424490
/utopianami/notebook0d25217343,424484
/ddanieltan/notebookfce4f21d20,424477
/vikas92/notebook4b458171f8,425276
/jaroos/python-data-visualizations,424468
/keiththewildcat/notebookd35ae4d083,424464
/pakdigymon/meme-analysis,424425
/deatharthas/a-journey-through-titanic-v2,425183
/akpadhy/notebook478db2d935,424373
/modestyao/china-year-stats,1402018
/taowenwu/notebook0c98b49f1f,424333
/chriscaudill/notebook833ab6c8d2,424328
/huangxiangyue/notebook75371f0533,424299
/mikhailyurasov/notebook560c4b2631,424291
/gracengqm/basic-funding-model,1300417
/taeheekim/notebook2c9032e76d,424267
/deatharthas/notebook7c1e4c5d4b,424262
/txtrouble/notebookc327d155bb,424249
/huangxiangyue/notebook52017ade95,424235
/huangxiangyue/notebook8ee3cdd5b2,424231
/anudeepvrm/building-a-prediction-model,424228
/ireneche/notebook890f905ede,424220
/sandeeppatra/notebook0ea666b89e,425884
/hmisra/notebook8d289b807e,424169
/mortadelabr/notebook63b4c434a9,424166
/akshaysingh1520/notebook133cba21f1,424161
/shafath18/notebookb61f12b42b,424153
/apapiu/classifying-relaxation-versus-doing-math-c7e9e857,424149
/aunsh04/notebook94b228c4fd,424140
/apachaves/notebook6ad22b9110,424139
/janni730708/notebookae7ee13c15,424138
/alseides/notebookde597c44bf,424133
/swetha1194/notebook4a1a4446eb,424122
/chundiliu/tensorflow-deep-nn,424116
/ml2016/grid-of-voxels-to-train-linear-model,424165
/trivid/notebookfbe78b945e,424082
/cescmateu/python-data-visualizations-cc894ec7,424081
/akshaykumarpatel/notebook8ca0f9b450,424055
/obadazx3000/video-game-sales-visualization,424017
/volauvent/notebook78efb8449e,423925
/bseifert14/notebook35a0f34851,423904
/maikelele/notebook053ce03387,423885
/stisha/notebookbec41cdb1f,423880
/bseifert14/notebook55e7520cb6,423866
/gejose/notebook2d7df83fb5,423834
/alceufc/notebook402392a4f8,423787
/hugheser/titanic-guided-by-a-confusion-matrix-f557ed1f,423777
/uveren/notebook449e793e03,423764
/tonychiu04/notebook1aa1a4ccf2,423740
/tzcloud/a-journey-through-titanic,432281
/shinto/notebook99d05b476b,423717
/alceufc/notebook8c3f923e47,423703
/saligramsachin/building-a-prediction-model-646e75d3,423701
/nikosias/notebookac09eb8420,423695
/pboitel/notebooke9b14eaaf1,423693
/roo644/notebook17e4b0f42d,424036
/sungmin1010/notebook69271ce9e5,423663
/wenjuweng/building-a-prediction-model,423656
/matohara/notebook52c32762e6,423610
/emmanuelrachelson/notebook0f2a61c46f,423557
/cescmateu/python-data-visualizations,423554
/nofreehunch/notebookdcd4cfff4c,423598
/felipelageduarte/notebookbee66fb804,423523
/mtinti/notebook482ce38221,423507
/skyfun/notebook1cb2efc60f,423483
/majormark9/notebookba5674c03c,423475
/openbrain/notebook688c9e71b4,423461
/moottoo/notebook39d8264d39,423455
/mierzynskim/notebook7c8a565385,423452
/ziqianhuang/notebooke1a15addd4,423418
/chanchope/notebook28989f1360,423413
/jtrue41/python-data-visualizations,1364897
/nbacxx23/notebooka63a13c013,423399
/lesslaw/notebookf2ef29a1ab,423396
/kagglesudeep/notebook82e1502110,423350
/tlzhatao/notebooke5549ca954,423349
/lagotus/notebookdd178e6176,423342
/datahacker/notebook0c554d2f08,423324
/jkklim/sf-salaries-data-preparation,423317
/arthur92/exploratory-tutorial-titanic,424250
/jppgks/exploratory-study-on-feature-selection,423288
/turbotomas/python-data-visualizations,423285
/rainson/a-journey-through-titanic,423282
/jweber/notebook01ba88c501,423251
/hcmyds/notebook8607c4982c,423247
/youngsukim/airline-sentiment-part-1,423211
/drstrangelover/tensorflow-deep-nn,423553
/octaviant/notebook34f70e0c77,423194
/hsiungwei/notebookb621bbb587,423179
/sibofeng/notebook802552d133,423155
/rajendrakumar/notebookdeb33596bb,423147
/somban/notebook5194a642ce,423109
/selaymert/notebook7a096ab70a,423078
/princujain/notebookb141c2b55a,423058
/guyko81/notebook878f358300,423047
/sr71nighthawk/notebook1f7164f1b1,423044
/sunwalker/notebookd792a27846,423043
/rainson/notebookf7bdfae34f,423041
/satadru5/notebook6f4a217109,423038
/ug2409/notebook6b88f299df,423036
/syedrizwan/notebookea1b7f8d62,423053
/jarri81/notebook696f6edeaa,423018
/ucabhoa/notebook351a9a1d9d,423017
/olety7/notebook05a079e3a8,422990
/csaranto/notebook434499df92,422927
/xuwenfang123/notebook30f902674b,422913
/igavrila/notebook9f4afd3d68,422902
/shephexd/notebookb2444e2ca9,422893
/atsushitakahashi/notebookae09fd5374,422880
/meisin/notebook54b8135447,1159570
/saikrishna2589/how-much-sugar-do-we-eat,422835
/yingmango/notebookbe59a8b95d,422816
/erfeiliu/notebooka528f0fcdf,422815
/bertmanila/airline-sentiment-part-1,422814
/taeheekim/notebook301b6b9d83,422801
/phunghx/catdognet-keras-convnet-starter-ffd274b8,422769
/syedrizwan/notebook3235142427,422767
/hayeke/notebook451291aa4d,422755
/vaishaligarg/notebookd2e92c2e39,422709
/digitalex/notebook0f6d2765d8,422700
/ashakeel/notebookf366c76d14,422695
/cbrioso/notebook814b1be793,422631
/pinkencryption/notebook0af8c5863a,422625
/o00362045/notebookb3b4bf4827,422552
/lingyanj/notebookf98e7fe539,422547
/tbroiles/notebookbb603cae40,422544
/duytruong/notebook1056a51e66,422535
/adg789/notebook08995b8733,422534
/zhanglin/notebook7920ecb4bb,422525
/muraliuppala/notebook1cf237ae4c,422524
/gfilla/data-exploration,422519
/grepper/notebook8a763fd8e2,422510
/ssu008/magic-feature-visualization,427847
/snoopy831002/notebookf89fd6a649,422486
/ynhdng/notebooke4f68a7aee,422485
/snoopy831002/notebook65ee24af5e,422484
/snoopy831002/notebook39bee79c2f,422482
/deanjohnr/notebook765406868d,422472
/nborwankar/notebook2ac466dd77,422454
/marioho/exploring-the-data,422714
/douglaspicolotto/a-journey-through-titanic,422386
/rkorrap1/rf-features-importances,422369
/akhilkoditala/a-journey-through-titanic-516f4cd6,894249
/hcuny0011/notebookf63695f794,422364
/cdoubletrouble/notebookb677a39add,422344
/nourv83/notebook172e9155e8,422338
/oluwadara/python-data-visualizations,422336
/niketanpansare/notebook251fb5ae95,422333
/shampras/notebook161e6bb796,422331
/apapiu/classifying-relaxation-versus-doing-math,422310
/seline/notebooka123c061d3,422307
/afrantsev/omg-nlp-with-the-djia-and-reddit,422358
/mattatnumetric/notebookc4dd109939,422270
/hamza01/notebook6139e57926,422265
/jonaschn/python-data-visualizations,422322
/jbtronics/notebook0bc8dabeec,422255
/kanishkapsingh2/notebookcff5c6e306,422245
/jbtronics/notebooked580c1d6c,422243
/prcobol/a-journey-through-titanic,422261
/elhadj/notebookd75e417860,422190
/martin52/notebook7d6f658d3e,422153
/maschwax2/notebook3a8d4ad10b,422148
/juhopy/notebookcfc45b6f98,422128
/natedogg/notebook2fcf77fb78,422124
/jchcofc/density-plot-craziness-futbol-leagues,422134
