/wizzup/notebook3dfda60b88,1118723
/bhushan23/notebook0481970410,1175086
/xiaoranone/notebookc7a3ec0208,1118649
/dtyagi/notebook3b9ea6851f,1118600
/zhangluoyang/notebook55cda229b4,1118597
/last09/notebooka7c834c3e5,1118588
/blueshak/notebookc62066a88c,1118549
/yijhen/notebook15fc209133,1118496
/sriharinitumu/xgboost-mice-implementation-in-r,1118482
/nkhuyu/test-system-information,1118441
/prashantmahesh/notebookb547b37508,1118414
/folawiyo/exploring,1118413
/prashantmahesh/notebook663260f304,1118398
/prashantmahesh/notebookb82b6807cf,1118396
/iamweiweishi/data-preparation-for-sberbank,1118388
/avinashvaddi/notebookf269e5579e,1118366
/hkailee/notebook93331dc20f,1118348
/iansatoshi/notebook58549f1565,1118299
/kaitlyn/notebook10c03c875b,1120092
/tjrkishore/notebook9b65105564,1118276
/xiangfuming67/notebook8c963d0351,1118275
/kylekyyang/notebook92331ca2dd,1118408
/findhappy/notebook0db59bac05,1118244
/jiachuan/simple-exploration-notebook-sberbank,1215267
/tumbzilla/r-xgb-starter-basic-features-0-33-lb,1118267
/ssb257/communication-styles-vs-ranks,1122423
/cttsai/xgb-exp,1118418
/pafrantz/notebook59973f3029,1118137
/hellopatrick/notebook4fc77323d3,1118134
/frosecold/iris-analysis,1118126
/yz2237/notebookd203d0b0da,1118119
/mbogard/notebook60a481d3ae,1118105
/linitan/notebook10dfc78fcc,1118099
/suheylemre/notebook1f70bc0903,1118088
/kojitakahashi6/titanic-classification,1118066
/kojitakahashi6/notebookd6e530b68b,1118065
/kojitakahashi6/notebooka68eab2a51,1118064
/dianereynolds/learning-as-i-go,1118059
/luckyscharms2000/notebookcc96f6c5ad,1118051
/hibaberrebah/notebookf565db6e98,1118045
/saivalluri/notebook34d89cafec,1118033
/jrread442/channel-4-train-test,1118023
/saivalluri/notebooka3ca5436b6,1118013
/kaggleurl/notebooka58bdbb41e,1118004
/ghoshrobin21/notebook36047088e2,1117983
/ghoshrobin21/notebookce175a26b4,1117953
/ghoshrobin21/notebook5a2ad4baf8,1117951
/ghoshrobin21/notebookf442ccc397,1117947
/ccoronel/notebook898cdc3e6e,1117903
/alexandermol/notebookeb4c695639,1117875
/kaitlyn/notebook5e514f1fb6,1117872
/alexandermol/notebook40af769265,1117853
/erkanotales/notebook189cc37368,1117838
/tfan0328/notebook2a744fa0b0,1142960
/liujialin/notebook18358a634e,1117831
/rameshusa/notebook7ab3d1eabd,1117816
/rizzsum/notebook03d920e581,1117995
/jmw11af/exploring-survival-on-the-titanic,1117808
/frankliu719/notebookf1d04e173e,1117771
/frankliu719/notebookcd9ce0227f,1117769
/jrread442/notebook23c7a9dfbc,1117764
/vijayravichandran/notebook35d3a121ef,1117745
/rmnfournier/notebooka009451b94,1117742
/matheusallein/notebookaa256a8a92,1117738
/a11gator/notebook25cf39b6c4,1117715
/joragasy/notebookb4c77c6287,1117709
/joragasy/notebooka26dbd862f,1117707
/andrewrk/notebooke180099cb9,1117669
/matheusallein/notebookcaef957851,1117638
/frankliu719/notebook3117d15693,1117626
/cheverne/notebook3e0dec49e9,1117624
/drlukemoselle/notebook2763e65504,1117601
/kushalbohra/notebook97e0ffd4b4,1117600
/luizcarlospgomes/notebook318c7fe5e1,1117592
/cimadure/data-preparation-for-sberbank,1117563
/cnusapbo/titanic-r-code,1117559
/sunil02nov/notebook5b3a846dfc,1117527
/tejindersinghmor/dsfefss,1117512
/tejindersinghmor/notebook338e4f70b9,1117504
/chrimson/notebookba3b26133c,1117495
/lambdae/auaua,1117494
/ishsonya/titanic,1117483
/jmbishop/notebookb71f2fd8db,1117479
/purnima4396/notebook43b6e59440,1117477
/jezcope/notebookaa266c5998,1117465
/noqcks/notebooke39346225f,1117463
/noqcks/notebook1e42f27cee,1117462
/ankitkul/mnist-problem-svm-beginner,1117431
/maltebeck/notebooke4d32128a4,1117419
/nasa85/data-preparation-for-sberbank,1117412
/maltebeck/titanicpred,1117406
/wojwoj/notebooka624e9e633,1117401
/madfrog/notebookf03657402a,1117396
/rita9596/testcar,1117386
/shilpeed/notebookf1bd668cfd,1117385
/wawacorp/notebook25f288c931,1117382
/lpachuong/fork-of-keras-cv,1117373
/idv2005/notebook783bf2853f,1117361
/cdelisle/notebook7a3112c3dd,1117335
/nikhilkumar/notebook24b28ba3a2,1117306
/pster79/practicescript,1117296
/maksdizzy/notebookb7ebcefb9a,1117925
/tuesday/notebooke9328484a3,1117280
/tuesday/notebooka891c89cc6,1117279
/gianni/notebookf73674a248,1117262
/pxloadedz/notebook50b3ed16c9,1117261
/dorisa/notebook2f24614d18,1117211
/zhilangtaosha/data-preparation-for-sberbank,1117182
/joyshen06/notebook27814d9df3,1117175
/skybolt/my-own-notebook,1122883
/dipakmajhi/notebookab5ee97c18,1117164
/gourangamath/notebooke42d5a3112,1117155
/alexandermol/notebook7f67cb36f5,1117103
/alexxanderlarko/data-pyt,1117063
/orestophe/something-v0-1,1117025
/amarazov/notebook2df6e5faa0,1117015
/nesterov/notebook57b2c05785,1117012
/khalilos/data-preparation-for-sberbank,1117011
/andrzejl/natural-growth-patterns-fractals-of-nature,1116990
/dipack/test-1,1116985
/ehumss/notebook0431b79e9e,1116967
/azamoglan/notebookefb4b12bcc,1116952
/nesith/notebook6b4332e4ed,1117341
/leedeoksang/notebookfe6836bc93,1116926
/akshay10/deep-learning-fish,1116924
/kumar243/test-py,1116922
/xiangxlu/titanic1,1116899
/anokas/notebook34d7ee459b,1116891
/nkenta/notebook0ebd893c0e,1116881
/sagargupta36/sagar,1116880
/explore/notebook7416b98778,1116877
/pinocchio/naive,1122080
/apmonisha/notebookab3b106f76,1116862
/alexfly123/notebookd69d83da72,1116832
/mrpolitegrizly/banks,1116828
/alexgmcm/notebook3b30a4638b,1116826
/pathfinder5/notebooke72a7e474f,1116814
/frangg16/12sad,1116793
/frangg16/asdfaw1,1116784
/archanasr/airplane-crashes-analysis,1116763
/juhi23/notebook9b39fb410a,1116762
/qiguo1/notebookd11bb9a4a6,1116759
/satishku/a-study-on-regression-applied-to-the-ames-dataset,1116743
/deepdigger/notebookb2160205d4,1116742
/fukyou/notebook0e4519bc5e,1116736
/juliolloves95/notebook882ac43cb1,1116735
/muskelieno/puppala,1116697
/mrcheng/notebooke9f94c7bfd,1116695
/kkanai/notebook2d2b7983fa,1116692
/kapilyadav/notebook525ed645d2,1116645
/piesman/notebook01c63dea8c,1116634
/mi233dzc/notebooka78d3a1968,1116633
/nneema/notebook586b35614c,1116830
/frosecold/notebook2cf089d20c,1116627
/fortuneandrewchen/notebookf83438345d,1116625
/reneey/notebook03d2e02bc7,1116618
/frosecold/iris-fun,1116613
/shalva/notebookec0b00f7be,1116594
/abdulbudiaji/notebook9b3cbdf903,1116581
/ancorasir/notebook8863c59174,1116571
/shifu2778/notebookb8ec496263,1116567
/kimsanggeun/notebook2c0abf2e1c,1116563
/jsfloch/notebook63a7b13883,1116519
/sapdae/notebook894ca404a5,1116514
/nil68657/notebook99b44bf2f0,1116509
/kimsw3767/notebook9aa1f52243,1116508
/mithunrk/notebook92efdb82da,1116497
/dataolivia/exploratory-study-on-ml-algorithms-78a8ad,1116494
/toshiakitoyama/notebook7f814d52c2,1116464
/sakshichourasia/notebook6a70d4b3e1,1116441
/dababd/notebook44f7d49e0d,1116397
/twlivingston/sample-code,1116390
/twlivingston/notebook85e0b44368,1116389
/nbelden/notebookb75ba2be7b,1117803
/dylanli/notebook8d34be9f77,1116381
/alexinwonderland/notebook24d7dbc409,1116358
/jpaeng/analysis-of-various-aspects-in-south-asia,1116339
/cssd1983/notebook06b8468572,1116320
/desertbutcher/little-by-little,1116310
/luoyetx/notebookb5ca4fcf6b,1116305
/aagundez/kernel-notebook-availability,1116287
/aagundez/notebooke209d15319,1116278
/aagundez/notebook8a9e97e2b9,1116276
/aagundez/notebook61a57f67bd,1116273
/aagundez/notebookad8ea92044,1116270
/innovativegirish/after-a-looong-time,1116209
/innovativegirish/notebooke805863803,1116204
/roelbello/notebook35e3536d1d,1116196
/hconner2/notebook4ab150e45a,1116192
/wx12936/notebooka4b819d064,1118151
/tatyabala/notebooka0f4ad272c,1116174
/cfurby243/employee-analysis,1116172
/itcat2015/notebookc5a0f2c09d,1116168
/shalva/notebookd4d1df0271,1116117
/aagundez/test-mds-3423423,1116098
/capsjosh/setting-sail-with-titanic,1116060
/jyonkov/notebookc991ef3014,1116022
/aagundez/mds-test-3242341122,1115977
/aagundez/mds-test-32423411,1115976
/aagundez/mds-test-324234,1115973
