/abdulsalam/game-of-thrones-analysis,464298
/amilton/tensorflow-deep-nn,464295
/gubobo/notebook87c54df4a7,464294
/hcheruiy/boston-airbnb-visualization,464288
/sonder/ghosts-n-goblins-n-neural-networks-d36c4772,464282
/sonder/ghosts-n-goblins-n-neural-networks,464280
/chetankp/notebook6ef5cccd43,464279
/chn9hn/reduce-size-of-dataset-to-1-gb,464275
/paullastname/test-titanic,464261
/paullastname/notebook7898587f05,464256
/openthinks/notebook1ce0a5e6c6,464249
/clintonjwang/simplekernel,465273
/sammyd/catdognet-keras-convnet-starter-3cf45fb8,469035
/nishkgp/date-exploration-and-train-test-split,464220
/g92pratik/exploratory-study-on-ml-algorithms,464215
/sammyd/catdognet-keras-convnet-starter-cc604775,464212
/openthinks/notebook29d3c324b3,464211
/irisliu/exploratory-study-on-ml-algorithms,464192
/ngunasekar/visualization-and-analysis,464163
/sohambadheka/fork-of-hit-and-run-ratios-by-region-acc-dataset,464162
/clintonjwang/detailed-cleaning-visualization-python,464145
/hansky/exploring-features-656bfe37,464140
/katiek/notebook62217de0fe,464137
/katiek/notebookdfd1c4ce74,464135
/ksemrau/do-we-know-what-we-want,464130
/evertonsilva/deep-learning-in-the-deep-blue-lb-1-279,464127
/microos/regularized-linear-models-f8082a9f,464125
/sac123kush/data-exploration-traffic,464117
/maitoan88/notebooka2d113877c,464114
/ttusuresh/neural-network-through-keras,464112
/zard1991/a-quick-look-at-dota-2-dataset,464095
/kyanyoga/exploring-survival-on-the-titanic,464093
/seabass/detailed-cleaning-visualization-python,464087
/jason123733/notebookaeefaa32a7,464084
/lywen52/detecting-night-photos,464082
/demien/first-try,618457
/kqdmqx/fishy-keras-lb-1-25267,464080
/zgcgreat/notebook4f0cde2aff,464077
/dudu82/notebookfcb639ff25,464071
/alvarosoto/notebook195e22ea3a,464070
/sparkfour/test-1,464066
/yaunxqq/a-journey-through-titanic,464065
/shuaiwang/fish-detection,464063
/nodairy/santander-quick-first-view,464058
/nodairy/imputing-missing-data-on-santander-product,464052
/argsno/notebook98e6ec6ca6,464047
/lywen52/fish-detection,464045
/r8mina/notebook417e527ecc,464042
/bmyara/notebookd784776b13,464038
/kawaskii/notebook1abf3f596c,464037
/argsno/notebook4ccb392d0a,464034
/miggle/my-first-neural-network,464031
/ssingh02/recommend-movie-with-clustering,464030
/zhxsxuan/detailed-cleaning-visualization-python,464020
/paoduromacmoney/detailed-cleaning-visualization-python-d991c8f2,463994
/maoyenini/notebook6138558a8a,463988
/marcusluck/notebookcdcb5cb806,463986
/jim644/a-journey-through-titanic,463976
/jaycordes/notebook1e130b0b83,463960
/pielover/notebooka4c406ea32,463942
/mkinsey/pca-test,463924
/tianchengxu362/cleaned-used-cars-database,463921
/dibadas/detailed-cleaning-visualization-python,463918
/nsingh/notebooke8aae6e748,463911
/nguyentuananh1998/notebook95d9adc555,463909
/ianheddle/a-journey-through-titanic,463902
/djsaunde/notebook4b1396d39d,463901
/paoduromacmoney/detailed-cleaning-visualization-python-191a9dd9,463898
/aizqurd2/indicators-in-data,463897
/codygreco/notebooke7abff39d5,463896
/pmathur/regularized-linear-models-a3e1dfad,463892
/manav99/in-depth-analysis-after-cleaning-the-data,463886
/jessicar/notebook04092d758c,463879
/lb1356430/notebook5ee4f1c4a4,463878
/datahww/notebookd96af409e7,463871
/jrphilippe/in-depth-analysis-after-cleaning-the-data,463866
/zhoubozhou/test1,463863
/benhamner/notebook3f951bc9a8,463854
/tmm5455/explore-expedia-search-data,463851
/hfcf20061/python-data-visualizations,469794
/shinjjo/notebookc6cc63b014,463807
/zzdu2013/notebook120acb413f,463801
/elcocodrilo/tensorflow-deep-nn,463787
/emmaling27/notebook50cae0ae66,463774
/barryscott/catdognet-keras-convnet-starter,463770
/bhavishya235/notebookcd4bf11ab1,463762
/barryscott/fixing-typos-f41f470f,463754
/travisglines/exploratory-study-on-ml-algorithms,463752
/janpreets/fishy-keras-lb-1-25267,463755
/wcukierski/error-limit-test,463865
/phansoks/notebookfea117c2ae,463749
/abigaillarion/notebook7ded537c01,463748
/jurel1987/tensorflow-deep-nn,463746
/prakhar0409/tensorflow-deep-nn-hack,463707
/alexkeenan/detailed-data-exploration-in-python,463701
/jpzhangv/bayesian-logistic-regression-with-rstanarm,463686
/abrzozowski/notebookaca39138da,463674
/minoan/notebook6e0d6c6dca,463669
/rmferg/notebookc59ceb20dc,463667
/soliton647/a-journey-through-titanic,463658
/jonathanlord/notebook1a58ef3ed2,463656
/abcrank/notebooka2a810517c,463649
/prateekbhat/keras-test,463646
/yuqingxue/fork-of-utilize-basic-ggplot2,463640
/arsenabzaev/titanic-ml,463651
/numadhamani/notebook406a3d7f23,463607
/abcrank/santander-abcrank,463604
/kkremski/housing-prices-v0-1,463573
/kmillard84/in-depth-analysis-after-cleaning-the-data,463561
/datamunge/predicting-bike-sharing-with-xgboost,463514
/catherineh/notebook815f116126,463492
/renderhp/python-titanic-tests,463482
/gabrielalmeida/notebook827acc141c,463481
/haykirstin/visualising-data-for-outbrain-prediction,463477
/rmferg/notebookb685ef9e9a,463475
/neffle/notebook5df9414a42,463444
/balintfodor/notebookd06c1e9a37,463435
/ramanakothi/notebook48cb3d3a4d,463393
/rmferg/notebookedffaf8617,463389
/adamsk/read-data,463387
/diegogonzalo/notebook127e37e1e5,463383
/billy8399/123132,463381
/mazelx/nn-digits-classifier,463380
/catherineh/notebookd28bb2abd7,463361
/ingaaa/notebooka78a6f9639,463346
/loveautumnlan/exploratoryanalysis-prediction-titanic,463349
/saadzniber/notebook79a33ac955,463313
/paosheng/notebook01d9f749c0,463307
/wing168/exploratory-tutorial-titanic-disaster,463306
/maimagdi/69-failure-rate,463302
/txfhtyz/detailed-data-exploration-in-python,463300
/leslieowen/data-exploration-and-visualization,463296
/a8104181/123456,463294
/billy8399/xgboost-vs-betting-markets,463286
/billy8399/horses-for-courses-1,463278
/byroncheng/a-journey-through-titanic-7de279a5,463271
/brainleochang/first,463266
/aloisiohenrique/notebook5875eef2d5,463259
/lovemoon/notebook94886d2095,463257
/arrolag/house-price-prediction-part-1,463252
/lovemoon/123456,463255
/jeannief/detailed-cleaning-visualization-python,463240
/lovemoon/notebook076cd2974a,463235
/engsarah/notebook7ca2f2de6a,463229
/saitotsubasa/card-test,463292
/chuanhsu/notebook63c9278e11,463223
/butti19/utilize-basic-ggplot2,463220
/leslieowen/test1,463201
/bbbbang/notebookb04afb5063,463200
/bbbbang/ppapp,463188
/xuhewen/visualization-and-analysis-0af6a9af,463168
/karthikkrishna/notebook6cd9e6f547,463165
/wangquan/ghosts-n-goblins-n-neural-networks-lb-0-74858,463164
/dalib6/a-journey-through-titanic-c7a6d3d5,464616
/manojreddy28/fish-detection,463157
/rkcosmos/python-data-visualizations,463153
/dhanushgopinath/notebookea21dbf38a,463116
/adooba/finding-boatids-25bc4368,463111
/theoforce/notebook60a9d298b7,463110
/theoforce/12345,463106
/aarthi01/notebookd7eae52c07,463091
/vincenzojin/notebooke898d935dc,463089
/ylincen/linear-model,463084
/dchaimow/titanic-01,463071
/dchaimow/notebook3d33a6ded2,463068
/wangquan/notebookad61215b3b,463066
/ekkirinaldi/a-journey-through-titanic,463060
/abdulmueed/notebookbded32834c,463058
/xuhewen/visualization-and-analysis,463056
/kyfoop/notebookb68b596b8d,463052
/jbuusao/descriptive-analytics-demo-using-iris,463072
/philipplee/outbrain-eda,463047
/imsrgadich/bayesian-logistic-regression-with-rstanarm,463767
/tehmo3/test1,463002
/philipplee/unveiling-page-views-csv-with-pyspark,463000
/namra42/notebook1fc9bae558,462999
/balasubramanya/mmmmsjjsjskk,462996
/s711052/notebookc2b545d09d,462989
/wangkaihong/fork-of-a-journey-through-titanic-f9345c36,462986
/fonso149/notebook467a4db9d7,462981
/wangkaihong/a-journey-through-titanic-f9345c36,462978
/salman28th/notebookce56aef2e3,462969
/rajaniraja/comparison-of-classifiers-and-easyensemble,462967
/charras/notebook6a82dddceb,462966
/ahmedshire/datetime,462956
/sudalairajkumar/notebookcbb7131b6c,462942
/pankajvshrma/simple-exploration-notebook-nda-compliant,462935
/skyblue1/notebook0ffb679a3f,462932
/saithejosh/a-journey-through-titanic,462927
/ciriljeno/notebook549453a0c4,462905
/chenroot/who-effects-the-game-batter-or-hitter,462904
/salman143/a-journey-through-titanic,462887
/mouse1231/time-travel-eda,462857
/alexanderlv/a-journey-through-titanic,462855
/sh002691/notebook7fc8519f16,462853
/best39/notebook043d9cecbb,462841
/freedomabcd/notebook849cb99279,462839
/vijaygtav/initial-work,462821
/freedomabcd/notebook78fb4aa5c4,462791
/freedomabcd/notebookdffd8fbadf,462783
