/sichuanfju/tensorflow-deep-nn,754504
/vikash2829/notebook0f2363ab24,754497
/yalcin/most-seeked-hospital-and-treaments-highest-costs,754462
/rachelma/iris-with-multiple-models,754436
/gennadiivoit/notebook47852f81ba,754434
/chy1000/notebook615c4ff1bc,754409
/juturu97/an-american-girl-exploring-india,754272
/renumeghani/notebook90530292a9,754261
/juturu97/first-script-for,754255
/arjoonn/classifying-sounds,754245
/rachelma/python-data-visualizations-0e54b6cc,754227
/rachelma/python-data-visualizations,754226
/omkaaa/installed-r-packages,754222
/jatinjansari/notebookc6f6dca89b,754192
/jayakumarr/notebook88bc2c1378,754182
/gennadiivoit/titanic-data-initial-exploration,754160
/adisak/notebook62d2661f84,754123
/robinyru/titanic-approach-from-scratch,754082
/jinjun/notebook524c0645f2,753993
/aryadav/tensorflow-deep-nn-89f495b5,753956
/hadigharibi/visualization-and-prediction-of-gps-events,753951
/thanaselvan/text-mining-with-sklearn-keras-mlp-lstm-cnn,753888
/ashwinphatak/a-journey-through-titanic,753884
/madhucheemala13/notebook994cf1d133,753780
/pcborty/notebooke24c4a6e20,753748
/sluk3r/a-journey-through-titanic-c44b1e3a,753731
/jasonw2104/digit-recognizer-in-python-using-cnn,753721
/dilipdd/titanic-data-science-solutions,785620
/sluk3r/a-journey-through-titanic,753695
/zbi441/notebook836fe47bbb,753644
/aragorn87/jeff-delaney-kernel-using-skimage,753637
/sauravgupta110/cnn-attempt,753590
/ashishdutt/house-price-eda,753573
/kbrannen/print-ls,753572
/zhangxuangu/text-mining-with-sklearn-keras-mlp-lstm-cnn,753504
/pathaksac/notebook2d37781566,753475
/italyifori/a-journey-through-titanic,753473
/athirau/data-visulisation-facebook-groups,753456
/xiongq/a-journey-through-titanic,753444
/farewell3333/full-preprocessing-tutorial,753443
/prashantddeeep/full-pipeline-demo-poly-pixels-ml-poly,753407
/akiaki/notebook08aa126187,753397
/ramnakumar/bird-strike-data-analysis,753352
/ramnakumar/explore-and-classify-birds-by-their-bones,753345
/ariesyi/notebooke68c9de738,753338
/xavierd/notebookb4a78828ca,753333
/marvenbr/notebook56de9ba355,753327
/beltoforion/a-journey-through-titanic,753296
/blevine1230/full-preprocessing-tutorial,753266
/sneskaggle/notebook98f1943321,753205
/yuanyepku/eda-test,753192
/sneskaggle/an-artist-s-favorite-words,753181
/hingneabhishek/deep-learning-in-the-deep-blue-lb-1-279,753160
/xag105/kjshdsd,753081
/soniahinson/full-preprocessing-tutorial,752999
/nillzhang/notebookd854e58227,752948
/jroy17/decision-tree-visualization-submission,753604
/thefool/notebook9bf4d333bb,752779
/ramessesii/titanic-random-forest,758307
/frankcash/abv-x-ibu,752743
/nvpiao/lung-segmentation,752736
/nvpiao/lang-stage1,752727
/chenchaodev/notebook7b8b447f1d,752709
/tejasrinivas/more-than-99,752696
/gg001chen/data-exploring-part-1-indicators,752659
/harshinirao/notebookecd4897b2f,752648
/mlemacks/global-terrorism-attacks-by-weapon-type-2,752630
/brendazhang/notebook1a5faa7c2c,752616
/pjmalaquias/notebook7bd148bc72,752607
/fulgence/python-data-visualizations,752594
/dattienhoang/notebook319625d1f8,752580
/frankcash/general-statistics-py,752567
/jijo07/exploring-india-with-ggplot2,752558
/shoubakka/house-price-analysis,752450
/xuanisaac/predict-match-between-two-person-v1,752448
/joostgp/full-pipeline-demo-poly-pixels-ml-poly,752441
/kkhanh89/regularized-linear-models,752425
/piccolo/notebookc66fe6a331,752392
/shoubakka/exploring-pokemongo-battles,752363
/shoubakka/exploring-survival-on-the-titanic,752360
/fulgence/notebook70cf7b340a,752277
/steudel/notebook37fab36e35,752258
/coppensg/notebook3a0ac048c8,752249
/yixvon/notebook79c3093f5b,752246
/nothxplz/notebook506d3f3034,752240
/ianconnect/bird-strike-data-analysis,752223
/kechkar/text-mining-with-sklearn-keras-mlp-lstm-cnn,752155
/feygingin/exploratory-analysis-visualization,752152
/alexliebscher/titleanalysis,752286
/xuanisaac/principal-component-analysis-explained,752114
/nathanziabek/notebookcd818a8c8a,752109
/jdesilvio/playground,752080
/isfelix/using-random-forest,752001
/isfelix/simple-convolutional-nueral-network-keras,751976
/miguelangelnieto/notebooka38efa8154,751965
/isfelix/manifold-learning-and-autoencoders,751933
/cmkerr/notebook2d978f46a0,751923
/chamori/a-journey-through-titanic,751920
/shantanus/full-preprocessing-tutorial,751914
/whereisdodo/notebookb5da2c6177,751906
/ozgung/notebook75933cd23e,751904
/anfang/notebook370ea939ad,751895
/anfang/notebook542e97b98d,751894
/ahmedzak/notebook22e97f5a41,751893
/isfelix/a-beginner-s-approach-to-classification,751864
/isfelix/neural-network-approach,751833
/bigbag1983/full-preprocessing-tutorial,751830
/remirajao/full-preprocessing-tutorial,751817
/jankneumann/in-depth-skewed-data-classif-93-recall-acc-now,751806
/mikejaron/exploratory-data-analysis-8712f3ee,751804
/sabinemcconnell/full-preprocessing-tutorial-ed28dd3f,751772
/sabinemcconnell/full-preprocessing-tutorial,751763
/gujjume/khushal-modi,751728
/feygingin/full-preprocessing-tutorial,751707
/sairahulreddy/full-preprocessing-tutorial,751705
/chrisjr/a-journey-through-titanic,751683
/konstantinoskyritsis/notebook5252fb725b,751666
/isfelix/titanic-survival-prediction-end-to-end-ml-pipeline,751652
/wangruobing888/regularized-linear-models,751621
/rkato5680/notebookc2cd90d2de,751597
/rkato5680/notebook96ffe1fe1c,751596
/bhupendra36/exploration-and-plotting,751571
/geordgez/notebook79c40f237e,751558
/geordgez/notebookb93320b389,751547
/mushray/notebookaf48698bda,751543
/hdawkins/visualizing-pok-mon-stats-with-seaborn-13451968,751540
/frankcash/notebook350062c1ea,751536
/jmbeat/tensorflow-deep-nn,751535
/sauravgupta110/kaggle1stscript,751532
/lalwanidilip9/notebook4eb8e850f3,751477
/anhtriet/titanic,751468
/milad121/notebookdd290575f7,751452
/mangate/notebook1f0dc0d8f2,751433
/prayasjain/titanic-survival-prediction-end-to-end-ml-pipeline,751420
/vansh91/notebook4fd82762fa,751418
/vansh91/helloq,751416
/vansh91/notebook81ad4e3bef,751408
/sumitarora/notebookd7b2b91a58,751404
/vansh91/notebook031dc8cba6,751375
/umeshks/a-model-to-predict-number-of-daily-trips,751358
/umeshks/my-love-for-beer-3,751346
/chasey08/notebook30f7a6d825,751325
/trailblazzer/a-journey-through-titanic,1366028
/willianufpr/full-preprocessing-tutorial,751295
/mikejaron/exploratory-data-analysis,751288
/kishorekolluru/sample-model-r,751254
/kishorekolluru/samplemodel,751251
/doubii/notebook72666eaebd,751250
/ramaekersd/notebook27acd6b395,751240
/suanmiao/notebook5bda3f4ed7,751183
/srinathb/notebook5eb619771c,760779
/suanmiao/notebook9dac5f2220,751170
/srinathb/notebookcba9684433,751166
/epigos/python-for-padawans,751165
/rsmith851/trialscript-r,751153
/zcy111222/full-pipeline-demo-poly-pixels-ml-poly,751138
/mrazzano/notebook182e935ab8,751097
/anshbansal/regularized-linear-models,751082
/anshbansal/notebook8dc365707b,751072
/onurtan/notebook4222818aaf,751043
/zakkum42/notebook989a55bdda,751035
/pkaller/notebookfb86355635,751025
/youver/tensorflow-deep-nn,751016
/thanhle/full-preprocessing-tutorial,750981
/mengym/notebook066b53812a,750980
/matce20/titanic-survival-prediction-end-to-end-ml-pipeline,750969
/vsantillan/notebook8155d7eab1,750934
/edopic/notebook03ab635f57,750927
/anfang/full-preprocessing-tutorial-76037c14,754657
/francois2k1/hello-world-titanic,750897
/pavrei/123456,750871
/onurtan/titanic-survival-prediction-end-to-end-ml-pipeline,750867
/varopilia/my-university-s-ranking-over-time,754955
/cyrilmaleval/denoising-with-r-part-1,750811
/mrquan/fork-of-notebook24e2a8be4c,750808
/varopilia/text-mining-with-sklearn-keras-mlp-lstm-cnn,750804
/vynguyen/detailed-exploratory-data-analysis-using-r,750789
/nimishr/prudential-insurance-risk-predictions,750780
/francois2k1/explore-and-classify-birds-by-their-bones,750778
/redwanhuq/notebooke7c35e1dba,750759
/mrquan/notebookf2cd93e042,750750
/redwanhuq/notebook8ff1393988,750749
/redwanhuq/notebookb99051df3a,750744
/roarki/notebook100f1551af,750718
/rociomelus/notebook96f1a92144,750686
/lilsamsam/principal-component-analysis-explained,750666
/tungty/notebook65cc897655,750579
/felicityeva/explore-and-classify-birds-by-their-bones,750551
/breana/fork-of-iris-data-exlporation-415611d7,750499
/breana/fork-of-iris-data-exlporation-1471f4c5,750490
/breana/fork-of-iris-data-exlporation-59e4b1a6,750444
/sleepyoli/get-positions-from-match-recording-d22aff1e,750438
/apoorvparmar007/notebook3aae8eaa98,750434
/rybakovw/regularized-linear-models,750416
/kechkar/the-console-wars-ps-vs-xbox-vs-wii,750415
/akoeltri/notebookb091b69316,750387
/sleepyoli/get-positions-from-match-recording-oli,750359
/akoeltri/predicting-titanic-survival,750342
/mashiro/notebook70281e4f49,750191
/venky606/notebook9ddb8281be,750182
