/mconstenius/predicting-battle-outcomes-start-rmd,886789
/catyiqian/titanic-random-forest-82-78,886749
/ulzhanai/regularized-linear-models,886748
/bromine/recurrence-relation,886742
/sophiechen6666/notebook2e90e1d3b9,886718
/naplesninja/notebook8b33896798,886695
/edcyczl/2-17-bugg,886691
/test567/notebookcdf62719d8,886679
/homerawesome/fork-of-notebookb31497db50,886673
/edcyczl/regularized-linear-models,886640
/riquebrandao/a-journey-through-titanic,886603
/kytrick/a-journey-through-titanic,886571
/yinling/starter-explore-youtube8m-sample-data,886565
/seajaye/titanic-logistic-regression-0-78947,886542
/waitforflash/building-a-prediction-model,886468
/ravitejakotha/starbuck,886465
/tanihiro/notebookc10442e936,886464
/codereclaimers/full-pipeline-demo-poly-pixels-ml-de7943,886452
/codereclaimers/full-pipeline-demo-poly-pixels-ml-poly,886450
/topmemo/crime-1,886455
/nageshp/notebook796599e6d5,886396
/shrikeler/notebook267b13c56b,886355
/isaacguerreiro/model-comparison-for-breast-cancer-diagnosis,886340
/julesdiez/titanic-survival-prediction-end-to-end-ml-pipeline,886332
/alexanderogorodnikov/notebook637e2da90b,886317
/gacek91/a-journey-through-titanic,886304
/danaradje/full-preprocessing-tutorial-a4633f,886296
/naivecharles/notebook22e469f937,886282
/bastouf/notebook4d4c844623,886267
/neheckman/a-journey-through-titanic,886258
/jrteubl/notebook479c778efb,886247
/stuartsmith/notebookd2f072117f,886242
/shifu328/predicting-fraud-with-tensorflow,886239
/bguberfain/notebook53dbb43217,886222
/jrteubl/notebooka115ac457c,886220
/katidev/starter-explore-youtube8m-sample-data,886212
/zhiboyang/notebookcc09625e49,886210
/has0000w/notebook7d583bb721,886199
/rogart10/python-data-visualizations,886193
/duttaroy/starter-explore-youtube8m-sample-data,886172
/complexlife/minimum-distance-classifier,886137
/jhwjhw0123/testing-out-the-kaggle-kernels-bbc35c,886081
/ayudhhande/notebook79a9f7bdc4,886080
/jhwjhw0123/testing-out-the-kaggle-kernels,886079
/akd16103/performance-comparison-of-ml-algorithms,886077
/ekan825/notebook6ff8831b36,886045
/rtromacek/predicting-whether-employee-will-leave-or-not,886035
/timforby/notebook3cf84882c1,886024
/aaronalexander/test1,1107536
/aaronalexander/notebookb3a2ea633f,886015
/tomjm1/notebook1f07e50391,885996
/mark12345an/randforest,885983
/vishalkcmu/notebook67256bf9f8,885945
/nahata5/full-preprocessing-tutorial,885909
/huuhieudo/a-comparison-of-different-regression-algorithms,885908
/jvanvalkenhoef/a-simple-2-layer-neural-network-model-03296b,885837
/anmolp1/fork-of-terrorist-attacks-in-india-1970-to-95a0e5,885821
/tingtsai/test-explore-notebooks,885810
/jvanvalkenhoef/a-simple-2-layer-neural-network-model,885794
/ziyunz/notebooka8db17b0fd,885750
/demetripananos/notebookf5f5b110ab,885719
/dtos01/python-plotly-mapping-example,885701
/petermjames/notebookadcbaf568d,885690
/kickyx/exploratory-study-on-ml-algorithms,885675
/sukerzh/fork-of-notebooke143490039,885663
/raretiger/notebook21ff39096b,885660
/fangmm/notebook38ae400589,885650
/chesterguo/first,885635
/chesterguo/notebook15e2d4e873,885627
/gerelchuluun/traffic-fatalities-in-2015,885616
/alexandradra/notebook0fc09a152b,885537
/nickatkaggle/catdognet-keras-convnet-starter,885536
/demetripananos/notebookdb068a8b08,885511
/ericcooper/alcohol-consumption-and-average-grades,885484
/blakeworth/basic-regression-techniques-r2-0-66,885451
/supreethn/one-vs-all-logistic-regression,885435
/jokandre/detailed-data-exploration-in-python,885409
/stubborn/nips-papers-visualized-with-nmf-and-t-sne,885408
/shettysindhu63/notebook75dd891a92,885401
/ylmao0916/full-preprocessing-tutorial,885394
/xziems/notebook4949c69f1c,885366
/supreethn/notebooka69e90af05,885358
/ylmao0916/the-perfect-score-script,885348
/huuhieudo/comparing-regression-algorithms,885346
/huuhieudo/neural-network-approach-visualized-with-t-sne,885335
/patilsushant1/statistical-learning-with-r-dc3a47,885334
/edmccaffrey/notebook9b704903b5,885328
/patilsushant1/statistical-learning-with-r,885327
/alexanderogorodnikov/notebookc1bb1522d7,885321
/januarymagori/starter-explore-youtube8m-sample-data,885300
/arneoi/notebook9d4af1caa0,885289
/shlim76/a-journey-through-titanic,885267
/adisaputra7/notebook8658a0024b,885251
/asselman/notebook3b718d2d63,885220
/asselman/notebook9d29044f0c,885219
/asselman/notebooka207e4494b,885218
/saurabhnaik/notebook7d03d671b7,885213
/keykey/pca-and-regression,885207
/semanticyong/nips-papers-visualized-with-nmf-and-t-sne,885136
/arthurherbout/simple-nn-to-recognize-digits,885133
/andyhu/introduction-to-ensembling-stacking-in-python,885065
/sasi513/titanicnewscript,885104
/chuanhaoli/tensorflow-nn,885031
/rhirst/my-nn,885024
/cartesius/significant-earthquakes-eda-series-forecast,884984
/binback/notebook301e656b86,884965
/binback/notebook75889b5153,884959
/binback/notebooka83bae75e9,884956
/leifjacobson/notebookbb12fecd14,884904
/frankchen0130/python-data-visualizations,884889
/ruaram/notebook7b910d127a,884888
/bensuucar/omg-nlp-with-the-djia-and-reddit,884867
/asselman/notebookd84641d51e,894680
/lethzch/house-prices-eda,884828
/glbayaraa/homicide-report-i-visualization,884825
/viktorcirbus/used-cars-data-exploration-and-price-prediction,884684
/prinku1/starter-explore-youtube8m-sample-data,884664
/phelmphelm/notebook85ddf02afb,884659
/jitender786/exploration-data-yearly,884623
/onursigirci/full-pipeline-demo-poly-pixels-ml-poly,884550
/sulaxd/notebook0bc9c8c16c,884505
/chanmul/notebook81a929557e,884503
/coffeedjason/a-naive-bayes-tweet-classifier,884489
/chikane/a-journey-through-titanic-547b72,884460
/abonec/keras-convnet-lb-0-0052-w-visualization,884424
/navbharti/starter-explore-youtube8m-sample-data,884420
/jincongho/notebookd52885a834,884410
/ranjitanair/full-preprocessing-tutorial-82441e,884393
/ranjitanair/exploratory-data-analysis,884387
/ranjitanair/first-pass-through-data-w-3d-convnet,884385
/cl2ev1/fish-detection,884377
/michlrudi/explore-enron,884225
/asdftoger/manifold-learning-and-autoencoders-763b68,884172
/asdftoger/manifold-learning-and-autoencoders,884166
/laskab/nasa-asteroid-impacts-notebook,884582
/origamiwolf/message-spam-detection,884031
/shadikkhan/enter-the-titanic,884022
/dulex123/notebook48372141b5,884014
/sahuarpit/explore-explain-density-decision-trees,884006
/mvallet91/i-love-the-poorly-educated,883982
/frankw/notebook6604b65fa3,883974
/kirild/a-study-on-regression-applied-to-the-ames-dataset,883972
/waykole/titanic-data-science-solutions,883926
/waykole/notebook3ce50d0f01,883924
/johnihegbu/notebook70a56ab3de,883913
/rupalsanghavi/finding-boatids,883899
/lpveeken/starter-explore-youtube8m-sample-data,883863
/frankw/fork-of-notebook382c1ef5bd,883861
/trungkak/notebook7515a86a2f,883832
/shadowfax61/notebookcaa4a1b85e,883818
/emem01/notebook846943736f,883765
/kantologist/starter-explore-youtube8m-sample-data,883752
/akshay4/notebook9921c4d893,883742
/manderhalt/which-retention-strategy,883734
/rajbgt/notebooke5e8b7e160,883732
/xuxiaoyu/interactive-intro-to-dimensionality-reduction,883731
/pandeyanil/cat-002,883716
/emem01/notebook98d94abc43,883660
/justbringit/2-17-bugg,883655
/fantasycheng/python-data-visualizations,883630
/jatinjansari/starter-explore-youtube8m-sample-data,883621
/ddashenkov/playground,883606
/ddashenkov/notebook86db793122,883601
/bassanova/in-depth-skewed-data-classif-93-recall-acc-now,883590
/nickzheng/titanic-data-science-solutions,883587
/ashwinrevo/a-journey-through-titanic,883570
/yeoldefogey/notebookc6169a1048,883507
/teuffy/titanic-data-science-solutions,883502
/vishalkcmu/notebook25ed21c958,883486
/suebose001/notebook2690ebf52e,883448
/kytrick/tensorflow-deep-nn,883434
/jelly08/visualizing-pca-with-leaf-dataset-5893d9,883415
/pym1993/neuro-nerding-out-1-0,883408
/spicychickens/python-data-visualizations,883379
/kaggleed/notebook3ec280dcb5,912134
/spark007/notebookb3ba6fd156,883340
/archicxd/starcraft-simple-data-exploration,883310
/rockking126/fish-keras-forked,883297
/mlsawyer/starter-explore-youtube8m-sample-data,883289
/ykkwon/nips-papers-visualized-with-nmf-and-t-sne-20edfa,883287
/kytrick/tensorflow-starter-kit-fixed,883263
/mobala/notebook6fac9d95a5,885354
/copyfriend/notebooka3938f4356,883256
/copyfriend/first-kernel-submission,883250
/hyc399/titanic,883240
/aananthag/starter-explore-youtube8m-sample-data,883213
/vanausloos/starter-explore-youtube8m-sample-data,883190
/culeforever/notebook50ef721340,883184
/remmiya/notebook6d17199b9f,883172
/spikyspider/starter-explore-youtube8m-sample-data,883152
/phoebewang/notebooka9a7fab35b,883137
/tjtransferkai/notebook459381e874,883117
/yogeshsinghrbt/squeezed-this-in-successful-kernel-run,883088
/bhagyaraj212/a-journey-through-titanic,883080
/marcelarosalesj/notebookec1b85dce3,883056
/emmating/notebook6491d0c7bf,883038
/akshay4/notebookeb68989ea0,883020
/kmora3005/notebook19b28d64a8,882995
/h4q9y4/fork-of-2-17-bugg,882988
/pvora1988/filling-up-missing-values,882964
