/suyuti/notebookae01bb5533,1163150
/cloudly/interactive-intro-to-dimensionality-reduction,1163142
/ramamet4/plotnse-chart,1163146
/muhriddinuzb/notebook193ba88702,1163083
/muhriddinuzb/an-interactive-data-science-tutorial-2c0a1b,1163074
/a56wx0kbvwu/notebooka4f4b5aee3,1163061
/totojj/notebook9c17f89052,1163062
/abasrithaya/notebooka06475a8c1,1163053
/dwskwkm/test-test-py,1163041
/wittfabian/notebook2654bb6993,1163005
/wattman/at-sample-test,1163446
/mikethedataguy/initial-kernel-test-worth-ignoring,1162986
/dezzman/moscow-houses-prices-analysis,1162947
/wittfabian/notebookb12ab848c7,1162936
/hocinetedjani/hocine-titanic,1162932
/skkaggle/testk,1162943
/chiszy/first-blood,1168161
/lalgaurav/exploring-survival-on-the-titanic,1162875
/zarchi04/notebook16be0a6014,1162859
/az8602/notebookb5c29199bb,1162851
/kaiwangic/notebookeac8cdaddd,1162845
/onokles/an-interactive-data-science-tutorial,1162838
/ankursin/an-interactive-data-science-tutorial-149c9a,1162806
/ug2409/notebookf79047551d,1162805
/parthtyagi/test12345,1162797
/ug2409/notebookef7b05d13c,1162785
/meryemschalck/python-xgboost-starter-0-209-public-mcc,1162783
/nthakor/notebook943b39f960,1162747
/jrishabh/notebookff1da2c78b,1162737
/navya21/notebookcdcdf5a424,1162725
/filipesousa20/notebook929d7df577,1162719
/emrecanbulut/notebookd4e0e30476,1162669
/hash14/titanic,1162604
/cweibin/kerascnnmodel2234,1162594
/stagadish/notebook5236a89cae,1162586
/swcoding0601/test-001,1162577
/bingohong/a-study-on-regression-applied-to-the-ames-dataset,1162565
/miningjerry/notebook6acaa8b6eb,1162536
/miningjerry/notebook8d10d4abf1,1162482
/cweibin/kerascnnmodel242,1162473
/emrecanbulut/prediction-of-weapon-used-in-crime,1162434
/jesyfax/notebook22989b6db8,1162424
/snassimr/myscript,1162421
/rana669/notebookbf9e911014,1162359
/swhite4han/spacy-name-entity-recognition,1162348
/hongruiwang/notebooke8ca55c797,1162319
/changkun/notebook3df4223bcd,1162308
/satadru5/devanagari,1162288
/shiabs/logistic-regression-accuracy-81,1162265
/mahoro/deep-neural-network-keras-way,1162255
/priyankaraghavan/notebook61b3e166bd,1162244
/raghav98/notebook2800438134,1162242
/priyankaraghavan/notebookb4ff41a6d9,1162236
/pokarchip/mytests,1162219
/pokarchip/notebookefbd7fac31,1162189
/keyoor20/h2o-starter-script,1162183
/anspider/notebook37c704622f,1162164
/nikkii/first,1162152
/beck0505/notebook90f53a60f7,1162145
/codingpia/notebook7d876347db,1162099
/sayeedakhter/notebook177279121e,1162100
/deokateamber/random-forest-benchmark,1162071
/fmetja/exploring-survival-on-the-titanic,1162046
/kaypark/notebook56e1973b57,1162021
/kaypark/notebook1a098b28a4,1162017
/wollney/jisng,1161931
/harjeet/russian-housing-prices,1188287
/gihants/gihan-titanic,1161887
/psakuru/notebookaa38ebfa61,1161873
/gihants/notebook45ddaea40d,1161866
/akamra/testy,1161789
/hconner2/notebookade2214a3d,1161778
/sandyma/notebook968433ad6c,1161693
/hconner2/notebook1197c4c33a,1161674
/hconner2/notebookaede664a55,1161667
/sijiangdu/notebook06439f2ced,1161656
/vk4503/marathon-explore,1161629
/lag0215/notebooke7fe11b620,1161619
/rdbaker/notebook9f4964f9eb,1161616
/universeyi/notebook382f81f716,1161614
/sandyma/notebook3ce7b6ca30,1161597
/shahao/notebookd7149fafeb,1161589
/shahao/notebookc00b5f9f61,1161584
/ykaradayi/xgboost-stacked,1161568
/datacanary/notebookaa8ca30a95,1161554
/hendywang/notebook16ae52538d,1161519
/puthham/titanic,1161513
/paulofaleiros/notebook02577c4775,1161510
/cuteboy07/notebookf0bf564cbe,1161502
/elewallen/notebookf547190bbe,1167320
/cizonb/xgb-with-whq-jaccard,1161497
/qlidct/notebook4ad69ac159,1161448
/qlidct/notebook3252aad1ed,1161446
/sdu105/notebook27eea87766,1161427
/camrutha/initial,1208304
/camrutha/data-analysis,1161422
/jguerreiro/notebookb3a6538618,1161416
/benhamner/notebook1627cea89d,1161414
/divyasadhu/notebook12dc59e6cb,1161393
/jiamingliu/fractals-of-nature-blend-0-90050,1161391
/ltling/notebookce8a5b1a6f,1161361
/mentos05/notebookb63a4cc5d4,1161344
/qlidct/notebooke27222e96d,1161313
/planetboy/notebookcab02df6df,1161301
/furkilic/notebook0d74569e83,1161293
/gpengzhi/notebook9fd8793abb,1164050
/rogeraleite/testando-1,1161228
/lillyx/notebook9d2ed0ceb5,1161222
/lillyx/notebook689b2838f6,1161220
/jeankarax/predicting-fraud-with-tensorflow,1161201
/callosum/notebook0a3ee59065,1161169
/barryw/predict-marathon,1161154
/jeremystanley/notebookc4498dee16,1161150
/priyagoel0211/predicting-the-credit-amount,1161179
/callosum/notebook48276e6bcc,1161140
/dtran262/notebook7cf4114238,1161137
/kalosze/gay-bears,1161132
/juliebehappy/notebookcdc258e313,1161107
/jcherny/notebook49ed582560,1161081
/tshsikule/notebook0f66823235,1161072
/dtran262/notebookdaa0c895ee,1161010
/jackellz/notebook68d71e09a4,1160981
/autofocus598/notebook17b080dca4,1160972
/septeon/test1,1160948
/pleblet/rdgrdgdg,1160945
/malinieswarachandra/homicide-report,1160942
/ardiya/notebook46aac50ee0,1160941
/jeremystanley/notebookbb64735a65,1160929
/hirofuji/notebookaf8e03580b,1160924
/sirajsandhu/notebook7df501c413,1160912
/handychandra7/notebook118c671aaf,1160891
/elisoft/titanic,1160884
/jeremystanley/notebook28ee474137,1160868
/jeremystanley/notebook349159ae21,1161362
/guptanikhil/notebookc54bbc4901,1160837
/kevmccullough/multiple-prediction-methods-99-22-auc,1160916
/demhaur/notebook214d8a6f3c,1160829
/avillarm/notebookbff28d9257,1160820
/thitipong/notebook5db6b072ae,1160761
/fengz7/exploratory-study-on-ml-algorithms,1160753
/zzdyyy/notebook342736b60f,1160710
/zzdyyy/title,1160708
/jonglancy/notebooked6395c664,1160674
/smr4849/smr4849-house-prices-and-lasso-regression,1160648
/made1of1data/notebook50f498b75e,1160645
/fhersi/exploring-survival-on-the-titanic,1160610
/cecilia/notebookc47b555105,1160599
/adityakumarsinha/word2vec-meets-linguistic-preprocessing,1160574
/jjimini98/notebook6e2daf6c91,1160540
/jjimini98/notebook760ee4cdc6,1160507
/czarleonid/notebook86db566ca4,1160489
/dynaturtle/startjob,1160486
/jjimini98/notebook05e541cc2b,1160480
/jjimini98/notebookcf1f706de3,1160474
/jarngreipr/notebookbcb78f9035,1160475
/vidette/notebookaca5ad8889,1160463
/anandakshay44/notebook24e652eb36,1160427
/hjkgfd/notebookd1751ebfd4,1160409
/rucarden/testing,1160407
/jarlem/notebook98c9491f24,1160404
/foamsteph/notebook4d94d6b90a,1160363
/karan1276/notebook71a3fb22e1,1162753
/lohrmann/notebook4a72ecee20,1160341
/evilstan/interactive-intro-to-dimensionality-reducti-8b088a,1165867
/shibsankar/spotit,1160269
/akbayraksemih/notebookf9e168a149,1160256
/ug2409/notebook4692989cfb,1160236
/sparamonov/preliminary-data-clearance,1160132
/nkmah2/exploratory-study-on-ml-algorithms,1160083
/kensuke1973/titanic-kaggle-8c4919,1160018
/ashish008/notebook2bfc6ef331,1160004
/zhangy/notebook986587cc94,1159965
/cweibin/kerascnnmodel23,1256487
/wsgtcyx/exploratory-study-on-ml-algorithms,1159944
/vishwa84012/notebook31e12232d3,1159923
/aviroop123/notebook8a2b11cc1f,1159916
/blazejk/notebook522c168f81,1159897
/krizpl/notebook48d93c4954,1159878
/alcren/xgb-with-whq-jaccard,1160482
/gjm067/notebook3dc303e48e,1159826
/burhankhan/analyzing-iris-data,1159811
/shilpisen/test-script,1159776
/jguerreiro/notebook076b973f6c,1159750
/vikaschandran/notebook624f4b6b35,1159753
/asaravanakumar/notebookcd41a640f7,1159746
/asaravanakumar/notebooka3ed24658f,1159738
/manishsaraswat/invasive,1159732
/romangr/notebookf8c32f0a8f,1159723
/karthik28/pima-xgboost-tutorial,1159717
/vinceiski/notebook80b97abb79,1159715
/mp43ily/predicting-fraud-with-tensorflow,1159710
/deepjyotisaha/titanic-sample,1170911
/annarana/notebook1df6999987,1159669
/nishantsingh132/mydatascience,1159633
/elleelle1/notebookeec40c7199,1159630
/m990xd/abccccc,1159627
/knkiii/titanic-try1,1159584
/wendigo/notebook30edcb913d,1159880
/m990xd/notebookf4211d6b96,1159541
/roos12005/notebook878aa67eab,1159524
