/hiteshprabhu92/redhat-predicting-business-value-hitesh,359202
/darshanms1991/msd-notebook-1,359691
/zhongmingyuan52/mingyuan-test1,359118
/darshanms1991/msd-notebook,359159
/korymath/kmathewson-testing,359018
/vagrawal/channel-plots,375140
/sanjib03/sf-adaptiveboosting,370705
/satjeet/first,358927
/xiao22/titanic,358901
/flytosky/seizure-prediction,366555
/kretes/keras-resnet50-wordnet,358597
/olgierdmic/pydata-module-versions-py,907576
/flytosky/bosch,358629
/mohitsewak/ms-111,358442
/blines/titanictest,358491
/wadakei/testcode,358416
/binilg/titanic-genderprediction,358400
/syntactic/kinda-simple-linear-regression,359878
/longyangking/titantic,360333
/kjlee7/kjlee-tester-first,358358
/apartmentguru/yc-eda,358205
/laurae2/sparse-matrix-with-explicit-zeroes,358139
/anokas/spectrogram,358105
/afrozhussain/getting-started-with-kernels,359764
/ming64/match-features-with-date,357866
/jsennn/exploring-dc-crime-data,357817
/cavendishe/iris-exploration,357793
/marcocarnini/data-set-up,357580
/jimyunwa/jimmy-s-test-bed,357508
/sandesh/asdasdsadfsadasdf,357397
/karlazz/union-maid,357357
/chenchaodev/basic-ml-on-titanic,357273
/zhangzhiqian/mytry2,357246
/vykhand/some-redhat-exploration,357115
/avilesmarcel/test-python-read-mat-files,356815
/muneeb2405/redhat-model,357699
/kyleockerlund/house-regression-standard-input,356753
/lubosm/titanic-sandbox,361078
/zonnin/sklearn-ensemble-randomforestclassifier,356572
/danielhuckins/attempt-with-keras,356533
/arjoonn/the-jungle-book,356429
/ivanlflj/first-try-to-solve,356389
/miker2016/mikers-test,356380
/garydee/house-prices-under-the-hammer,356307
/idozeh/dongdemisim,356224
/isaac7/visualize-mnist,356166
/psramkumar25/titanic-practice-notebook,359426
/jeffmoser/more-notebook-tests,358073
/nwheeler443/preliminary-analysis,356136
/lilixu/firsttest,985016
/kyleockerlund/house-vector-prediction,355714
/pclavel/imdb-first-notebook,355494
/quantumdamage/pierwszy,355432
/sidedish/my-redhat-prediction,355336
/juanmalorenzo/20160907-bosch-01,355235
/liubenyuan/first-impression,355232
/shrutigodbole15792/feature-selection,357602
/maheshgaya/mountains,355179
/faraazali/titanic,355158
/alexxanderlarko/xgb-0709k,355171
/statisticallearner/basic,355104
/chengzhizhao/sf-salary,356000
/watsonc/titanic-fare-sex-and-class,379260
/wcukierski/testing-input-files-2,354773
/bocharovf/decision-tree-with-bagging,354724
/baidrahul/eda-and-visualisations-using-python,354728
/bending0/sample-script,354706
/patrickpitoscia/python-test-script,363948
/bhavinshah/test1,354604
/prateeknagpal/test1data-visulization,354594
/claudioratke/modelo-regress-o-logistica,356617
/workingdm/testdemo,354390
/maddynit/mmmmmmmmmmm,354402
/fanlu7311/test-fa,354376
/tanlikesmath/xredboost-cv,362303
/tiggi74/sequence-guesser,354193
/rahulyadav170923/titanic,354175
/michaelmtz20/university-clusters,354128
/takuyasakaguchi/data-structure-analysis,353958
/williexu/my-movie-analysis,353996
/phua7008/learning-how-to-explore-the-data,354100
/canimus/leaf-classification-sgd-classifier,400184
/madmaxliu/redhat-max,353676
/fl0r3k/titanic-survival-modeling,353642
/robsonfveiga/titanic,1148277
/chenchaodev/bruno-g-do-amaral-v22,353531
/vodaza36/titanic-competition-my-first-steps,354554
/dante0shy/my-ehr-project,410303
/watsonc/titanic-random-forest,354718
/xiaotawkaggle/pk-input-py,420010
/jacobs1017/xgboost-for-gender-prediction,353059
/wadse11/housing-data-notebook-v00,353052
/way2edata/exercise-notebook,1657653
/ryancaldwell/gradient-boosting-model,352922
/druswick/titanic-prediction,352995
/rodrack/sarcasm,412621
/druswick/titanic,352759
/upekka/plotting,352715
/ericnana/titanic-survival,352663
/wwang107/titanic-age-imputation-using-random-forest,352478
/zerafachris/integer-sequence-r,352642
/vivekverma239/redhat-vivek,352359
/playfulsynapse/pokemon-study-of-classes,352316
/zerafachris/titanic-r,352193
/ishaanv/redhat-eda-and-visualisations,360590
/yinanxu/simple-nn,352064
/tanlikesmath/xgboost-scikit-learn,352029
/fzhurd/digit-recognization-first-version,351957
/fzhurd/digit-recognition-v2s20160902,351946
/chsovankrishna/redhat-prediction-v-0,351928
/ravidatascience/ravi-analysis-redhat-business,351911
/ravidatascience/ravi-analyze-redhat-business,351889
/lolasgardner/digitrecognizer,351910
/adrianronayne/titanic,351826
/mathieu2312/test-script,351771
/notaapple/exploratory-data-analysis,351470
/andirey/starter-script,351444
/dict89/mnist,351392
/aquintero/titanic,351942
/zhuflower/abcde-zhu,351279
/weiyii/first,351273
/luboyang/titanic-jounery-begins-with-python,351176
/rabierre/rabierre-test1,358494
/aiswaryaramachandran/exploratory-analysis,350753
/ewinge/testing-iris,397585
/gaobocn/classifymnist,350517
/foreveryoung42/keras-simple,350476
/ruaridht/stocknews-exploration,350431
/zscansorted/testing-out,350422
/hxyyuan123/testsfor,350340
/burakhmmtgl/r-xgboost-starter,350276
/samkitjain/titanic-an-attempt-to-save,350245
/zhanli/without-events,350680
/primenumber/random-forest,351296
/jimkitzmiller/test-02,350164
/tuckerdarby/digit-recognizer,350138
/thething/house-value-prediction-test,350107
/benhamner/getting-to-75k-sds-users,355225
/zheng11/phone-only,350036
/asiffiiqbal/first,1210901
/tuckerdarby/titanic-learning,350021
/jiangmulong/titanic,349703
/speedoheck/pranayredhat,349651
/daniboy000/data-management-using-pokemons,356467
/gopaly/sample1,349622
/flytosky/talking-data,352355
/rplaca/exploring-kpis,349550
/arpit08/test12iiii,349474
/dilannuwantha/data-visualization,352515
/abhilashawasthi/pokeeda,349568
/prajnya/integer-sequence-try1,349314
/invinciblejha/xgboost,349114
/samhashmi/random-forest-for-prediction,372179
/zhanli/events-only,350665
/shikiryo/feature-engineering,348845
/binggong/kaggle01,348747
/ashishdutt/exploratory-and-inferential-data-analysis,348708
/mikaelhuss/test-kpi-files,348715
/wpppj001/feature-reverse-geo-city-district,348663
/wpppj001/feature-engineering-device-login-hour,348600
/rplaca/exploring-municipality-kpis,348537
/omaxim/test-script,348623
/jessicayung/titanic-dataset-getting-started-tutorials,348423
/david101/notebook4cbfed056b,348181
/xiaoshcihang/first,348392
/joshika/py-check,348121
/alexxanderlarko/xgb3108,349611
/keisei/test-notebook,353294
/williamqzc/without-leak-8-31,348025
/igpogo/trump-pn,348849
/anokas/home-espionage-eda,347719
/austincap/determining-demographics-from-app-labels,350805
/zzemadj/td123456,375188
/rclotion/trial,347307
/katerynad/using-textblob-naivebayesclassifier-and-top1-only,347674
/crailtap/spectral-image-features-testing,355519
/juliencs/quick-eda-in-python,347177
/lihongqiang/myscripttesting,347086
/teampiratez/cdffdfdfd,347073
/david101/fun-around,347946
/tydlwav/trial,346941
/akrsrivastava/simple-data-exploration-and-xgboost,346907
/dssariya/principal-component-analysis,346767
/dssariya/analyzing-data,346674
/gabcool/test-python,346542
/nsynsy001/kaggle-first-experience,346667
/reakins/titanictest,347306
/bandari/classify-customer-potential-red-hat,347723
/bandari/digit,346415
/teampiratez/finalsub,346757
/jimkitzmiller/jim-s-test-01,355972
/piyushcs/mnist,346226
/britmegan05/first-go,346209
/ndrewgele/nlp-djia-omg,347165
/widanchath/check-best,345975
/pengli1221/titanic,2466895
/piakarski/horses-for-win,345947
/vasuji/playing-around-lottery-dynamics,345670
/jiangmulong/what-is-this,345571
/jiangmulong/jml-spython,345560
