/kerneler/starter-govdata360-ad9df46b-f,5063628
/kerneler/starter-ida-results-measurement-system-ca0330f6-7,5063624
/kerneler/starter-global-financial-inclusion-7ce1629b-1,5063613
/kerneler/starter-global-financial-development-c7b4da6a-4,5063604
/kerneler/starter-global-economic-monitor-e03b6e4f-8,5063595
/kerneler/starter-education-statistics-4fa09288-1,5063594
/parvezipe/take-home-exam-1-ipe-205,5063600
/kerneler/starter-indonesian-high-school-5edc386c-7,5063542
/kerneler/starter-doing-business-b1052145-a,5063540
/kerneler/starter-documents-reports-768c14d6-1,5063537
/kerneler/starter-data-on-statistical-capacity-da21f9ea-a,5063533
/kerneler/starter-country-policy-and-32cacdaf-a,5063527
/ambeshanand/data-cleaning-challenge-handling-missing-v-0c9895,5065115
/kerneler/starter-world-bank-trade-costs-and-f31419fe-3,5063481
/kerneler/starter-world-bank-quarterly-external-efe3b08a-7,5063459
/kerneler/starter-world-bank-population-fa67021e-b,5063444
/kerneler/starter-world-bank-millennium-76d554bc-4,5063432
/kerneler/starter-world-bank-health-nutrition-8f2878a3-a,5063430
/kerneler/starter-world-bank-international-debt-1ccf4c49-f,5063425
/kerneler/starter-world-bank-gni-ranking-atlas-168d2fea-0,5063403
/kerneler/starter-world-bank-gdp-ranking-e4420ba1-c,5063398
/bellman82/nn-using-keras-auc-87-63,5062967
/kerneler/starter-lbnbzq-f665fcec-9,5060652
/dguo456/face-clustering-k-means,5061115
/kerneler/starter-pix2code-62885c25-8,5059765
/kerneler/starter-denzel-imdb-movies-95ef171b-d,5059745
/ziadloo/strange-case-of-increasing-regularization-term,5076832
/kerneler/starter-quantum-sandcube-41cd65c2-4,5059008
/jczaja/melbourne-price-prediction-py,5203641
/bluefin/exercise-booleans-and-conditionals-06c32e,5058244
/kerneler/starter-week3data-1be186b0-9,5057345
/kerneler/starter-week3data-8748a6ea-4,5057307
/kerneler/starter-world-bank-33633e86-8,5057110
/vladimirn/exercise-machine-learning-competitions,5057206
/kerneler/starter-bristol-open-data-7678f065-2,5056858
/kerneler/starter-hapt-human-action-recognition-76310c06-1,5056626
/kerneler/starter-marine-debris-jan-to-jul-d521ab96-8,5056623
/kerneler/starter-municipal-waste-stream-768e8303-b,5056599
/kerneler/starter-synthetic-digits-6ef6fb58-9,5056193
/fish417913/renaming-and-combining-workbook-011f8e,5055733
/kerneler/starter-hapt-human-action-recognition-a7bfd517-e,5055343
/fish417913/data-types-and-missing-data-workbook,5054647
/kerneler/starter-geospiza-scandens-beak-bfeded15-e,5054299
/kerneler/starter-meta-kaggle-2733188e-b,5054028
/kerneler/starter-geospiza-scandens-beak-b3e05f91-2,5053975
/kerneler/starter-bristol-open-data-f59c9b0b-7,5053177
/kerneler/starter-vegitable-and-fruit-dataset-53094c93-a,5052983
/nvinayshetty/exercise-random-forests,5052894
/ankitjaadoo/submitting-from-a-kernel,5052779
/ankitjaadoo/exercise-random-forests,5052617
/ankitjaadoo/random-forests,5052568
/ankitjaadoo/underfitting-and-overfitting-0f6d54,5052797
/ankitjaadoo/underfitting-and-overfitting,5052431
/kerneler/starter-cifar10-ce2ec272-b,5052105
/ankitjaadoo/model-validation,5052060
/kerneler/starter-walk-or-run-57a9eee5-0,5051776
/kerneler/starter-hapt-human-action-recognition-71d6164e-0,5051053
/maezono/recruit-challenge,5674293
/kerneler/starter-freesound-913f53a3-4,5050472
/aditya9898/dog-breed-identification-transfer-learning,10206628
/kerneler/starter-melbournehousedata-8ae2594a-3,5050068
/nvinayshetty/exercise-model-validation,5049512
/sridharcr/kernelf3c7ba9a56,5049432
/backtrack23/exercise-underfitting-and-overfitting-a0d614,5049159
/backtrack23/exercise-underfitting-and-overfitting,5048965
/atashnezhad/fork-of-rubik-s-cube-modeling-for-n-n-n,7915761
/kerneler/starter-mnist-original-b5f85b77-3,5048573
/kerneler/starter-building-damage-43dbe562-d,5048322
/kerneler/starter-san-francisco-zip-codes-e5733410-f,5048229
/angana10/exercise-explore-your-data,5047973
/kerneler/starter-world-development-indicators-8495cb94-a,5047742
/kerneler/starter-world-bank-projects-7441f787-c,5047715
/kerneler/starter-world-bank-procurement-notices-77e0d8d6-b,5047690
/kerneler/starter-world-bank-policy-research-8c250b86-8,5047689
/kerneler/starter-world-bank-contract-awards-af7c371a-e,5047688
/kerneler/starter-sustainable-development-goals-360d396e-7,5047659
/kerneler/starter-remittance-prices-worldwide-a8641edd-c,5047638
/kerneler/starter-poverty-and-equity-database-aa43cb45-4,5047631
/kerneler/starter-miga-project-portfolio-d93ac29f-7,5047617
/kerneler/starter-joint-external-debt-hub-c2ddd997-7,5047576
/kerneler/starter-govdata360-77bad3f5-f,5047560
/kerneler/starter-ida-results-measurement-system-f04d443d-3,5047556
/kerneler/starter-global-financial-inclusion-6b96e928-b,5047545
/kerneler/starter-global-financial-development-aa3cf821-e,5047538
/kerneler/starter-global-economic-monitor-c1d0782d-5,5047533
/kerneler/starter-education-statistics-104d5302-3,5047529
/kerneler/starter-doing-business-1b8d9dea-f,5047472
/kerneler/starter-documents-reports-c58c86a4-2,5047468
/kerneler/starter-data-on-statistical-capacity-d6af70fb-a,5047462
/kerneler/starter-country-policy-and-a59f0ea7-2,5047446
/kerneler/starter-world-bank-trade-costs-and-7b504a0d-0,5047417
/kerneler/starter-world-bank-quarterly-external-e79c6634-f,5047408
/kerneler/starter-world-bank-population-34114c21-f,5047398
/kerneler/starter-world-bank-millennium-0193c3be-b,5047381
/kerneler/starter-world-bank-health-nutrition-11e232ed-1,5047378
/kerneler/starter-world-bank-international-debt-0b3bd5da-a,5047373
/kerneler/starter-world-bank-gni-ranking-atlas-ba9c648e-b,5047354
/kerneler/starter-world-bank-gdp-ranking-306d7c0a-c,5047348
/kerneler/starter-densenet121weights-14d78684-5,5047297
/kerneler/starter-govdata360-f328ae9e-8,5047293
/kerneler/starter-global-financial-inclusion-6e3992d6-1,5047292
/kerneler/starter-global-financial-development-7eaef5a0-9,5047290
/kerneler/starter-doing-business-ca8526e4-e,5047208
/kerneler/starter-country-policy-and-5b7e8874-d,5047198
/kerneler/starter-data-on-statistical-capacity-a77f989f-8,5047197
/kerneler/starter-world-bank-trade-costs-and-1130567d-3,5047171
/kerneler/starter-world-bank-population-61b5f619-3,5047159
/kerneler/starter-world-bank-international-debt-80b92fe7-d,5047156
/kerneler/starter-world-bank-health-nutrition-6d4a3a4f-4,5047135
/kerneler/starter-business-environment-d590b11b-3,5047111
/kerneler/starter-sf-registered-business-aa3b961f-5,5046955
/kerneler/starter-sf-film-locations-in-san-5d8d3b39-7,5046942
/kerneler/starter-sf-commercial-buildings-energy-364ff8a3-c,5046913
/kerneler/starter-sf-budget-501dcf92-d,5046904
/kerneler/starter-sf-vendor-payments-1dd63013-4,5046888
/kerneler/starter-sf-utility-excavation-d505d2d5-8,5046887
/kerneler/starter-sf-plumbing-permits-and-0bab4213-8,5046878
/kerneler/starter-sf-electrical-permits-and-260377d5-d,5046858
/kerneler/starter-sf-building-permits-and-9eded4af-a,5046857
/kerneler/starter-recipient-executed-grants-data-71337c2e-2,5046746
/kerneler/starter-procurement-notices-49aa4076-d,5046741
/kerneler/starter-paid-in-contributions-to-ibrd-9de2e135-3,5046730
/kerneler/starter-miga-summary-income-statement-c276cc71-d,5046711
/kerneler/starter-major-contract-awards-bab44cef-3,5046693
/kerneler/starter-ifc-summary-statement-of-9fa46ff8-2,5046683
/kerneler/starter-ida-voting-power-of-member-2850588d-4,5046652
/kerneler/starter-ida-statement-of-cash-flows-56dacc16-a,5046651
/kerneler/starter-ibrd-summary-of-allocable-2a8c599a-8,5046640
/kerneler/starter-ibrd-subscriptions-voting-38279c9b-5,5046538
/kerneler/starter-ibrd-statement-of-income-2b471e7b-c,5046478
/kerneler/starter-ibrd-balance-sheet-fy2012-3f08122b-7,5046465
/kerneler/starter-financial-intermediary-funds-99e207c4-4,5046439
/kerneler/starter-data-resources-for-structural-129f7d38-9,5046410
/kerneler/starter-corporate-procurement-contract-5251135c-3,5046398
/kerneler/starter-contributions-to-financial-744742aa-0,5046374
/kerneler/starter-commercial-credit-exposure-by-bf131c10-6,5046360
/kerneler/starter-2017-climate-investment-funds-0abba0e7-6,5046321
/kerneler/starter-msme-country-indicators-and-c73d2997-2,5046305
/kerneler/starter-ifc-investment-summary-and-9601eebd-9,5046284
/kerneler/starter-ida-statement-of-income-3f073198-1,5046257
/kerneler/starter-ida-statement-of-credits-and-d3720c99-f,5046255
/kerneler/starter-ida-balance-sheet-05aeb166-c,5046234
/kerneler/starter-ibrd-statement-of-loans-data-07b9cdbf-8,5046213
/kerneler/starter-257k-gaia-dr2-stars-9ced8853-2,5046007
/kerneler/starter-dt75-new-77daf22c-0,5045021
/kerneler/starter-dt-60-new-c59563cb-4,5044996
/kerneler/starter-dt-50-new-4ce01b47-1,5044954
/kerneler/starter-brfss-2013-d75ed324-b,5044920
/kerneler/starter-example-brain-mapping-dataset-ec137c3e-8,5044904
/kerneler/starter-brfss2013-rdata-c62679c4-9,5044803
/kerneler/starter-example-brain-mapping-dataset-f45ddd97-f,5044694
/kerneler/starter-ab-5-nb-04091e15-5,5044153
/kerneler/starter-btc-usdt-5m-dbe84c1b-2,5044113
/kerneler/starter-ab-15-lr-f0440ada-b,5043936
/kerneler/starter-ab-10-lr-ced2f9e0-8,5043916
/kerneler/starter-ab-5-lr-7b07c344-2,5043890
/kerneler/starter-olympic-host-3df840b1-4,5042734
/kashyapdas/exercise-convolutions-for-computer-vision,5049282
/kerneler/starter-superheroes-info-and-stats-6662f585-7,5042218
/kerneler/starter-superheroes-characters-and-1f059fc6-8,5042190
/kerneler/starter-week3data-218d34f8-7,5040923
/kerneler/starter-week3ass-604584b0-2,5040873
/kerneler/starter-energy-indicators-0c257be4-9,5040840
/kerneler/starter-sm-tv-75-or-rf-6bd96f4f-9,5040594
/kerneler/starter-imf-data-united-states-21351359-5,5040568
/kerneler/starter-sm-tv-75-rf-f465afd4-e,5040567
/kerneler/starter-flavours-of-physics-baseline-cc106c2e-a,5040186
/kerneler/starter-segmentation-of-oct-images-7b2551b7-4,5039845
/kerneler/starter-customer-segmentation-tutorial-f0b13266-e,5039836
/whoiscris/vanilla-neural-network,5062319
/kerneler/starter-inceptionv4-weight-file-notop-ec1380e8-4,5038426
/rihadv/exercise-functions-and-getting-help,7774018
/kerneler/starter-meta-kaggle-0e748714-f,5037599
/voidschemer/exercise-explore-your-data,5720403
/kerneler/starter-haberman-data-set-60db44d1-1,5036740
/kerneler/starter-movies-bdd499b4-c,5036163
/kerneler/starter-geospiza-scandens-beak-2b5a2f46-f,5035975
/kerneler/starter-thai-romanization-6ba3edfe-a,5035614
/kerneler/starter-thai-romanization-a4a9ba8c-8,5035530
/kerneler/starter-australian-federal-elections-a0e2fbb6-2,7852574
/mdyzma/kernelb0f3853a10,5034981
/skogge54/exercise-convolutions-for-computer-vision,5031884
/kerneler/starter-portland-f3410d86-b,5031442
/kerneler/starter-trustpilot-reviews-of-3-e97f80ea-9,5029228
/kerneler/starter-rum-sugar-and-price-56716bf1-4,5029177
/kerneler/starter-usgs-domestic-states-af787abb-1,5029045
/kerneler/starter-movielenslatest-68dc7ec3-3,5028070
/kerneler/starter-vietnamese-english-e27b1e49-b,8792612
/kerneler/starter-vietnamese-english-a9703300-d,5026794
/kerneler/starter-cambridge-crash-data-2010-2017-2b8130e1-7,5026648
/kerneler/starter-values-for-top-31-variables-d802e1af-d,5024378
/kerneler/starter-values-for-top-31-variables-558e1197-2,5024324
/grimaldo/exercise-explore-your-data,5058967
/kerneler/starter-tets-resnet-8156708e-e,5021155
/kerneler/starter-meta-kaggle-8afd6f85-1,5021137
/karangautam/naive-cnn-for-digit-recognition,5021553
/kerneler/starter-turkish-drivers-car-prefences-516fffe2-6,5020492
/kerneler/starter-ab-lr-5-fd13f8b0-5,5019863
/kerneler/starter-vietnamese-english-db33731a-5,5019427
/kerneler/starter-foods-definitions-91345793-3,5019397
