/jeremymaurer/predicting-housing-prices-in-ames-ia,374168
/pfcmat/notebookba6e94255d,374043
/gingerman/generating-date-features-r,374236
/ravijp/housepriceregressiontech-v0,373885
/et314159/firstsubmission,373983
/dantehmartinez/house-price-v1,373979
/honaink/hds-kaggle-day-0924,373760
/isaiahheath/isaiah-s-view-on-global-warming,373720
/kanu13k/let-s-play,374110
/eidanch/my-try,373672
/mdtarequekhan/houseprices-try1,373623
/andyspence/1-mla,373548
/hybrideagle/notebookf7c942f75d,373642
/spark08/spark08,373438
/royston/exploring-data,373319
/chakree/trials,373268
/scollins/notebookad6f7ff904,373273
/albertmistu/titanic-tutorial,1394439
/artemqua/titanic1,373220
/ryanzhang/simple-xgb-on-numeric-features,379892
/dcarmody/housing-prices-draft,373039
/srserves85/does-sugar-result-in-other-problems,373998
/melvincheung/first-kernel-script,372643
/dineshlal/basic-neural-network-model,373850
/watermelone/leaf-classifier,372346
/luisblanche/predicting-imdb-score,372339
/reidj123/project,372290
/austincap/what-features-best-predict-a-high-gross-income,372254
/amanrana20/run-1,374165
/pydevhacker/titanic-journey,371977
/threecifanggen/eda-with-python-3,371874
/txt736/notebookcb7076126d,371704
/threecifanggen/notebook50d4adb302,371715
/superoil/test-submit,371724
/veetil09/playground-titanic-dataset,371646
/airalex/test-on-svm-tf-idf,371516
/petaloso/titanic-test,371563
/lasisioo/prepare-data,371504
/ddzsotjan/titanic-analysis-omar,371492
/bobur554396/titanic,2336027
/winovexon/titanic-prediction,371458
/raazesh/isis-tweets-via-apache-spark-s-data-graph-frames,371475
/shankarpandala/multiclass-classification-using-mlr,371345
/lamdang/explore-data,371326
/etherqua/exploratory-data-analysis-of-bosch,371416
/kensei/yet-another-scratchpad,377046
/noronha1978/soccerdemoscript,1275932
/nkdxczh/test-py,371323
/petaloso/myscript,370966
/brassmonkey381/reading-rows-test,370862
/christiebeauchamp/abcde,1422422
/balakesavan/titanicbalakesavan20160921,370780
/lyonneu/arsen-s,370665
/a1ibeyram/integer-squence,372489
/masayukixhirose/linear-model-with-pca,370596
/haoyangrice/surviving-titanic,379909
/dbradley/imdb-exploration,370472
/benhamner/demo-asdfasdf,370455
/overratedgman/quick-start,374690
/leapoahead/titanic-run-through-ii,371712
/rdcolema/titanic,370066
/xealits/python3-notebook-on-digit-recognition,369886
/flysamc/learning,369870
/loicge/myscript,376540
/mikaelhuss/notebook313d903eee,369595
/thomashan/kobe-bryant,414702
/pankajmishra/titanic-sinking-revision,369446
/jeffmoser/another-test-notebook,369409
/dineshr/notebookb1e5324c8f,369394
/leima137/correlation-analysis,369183
/icecreamot/redhat-v22,369243
/zhhtc200/my-notebook,368725
/dvirts/visualization-test,368755
/cl3ntist/trying-to-compress,368626
/kaloyannikov/interpolation-randomforest-without-people-csv,368590
/sonder/sonder-titanic,368505
/thomashan/initial-kobe-bryant-kaggle-challenge-notebook,368388
/seandot7/mnist-test,368461
/martydertz/variable-importance-boost-regression,368084
/shankarpandala/notebookd0e3b5e82e,367991
/matthewshirley/house-prices-test,367917
/yoyocm/classifiers-push-your-hands-up-to-vote,367922
/ybping/digits-recognizer,371175
/gpernelle/example,367670
/jameslawlor/ridge-vs-lasso-vs-elasticnet-regression-models,367593
/magzhan/mini-test,367574
/mstk344/titanic,367480
/acyouzi/simple-feature,534727
/tnhabc/keras-cnn,368231
/jc5000/titanic,367243
/weirdpaper/hiddd,368278
/froghop/dog-cat-kernel,367151
/mothiki/mytitanic,367079
/lorz3l/test-bosch-200-000,369690
/joelmateo3/prueba-titanic,366949
/acyouzi/features-extract,367247
/mjalajel/jalajel-titanic,366797
/solomonroberts/solomon-tips,366807
/solomonroberts/solomonscript,794836
/magzhan/second-script,366609
/k8280627/pokemon-spawn-prediction,368435
/expectopatronum/pokemongo-spawn-map,366644
/piscab/classifying-narratives-with-temsorflow,366431
/wawanco/unskew-data,371913
/pm1729/redhatbusinessvalue,366409
/jeremysilver/first-shot-at-titanic,366262
/ssmeoz/ascsdsd,366229
/elvinouyang/notebook11db721cff,366052
/srauan205/digit-recognising-task,366023
/nguyentam/santander-classification,365984
/dvirts/test-kaggle-notebook,365936
/wawanco/discovering-house-price,365839
/zaimmusa/monthly-stats,365756
/sadeghjokar/decision-trees-sj,365905
/rvsandeep/exploring-house-price-dataset,365639
/liujingyang/notebookdb1ef213ac,365553
/isaac7/explore-data,365416
/takuyasakaguchi/first-titanic-notebook,365351
/narenm/movie-metadata-analysis,365268
/aagundez/reliability-test,365200
/colintb/test222,365147
/colintb/explore1,365136
/colintb/testfsdf,365118
/ddoice/first,365051
/boomanaiden154/k-menas-clustering-algorithm,370336
/ono619/plane-crashes,364738
/ksvbist/dog-vs-cat-classification-using-cnn,364591
/wayneho/the-first-try-digit-recogniser,364472
/milktse/notebook3e938237b0,364374
/userad/keras-learn,364362
/taylornelson/haus-pricing,377088
/nomanvb/convert-dd-mmm-yy-to-r-date,364129
/anu2analytics/crimecontourmap-r,363939
/jwshane/exploratory,363820
/marcolinodev/titanic-with-dataquest-help,365388
/rvsandeep/house-pricing-predictions-an-experimental-study,363435
/kallar/myfirsttry,363446
/dpinte/playing,363354
/ending/boring-stuff,363301
/darioperalta/simplest-eda,363555
/idenzo/mnist-tryout,363127
/maddynit/jjjjjjjjjjjjjjjjjj,363120
/sankethmopuru/how-to-name-your-child,363114
/shahil93/redhat2,364222
/rshpeley/test-notebook,362654
/dataspeaks/soccer-db,362550
/jmac1290/ieeg-model-development-and-training,362439
/kthxbayes/test1,362173
/bigo777/exploring-data-1,364771
/ischmit/440asst1,364138
/sidselpn/test1-0,363371
/wurbgurbl/poking-at-the-data,361948
/dreamflasher/titanic-test,363140
/yashk2810/submission,361671
/damleadwait/firstscript,361455
/vakor50/my-first-script,361428
/humchuckaninny/bosch-test-1,361389
/chermawan/leaf-classification-v1,361286
/potterxu/leaf-classfication,361352
/plombardi/test-pl,361555
/rluethy/plot-data,361200
/sahpat229/minneapolis,361166
/ihatepeople/check-example,360992
/gaurav1207/digit,360968
/krisht/spaceex,360964
/sastry75/predicting-red-hat-business-value-new,360944
/lilixu/random-forest,360935
/taylornelson/different-leaves,360903
/droogs/seizure-prediciton,360892
/affemitwaffel/mnist-test,360829
/anantgupta/python-data-analysis,360740
/meetshah1995/cnn-using-tensorflow,360953
/chao2016/lalala,360693
/nathaniel/bosch-python-3-starter,377475
/solomonk/xg-tests,360663
/jeffsd/titanic-essaie-1,360619
/kaloyannikov/data-cleaning-and-random-forests-python-2-7,360618
/bissben/notebookbb3327db5d,360530
/mpradyumna/exploration-in-r,360497
/beljul/digit-recognizer,360476
/buujunyip/rubish,360548
/jahchaisang/testing-python-notetbook,360416
/nani233/summary-of-features,371825
/bluego84/test-test,360326
/datacanary/test-redirection-when-editing-notebook,360273
/sunnyrain/test-for-steve,361852
/jonathanbechtel/setting-sail-on-the-rms-titanic,360771
/sahildur/mnist-predicted-neural-network,360940
/stylusfrost/aprendiendo-de-titanic,367024
/itsmeumesh/initial-v1,366944
/anmolgarg703/testing-script,359689
/sastry75/predicting-red-hat-business-value,359776
/dingyuyang/trykanngle,359647
/hskksk/people-cluster,368759
/tomorrowready/titanic-dd-1,360614
/consamk/seizures,359359
/sabiipoks/swedish-bank-interest-rate-vs-inflation,359310
/ljofre/principal-components-analysis,367735
/ferrarisf50/leaf-classifier,359273
/hulaman/testtitanic,359260
