/samriddhac/toxic-message-classification,3799085
/dgridokada/trackml-problem-explanation-and-data-exploration,3798626
/jason1112/presentation-by-jason-fu,3808702
/nayeebrashid/kernel4ef35507cb,3794572
/yacropolisy/fork-of-random-forest-test-for-learning,3794338
/endlesslethe/siwei-house-prices,3793289
/jasmeetkaur/my-first-notebook,3792560
/treiff1/titatnic,3791189
/danilopena/identify-the-contrast-using-cnn-lenet,3790005
/pirateshadow/sentiment140-neural-network,3792716
/jayasai5/qa-system,3792338
/shilpil/quora-question-pairs,3784707
/pollenjp/kernel4a11dd87e8,3877514
/ariesduanmu/titanic-work,3785038
/clatence/learning,3781861
/nayeebrashid/kernelaaee6b63ac,3781585
/biswam87/biswam27052018-data-exploration,3781256
/vp00507210/datascienceexploration,4684675
/ptraveler/open-data-project,3782656
/hyliss/gun-violence-usa-beginner,3778720
/pirateshadow/tensorflow-mnist,3786554
/portudo/xception-network,3775093
/arkhampriest/credit-fraud-detection,3773964
/shailesh221992/usa-name-data-kernel,3772931
/hachemsfar/international-prediction-challenge,3775060
/mshokry/mnist-digital-recognizer,3771532
/yumengshan/stacking-tatanic,4517362
/wesphily/79-need-your-help,4054533
/sahilgupta5/python-in-one-hour,3767375
/ashukr/towards-the-statistical-analysis,3892599
/adkinswx/as-with,3776213
/jiuzhang/aicamp-week5-session3-face-cluster-answer,3763556
/certen/wine-trials,3762084
/thousandping/emnist-dataset-byclass-88-08-accuracy,3780685
/fourbic/e-africa-mobile-cellular-subscriptions,3759718
/navya1099/kerneld2b09663b8,3815602
/ravihela/titanic-survival,4932937
/nnaoufal/creating-reading-and-writing-workbook-a491fd,3749726
/ham9615/perceptronbasic,3747817
/shivazi/breast-cancer-detection,3747045
/dpramanik/prediction-of-future-sales,3746846
/mohit555432/summary-functions-and-maps-workbook-8dc05f,3744846
/gowthamkumar/kernel0e9f031e1c,4628251
/orcahmlee/summary-functions-and-maps-workbook-88128a,3743676
/orcahmlee/summary-functions-and-maps-workbook,3750345
/danieleewww/heng-ck-s-dbscan-lb-0-3745,3814092
/nnaoufal/creating-reading-and-writing-workbook,3749782
/sonalsavaliya/my-first-machine-learning-model,3764537
/suncor/preliminary-data-cleaning-with-python,4290294
/valiantkevin/multinomialnb-spam-detection,3737311
/ayush0510/comparing-random-forest-pca-and-knn,3736124
/satwikdondapati/sentimental-analysis-movie-reviews,3821713
/hamzamoudnib/donorchoose-complete-eda-time-series-analysis,3735531
/aljannico/ads-whs-quicksort-variante,3735348
/kumaramitt/eda-insights-beginner-s-level,3733425
/chezydan/kernel777b7c7c5a,3732042
/val3020/test-test,3730356
/marglit/a5-sleepy-tv,3823548
/tjnhlapo/thabo-nhlapo-1st-data-science-tut,3731765
/arjunstg44/rnn-to-learn-book,3727016
/stephaniehudson/girls-who-code-workshop,4885556
/danielthu/kernel65c2282e51,3725142
/mrfibeuth/kernel34ef823a4c,3724895
/shin2ro/list-installed-packages,3719052
/alexgazagnes/btc-and-ml-first-date,3715712
/ankitbhowmick1989/hr-dataset,7325467
/evlizashel/machine-learing-project-unsw,3792818
/joshcarty/command-line-downloader-threading-size-restart,3708358
/itsekhmistro/kernela452022d47,3708351
/karthikreddie/predicting-the-functionality-of-waterpoint-using-r,3706391
/seesea0203/1-10-logistic-regression-homework,3706252
/mkuczak/iowa-housing-ml2-6,3704893
/yu0jing/tensorflow-lesson-8-5,3704316
/yu0jing/tensorflow-lesson-8-4,3704300
/yu0jing/tensorflow-lesson-8-2,3704263
/yu0jing/tensorflow-lesson-8-1,3704232
/dhairoot/tf-mnist,3711748
/mitusha/kernel1232462143,3700466
/apuayush/distracted-driver,3700807
/mannu2025/titanic,3699450
/nairitbanerjee/deep-learning-from-scratch,3698565
/yumengshan/digitrecignizer,3713599
/ypzhangsam/statistical-homework-8,3698403
/saurabhrathor/firstchatbot,3777303
/ashukr/my-ridge-regression-against-scikit-learn-s,3697511
/powerformarc/renaming-and-combining-workbook,3696502
/pragadesh06/who-could-be-the-safe-lender,3706431
/mkuczak/iowa-housing-ml2-5,3695509
/hamzakiyani43/deep-learning-tutorial-for-beginners,3694009
/smurgs/exoplanet,3694030
/killerbeer/titanic-data-science-solutions,3693555
/killerbeer/start-with-titanic,3693554
/killerbeer/first-notebook,3693471
/jsemer/grouping-and-sorting,4631694
/alexds2017/data-cleaning-challenge-inconsistent-data-entry,3693454
/alexds2017/data-cleaning-challenge-character-encodings,3693350
/alexds2017/data-cleaning-challenge-parsing-dates,3693164
/jamesdqp/bitcoin-101-bitcoins-and-detailed-insights,3692939
/jamesdqp/data-sciencetutorial-for-beginners-jamesdqp,3692873
/alexds2017/data-cleaning-challenge-scale-and-normalize-data,3692984
/currywurscht/klassifizieren-mit-nearest-neighbor,3810967
/kfkabdg/summary-functions-and-maps-workbook,3691033
/thegambitier/machine-learning-level-2,3691237
/seesea0203/aicamp-decision-tree-exercise-2,3694460
/engurdamar/predict-vote,3689941
/aa1ds2d3f/my-first-model-for-kaggle,3690188
/tesleax/prediction,3689803
/byschii/how-to-import-keras-vgg16,3688824
/reinwzhang/aicamp-decision-tree-exercise-2,3686723
/browallia/the-first,4848474
/jainamit333/linear-regression-using-tensor-flow,3686013
/seesea0203/aicamp-decision-tree-exercise-1,3686779
/ripudamansingh/manipulating-data-with-the-tidyverse-workb-86d4d5,3685637
/jahoadley/welcome-to-data-science-in-r-workbook,3693143
/jamesdqp/select-from-where-jamesdqp,3685283
/jsemer/summary-functions-and-maps-workbook,4631675
/dviabhav/mice-protein-analysis,3691707
/smartmaz/data-types-and-missing-data-workbook,3683129
/mrashik/activity-distribution-problem,3682852
/limitpointinf0/eda-on-global-climate-change,3683860
/smartmaz/grouping-and-sorting,3682415
/mandyedi/data-types-and-missing-data-workbook,3682891
/medmond78/team-ballard-titanic-exploration,3694403
/adityaxv/my-first-machine-learning-model-93a0f2,3705000
/jsemer/indexing-selecting-assigning,4631664
/jpayne/assault-and-high-temperatures,3681215
/jsemer/creating-reading-and-writing-workbook,4631652
/polly7451/welcome-to-data-science-in-r-workbook,3688446
/ariesduanmu/submitting-from-a-kernel,3680797
/rafalpronko/ga-feature-engineering,3680340
/fhshawon/the-american-steel-problem-for-the-pulp-modeller,3680790
/wjsutton/digit-recognition-in-r,3786636
/rumaisaahmed/a-worker-scheduling-problem-roll-16-34-46,3680724
/antoniopieri/house-price-prediction-ml-concepts-notes-pt-1,4051046
/joytunnisajoti/a-worker-scheduling-problem-roll-16-34-46,3680704
/itoeiji/strength-analysis-using-bayesian-models,3680477
/jakir03/job-scheduling-roll-14-20-30-47,3679525
/jakir03/job-scheduling-roll-no-14-20-30-47,3679509
/parvezrh/production-and-supply,3679139
/imgurnoor/exercise-modeling-from-scratch,3678979
/thegambitier/machine-learning-level-1,3683257
/shahriartanvir/kernel54192fa7a5,3822158
/sujoyde/avito-demand-prediction-exploration,3830064
/mandyedi/summary-functions-and-maps-workbook-3023c4,3676960
/mandyedi/grouping-and-sorting,3676826
/thegambitier/data-cleaning-challenge-handling-missing-v-81dfae,3676752
/iarunava/exercise-dropout-and-strides-for-larger-models,3676676
/ayushexel/my-first-machine-learning-model,3702275
/iarunava/exercise-modeling-from-scratch,3676635
/adrian1acoran/fork-of-pi-3-1415,3675495
/imgurnoor/exercise-using-transfer-learning,3675445
/desininja/multiclassclassification,3675143
/vishallearnpython/pandas-creating-reading,5075872
/gravc91/titanic-deeplearning-ofg-r,3674725
/goomba16/ridge-fmftrl-solution,3674705
/reinwzhang/ai-camp-decision-tree-ex3-complete-version,3686433
/desininja/costfunctioncode,3674351
/imgurnoor/exercise-coding-in-tensorflow-and-keras,3674385
/suwandidwis/my-first-machine-learning-model,3686840
/imgurnoor/exercise-convolutions-for-computer-vision,3672501
/dsuservt/titanic-prediction,3817945
/suryavanshi/programming-in-tensorflow-and-keras,3724869
/mandyedi/summary-functions-and-maps-workbook-12feaf,3672086
/smartmaz/summary-functions-and-maps-workbook,3671525
/brianjikim/credit-card-fraud-detection,3722288
/nairitbanerjee/transfer-learning,3678134
/nairitbanerjee/programming-in-tensorflow-and-keras,3669949
/iarunava/exercise-data-augmentation,3670136
/iarunava/exercise-using-transfer-learning,3668852
/nbuhagiar/nlp-in-r-topic-modelling-workbook,3669018
/jukaggle/running-kaggle-kernels-with-a-gpu,5376377
/mkuczak/iowa-housing-ml2-4,3668227
/imgurnoor/fork-of-handling-missing-values,3826281
/sammdl/manipulating-data-with-the-tidyverse-workbook,3774663
/arthurogee/data-cleaning-challenge-parsing-dates,3721530
/iarunava/exercise-convolutions-for-computer-vision,3665902
/chandraroy/handling-missing-data,3666102
/arthurogee/data-cleaning-challenge-scale-and-normalize-data,3665824
/shuxtelinsky/data-cleaning-challenge-handling-missing-v-780f02,3665277
/ramesh3remo/jetaking-anlysis,4297069
/sammdl/fork-of-welcome-to-data-science-in-r-workbook,3665690
/alaahamzah/kerneld62fe542ce,6084164
/kentaasvang/summary-functions-and-maps-workbook,3666209
/arthurogee/data-cleaning-challenge-handling-missing-values,3665235
/lynnmiller/mmmm-chocolate,3666228
/vishalag/resnet50-first-attempt-for-large-dataset,3664415
/baninaveen/starting-your-ml-project-b09825,3665428
/mqayyuumh/my-first-machine-learning-model,3697258
/jiayu1551/chatbot-p1-p4,3660477
/redfeather/comprehensive-data-exploration-with-python-1df97a,3660269
/kehlinswain/kehlin-personality-types-with-ml,3660294
/nalinc/27-ai-the-present-and-future,3660080
/nalinc/26-philosphical-foundations,3660071
/nalinc/25-robotics,3660048
/nalinc/24-perception,3660035
/nalinc/23-natural-language-for-communication,3660014
/nalinc/22-natural-language-processing,3660000
/nalinc/21-reinforcement-learning,3659968
/nalinc/20-learning-probabilistic-models,3659956
/nalinc/19-knowledge-in-learning,3659939
