/freemanchan/notebook70b3c20977,1313364
/smurer/notebook9f043dd861,435845
/thomascrough/notebook8d7c7f49e0,437170
/burtoncs/notebook581423805e,435672
/dinhjeffrey/random-forest-with-feature-selection-0-95-accuracy,435719
/crazyelf/a-journey-through-titanic,436031
/wcukierski/notebookf33f2b0860,435502
/overenthubuddha/ipl-utility-code,437144
/lorbra/notebook20909bc1e5,435037
/science4fun/notebook9905e4f6ea,435027
/dalviprasad/notebook6ea36fc8a8,434960
/benybrahim/notebooka5765b3dfb,476395
/harveygocuay/team-s-style-of-play-vs-team-s-win-record,441335
/joygarfield/notebook6464df10cb,434666
/taeheekim/notebook89f44beb08,434263
/prabhubct2/visualizing-total-payments-across-states,434188
/czttcztt/notebooke0602aa3ff,434153
/mdbmilkov/date-exploration-and-train-test-split,434296
/julienpantz/notebookaf3c0ec02f,434074
/dchudz/notebook15e08c9245,433947
/wcukierski/notebook1e8fa72930,433987
/jychstar/video-games-analysis,515791
/pdraznik/notebooked11ce2148,440095
/ismailej/notebookabe5bbe8b9,433758
/ajchatts/notebook8ead5d68cd,432607
/user123/notebooke71973b226,432563
/sbusisomkhondwane/notebookcd85ef6ddf,432533
/otblearn/notebook4c6879f8a2,432489
/jorgevalhondo/notebook2da05eaf9a,432417
/sbusisomkhondwane/notebook7018220861,432547
/jweber/notebook7388d9d274,432305
/momentaj/notebook92d87abf1a,432292
/sangeetha6/notebook1578e97737,433698
/danjiao/notebook8cc1acec1a,432182
/evanzd/notebookbeaee9f348,431833
/hallelujah101/notebookfc9a4c8f10,431514
/abdsh91/detailed-cleaning-visualization-python-6406b541,431492
/lisanurfauziyya/pikachu-vs-bulbasaur-matchup,7206096
/vikasjce/notebookffb4a41048,1334010
/indralukastjahaja/notebook5130496cd4,439156
/yuerlong/notebooke7413ae8fc,446049
/miyamamoto/python-xgboost-starter-0-209-public-mcc,431785
/nitinahuja/notebook39ac9fea4d,431086
/mcf171/notebookb0a53957ff,431059
/bharath25/firstkernel,862493
/saeedansary/notebook08e99ac067,430872
/kendallgreene/notebook16f6f9f6f8,430803
/wathteam/notebooka25a707c14,438671
/heathens/notebook32e4e88cd9,430688
/cyndis/notebook7ecb4a0a39,430759
/nikhilkhandelwal/in-depth-analysis-of-machine-learning-algorithms,430565
/iakolzin/notebook5dc84bcbdf,441649
/iakolzin/notebookfda7e2e5c2,430466
/paugustinsky/could-the-titanic-have-been-saved,437998
/mroverlord/notebook36ca49b6b6,432483
/renjithmadhavan/notebook8ce295510e,430406
/martinmanga/notebook312262d96f,430287
/shuai2/notebook52ec0a9ae1,430270
/midhun/notebook29d822fcb6,430268
/heleneh/notebook17616db3b7,430059
/drdoot/notebook4bad70d246,430018
/vielauge/notebooka81a3034e9,429972
/aiswaryaramachandran/notebookca6a468f97,429923
/vivek0/notebook0dc2f25ad5,429751
/shopeth/detailed-cleaning-visualization-python,429672
/chenfenghui/explore-the-polls-3cab52cf,429657
/cheulwon/notebookbaba292f5a,429633
/chenfenghui/notebook8b06a4d907,429573
/xliang1993/notebook109d757e0e,429558
/shuai2/notebook528ef93c57,429552
/roughwin/a-journey-through-titanic,429536
/ashubhargave/notebookd69d1cc0c8,429530
/rjwoon/notebook5fea6d46d6,429512
/rong22222/notebookf5dfa33062,429501
/parminder1/house-price-prediction-part-1,430196
/kortex/a-journey-through-titanic,429488
/pranjaypatil/notebookc7f27d830c,429472
/moshams/a-journey-through-titanic,429466
/mwransky/notebook03f3a37e8c,429459
/sunny25/notebook4e7e1f152a,429455
/taenareus/notebook7f31f097e6,429412
/chessmate/phillip-s-first-notebook-in-kaggle,429376
/dingran/notebookdc9ba36284,429366
/jmbeck/notebook68d05798e4,429358
/test001/notebook22bc974e38,430732
/zhenbangli/outbrain-eda,429336
/ed1229/exploratory-study-on-ml-algorithms,429403
/reinholdsson/notebook8b1507078e,429318
/stasi009/notebook0c19bb7676,429297
/manasgarg/notebook37c4dbd6ec,429279
/lokullus/notebook0ea338e862,429233
/tfl1993/notebookdba2d79ec9,429203
/gdyno7/notebook735aaff3dd,429184
/alexkeenan/regularized-linear-models,436926
/thiruvengadamkalai/notebook638109edee,429163
/kinsly/notebookacbe05c70c,429162
/amaactstat/notebook631125bb36,429158
/emtwelp/notebookac0ab8fd9e,429149
/edmwanza1/notebookdd0ff49dcb,429117
/bananamuffin/notebook43a9ed7c7a,429107
/petershenxdf/notebook6ee5ac8a4c,429097
/vkp4093/prediction-of-imdb-scores,434041
/jangskrits/notebook522192b2c3,429062
/singhster05/notebookdcf20a57f7,429059
/shrikar/notebook36a42edc21,429058
/gejose/notebook5f4ce47271,429038
/vgandra/notebookcb1ccfc720,429036
/faustus/detailed-cleaning-visualization-python,429020
/txtrouble/notebookd37ab92bd9,428998
/pangyifei/learning-pandas-follow-by-experts-i,428981
/kazmi001/exploratory-tutorial-titanic-disaster,428979
/jacobnaylor/notebook3f6a931c04,428977
/dvigneshwer/notebooke8ffa721b2,428975
/txtrouble/notebook2934135870,428970
/thtsai/notebook31494da20d,428921
/fpolimen/notebook3338edca01,428916
/shrikar/notebookfb4736eaea,428913
/najib90/how-much-sugar-do-we-eat,428912
/bolang88/notebooke64522a6f7,428906
/akaakaaka/notebook5682d30c25,428886
/sharnam19/notebook558874dc97,429760
/belov38/notebooke499b9b0ad,428785
/pranavsachdev05/notebooka831ab9611,428780
/doketawong/notebookbedce3a784,428771
/peiying15/data-exploration,428741
/sundarssn/simple-video-game-sale-visualization,428727
/rodrigopalhares/notebookc0a8f68027,428676
/mortenpedersen/notebook6646293f27,428675
/frwjxwx/svm-pca,428669
/keerthana15/notebook8e5c3e16fb,428647
/llbestmvp/notebookc6626dc033,428798
/andresgv/notebookbf306fe6be,428641
/rdekou/a-linear-model-on-apps-and-labels-f76dc769,428718
/ruchii/notebook0a114efaee,429820
/jfamulare/notebook03e9fe9bff,428511
/eminik/notebook5230962d29,428507
/eminik/notebookb3e3806053,428493
/dphiggs01/notebook785117ed8c,428491
/ruoqing/notebookc7fb9a1332,428488
/zhangshimeng/notebook644cf9279c,428486
/m4ldonado/notebook298d620d4e,428480
/tianzeliang/notebook1d716e97c3,428459
/johncenzersr/notebook2b43235b4f,428453
/jasonq/notebook0fa01415c1,428450
/macalimlim/notebook5fff81bc7c,428433
/sharathchandrak/notebook07fc71fa4a,428428
/jameszhou92/notebook3ada09b725,428496
/acejoker/tensorflow-on-iris,428426
/bvi1994/notebooka1beb65e0b,428408
/wielkiszu/dataset-walk-through-911,428416
/nineties/notebook3ea36dfdd1,428396
/nineties/notebook03ad77651c,428388
/jlafaye/notebook318dc478c0,428386
/chanishagarwal/python-data-visualizations,428377
/dmtewari/notebook622932b348,428372
/pangyifei/notebook84591f5a89,428795
/prakashshetty/notebook80bfec568c,428303
/cklwankaggle/notebook286cb1d54c,428282
/anwitttmann/are-we-more-likely-to-survive-a-crash,428279
/birolkuyumcu/trying,428263
/pshall/notebook0c49cf59e6,428240
/just2sam/notebookcab8e694d4,428239
/ayushe/notebookeb63387077,428237
/cklwankaggle/notebookb71f5f6d23,428186
/gologer28/notebook22472ed4bc,428175
/pratapdangeti/notebookfdab4246fc,428173
/jiipeen/notebook80430dd35f,428172
/jlima21/notebook904ada9c70,428149
/rdekou/geolocation-visualisations,428131
/briange1997/notebookf71666151b,428126
/psaadbye/shopfloor-visualization-2-0,428116
/vivek0/notebook807001c8d4,428088
/johnbi/notebooka053f87bfe,428080
/crisscross8/notebookff26c6636e,428062
/sovannt/notebookf2274f71d4,428052
/gologer28/notebook63701a82ca,428018
/dreamcatcher96/tensorflow-deep-nn,428011
/ruelemon/tensorflow-deep-nn,428000
/rrkc00/notebookcb82c7c7d4,428072
/erikxiang/notebook39cae31660,427989
/premnathkn/python-data-visualizations,427982
/fenfen/notebook745d7b2f06,427975
/johnbi/notebook6f82fd6100,427951
/pshishkin/notebook5d0423b0ee,427936
/areuben/notebook1dde7762f0,427923
/lachjames/notebook4342b01892,427931
/monkeyzxr/notebook72b5cf6ff6,427896
/yugal9/notebooka7897dfbd1,1000853
/vunnam/sample1,427882
/kiranganji99/notebookd9fa5e7268,427878
/wonhee/notebooka0f06a3e21,427876
/halstead/notebookf3cf3b06c1,427874
/qiyuanzh/titanic-first-neural-network-approach,427868
/amoeller/python-data-visualizations,427858
/gamma831/notebookb3450270a8,427856
/akshitis/notebook62b7f597c3,427848
/sharnam19/notebook5727f47830,427838
/balamanickam/notebookd64fae1b20,427827
/libertylidz/python-data-visualizations,427817
/cklwankaggle/notebookb4d6edc78c,427807
