/jiegzhan/feedforward-networks-using-tensorflow,2676149
/anjaneyaprasad/exercise-modeling-from-scratch,2676486
/sumanthrao/linear-reg-and-rf,2675763
/shravan3273/quality-of-wine-with-regression-tree-methods,2676542
/botatu/terrorism-around-the-world,2675040
/jiuzhang/decision-tree-exercise-3,3272221
/jiuzhang/decision-tree-exercise-3-complete-version,3272095
/barcelosleticia/titanic,3185843
/pbnjeff/trainingdata-prefix-exploration,2683261
/octave86/practice-sql-scavenger-hunt-day-4,2673089
/iamchanchal/sql-scavenger-hunt-day-3-chanchal,2677930
/pbnjeff/donorschoose-resources-exploration,2796692
/arorarajeev5/library-sqldf,2675806
/bastienwinant/predicting-ncaa-march-madness-winners-women,2672174
/virajbhalala/bag-of-words-meets-bags-of-popcorn-char-embedding,2680558
/chainscience/credit-card-fraud,2671595
/luizerico/kernela0071d3407,2671294
/lucifer19/btc-price-predicition-prophet-python,2671143
/jiuzhang/decision-tree-exercise-2,2671378
/devahmad/house-prices-test,2676051
/incognito124/top-40-in-first-try,2670104
/sivpee/machine-learning-titanic-sivpee,2669298
/anjaneyaprasad/exercise-data-augmentation,2671504
/yjadhav/arabic-handwriting-recognition,2668890
/shravan3273/head-start-to-data-science-with-regression-problem,2669875
/anjaneyaprasad/exercise-using-transfer-learning,2667393
/anjaneyaprasad/exercise-coding-in-tensorflow-and-keras,2666993
/cornhedgehog/iris-example,2668292
/anjaneyaprasad/exercise-convolutions-for-computer-vision,2666698
/swaminii/house-prices,3524224
/cbleone/selecting-and-filtering-in-pandas,2666166
/wsogata/mnist-keras-w-tf-backend,2666334
/cbleone/my-first-machine-learning-model,2665981
/vmhatre7686/anova,2801925
/manibhask/data-exploration-and-predictive-modeling,2665676
/qiuping11/testing,2665192
/shuangwu/hello-world,2665223
/edronald7/wids-ytef,2664507
/ostaski/partial-dependence-plots,2794196
/ankitaguha/replicating-did-i-do-that-paper-analyses-with-r,2663673
/saeddaoud/the-spanish-league,2714058
/dariaolbinska/my-first-machine-learning-model-4cdd01,2758704
/ketakib02/sql-scavenger-hunt-day-5,2664374
/swapu260/kernelb8955cbd57,2663295
/ccarlsen/disaster-learning-ml-from-the-titanic,2743044
/zachdunkerton/position-and-similar-player-predictions,2663405
/clare3/titanic-wrangling,10042587
/delasupreme/kernel32343a7f84,2661515
/nbuttoski/exercise-coding-in-tensorflow-and-keras,2661739
/nsaravana/iris-logistic-regression,2660739
/backtosept/titanic-data-science-solutions-488442,2660877
/nsaravana/iris-data-using-naive-bayes,2661370
/sunmarkil/sentiment-analysis,2661561
/nsaravana/svm-iris-data,2660575
/nsaravana/svm-hyper-plane,2660615
/sampath1310/sneak-peek-into-data,2660341
/diwas13/dog-breed-identification-using-extended-lenet,2668393
/biohazzzard/gridsearch-and-randomforest-feature-reduction,2687723
/arunkumar413/youtube,2736276
/rachms/sql-scavenger-hunt-day-5,2658869
/ksrinivas02/shopping-for-insights-favorita-eda-c62c1e,2657302
/mwj351878605/house-prices,3634031
/jiuzhang/decision-tree-exercise-1-complete-version,2656972
/jacktorrance/testing-input-files,2656955
/jiuzhang/decision-tree-exercise-2-complete-version,2671522
/che2011/86-accuracy-on-random-forest,2656235
/carrie1/world-bank-poverty-and-equity-starter-kernel,2656750
/dm402ml/sql-scavenger-hunt-day-5,2656866
/ernestosperanza/sql-scavenger-hunt-day-5,2655544
/motoakiy/notebook-day8-yamazaki2,2655350
/denshi421/work-ver-8,2655094
/jayhan/gs-titanic-data,2654999
/damienbeneschi/interactive-visualization-bokeh,2654703
/zhangrui19950516/an-interactive-data-science-tutorial-c9d176,2654297
/zhangrui19950516/an-interactive-data-science-tutorial-359a4c,2654024
/pete2881/sql-scavenger-hunt-day-2,2654416
/ostaski/learning-to-use-xgboost,2663826
/ernestosperanza/sql-scavenger-hunt-day-4,2653336
/mpolena/exercise-joining-data,2653269
/skooch/decision-tree-for-mushrooms,2658525
/ddyyxx/nlp-test1,2694285
/ayushpatidar/prediction-and-removal-of-correlated-feature,2650918
/jatinbalodhi/chocolate-bar-ratings,2651707
/kumaresanmanickavelu/minst-with-keras,2650740
/amirkeren/lstm-with-dropout,2760970
/jokingpoet/decision-tree,2648669
/shravan3273/credit-approval-model-using-decision-tree,2649137
/nomanmulla/house-price-prediction,2965717
/tsweedie/claimpred,2650149
/l0ginx/sql-scavenger-hunt-day-5,2648752
/ryanmarfty/fish-vgg-attention1,2856896
/hamzafar/forecasting-with-lstm,2647549
/pratjain/sql-scavenger-hunt-day-3,2700062
/ml210introstudent/ml210introstudenttitanic,2647833
/greenback200/titanic-competition-infsci-2725,2646414
/nuoyizhu/exercise-dropout-and-strides-for-larger-models,2646015
/jiuzhang/decision-tree-exercise-1,2661612
/nuoyizhu/exercise-modeling-from-scratch,2646017
/nuoyizhu/exercise-data-augmentation,2646083
/nuoyizhu/exercise-using-transfer-learning,2646047
/woaiyong710/a-head-new-start-for-data-scientist,2645627
/nuoyizhu/exercise-coding-in-tensorflow-and-keras,2645332
/nuoyizhu/exercise-convolutions-for-computer-vision,2646075
/lespin/mltl2,2649355
/octave86/practice-sql-scavenger-hunt-day-3,2672595
/charlieking/sql-scavenger-hunt-day-4,2643987
/utkarshdeep/survivor,2643535
/ernestosperanza/sql-scavenger-hunt-day-3,2644413
/tacacs1101/sql-scavenger-hunt-day-4-7d236e,2644084
/ketakib02/sql-scavenger-hunt-day-3-53988f,2643197
/mpolena/machine-learning-model-part-2,2642703
/robeceiro/predicting-fraud-with-tensorflow,3030577
/barelydedicated/assignment-based-k-means,2657216
/mpolena/my-first-machine-learning-model,2642543
/tacacs1101/sql-scavenger-hunt-day-4-30fdca,2641896
/shravan3273/natural-language-processing-with-r,2648142
/scirpus/womens-genetic-program,3040745
/jiuzhang/decision-tree,2641615
/camillovit/starting-your-ml-project,2694673
/bharathikarthik/titaniclearning,2648662
/vkrahul/bitcoin-vs-bitcoin-cash,2640021
/sangyoonism/kernel4dc09f9955,2639313
/thec03u5/ensamble-and-max-nbsvm-and-tfidflr,2650842
/shravan3273/natural-language-processing-using-nltk,2641102
/bowendeng/housing-price-prediction,2638954
/ashwathshetty/kernel415903d6d0,2670745
/metafire18/titanic-data-science-solutions,2650873
/veredfish/kickstarter-eda-and-classification,2644121
/gertjac/first-exploration,2638587
/ktelegenov/ml-titanic,2639771
/faizunnabi/eda-startups-of-india,2639274
/shravan3273/head-start-for-data-science-with-claassifiction,3069301
/mattwills8/new-feature-exploration,2642166
/carlosreyes1/fork-of-titanic-dt,2637559
/ryanmarfty/dogcat-res50,2675704
/benetori/sql-scavenger-hunt-day-5,2637211
/chelseafang/sql-scavenger-hunt-day-5,2640289
/zonline14/sql-scavenger-hunt-day-5,2636450
/sathiis/kernel19b788f4f6,2636114
/mrinaldaryani/intro-to-kernels,2635977
/jumpingapples/linear-programming-practice,2635628
/benetori/sql-scavenger-hunt-day-4,2636699
/zonline14/sql-scavenger-hunt-day-4,2635385
/zonline14/sql-scavenger-hunt-day-3,2635027
/stinemon/cacao-analysis-with-python,2634503
/ernestosperanza/sql-scavenger-hunt-day-2,2634364
/jatinder8889/exercise-coding-in-tensorflow-and-keras,2634105
/ostaski/using-categorical-data-with-one-hot-encoding,2653279
/antonpysanka/sql-scavenger-hunt-day-2,2689482
/yunsikchoi/boaz-yunsik,2639206
/barelydedicated/hierarchical-clustering-mean-link,2634942
/muakherul/samu-exploratory-data-analysis,3177544
/tacacs1101/sql-scavenger-hunt-day-3,2633707
/charlieking/sql-scavenger-hunt-day-3,2633340
/josemendes13/risk-evaluation,2634937
/utkarshdeep/comprehensive-data-exploration-with-python,2636870
/antonpysanka/sql-scavenger-hunt-day-1,2633352
/pavelvpster/titanic-knn-pca-svm,2632265
/keshah/sql-scavenger-hunt-day-1,2632094
/jatinder8889/scikit-learn-ml-from-start-to-finish,2631735
/soumyarajkumari/kernel529113ffe6,2631655
/hyunkyung12/kernel19b52a1b29,2636773
/a0925053998/sql-scavenger-hunt-day-5,2631355
/danielfe/improving-on-a-tutorial-titanic,2631138
/kopfstein/world-happiness-report-data-analysis,2846969
/bkam235/sql-scavenger-hunt-day-3,2703394
/blitzunit/practise-newbie,2634448
/nikherverma/start-up-funding-using-tableau,2629954
/smartmaz/sql-scavenger-hunt-day-5,2629224
/sriharishpopuri/log-reg-threshold-value-vs-knn-vs-svms,2629096
/sunnynevarekar/keras-image-augmentation,2629471
/chelseafang/sql-scavenger-hunt-day-3-by-chelsea-fang,2629461
/zonline14/sql-scavenger-hunt-day-2,2628471
/pavanreddy1998/kernelae9dd70109,2632872
/ashu1461/my-first-machine-learning-model,2644552
/mhzero/my-first-machine-learning-model,2628601
/raiseup/kernel8b933e4bf1,2664584
/ikishan/day-5-kishan,2627809
/a0925053998/sql-scavenger-hunt-day-4,2631982
/hasanhasan/kernelec7af50ddc,2626902
/anushah1411/my-first-machine-learning-model,2625991
/ostaski/handling-missing-values,2633558
/mauropelucchi/comments-style-and-toxicity-plot-and-questions,2625164
/aselbakyt9/exploratory-analysis-rossmann,2624966
/sadiqhuq/visually-explore-data-with-pandas,2626892
/mlneo07/sms-spam-detection-using-naive-bias,2624334
/lizpund/sql-scavenger-hunt-day-5,2784585
/gregsmacros/baseline-random-forest-and-regression-models,2623826
/yahyatai/the-da-vinccode-naive-bayes,2623827
/delasupreme/sentiment-analysis-and-text-mining-speech,2623153
/zainatappslab/digit-recognizer-logistic-regression-mnist,2623260
/lehuyhunghedspihust/recommend-based-on-topic-cinnamon,2622889
/siyaotong/sql-scavenger-hunt-day-5-d61c39,2622895
/amankumar42/house-price-advanced-regression-technique,2622352
/ayushi09/how-models-work,2622236
/jackone1/titanic-data-science-solutions,2621424
/nitinp/sql-scavenger-hunt-day-3,2637251
/strongliu/cervix-eda-model-selection-f5ba66,2621035
/ikishan/day-4-sql-kishan,2627239
/riskyrisk663/top-startups,2620867
