/kerneler/starter-sancoesmg-ce215c23-0,10779884
/tzutingchen/a1-demo-pandas-and-uci-adult-dataset-c00a59,10780987
/by12358/tmdb-playground-useful-functions,10783127
/kerneler/starter-flowers-39c8f36b-a,10777626
/kerneler/starter-myapplication-876c0e94-0,10777400
/kerneler/starter-pnedcode-e73d9b75-5,10776482
/alexandrealvees/nba-status,10777417
/nagulapatianusha369/housing-price-prediction-lightgbm,10775297
/genivaljunior/titanic-competition,10773496
/burakkahveci/basic-analysis-of-graduate-admissions-data,10774016
/hamza01101000/playground-pfe,10772392
/oysiyl/107-place-solution-using-public-kernel,10776311
/jackhe0912/starter-crimes-in-boston-23e26d73-7,10771315
/isha21/starter-malaria-cell-images-dataset-6af225fd-d,10771267
/isha21/starter-malaria-cell-images-dataset-e3ca9e96-b,10770132
/learnmachinelearn/santander,10770795
/kerneler/starter-fooddataset-95efa5ef-2,10769167
/tensor2flow/soccer,10770387
/xianyu426/the-relationship-between-hdi-and-age-suicide-rate,10769322
/kozlowladimir/topic-2-visual-data-analysis-in-python,10769442
/kraken2404/neural-network,10768565
/isha21/starter-denver-crime-data-50410900-c,10768054
/kerneler/starter-tittest2-c68d154c-0,10767670
/vinayvk/starter-pokemon-weedle-s-cave-9c6769f0-0,10767280
/manojsaini/exercise-machine-learning-competitions,10772513
/kozlowladimir/a1-demo-pandas-and-uci-adult-dataset,10768316
/bashturtle/dropout-and-strides-for-larger-models,10767016
/anantha1976/starter-superstore-data-d2fe5fc4-a,10766664
/levant/a-step-by-step-quest-to-solution,10768088
/clare3/titanic-2019-notes-and-manual-editing,10772229
/ankiitgandhi/ditching-excel-for-python,10766026
/abhimanyuaryan/sgd-linear-regression,10765229
/srpatil/insurance-coverage-before-and-after-aca,10795896
/phillipheita/sub-saharan-africa-exploratory-data-analysis,10765230
/divay9sharma/starter-stanford-dogs-dataset-51e9e176-2,10764135
/kerneler/starter-tmdb-competition-additional-0a390987-e,10763894
/steve7an/prudential-xgb-boost-in-r-score-0-62377,10763919
/chhabraankur/track-ml-challenge-graph-analytics,10765333
/liuyd2018/120-dogbreeds-fast-ai-v3-lesson-1,10792288
/emrecavdar94/classification-algorithms-comparison,10804849
/pcarter/1d-cnn-for-bitcoin-prediction,10762177
/emrecavdar94/knn-kernel-to-detect-malignant-cancer-cell,10804937
/mahirmhd/iris-pytorch,10760699
/faezakamran/exercise-machine-learning-competitions,10760860
/faezakamran/exercise-random-forests,10759941
/amokrane/quora-classification-with-logistic-regression,10761793
/tanyildizderya/skin-cancer-data,10808233
/orcnhakan/first-homework,10775918
/jolly3/support-vector-machine-4,10759225
/sa110mina/titanic-ver1-0,10762934
/chitreshkr/creating-reading-and-writing-workbook,10762530
/lichen368/hw-classification,10762459
/mahirmhd/iris-tensorflow,10767218
/swappy123/support-vector-machine-3,10761642
/yuhaoyin/stats101a-classproject-tutorial,10759392
/swappy123/support-vector-machine-2,10761599
/kumaml/kuma-pubg-eda,10798723
/ryoyamamoto/2019-02-21-movie-sentiment-analysis,10764897
/swappy123/support-vector-machine-1,10761566
/jolly3/support-vector-machine-3,10758871
/jolly3/support-vector-machine-2,10758848
/kerneler/starter-highway-cctv-footage-images-30be3a70-0,10755535
/kerneler/starter-mpiotte-features-ff7dd8ae-d,10755406
/minhtc4/exploratory-data-analysis-iris-dataset-minhtc4,10759680
/zhenyufan/build-up-recommendation-system,10760251
/kerneler/starter-edleweiss-hackathons-8354e6cc-a,10755132
/kerneler/starter-edelweiss-hackathons-dataset-d8b8f0e4-7,10755089
/mhendrickson/introduction-to-the-bq-helper-package,10755216
/mhendrickson/safely-analyzing-github-projects-popular-licenses,10754948
/mahaboobunnisa/starter-google-play-store-apps-f5a12471-d,10754653
/adepvenugopal/selling-life-insurance-to-titanic-passengers,10757211
/kerneler/starter-gap-coreference-0654cd45-8,10753857
/kerneler/starter-gap-coreference-ecb294e2-e,10753729
/david89222/titanic-logistic-regression-model-with-r,10800866
/hafizurrahman/flower-classification-resnet50-transfer-learning,10754340
/jjvaca1/starter-nber-macrohistory-database-53ba3359-f,10752012
/liangbinghao/my-mask-rcnn-sample-starter-code,10757222
/mohittripathi/catboost-v2,10754734
/kerneler/starter-seattle-sdot-collisions-data-da605cfb-0,10750785
/jihunwang/kernel1f5744b16d,10750768
/pmucha/airbnb-listing-in-nyc,10771596
/dwightperry/week-6-r-multiple-regression,10754818
/someshkb10/cats-vs-dogs-cnn-classifier,10749566
/jmcslk/ballon-d-or-data-analysis,10749652
/kerneler/starter-week-6-84825c2e-3,10748814
/kerneler/starter-desligamentos-e6ac0c93-e,10748299
/nrr1509/nn-from-scratch-mnist,10768328
/diegopires/glo-7027-tp3,10748935
/du1mart/trabalho-desligamentos,10750800
/cyones77/are-variables-independent,10782504
/rahulvs94/sentiment-analysis-using-lr-and-linear-svm,10750852
/amalinow/word2vec-visualization,10776191
/by12358/tmdb-playground-exploration,10781050
/infoabhitech/market-news-data-xgb,10746184
/therohk/basic-feed-code-exploration,10784450
/serg132003/simple-convolut-nn-for-beginner,10777542
/ibacaraujo/indexing-selecting-assigning,10745704
/kerneler/starter-shop-9-05b6afe7-e,10772620
/joncol/stylegan-simple-face-generation-example,10745621
/zehaiwang/nlp-stackoverflow,10758741
/curlvin/exercise-functions-and-getting-help,10747099
/vjdivyansh/journey-to-quant,10794582
/kerneler/starter-license-plate-dark-darkflow-52de1c5d-2,10742170
/nageshanumala/boston-crime,10773732
/kerneler/starter-nba-playerdata-for-2018-2019-f06d6bc3-2,10740631
/kerneler/starter-wiki-2-49577e6b-3,10739655
/nallamothusumanth/fork-of-gesture-detection,10739657
/kerneler/starter-intel-data-scene-dd9b5ca1-1,10737890
/kerneler/starter-word2vec-reddit-medication-69601e3a-b,10737783
/dipam7/multi-label-classification-using-fastai,10751513
/kerneler/starter-bundesligaresultsmainz-3ab4c5d1-4,10737491
/nallamothusumanth/gesture-detection,10739381
/ayoub007/pytorch-basics-linear-regression-from-scratch,10744729
/mrmojo/kernel96c293bea7,10734456
/kerneler/starter-perfil-da-popula-o-por-estado-c69b2b91-4,10732750
/kerneler/starter-bolsa-familia-benef-cios-8cb1a7fb-f,10732359
/kerneler/starter-bolsa-fam-lia-beneficios-x-8f7fd10c-0,10732269
/kerneler/starter-ludwig-santader-input-cf34e9e1-b,10732243
/zaharch/fastai-simplest-tabular-model,10732227
/kerneler/starter-pagamento-de-royalties-do-0e3ac430-d,10732086
/chipirek/titanic-my-first-kernel,10750594
/kerneler/starter-dajare-generation-b85b530f-d,10730780
/anermakov/na-ve-bayes-baseline,10729988
/kerneler/starter-discount-86afa273-1,10729180
/kerneler/starter-saved-model-96078c4f-d,10728083
/kerneler/starter-house-data-578affd8-d,10726790
/kerneler/starter-test-graphs-976d113f-e,10726750
/darshnaik/porter-stemmer,10727229
/kairess/lego-block-classification,10751971
/kerneler/starter-graph-test-f1dc83de-2,10725271
/ryuji13/whales-a-simple-guide-add-japanese-a-little,10761586
/emrecavdar94/my-linear-regression-kernel,10804915
/rgoodman/elo-merchant-no-peeking-v2,10752356
/aswintresna/20-years-of-games-analysis,10752441
/tanvir97/revised-simplex-implementation-201736048,10721426
/kerneler/starter-lanepickleddata-372d3556-0,10720989
/tanvir97/decision-theory-in-optimization-201736048-tanvir,10720998
/kerneler/starter-vgg16-py-b8ad0cac-7,10719282
/kerneler/starter-gap-coreference-3588ff54-f,10719256
/fahim1998/fahim-montasir-22-decision-theory,10718927
/kerneler/starter-eshara-lipi-bangla-sign-a1f50020-3,10718218
/kerneler/starter-oregon-active-llcs-f2f70936-b,10717642
/jiashisong/lightgbm-baseline-model-using-sparse-matrix,10717513
/vothanhan/functions-and-getting-help,10716467
/saimajesika/decision-theory-in-optimization-201736038-ema,10714367
/brianjaylei/welcome-to-data-science-in-r-workbook,10714301
/kerneler/starter-control-point7-8cc91ce8-8,10713533
/kerneler/starter-control-point-5-a14c7b2f-d,10713527
/kerneler/starter-iesb-exemplo-2359cf64-3,10711167
/kerneler/starter-arabic-handwritten-chars-c53df4f2-9,10710360
/kerneler/starter-tesla-prices-rm-320583e2-d,10709822
/kerneler/starter-tmdb-release-dates-per-country-1c1afd0b-e,10709685
/kerneler/starter-recipe-ingredients-and-reviews-bf3dce53-5,10709632
/gianfa/fastaiv3-image-classifier,10757693
/keenwarrior/kernelf094d784dd,10707163
/sinistr0/5-day-data-challenge,10746296
/atiurrahmanipe1627/kernel-2-atiur-rahman-ripon-201636027,10706645
/saraf05/kernelc2f0c76a5e,10707053
/atiurrahmanipe1627/atiur-rahman-ripon-201636027,10706553
/kerneler/starter-uk-counties-and-london-76838654-3,10706219
/ronaksharma/discount-prediction-ronak,10706064
/saraf05/decision-theory-alternatives-payoff,10705978
/kerneler/starter-human-activity-recognition-877a65a5-a,10705517
/snigdhajamwal/prediction-data,10707390
/humayrasamiha/samiha-kernel1-decision-theory-in-optimization-05,10705165
/artonmoy/revised-simplex-implementation-in-python-201736003,10704000
/artonmoy/decision-theory-in-optimization-201736003-tonmoy,10703868
/rafsanrahat9/decision-theory-alternatives-payoff-201736016,10715250
/charan506/kernel9d2af062eb,10703046
/kerneler/starter-futurecareerbtech-288343fe-8,10708308
/tanvir35/decision-theory-in-optimization-1635-tanvir,10705088
/abirmahbubtitom/revised-simplex-implementation-id-201736012-abir,10703292
/kerneler/starter-titanic-960f57af-7,10702798
/abirmahbubtitom/decision-theory-abir-id-201736012,10702783
/shorna041/jannat-kernel1-decision-theory-in-optimization-41,10702838
/rmuhammed97/forearm-alexnet,10702914
/munna23/decision-theory-in-optimization-201736013,10703171
/mumtarinrahman/mumtarin-kernel1-decision-theory-in-optimization25,10703067
/rafsanrahat9/decision-theory-alternatives-payoff,10702667
/shifat201736043/decision-theory-in-optimization-201736043-shifat,10702307
/parvezipe/decision-theory-in-optimization-201736023-parvez,10703009
/ibteda/decision-theory-alternatives-payoff-318c2f,10701761
/ibteda/ibteda-kernel1-decision-theory-in-optimization-27,10701723
/kerneler/starter-2020-dems-ae93417f-6,10701343
/simumpavel/decision-theory-in-optimization-201736019-pavel,10701345
/simumpavel/decision-theory-alternatives-payoff-dc5515,10700939
/saimajesika/kernel3a18d78038,10700773
/simumpavel/decision-theory-alternatives-payoff,10700722
/ilhaam/decision-theory-alternatives-payoff-024-ilhum,10700847
/bristy/decision-theory-in-optimization-201736037-sahara,10700597
/washimazaman50/kernel27be5d811a,10700373
/sdsourav80/decision-theory-in-optimization-201736044-sourav,10699966
/kerneler/starter-whale-boxes-public-da23cdd9-5,10699619
/ummehabu/kernel-2-umme-habiba-201736049,10699299
/sujoychakma/decision-theory-in-optimization-201736045-sujoy,10701150
/ummehabu/umme-habiba-201736049,10699052
/tanzilislam021/linprog-2-md-tanzil-islam-201736021,10699513
/prattaysaha/decision-theory-prattay-saha-201736033,10698999
/kerneler/starter-steelcount-1db0b0e6-3,10719848
/metatr0n/kernel-yoann,10723577
