/leslieowen/notebook6e415e365e,524890
/core66/notebook0a16310f5c,525299
/core66/notebook5e67566655,524737
/oddhypothesis/notebook19a1677910,524663
/ivash1228/notebookd5283a3da6,524581
/muhammadyasir/notebook508641f307,524757
/xushengwei/a-journey-through-titanic,524313
/mjschaich/notebookda1e58188e,524192
/camyers1997/notebookd497375654,523906
/camyers1997/notebooka89eb3e5f0,523894
/raka747/notebook663229dfc5,524437
/maschwax2/notebookb4182e89cc,523253
/faytang7/notebookcbee184a6f,523242
/maschwax2/notebookc0475de433,523224
/maschwax2/notebook13c82f07e8,523046
/tc171995/notebook8333ee5df8,522843
/maschwax2/notebookecb15a9b5b,522978
/ablome/notebook9ce1c2a2b6,522310
/joshuads/wordcloud-time-series-cluster-modelisation,522523
/shreyansh/notebook630162176f,522103
/shriji1181/notebook3766fc2b47,521501
/jinrui/notebook0cff30484a,521575
/sunnysingha30/notebook974e6c65e7,521198
/saudmeethal/notebookbcc1543d68,521163
/varmaalok22/notebook290b6238c6,521155
/mjjang/notebookdda802fb05,520929
/andreai/notebook88be5562f8,520798
/gautamsihag/notebook69eb4cf43e,521229
/saranyas/notebook16f8328554,520625
/sajal0jain/notebook56cd6bbf75,520908
/lzheng/viewing-the-data,521580
/ctrlaltdel/notebookaadbac8ea2,520450
/natedogg/notebook340958dd90,520260
/natedogg/notebook5b056b45bf,520107
/tkc285/python-data-visualizations,520082
/akila29/notebooke6c4f3e62c,519842
/hannibaltopa/notebooka60f98a89b,519724
/machinando/regularized-linear-models,526902
/akapoor/notebookeca4b70e4c,519403
/alberti/notebookb63812b309,519322
/dbsnail/notebook2cf8450e19,570620
/sepidp/python-data-visualizations-69606ade,523120
/sepidp/python-data-visualizations,518941
/zhangx1994/notebook7b03503956,518844
/vishwa88/example-handwritten-digits,521059
/vincentt/notebookc9681ca417,518402
/lamosh/notebooke7c1c5364e,518166
/jasonnoriega/notebook954a137d5e,517976
/tentotheminus9/notebook82cf61b488,517965
/mlfeng/a-journey-through-titanic-bbc29805,520811
/na5hun/notebook61304ed181,517411
/nareshbabral/notebook0d0713d367,516952
/rsa0123/xgb-feature-eng3,530930
/huzhyi21/notebook1fda153de4,516683
/wittykitty/notebookbe63b894a0,516673
/sharada7/notebookca97fcb67b,516418
/june888/a-journey-through-titanic,516228
/xiaoyao70v/notebook40dbe8b039,516021
/rithinch/notebook19f506fa12,515774
/kokato/python-data-visualizations,515859
/bonniegu/notebookaf8442ffac,515523
/ikalats/notebook6aa932d335,515385
/tonosan/notebook310ae0a889,515438
/cpleasants/notebook875313a811,515244
/kocikocev/notebook8719cc5983,515181
/kwea123/notebook31c9caa2ed,514849
/roboboy/notebookbb749c04c0,514743
/mateuszd/notebook059b55540f,514700
/jetjakobsson/notebookb4fc963e67,571667
/wenyidai/notebookbcd7025ff7,514572
/schenkelir/data101-673d1183,523811
/plcedoz/notebook8639f884c7,524968
/maschwax2/notebook0abbbb4a67,514367
/vmolin/notebookf20c513980,514160
/paulorzp/blend-linear-regressors,515487
/davesteps/notebookee153f2b75,514085
/kevingarnett/notebook55c73bb318,518124
/manuelc/journeys-by-weekday-and-hour,513853
/mikesch/who-are-the-quitters-quick-random-forest,514224
/amiam60/notebook9f06a68127,1331543
/tomford/notebook9a8a1c30cc,513463
/wujustin/notebook7ca8817403,580205
/felixzhao/notebookef44173617,513139
/gilsousa/wordcloud-time-series-clustering,1614945
/neopy1/notebookf1cd746a4e,512693
/andreasgompos/python-data-visualizations,512691
/mrooijer/notebookb238ddb158,512685
/thedatascienceguy/notebooke76e2e5f51,512673
/israelkoutey/exploratory-data-analysis-for-beginners,512410
/venskut/kaggle-competition-titanic-survival,1304579
/plcedoz/notebook391ae306e8,511830
/neopy1/notebookae3e84eb99,511965
/bkloenn1/notebook16fdd1e5a6,511493
/rithwik/notebook6cb72c531e,1545752
/bjwang112006/notebookdf05d5db05,511137
/drbean/notebookd825d8e03d,511105
/wujustin/notebook66701b778a,512488
/tonmcg/deep-learning-in-the-deep-blue-lb-1-279,513498
/zanjibar/notebook57d2da916e,510687
/tedrand/notebook7fcd26f9da,510636
/pkmuck/notebookd6be1be366,510367
/nadezhda94/autoencoded-denoising-b9f60acc,511643
/rsashel/notebook7ec29f158b,510025
/srirsith/outbrain-eda,519366
/mfrigaard/notebook6d5bc08254,509261
/migueval/an-animated-look-at-5-airlines,509185
/jassss/notebookf80e442e5f,509073
/jassss/cultural-diffusion-by-recipes,527680
/khunshaali29/notebooke8265a3edd,508922
/marcobr/notebook5c0c88c78d,508844
/bsparks/notebookad3031e572,508731
/erpreciso/notebookf047f3a7de,508319
/mohilbajaj2002/a-journey-through-titanic-04750353,1174918
/phunktacular/notebook0379dbd352,649876
/peccato/notebookd22374007b,507641
/valerydanilik/titanic-second-try,1075273
/cshlj199/notebook7596ec536d,507285
/alinunet/notebook6d38bed35e,584763
/xukangde/notebook9c548cf6d5,1618532
/taiwei/python-data-visualizations,505469
/stokesjd/deep-learning-in-the-deep-blue-lb-1-279-59a44aca,763605
/jasminkaur/notebookdfda5c488b,504879
/sarahsk12/notebooke618279550,504771
/dylankbaker/notebookd3eec91719,504727
/ryanjiang1014/notebook62c3f7ebd8,504563
/ryanjiang1014/notebook3540ddbfff,504521
/divyachalam/notebook50d1b7a469,504367
/sabihachoudhry/notebook74706b9528,504397
/natedogg/notebooke2e0ec1757,504228
/janmeyer/estim-and-3d-vis-of-best-c-gamma-comb-in-svm,505062
/erichstuderus/notebook947270b750,503515
/vakvakamca/notebookaab1c29a4d,505400
/kpendyal/notebook2c252c6771,503360
/dondapati/ipl-in-depth-overall-analysis,1306997
/kanishk19/notebooke97f7c51a3,502569
/rishabhsoni/notebookc1c1c604b7,502234
/halboffen/prova3,509918
/kostyarad/notebook86adaabe25,4818595
/wjh2016/notebook30a06a5851,502899
/tonyztff/a-journey-through-titanic-test,501620
/pandukovur/notebookc52c2b2898,501487
/juanlopez/notebook1de3ab85b5,500963
/pjbutcher/notebook89371d62f0,501169
/bharat77/notebooka08f19c48e,500641
/wangshuo0225/get-hands-dirty-from-titanic,678778
/minamoradi/notebook329b6edad7,500770
/ir0nch3f/notebookea532fb042,499567
/arkels/xgboost-lasso66554,499449
/barrysmyth/notebookf7665a63c4,499382
/arkels/xgboost-lasso4565,499308
/bkloenn1/notebook91ecae5222,499058
/rijubhattacharyya/notebook4315f2d069,498985
/monikagupta/notebookdd9cf19c4e,498963
/batauzin/notebook924347a630,498917
/ponnath/notebook6da4391ea6,499697
/shreyas88/ufo-reports-in-united-states,552040
/sachirakuruppu/decision-tree-visualization-submission,498791
/gnudreamer/deep-learning-in-the-deep-blue-lb-1-279,526015
/porter97/notebook3ed1f5db0d,504663
/wanman/a-journey-through-titanic,498409
/siyaozheng/notebook69231de677,501082
/francescodesimone/notebook4380d02da9,499491
/mikihaiat/notebook17c4cb7894,497909
/macintoshx/titanic-mix-of-techniques-explanations,498608
/shashi12533/roy-s-titanic-notebook,497672
/maneesh5/python-data-visualizations,497441
/brucezz/notebook627be40026,497302
/leadbest/univariate-model-with-clip,536592
/xukangde/notebookae5c075fdc,1618522
/maciejmarek/notebook8fea8012af,497104
/adamjermann/first-titanic-submission,498251
/killerqueen/notebookbb26457ec4,496977
/brucialized/notebooke465a0de61,496603
/elaine0828/rating-prediction-using-numerical-data,1120295
/seanpar203/notebookc6ca9d0e27,496003
/yaoxufeng/notebook4d20698928,495939
/acosmic36/notebook4c8cb0b931,508882
/redmask/just-relax-and-watch-some-cool-ovies,494919
/jatisons/notebooka6c2652ffb,1034718
/taipan/xgboost-and-h2o-grid-search-parameters,494953
/vijayzutshi/notebookf4a04bf8a5,494720
/iitianrks/notebook2104ba1d82,494263
/catarango/notebook7fcca290b2,494071
/miaojiang/notebook10c2f6ba19,503507
/devanshudutia/notebook4cfe64eaea,493524
/devanshudutia/notebookf6fbff9243,493461
/amineteffal/notebook8ad04001f6,492923
/obgmcx/notebook33e2906959,492512
/xieyufish/my-2nd-try-and-learn-from-dune-dweller,641887
/yoavprei/notebookfb028f9b91,492213
/kalidoss/notebook9cfa8e10ce,491258
/ziamandl/base-model-attempt,494646
/changjunzhu/notebookfeafb02963,491207
/porter97/notebook7b54794ef6,491072
/ashishkashyap/notebookb9bec131fd,490817
/larryzh08/notebook8bba164a44,503570
/avinavneer/notebookd6d9e0aca4,490424
/otwordsne1/notebookdc7fd1ccf7,490405
/steffenneuralgamebot/detailed-cleaning-visualization,492556
/danyalsoomro/dm-forkbatradanny,490576
