/otwordsne1/notebooka4f92a12b9,633211
/manuelc/titanic-best-working-classifier,633116
/d2fdydx/notebook8e9e30c5fc,633003
/agaibor1989/notebook43ac6c55c5,632984
/samueldarkblade/notebook3326387b56,632938
/bmsams/notebook9820b94494,632919
/jvidhi/titanic-survival-prdeiction,632863
/maxtoronto/detailed-data-exploration-in-python,632829
/qingnan/outbrain-eda,632784
/jessedrewry/notebookfd91b4647a,632654
/nsharan/titanic-data-science-solutions,632628
/dariastryuk/notebook45f65b7f40,632520
/jjohnson/notebookbc548acf0a,632514
/happytourist/a-journey-through-titanic,632503
/yseeker/can-we-improve-by-increasing-variance-224e3f04,632480
/yseeker/can-we-improve-by-increasing-variance,632479
/tgjeon/notebook8933987553,632470
/doubleoeight/a-journey-through-titanic,632464
/danielunderwood/notebooke7ecb220d6,632390
/chungwh/notebook2cf69d34c8,632384
/alexspas/fork-of-a-journey-through-titanic,632374
/focusfocus/notebookb330956b79,632290
/focusfocus/notebook7dd91946cd,632274
/guanxiong/notebook1dffb1e565,632246
/scostanza/cps-initial-data-cleansing-and-analysis,632241
/nigelcarpenter/can-we-improve-by-increasing-variance,632065
/tony9090/notebook73474b57e3,632045
/veereshelango/fork-of-celebrity-death-analysis,631966
/zriddle/can-we-improve-by-increasing-variance,631935
/thabet/tensorflow-deep-nn,631894
/jeanwayne/omg-nlp-with-the-djia-and-reddit,658252
/statinstilettos/notebook452ce6e896,631711
/jychstar/notebooke824b3e910,631700
/edisonxiao/first-cut,631694
/ashleyj/notebook49003d3fb9,631646
/mlwhiz/svm-implementation-for-nature-conservatory,631608
/contradirony/notebook956e30e460,631590
/mntjon/notebook0a3b20e122,631552
/kvnchn/testing-weak-link-theory-of-soccer,631539
/mehul1999/alcohol-consumption-and-average-grades,631528
/mar1010/fish-detection,631500
/datadocto3/principal-component-analysis-explained,631428
/themlguy/digitclassifier,631458
/ranywhy/notebookd659d09fc3,631401
/paxtemper/notebook30d5ebdbb1,631324
/ambrwn/dgsvm,632017
/ambrwn/notebookcb86aa072a,631281
/pamdirac/keras-nn,631278
/stiley/traffic-fatalities-in-2015,631240
/juanitos/notebook10d7ed1821,631192
/stites/cnn-minst,631419
/notgibs/analysis-of-pokemon-types,631172
/stites/test-kernel,631163
/felixquinton/titanic-best-working-classifier,631077
/leporis/notebooke5d3daf29d,631039
/hisuka/can-we-improve-by-increasing-variance,631009
/shubvyas/tensorflow-deep-nn,630970
/vpluma/notebook2f488e94cd,630947
/andybalaefia/notebookd6e1f1e96d,630889
/zhugds/test-notebook,630814
/muelerma/notebookcee78ee5b7,630761
/abhmul/notebook459bbffe54,630752
/guidog/exploring-survival-on-the-titanic,630720
/mchirico/911-data-check-for-me-after-updates,7449635
/chhokar/notebook0d71536794,630651
/ambikanair/exploring-survival-on-the-titanic,630658
/thorstein99/titanic,630606
/dpereira14/notebook1f2084605b,652234
/clementlefevre/notebook9a58705441,630514
/sylvaind/notebook281119812a,630492
/gandhiboy/titanic-ml,630483
/gdmeda/notebook4163dbc535,630477
/panda2016/uyg67767,630312
/aburcev/first-script,630256
/praveshsj/trafficdta,630213
/praveshsj/trafficdata,630198
/prosvet/notebook9aac88927d,630111
/poodar/dense-highway-neural-network-for-titanic,630102
/wujustin/houseprice-20170101,630075
/ofer2k/notebook655cfd66a1,630020
/antoinewdg/catdognet-keras-convnet-starter,630004
/rbensua/firstscript,630000
/sharathkumaranbu/my-eda-script,631016
/sharathkumaranbu/notebook12587aa263,629909
/datasid/my-first-kernel,629916
/yashwanthch/highest-score,629998
/karajimys/traffic-fatalities-in-2015,629798
/akksutra96/celebrity-death-analysis,629771
/arthursun/a-journey-through-titanic,629767
/tinnusolomon/traffic-fatalities-in-2015,629713
/kozko2001/notebookbe7b311e25,629605
/freya1934/exploratory-study-on-ml-algorithms,629573
/freya1934/tensorflow-deep-nn,629572
/freya1934/python-data-visualizations,629562
/shorey/xgb-rossmann,629526
/licoh80/deep-learning-in-the-deep-blue-lb-1-279,629475
/eslamali911/notebook83b1be451b,629362
/touhami/a-journey-through-titanic,629294
/alex82528/notebook2cf3d2e3bc,629281
/vigilanf/traffic-fatalities-in-2015,629269
/tejank10/cnn-on-digit-recognition,629264
/banhnuong/notebook6dcbef2d85,629262
/avishek/extract-leak-in-30-mins-with-small-memory-01012017,629261
/sn7ghost/leaf-knn,629257
/eslamali911/notebooka6f8b1cbf2,629222
/maralski/notebook9685298ade,629213
/mapple/notebookca8454d0d2,629211
/ericwang915/simple-file-to-average-different-submissions,629195
/sn7ghost/python-data-visualizations,629186
/kingini/breast-cancer-data-with-logistic-randomforest,629109
/deepthought007/notebook7353d128e4,629099
/fzhurd/santa-bags-v1-20161231,629096
/abdkat/notebook2ec2134367,629070
/deepthought007/fishid,629029
/deepthought007/fishy-keras-lb-1-25267,629019
/rsakata/notebook56373a6386,628948
/csunfly/python-data-visualizations,628925
/jmbull/notebookac10f1107b,628899
/rsprdatsci/notebookbce32ebb48,628845
/dmteen/notebook4b0e57ca91,628593
/dmteen/notebookec9c5097dd,628591
/rmalshe/notebook6fcdb2b3b1,628590
/mraykay/psychology-of-a-professional-athlete,628574
/leoparada/notebook5210c69287,628500
/ptqaml/notebook1328547074,628393
/optogo/traffic-fatalities-in-2015,628387
/giranntu/residual-networks-and-mnistw,628377
/mchirico/mxnet-r-test,628276
/rubelsabrams/datavisualisation-with-python,628228
/gzw8210/kobe-s-shots-exploration,628194
/rubelsabrams/notebook7f1641ece7,628190
/puhoshville/nn-through-keras-copied-94c0f3f4,628188
/puhoshville/nn-through-keras-copied,628173
/mommaneni/notebookc6a13df39b,628098
/jenjfyu/a-journey-through-titanic,628087
/benhamner/calculate-velocity-made-good-vmg,628079
/mileskrains/notebookc99019198e,628073
/jvitorfernandes/notebook0fc438689f,628011
/mchirico/test-mxnet,627979
/allmendinger/notebook4f5d706e81,627960
/qlzdq5688/titanic,627938
/sophiexxx/catdognet-keras-convnet-starter,627802
/dgreaves/fast-computation-of-expected-value-for-bags,627708
/jcpreddy/data-exploration,627688
/lkhamsurenl/notebooke1dad1d94a,627618
/bhomnick/notebookadbe0df27f,627572
/maxonr/employee-satisfaction-analysis,8634122
/khurshid/notebook68ad484ab2,627393
/jmbull/notebook998bedcafb,627275
/sadathanwar17/notebook4d20238cc0,627237
/yj7082126/tensorflow-deep-nn,627214
/ysharma1126/cooper,654894
/albergd/python-data-visualizations,627173
/jeffvaldez/notebookf5ee2f8823,627051
/lmonteiro14/notebooke1e0899137,627024
/contradirony/notebook19b827190b,626941
/contradirony/notebook9b20f7fde3,626940
/mathewsavage/fork-of-visualisation-of-sea-ice-data-working,626924
/elvisilunga/notebookebeead737f,626896
/chenwanqq/notebookbfcc3e69a6,626879
/jdayal/feature-ranking-via-various-models,626759
/jdbassett20/jbtitanic01,626739
/adityakumarsinha/keras-based-fm,626729
/dishant19/tfi-revenue-prediction,626728
/neuralist/notebooka8156cc50a,626695
/gooron/fast-computation-of-expected-value-for-bags,626644
/johntmyers/notebook70a8be3650,626630
/srinid/test1,626499
/przebieglykaziu/notebook0e72fc9fc8,626381
/roopaljain/titanic,626281
/jane522/the-console-wars-playstation-vs-xbox-vs-wii,626250
/shanmugavel/principal-component-analysis-explained,626226
/nageshnaik/titanic-predictions,626684
/appu001/notebook4d886a2c5c,626177
/danielg00/notebook98ca1c0fd0,626142
/rohit1996/notebookd44185897c,626112
/yzx1214/notebook490103f86b,626076
/srinid/titanic-best-working-classifier,626067
/rasnes/titanic-test,626063
/varuntomar/hr-analytics,626031
/dataskeptic/celebrity-death-analysis,626012
/adamor12/getting-started-with-the-homicide-dataset,626004
/sunilbandaru/test-v-0-1,626108
/diegfern/notebookbb686bd1c6,625988
/rmukiza/how-far-is-china-ahead-of-india,625985
/zhanglei0312/notebook2358b09575,625967
,None
/sendswords/notebook4754049db5,625843
/louisly/notebookc80f48b92a,625822
/shahpriyank9/notebook3644d43a16,625818
/foutik/notebook1d8ed48bc3,625684
/petecook/notebookff25a862a9,625647
/shahpriyank9/notebook744d75bf66,625577
/dhanvanthri94/terrorist-attacks-in-united-states,625532
/sandip5224/notebooka4bbf4b716,625445
/jibitesh/traffic-fatalities-in-2015,625412
/pankajpatil1/terror-attacks-against-india-since-2000,625377
/akshayub/notebook04ee539aae,625352
/ibalashov/notebookef5e5145c4,625348
/vishnu27597/my-first-dataset,625305
