/emilyzhang/notebooka22918d47c,353442
/tunguz/bag-of-apps-keras-11-08-16-no-val-moo-5,353539
/roggin/geolocation-visualisations,353431
/jayonline/notebook5fe47b909f,353559
/flytosky/python-data-visualizations,353427
/smaji91/who-not-to-fly-with,353425
/rosenx/notebookd3d2a139e0,353422
/jdyojdyo/notebookfe3a35760c,356205
/seu1tyz/a-journey-through-titanic-12ea44bc,353400
/hasanhameed/notebookdd1e1f4544,353395
/aasher/pikachu-vs-bulbasaur-matchup,353377
/cnukaus/logistic-regression-and-knn-predictors,353355
/apapiu/python-data-visualizations,353327
/cnukaus/geolocation-visualisations-c0e01ff9,353325
/joshuacortez/catdognet-keras-convnet-starter,353315
/soleaf/notebooke1c302e2cd,353297
/keisei/knn-from-scratch-in-python-at-97-1-ca209f4d,353295
/harjeet/notebook7eef2b28ca,353293
/cnukaus/geolocation-visualisations-2e26ead4,353286
/roggin/single-unified-table-0-94-sklearn,353486
/nonieklie/notebookcb50b622c9,353283
/priest671/notebook03734cee92,353278
/wadse11/notebookd6e22abdfa,353275
/penmily/tensorflow-deep-nn,353273
/cnukaus/geolocation-visualisations,353265
/datacanary/notebook6634a29c0e,353255
/penmily/python-data-visualizations,353252
/yiyang186/notebook639ecc5395,353251
/yukeren/notebookacc68e3461,353249
/wx12936/python-data-visualizations,353272
/sidharthramesh/notebook1a0f08b1a8,353210
/futurist/building-a-prediction-model,353204
/plasmaphysics/notebookb437e74cf5,353198
/ajitisack/notebookca4e6d5a37,353175
/cnukaus/python-data-visualizations-8f9bbf2d,353174
/xiaohuilu/a-journey-through-titanic,353169
/hauskins/worst-world-series-winners-since-1900,353165
/futurist/notebookf4ed624c86,353144
/sankethmopuru/pikachu-vs-bulbasaur-matchup,353143
/uzzang/notebook754f05dd90,353123
/deathcoder007/a-journey-through-titanic,353120
/hauskins/python-data-visualizations,353117
/jasonbenner/xgboost-vs-betting-markets,353094
/vicomedina/notebook709b64e6b2,353086
/vicomedina/notebook5729694aaa,353083
/sunnyrain/tensorflow-deep-nn,353082
/ingrid/python-data-visualizations,353073
/zheng11/notebook3235cd7e00,353070
/joe8767/notebook37c252a62d,353067
/doroth/notebookad85c1badc,353063
/tanlikesmath/xgboost-with-leak-hyperparameter-tuning,353061
/alacerdan/a-journey-through-titanic,353038
/zheng11/notebook213cbaf010,353022
/jaredchung/notebookd9854b0cf8,353011
/monkeydunkey/notebook1910fb7b53,352996
/chazzpm/investigating-the-home-advantage,352976
/brassmonkey381/a-linear-model-on-apps-and-labels-20f1e423,352973
/ericnana/notebook5028455f3c,352971
/sanjayds/notebook0bafbb56c6,352959
/architgarg1515/kobe-shots-show-me-your-best-model,352997
/gmoben/notebookb9920d437e,352946
/jrskane/notebook65ab0b830f,352899
/bzzzzer/notebook077b4af3d4,352888
/dvasyukova/notebookd492650e5b,353034
/blackarrow3542/brand-and-model-based-benchmarks,352878
/snooptosh/notebookcb604d8aa8,352873
/manugarri/notebookdbd004aaba,352858
/zanemarkson/python-data-visualizations,352855
/takuyasakaguchi/notebook198844bf55,352845
/vinayshuddar/eda-of-the-talkingdata-mobile-demographics-datas,352790
/xjbaum/notebookcbdfaa62b1,1775722
/syedakbarahmad/notebook128ced86eb,352747
/semaphore/tensorflow-deep-nn,354779
/ujjwal29jain/notebook9ae6ffb600,352741
/ingrid/who-not-to-fly-with,352724
/ingvar888/a-linear-model-on-apps-and-labels-8191bbaf,352717
/jbaker92/notebook5d579359e9,352693
/roggin/notebooke0a2cdf63f,352687
/rogges23/notebook7af38841f8,352679
/dvolkhonskiy/notebookaffd1dd9e6,352654
/dvolkhonskiy/notebook7884c45fbb,352650
/joachimr/notebookd440fbe736,352648
/yinanxu/notebookb2d8fbe0e6,352644
/anokas/kaggle-users-with-most-forum-karma,352641
/sheevy/notebook155c7ac813,352634
/trcasey/notebookb8e0113559,352624
/yinanxu/notebook343fd3a5be,352607
/poteman/notebook10ab444f4c,352606
/iwfyen/notebook6b154017a0,352523
/svenefftinge/latest-usa,352492
/jiayao/python-data-visualizations,352489
/rshigemori/notebookfb2db479fd,352461
/liaokangtai/notebook3f58e5bbe1,352450
/joachimr/notebook80a3943216,352440
/kakinokki/data-exploration,352437
/kuntalganguly/notebooke12ebb749c,352426
/zygmunt/xgboost-vs-betting-markets,352425
/hisajesh/notebook10c2a71dcb,352420
/scofieldchen/notebook030d0d5142,352418
/jdyojdyo/notebookeaf65828a7,352417
/jonaszp/python-data-visualizations,352415
/kgtmyk/notebookb247ac8c8c,352413
/ultrajack/notebookc91ac0be47,352412
/ultrajack/notebook12da5793e3,352411
/juneseek/who-not-to-fly-with,354158
/odinzheng/notebookbaefc727cb,352408
/anupv1310/notebookaea8e959c0,356038
/wwang107/notebook1645bc1c34,352392
/aditya007/notebook4d68772e75,352391
/cataclysm/tensorflow-deep-nn,352384
/onlytailei/notebookf294ebab8f,352382
/dmaringanti/notebookfd5486a743,352380
/blackbaba/notebook6bc0c4db1f,352368
/ryancarrutherstrade/notebook1de79da437,352367
/aaronyang/a-journey-through-titanic-25985002,352365
/aamir121a/notebook548b96ee99,352364
/valadi/exploratory-data-analysis,352351
/sethkp/notebooka3fb9a79de,352348
/roggin/evaluation-of-gender-classification-model-501aa498,352314
/roggin/notebookc821b4f1b9,352311
/lawftymike/a-journey-through-titanic,352260
/nrs710/pandas-plotting-and-visualization,352256
/roggin/language-analysis,352247
/zamanashiq3/notebookba12940e4e,352237
/roggin/notebook44b071f364,352234
/richbrosius/tensorflow-on-iris,352227
/roggin/olympic-marathon-event-4,352210
/zerafachris/notebook9e840fa675,352175
/brassmonkey381/a-linear-model-on-apps-and-labels,352169
/druswick/notebook706360c41e,352155
/roggin/analyzing-believeland,352150
/aaronyang/a-journey-through-titanic,352310
/yafngzh/a-journey-through-titanic,5007559
/brassmonkey381/notebook4ec11f7290,353812
/zhuangye/lb-0-987-group-1-and-date-trick,352130
/jordanhart/knn-from-scratch-in-python-at-97-1,352097
/druswick/notebooka8d6027d6c,352154
/zhuangye/notebook45cde781f4,352090
/solankismitahamir/notebookac6ee05010,352088
/zanjibar/python-data-visualizations,352069
/tanlikesmath/xgboost-scikit-learn-grid-search,352046
/wordsforthewise/notebookcf57350cf0,351994
/zheng11/notebook3ef36c36ff,351991
/tanlikesmath/xgboost-parameter-tuning,351982
/mabnote/a-journey-through-titanic-476c2d4f,352416
/jprocha/notebook00ad46bddb,351962
/tomcollins/notebook87275aefd8,351950
/kauserahmmed/ranked-datascience-programs,351945
/kauserahmmed/visualizing-pok-mon-stats-with-seaborn,351939
/chsovankrishna/notebookca8eaeda70,351926
/roggin/evaluation-of-gender-classification-model-bf9dcc91,351883
/zheng11/notebook0579bc9c59,351786
/jsilvest/notebook7390a865a2,423867
/trietphan/python-data-visualizations,351777
/zihaoxu/brand-and-model-based-benchmarks,351770
/zheng11/notebook3dc23e6c2b,351763
/mathieu2312/notebook95d1b23257,351762
/staturecrane/notebook5cf7d031e6,351719
/yinanxu/notebook5b04e54884,351717
/anishieh/digit-recognizer-in-python-using-cnn,351716
/anishieh/example-handwritten-digits,351715
/gaobocn/knn-from-scratch-in-python-at-97-1,351703
/biembbiessola/brand-and-model-based-benchmarks,351690
/seylom/notebook0b45ecaec4,351686
/damirs/notebookb8587f8556,351671
/abhinavkgp/a-linear-model-on-apps-and-labels,351662
/namsto/notebook2f8524abe7,351650
/sandeepmokashi/notebookea5e28ba41,351648
/abedben/exploring-survival-on-the-titanic,351657
/yuanxu/notebook1c77a3b51b,351602
/binggong/notebookfd90f299db,351536
/zmingshi/notebook8b267a23ad,351532
/neusinger/notebook14dc538239,351530
/luenebus/brand-and-model-based-benchmarks,351526
/ironbar/notebook2feed1a912,351524
/taqtaq11/notebook9dfdccb357,351519
/rohitk/notebook82a4f55cf5,351505
/lewwel/notebook147eb04997,351503
/madswilthil/notebook1a8f68f023,351502
/karthikkrishna/budget-facebook-likes-vs-rating,351488
/laxypaxy/notebook02208e05fb,351522
/ajitbarik/notebookde4eff47f3,351478
/linflus/notebookebe640e324,351384
/ryanyuan42/notebook3e88cdc37b,351379
/betatim/notebookcc2968271e,351371
/ankitsaxena/notebook26fc12238f,351366
/yeshwanthv/notebooke21277edea,351333
/development/notebook,351332
/yeshwanthv/notebook79c967461b,351330
/kathytang/notebook0a562c9c50,351325
/byasmuni/python-data-visualizations,351367
/bharath4246/notebook5cc7e8250e,351302
/bhavvishyya/recurrence-relation,351290
/zanjibar/latest-monthy-stats-japan-australia,351566
/tanlikesmath/xgboost-without-leak-parameter-tuning,351303
/leapingz/loan-sizing-and-return-on-lending,351256
/jinger123/notebook056932c9dc,351242
/zanjibar/latest-month-japan-usa,351232
/leapingz/loans-per-captia,351210
/zheng11/events1,351234
