/lgbenny/notebook547cbbe011,1201803
/lgbenny/notebook6d2ab98b0f,1201791
/christodieu/notebook31abae88c5,1201718
/catherinezng/script-py,1201711
/nigamshah/notebook8db52df9c2,1201715
/shubhamitra/notebook8868ea622a,1206418
/vinodpawar/datapython,1201675
/chenbk/notebook41968f8863,1201644
/shalva/trying-a-different-script,1201642
/milindpawar/notebooke3259689fd,1201615
/personalc/notebooke1c8a032ee,1201588
/arunlakhotia/notebook243b3824c0,1201581
/shalva/main-housing-prices,1201555
/evertonsilva/first-gbm-v-01,1201543
/wendongqu/notebook278e2b163e,1201509
/wendongqu/notebook4198171b74,1201500
/arpitaagrawal/analysing-titanic-dataset,1204668
/stella913/exploratory-analysis-zillow,1201426
/gaotianyu1350/gtynet,1201404
/solidorange/notebookb779753c16,1201388
/karthiv/notebook27b419194f,1201316
/zouhongwei/notebook7e0c1592b5,1201288
/linmarvin/notebooke261d2f067,1201264
/aagundez/notebook021d514e07,1201251
/grubmatt/predict-brewery-from-beer-name,1201247
/mari121888/notebook021138e0a9,1201235
/suryau/notebook81f01e5060,1201186
/squidgirl/notebookbc20f10a3a,1201166
/hktech/notebook0390443c85,1201156
/chuyachia/factors-influencing-the-vote-on-basic-income,1201172
/zhouyanghust/notebook6d76e2f1af,1201154
/khorsch/exploration,1201195
/aagundez/notebook12179f2771,1201073
/samuelrshowalter/notebook85d886e9ca,1201042
/jphender/fun-with-digit-recognition,1201047
/sebask/notebook38457a02b6,1201019
/jyonkov/exploratory-analysis-zillow,1201010
/jonesjd3/notebook4f6057fb4e,1200972
/ganapathyhari/test1,1200943
/abdul9/video-juegos-mas-vendidos-hasta-el-10-26-2016,1200892
/yatahey/notebook1f8433b15b,1200823
/iancjohnson/testing123,1200818
/ramonafli/pytanic,1200765
/anukuru12/exploratory-analysis-zillow,1200761
/cercatrova/notebook1f0a1a15ab,1200748
/guangyoung/notebookf340396072,1200732
/guangyoung/first-exploratory-analysis,1200714
/fanweiwei/hello-world,1200649
/cercatrova/notebookcecff6121b,1200618
/kfunger/exploring-survival-on-the-titanic,1200590
/karan96/notebook668a35f3d9,1200519
/ishaqahmad/notebook7b78a46562,1200465
/skbergam/fork-of-test-again,1200462
/skbergam/test-again,1200463
/ishaqahmad/notebook702968185c,1200445
/skbergam/test-c,1200423
/yesemsanthoshkumar/notebook8a129f179c,1200306
/muhammadusman17/titanic,1200290
/tmbarrett/iris-kmeans,1200422
/imagic/notebook38a6533df5,2816070
/skbergam/test-a,1200192
/anushtosunyan/spell-py,1200144
/suj1th/a-study-on-regression-applied-to-the-ames-dataset,1200124
/larryzh/exploratory-analysis-zillow,1200119
/mluckydwyer/notebookf94e03c412,1200081
/lgbenny/notebook2947090e56,1200078
/jangerhofer/notebook6d5e553f05,1200077
/raviprasadmr/notebook7162b0429a,1200059
/rahuldevmishra/test-kaggle-kernel,1200023
/s14331172/it-is-lit,1200006
/johngunawan/exploring-survival-on-the-titanic,1200004
/cercatrova/notebook90311bee2a,1199977
/devisangeetha/visualization-with-ggvis,1199975
/yonisteinberg/notebook2d43689ade,1199933
/sra1phani/first-run,1199904
/eporomaa/notebook899ad33c4e,1199885
/lgbenny/notebook6c6767dedc,1199833
/anandbudni/notebookb0f42a9763,1199822
/lgbenny/notebookd429752dca,1199802
/terrypham/notebook8caef3c23b,1199786
/terrypham/notebook8d4d2c3719,1199783
/lgbenny/notebook7b50ce903c,1199781
/terrypham/notebookaf719233b2,1199778
/nishadmusthafa/test-kernel-nishad,1199751
/mrisdal/notebookb990e127fa,1199749
/mrisdal/notebook69360c3b6b,1199747
/xcz011/lightggb-gridsearch,1202797
/leon0824/notebook15397c81ae,1199700
/arthurchk/notebook89a91ed44d,1199648
/lgbenny/notebook7a0cc633cc,1199640
/deepakck/notebooked36856bb6,1199637
/cercatrova/notebook99e3f81b52,1199618
/sonderella/simple-lightgbm-starter-lb-0-06487,1199613
/thetamin/titanic-machine-learning-algorithm,1199580
/jijokjose/test-08,1199876
/gauravgau/test8687676,1199571
/jijokjose/test-09,1199879
/venkyb/notebook84f610557f,1199554
/mpaul24/principal-component-analysis-with-kmeans-visuals,1199544
/weixia/question-similarity-using-lstm-embedding,1199513
/nidran/digitrec,1199417
/aman16/notebook46a57d2693,1199410
/kapilnandwana/knan-v10,1199551
/bengie/notebook9b22d5c3e6,1199357
/arunava21/word2vec-and-random-forest-classification,1202408
/chamstown/lb-0-158-xgb-handcrafted-leaky,1199322
/souravroy/notebook1e5e1c3e22,1199256
/tomdemoor/notebook0a1968a5d1,1199228
/anthogez/notebook7d867940db,1199200
/fourye/notebook6163fd8731,1199136
/jtoday/notebook6dd63c55f2,1199043
/mafuyi/notebook7852dba2b1,1199040
/jijokjose/test-05,1199242
/andrewbain/nlp-to-predict-dj,1200299
/samarthmehta/notebook5e971e4c5b,1198994
/andrew32bit/titanic-in-process,1198995
/maheshak04/300520171659,1199690
/prafulbhoyar/cervical-cancel-screening,1198973
/aradhana/example,1198971
/jijokjose/test-03,1199239
/akkshita/notebooka4705115d4,1198887
/chandru17/notebook372f3852c4,1198873
/byurtkulu/deneme,1198927
/brachan/titanic,1198833
/mehak0108/notebook51caeb0615,1198821
/varunbm/sample,1198773
/nuke88/stock-observer,1198715
/ramaswamy/notebookc8c00d19ff,1198670
/chendongnz/testpython,1198642
/piyushkabra/piyush1,1198625
/chendongnz/notebookf6872289df,1198620
/ashutosha/notebookc78131973d,1198601
/nischallal/hello-kaggle-waggle,1198599
/ramonafli/titanic,1198579
/sbasu276/notebookf6eafe5930,1198575
/m2skills/notebook6486777cfa,1198553
/brajen259/notebook687787a24b,1198540
/jijokjose/test-02,1199235
/tangjm/notebook177fbedc50,1198537
/tj2552/practice-nn-on-mnist,2457047
/xiaoguo/housepricestarter,1198557
/datacanary/naive-xgb-with-data-cleaning-0-320-lb-a539d6,1198493
/datacanary/notebook2bd6e6d5a0,1198484
/adir670/notebook5e26954559,1198470
/thierryguillemot/hello,1198463
/berkeoral/notebook0386198b9c,1198459
/bbardak/exploratory-study-on-ml-algorithms,1198426
/probinso/notebook88e7ff8144,1198425
/chulung/digit-recognizer-in-python-using-cnn,1198388
/nigelcarpenter/notebook58d1327ccf,1198353
/namssan/notebookf2d26e4718,1201058
/abetsang/notebookd884f8f419,1198332
/abetsang/notebookbf58e6a47c,1198329
/datacanary/naive-xgb-with-data-cleaning-0-320-lb,1198326
/chshivam/notebook2cd3e3ba22,1198324
/timrael/notebook633adb8108,1230563
/shreyansh28/notebook1e9638eb73,1198287
/saptarshism/notebook01593d9008,1198281
/citrahsagala/roc-scikit-learn,1306985
/davey79/notebooke85e791d3d,1199384
/maheshak04/30052017-linear-logistic,1198823
/lougalarza/notebook68da40176d,1198207
/ayushmandey/notebook9bf54c7824,1198197
/agavranis/scaled-prob,1198187
/agavranis/word-share-variant,1198173
/saikota/titania,1198167
/ericfang/exploratory-analysis-zillow,1198165
/satyabratpanda/notebookef08d97cf7,1198128
/soumenmasanta/simple-r-script,1198124
/yiyuanliu/notebookdf3af79b2e,1198106
/direcision/notebookca56b6326a,1198100
/sparik/spell-py,1198202
/wangquan/notebook7d53d13158,1197986
/machinelearningpy/notebook89daf0b934,1197980
/thitipong/notebook3431622979,1197937
/isaac7/notebook67de7161e4,1201904
/datacanary/notebook1ea39e887e,1197925
/rmprmp/heyhey,5755600
/buddhiv/my-test-script,1197806
/zhaowq/1122334,1197772
/melanydillon/notebook8398604c16,1197731
/matiasduran/a-study-on-regression-applied-to-the-ames-dataset,1197713
/felipesens/notebook8ed5271312,1197668
/floralqy/the-ugly-truth-of-people-decisions-in-speed-dating,1197655
/lnvardanyan/spell-py,1200540
/roshanlulu/restaurant-revenue-prediction,1197603
/lifehackman/simple-lightgbm-4,1197583
/nathansparks/zillow-home-predition,1197582
/wernerchao/notebook3ca5e714bb,1197540
/danmdf/notebookb062b35692,1197525
/kaggleurl/notebook73dbbc8ce8,1197520
/millerintllc/simple-lightgbm-4,1197516
/yonirosen/test-15,1197430
/realprio/titanic-random-forest-82-78,1197417
/pranavkansara1/pktest,1197414
/adrielm/testing,1197411
/rounakmehta/zillow-quick-start,1197403
/astralcc/titanic,1197400
/jakubwaller/tensorflow-deep-nn,1197392
/krrish1729/notebookdbe80ed1d0,1197377
