/udihaji/notebooka1b25cf9e9,984950
/udihaji/notebook6c2cd2a7d0,984949
/sekrier/notebook6a32b76b7a,984942
/kumarnaiknaga7/notebook428679e0c2,984912
/tequiller/a-simple-keras-model-1,984908
/hetianc/notebook64498da8e6,984902
/yuanlin94/notebookd1e958068d,984895
/adammikus/notebookdfe67c70ff,984888
/nazimgirach/notebook486c2bf4ea,984879
/fbb338/notebook89e1d04925,984868
/mkhwph01/notebook67434a34c3,984857
/knighthawk989/notebook4999196a89,984832
/parthsr/notebook47bc8ec949,984830
/knighthawk989/notebook4c2b45c96c,984827
/parthsr/notebook671d91ce2b,984819
/andresmoreira/titanic-competition-am,984807
/loutfi/notebook82b84a17a4,984804
/shubhz007/notebook270ecbd88b,984785
/knighthawk989/notebook23bdcb2b42,984772
/mythrij/mythri,984767
/ahoiii/notebook545288e8a0,984764
/dempton/notebook8da6bafa3d,984747
/hafsig/notebooke189ba01b6,984713
/jrcoimbra/initial-analysis,984728
/maheshak04/notebookad0920abb1,984704
/chouanthony/dasdc,984702
/aritzg/notebook9db9b7e52a,984695
/niallno1/titanic,984665
/jeepkd/notebooke101104823,984642
/anurag3753/notebookcc23470d07,984617
/sohamshp/get-correlation1,984887
/souvik287/notebook9bc67529e6,984593
/souvik287/notebookd5d2f19b0b,984570
/ykatou/tests,984549
/saptarc/notebookc32015b7d4,984514
/abhinav0561/notebookfd18522619,984505
/chenshaomeng/notebookf104db850a,984493
/chenshaomeng/notebook9cdf0718d3,984488
/leoparada/notebook9537729489,984452
/elouanl/notebook6534daa44f,984426
/michalsiwek/2017-03-06-titanic-script,984421
/craigot/notebook7cbd527932,984409
/maskali/notebookb40f8707b5,984378
/georgem/testtest-json-r,984422
/enricol/testscript,984329
/enricol/notebookc1043d8b04,984328
/gajotron/notebookbe12456c41,984327
/sekrier/notebook8f2234c50a,984320
/changjian/change-a-little,984319
/kauelm/notebookd0f7638d12,984297
/shankarrao/notebooke15e486439,984294
/subhajeet3/notebook612378eb0e,984288
/mostafa32/notebook28da8f50bd,984282
/opanichev/notebook269c612fff,984274
/cameling/notebooke8f6a2c05f,984266
/chenshaomeng/notebook533ded38f4,984232
/goldenshark/notebookb988e8bfc5,984214
/vokirill/notebook0ecbde4c2c,984212
/kevinkim815/notebook7f8a7c85b1,984200
/kevinkim815/test12,984177
/tejainece/notebook1158032e99,1009021
/wangjue444/about-a-journey-of-titanic,984170
/francoisolivier/titanic-hello,984165
/manishkulkarni/notebook39dd781312,984156
/juliakup/notebook3aac31b133,984141
/lego1st/notebookcf157cda4a,984135
/ltcheang/notebook88cd4878c2,984124
/shahpriyank9/notebook45627a91d7,984106
/ladidinesh/forest-cover-eda-and-prediction-in-python,984101
/yousheng/notebook7241f3f3ff,984099
/albertsim/notebookf7d8d998bf,984086
/sreelekshmyselvin/main-project-train1,984084
/fpch19890404/notebook05da7932cb,984059
/fpch19890404/notebook8fdc0c1365,984058
/yousheng/notebookaa5c860580,984055
/mordoron/test1,984053
/linhlinhking/test-preprocessing,984032
/gillesdqn/notebook317361dc8a,983991
/leozhuo/2-sigma,983989
/birendra/myiris,993947
/birendra/pimadata,1033510
/yangxiaocs/notebook675b900698,985357
/sreelekshmyselvin/notebook643b11def2,983924
/yechang/lung-cancer-data,983922
/cubbeewan/notebook6fc673a87c,983895
/rajuroy1225/notebookc74d33ed21,983892
/rajuroy1225/notebook88b81cd885,983886
/saurabhio/notebookf07e560ca2,983859
/sampath1310/convnet,983848
/paulisabhishek/notebook801028aaed,983842
/renlang97/notebookf704849c00,1008154
/tilakd/notebook06b8329c2f,983832
/vutrung96/notebook14e7dceba2,983823
/andrewpbell/test-script,983821
/mrugaadhvaryu/notebook2be1753314,983801
/zeronone/notebook7a9614afac,983790
/kolapkarda/notebook141b43cacd,983749
/mdjmay/notebook6b1c116416,983747
/miladsayad/notebookfeadec99c4,983744
/aleozlx/notebookcb30d94519,983739
/mousumi96/notebookbfa802dee2,983717
/vutrung96/notebook6184e7ad55,983716
/jingwu/notebook02a63b67bf,983708
/indusarath/notebook4efc6be673,983687
/michael021/logistics-regression-to-recognize-gender,1008169
/zhoujj/notebook7257c6846d,983677
/pxdetcn/notebook35dacaaf82,983676
/zhoujj/notebook22a3ca21f0,983671
/miningjerry/notebookb80f4d803a,983662
/terencezl/exploration-ml,983641
/randxie/notebook2c52e55b46,983610
/sagashin/bdrw1,983598
/sszilvasi/notebookb2fceb94e7,983571
/nick12/cats-dogs,983568
/zildwill/notebooka51f636675,983557
/mnd1892/manav-titanic-r,983602
/metiuuu/banana,983552
/dckyoung/notebook11e2bf838c,983499
/alexakm/notebook96fe71c98b,983492
/eternalwinter/notebook9555c7e3d1,983487
/dckyoung/notebooked7208643c,983476
/manith/notebook3dd848c010,983475
/jrahul/notebook9e5f8ffd5f,983468
/enningxie/test1,983467
/enningxie/notebookc408df2482,983465
/collinj22/notebook2efb764946,983462
/manith/manith123,983461
/collinj22/notebook82af421221,983446
/m6tian/notebookcbe6eafbc7,983432
/chowchilla/notebook79c9c99757,983431
/chowchilla/notebookbfbabc2562,983425
/luwenlong321/notebook8708ca8a08,983420
/jamples/notebook8d4fe1bd02,983419
/nionios/notebook118932cd63,984678
/cattom/notebookce57a46886,983407
/nikeshpraj/titanic-testing,983403
/hardikp/notebook492ba913f0,983391
/davidef/notebook9ea1aa3457,983375
/thomaswu/notebookdbe2a5e4a4,983331
/utkarshagarwal01/notebook8fc0141daa,983323
/nikeshpraj/testing,983301
/mpsommer/notebookccf8a02e02,983287
/kathleentang28/notebook55357093dc,983277
/anthonysegura/notebook76290db67e,983247
/sebastianljs/simple-ml,983237
/rhavens/titanic,984936
/sreekanth9/notebook2ce7c30198,983235
/kazemlou/test0,983231
/pkacprzak/notebook1352b8acb9,983217
/felipelemos/notebook7fccd6fbd4,983211
/dpoler/homework2,983212
/rachitagrwl7/notebook4d1e4d7195,983192
/jimmybrown/notebookcc80a60e6e,983184
/tbilhaif/notebook94e301d600,983176
/abhmul/notebookcae68431b1,983164
/artpanov/notebookf2a5d85ae6,983160
/toto727/test123,983151
/toto727/notebook8739d00c73,983149
/meet10/notebook15cee7f317,983142
/artpanov/notebook5ca0f6e762,983116
/jankaifer/my-titan-ic,998746
/talcapa/twosigma,983089
/g12megha/notebookf7164f079e,983079
/aggibb/notebook0d070d19b4,983069
/ajaxis001/notebook3055cb1a89,983065
/kweiss/notebook1c0e828e5c,983061
/ericqh/my-test,983057
/zifanf2/notebook2a429f186e,983052
/zifanf2/notebook4ceeaf0b8e,983051
/ericqh/notebookaee2110a98,983044
/mccclxxxv/starter-script-with-xgb-in-r,983027
/drichlet/notebook99d2f69edd,982997
/mohankanni/first,982980
/augustccy/notebook8e29eb9ceb,982957
/john24142/notebook88bb0329c3,982943
/dempton/notebooka230f827a2,982934
/dempton/notebook17e3140ab0,982921
/aurelc1997/notebook0de3d5df34,982895
/kaiyifan/notebook207ca58258,1023876
/mklimus/test-script,982866
/mklimus/notebook48ebf043bd,982865
/nitinnataraj/testing,982856
/kaiyifan/notebook054883cc66,982826
/hl5240/notebook9d62d50f58,982796
/dempton/notebook859ee6ad93,982793
/gabbardo/notebook9ac0217c6d,982779
/adamzhang129/notebook938726fbc3,982746
/cholling/notebook92c981a8a9,999028
/rowanlaw/titanic-trial-20170305,994759
/nikson/notebookb8ec343539,982728
/happisan/avg-temp-of-major-cities-in-india-in-yr-2013,982709
/hbsjzzxgssqb/notebook6135c4ab3e,982687
/pratikkaggle/notebook76e804b3da,982685
/niranjanappu/sample1,982653
/kigawas/hello-kaggle,982650
/mchirico/property-crime-2017-map,1277440
/garyam/notebook9e936f9856,982629
/tonyjames/titanic-solving-l0,982626
/jhowdantas/notebook62692e71eb,982620
/flotha/exploratory-study-on-ml-algorithms,982615
