/morgansilvers/swirl,1062698
/japribik/notebook37cdb36264,1062696
/badisengin/notebook29e16bd787,1062695
/maheshavadhanam/maheshsh,1062703
/maulberto3/tests,1414382
/rohan24/notebookaf9cba6fbf,1062662
/maheshak04/gdy5-paramter-tuning,1062661
/sileishibaura/tech-jobs,4678178
/jens0r/elo-predicting-against-dataset-0d38c8,1062646
/rajumondal/notebookfaf12f2d44,1062637
/jens0r/elo-predicting-against-dataset,1062633
/a654653361/unsupervised-and-supervised-neighborhood-encoding,1062627
/envercuric0/notebookac03a0aabc,1062610
/smitha13/alcohol-consumption-and-average-grades,1062607
/keinmal/a-journey-through-titanic,1062596
/bryce123/a-journey-through-titanic-76d974,1062594
/bryce123/a-journey-through-titanic-22e362,1062591
/harjeet3092/notebook303eb5cd0f,1062583
/bryce123/a-journey-through-titanic,1062568
/cgomes/first-try,1062847
/mandarup/complete-process-using-resnet-as-a-starting-point,1062556
/martinbrooks/full-classification-example-with-convnet,1062541
/aelmrani/notebook58217901da,1062524
/komthanh/notebook74df5b8d98,1062488
/kkozhenov/notebook4a3ef6daba,1079990
/sanjay1995/notebook21c6c7d2b7,1062476
/jramirezv/notebook2f12cdfa30,1062473
/turntrout/titanic-data-exploration,1084649
/andydata/notebook8d85f54f54,1062402
/mphillips55/notebook11386d33fc,1062398
/podata/just-test,1062375
/johnsonml/notebookb888fbbb66,1062370
/podata/notebook559ca5f7db,1062369
/bricko/notebook3695b13df5,1062366
/liyaxiong/test-py-1,1062358
/anjboral/notebookeff4e2a1cd,1062354
/cahrahskiyo/notebook20b11b5790,1062353
/krekhov/notebooka63f884a16,1127963
/velaraptor/weapon-used-vs-gender,1062342
/thinkingparticle/notebook62f320b911,1062329
/beliefbio/notebook41c2cdbdb1,1062322
/pyamada/notebook29d838b0b0,1062301
/bharathb/notebookc5a4aec33d,1062244
/linhsuan/notebook09dcfb5361,1062240
/ajaybarla/notebook40841f1d10,1062218
/walsripe/titanic-py,1062201
/gerardlarkin/titanic-effort,1062199
/chenbotang/notebooka36c5d0c61,1062184
/cdj4ever/notebook86b0324e10,1062164
/remidelbouys/notebookc91e3f6b1e,1062158
/cyberone/sea-lion-coordinates,1062151
/ka84668w/an-interactive-data-science-tutorial,1062136
/marsam/notebook7c1bce85ec,1062123
/bellajiayou/notebookcc3f6f9f8b,1062110
/shifengwang/notebook28e7d471c9,1062108
/n2723008528/notebook6421cee6bc,1062102
/rubenvelasco/my-first-script-american-community-survey,1062097
/rjjeffries/atp-test,1062092
/zhiyenlow/explore-global-terrorism-using-highcharter,1062090
/rlucchese/notebookaab8d9e4fd,1062088
/nbose2/notebooka8923779c9,1062078
/cyberone/notebook8c39f60191,1062073
/xbmatrix/xgboost,1062049
/dumbris/fishy-keras-lb-1-25267,1062326
/sharadkumar/notebook894dd64876,1062005
/kaszanka/notebookf5108fbd43,1061991
/pankant/notebooke7dcfb2fcd,1061980
/pankant/notebookce07745ef6,1061977
/pmfipa/trytry,1062070
/pmfipa/hworld,1061973
/leommerss/notebook35212f5515,1061970
/moeensunasra/notebook1d4c0956cd,1061966
/koomook/notebook4f1f9ce541,1061964
/kapibara/notebook7e50cd3d1a,1061956
/flingdog/notebookc2d1adc972,1061951
/rainasanjay99/notebook02c9feb5c2,1061922
/rainasanjay99/notebook15b6607cc0,1061914
/byteme/digit-recognizer-in-python-using-cnn,1061899
/hakobtam/notebook6b27e36b55,1061872
/gouravbansal/notebook746f997653,1066639
/ryanshim/notebook923cadcb8a,1061861
/independentvariable/notebook055419bfac,1061860
/colingrodecoeur/notebook955776a13c,1061825
/oliviergalletti/notebook912054a9fc,1061822
/senthilss/notebook36314e8158,1061815
/frankchen0130/xgboot-only,1061828
/malarick/script-kernel-r,1061790
/xd1234/cnn-tensorflow,1162199
/sionek/test111,1061767
/mpracy/notebook2f0c008d40,1108234
/ayush261/notebook9a40e9f054,1061732
/dimasakovich/resnet50-features-xgboost-v9,1068721
/jillgala/explore-starbucks-worldwide-stores,1061721
/rosettast/notebookb5850b141e,1061714
/zhouzhiguang/notebookd545309482,1061698
/mrcschwering/was-there-enough-space-for-leo,1061694
/jae911/notebookdf08a4e694,1061680
/johnson0722/notebook0000a2b392,1061667
/sasmitamohanty/notebookb8359dfcf0,1061657
/polaris045217/notebookbc77120f45,1061634
/frankchen0130/matching-que-for-quora-end-to-end-0-33719-pb,1061630
/yejinkim17/notebook68a29ad25c,1061620
/yongchaoliu/notebook8efd381e11,1061617
/egoisika/fibromyalgiadataset,1061580
/liuxu3510/notebook194c2cac2b,1061548
/munersally/matching-que-for-quora-end-to-end-0-33719-pb,1061547
/rosettast/notebook378e10454f,1061530
/rosettast/notebookf3390c417b,1061506
/weitu820/notebook43dc08a3cb,1061492
/calbears88/titanic-script1,1061487
/paki514/notebook5d9b2da432,1061484
/calbears88/titanic-training,1126232
/deschanel/try-a-great-xgboost-tutor,1061465
/jxux439/first-try-tinkering-with-word2vector,1061430
/vraman2811/notebookf67b447046,1061419
/abhisan/notebook1643d06c61,1061416
/paperplane/notebook1dce104888,1061411
/gfgkmn/notebooka44ae04bec,1061357
/wesleyshi/notebook2095fd4410,1061321
/wesleyshi/notebookc25a886538,1061313
/chriscarey/notebookda10704cab,1061293
/waykole/resnet50-features-xgboost-v9,1061292
/technorati/ddawn,1061316
/yangli1124/notebook6e5da539b7,1061229
/micaiahparker/notebookd67f285363,1061218
/carlosmmc/notebook3a136995fe,1061203
/alexgkearney/test-3,1061202
/nibedita2305/notebook1769f37a9c,1061197
/libaoming/notebook46b130d9cb,1061175
/abdulmuqeet/notebookc56afb6eb5,1061174
/guochen0706/cv-statistics-edited-0-5346-score-04e9f5,1061160
/jephdo/notebookdc7a4db701,1061148
/crl1989/visualizing-terrorist-attacks-on-india,1061147
/bellajiayou/notebook1dff58ad05,1061107
/euclid314/notebook474b49dbe3,1061094
/blabdool/notebook93c4930328,1061092
/saurabh12dec/notebookd78b15ef29,1061090
/freemans/notebook1ca2b2b533,1161720
/zhangzhiquan/notebookc073c97299,1061074
/zhangzhiquan/notebook453537eff4,1061073
/sgross/notebook2af89c2fb0,1061072
/smallhuihui/a-beginner-s-approach-to-classification-10e775,1061070
/leemiracle/predictive-analysis-of-survival-rate-on-titanic,1061055
/shenc3/notebook7387128643,1061053
/shenc3/notebook368e0ce0fe,1061051
/jolavb/notebookc2b93c10e4,1061049
/qtian01/notebook4cea7a175a,1061040
/hypercross/uhh-testing,1061036
/gsmzxc/firsttry,1061043
/hypercross/notebooke0a486f294,1061034
/seanxli/notebook62bada2669,1061017
/vvnsk92/notebookcc2fd5536b,1061005
/jsalas/notebookc95b2ff3b2,1061003
/eversdyk/notebook901d696025,1060997
/junsiklee/notebookd5c60dbfa6,1060991
/grasshaha/notebook914eb261a8,1060984
/azenalex/first-notebook-working-through-titanic-challenge,1060978
/palakj/notebooka524dcc229,1060966
/imtiaz1204/notebook68131b1454,1060965
/ronnypetson/notebookd3bdd39480,1060950
/divya99/notebook458a3955fc,1060937
/stochastichic/handling-datatypes-missing-values,1060924
/psantanusaha/notebookfa7bbe6383,1060911
/stochastichic/missing-value-imputation-handling-data-types,1060914
/atlee731/notebook82c75aeebb,1060903
/emrearslan/notebooka1a1d5e555,1060885
/skubatur/notebook4d4a486eab,1060834
/christophe001/notebook5fff919926,1060829
/lisoid/lisoid-and-ml,1060823
/anacarolina/notebook95d4cee10f,1060817
/bsamuels/notebookdb3c05f6e4,1060810
/jackyfane/notebooka541fde485,1060809
/bsamuels/notebook1dace54efa,1060808
/nbwadsworth/sinking-boat-practice-python,1060804
/nbwadsworth/sinking-boat-practice,1060801
/emtall/titanic-practice,1060800
/bharathbs93/notebookcda5dc6323,1060797
/redherring/asfsd,1060763
/sergioal/first-script,1060748
/bookwormengr/notebook77edb08920,1060686
/katharc/notebook4a1eddfa3f,1060676
/wanlicheng/notebook2fb25433ea,1060628
/wanlicheng/notebookd6f5e58096,1060623
/atcdo1/notebook13f25d2a9b,1060702
/nishalns/titanic,1060596
/nishalns/notebook542100f928,1060593
/carlosmmc/notebook42bc03faaa,1060579
/basilis/titanic-once-again,1060569
/svemaraju/notebookf1334345bf,1060547
/pranavhippargi/notebook236886ca5a,1060544
/snoober/notebookb0ac23dcca,1060535
/funnytoken/keras-dnn-with-convolutional-layers,1060598
/selvas/notebook77ef32807f,1060496
/smarwen/notebook7591defe13,1060481
/hojunc/tests,1060461
/nmud19/notebooka79124ab39,1060443
/rmarzovilla/notebookc185cdd1b7,1060435
/mg1533078/notebook0dc30f022f,1060431
/hoannguyen/notebook6d9b786b4b,1060421
/vishalagarwal2708/notebookb260debc8d,1060418
