/jvel07/notebook011c929c58,992512
/ctunder77/notebook3944556169,992509
/a98051827/notebook2f856d8d53,1058804
/kajalpuri95/notebookb6743a210c,992486
/rsreddy/notebook0f837651df,992482
/miladalshomary/notebook8e2d32ea94,992477
/franticcc/testing-12345,992476
/rsreddy/notebookc4cf4f9f20,992471
/arupkamal/titanic,992468
/sswang0701/notebook41400301c5,992460
/jieyangdublin/notebooka28d3692a2,992456
/tsugumi/notebook5892f48f7f,992445
/fredfav/notebook1248a5c15c,992432
/johnjung/notebook1e8be47bd3,992405
/shred45/notebook42ddb65e3e,992396
/eidanch/notebookc35b3ddf37,992389
/zmhassan/notebook3c360201bd,992385
/ripples/notebook50771a41ab,992383
/ravireddym/notebook467aecea1d,992379
/tanushree/notebook74b031b534,992359
/ananthasireesh/notebook931f57fab8,992339
/gagginaspinnata/notebook99c54594a1,992338
/gagginaspinnata/notebook9d8e598804,992333
/spiritsymmetry/notebook1b9f125cdf,992316
/winterfuchs/notebook4b7fa2a772,992295
/anfiarao/notebook15d09fb107,992293
/tsparks/test-classes,992377
/shawneeboy/notebook555352d13b,992278
/tamato1/notebookff19af0827,992264
/mohit20091045/notebook6b104e753c,992257
/manybooks/notebookca10724632,992252
/friday360/exploratory-study-on-ml-algorithms,992250
/pattyodesu/notebook86c10c8c8f,992249
/txdywy/notebook9f5c53569e,992248
/tsparks/notebook7d19c80a0f,992245
/roycecil/notebook91429ffe27,992241
/sjt604981825/notebook81d1990b9d,992240
/pauleikis/notebookeac4970315,992223
/thiyag/notebook78a4e62168,992221
/rishabhwadhwani/notebookd410e66a49,992206
/obmnof/notebook033a66d5c2,992199
/milenski/notebook69d3214b4a,992195
/srijit1729/notebook1fe10b453e,992190
/yanjing/using-nn-to-explore-the-titanic-example,992166
/lollito/firsttest,992160
/kharik/notebooke5248afab8,992159
/tieuminh2510/notebook8ef08c386e,992118
/wilsonge/notebookb1e7d974c5,992092
/jaicky/notebook51a77cb942,992065
/paragman/tmodel,992063
/yanjing/using-nn-to-explore-this-titanic-sample,992061
/sivam0409/notebook27753fad0a,992043
/rjwink/notebook29279b6f3e,992036
/alanhamid/notebookf729b5da6a,992033
/hongchaoqun/notebook361045b390,992027
/hongchaoqun/notebook6e69f07cea,992026
/matan1965/titanic-random-forest,991987
/hongchaoqun/notebookfddaf59747,991972
/little7/notebook08722c1b40,1008365
/aweeden/notebook4e62733c4a,991910
/jaicky/notebookec11b97f66,991902
/huangye/from-sklearn-tree-import-decisiontreeclassifier,991906
/mattvonrohr/installed-r-packages,992146
/zaratropia/kaggle-playground-no-1,991874
/taibai/nutrition-facts-for-mcdonald-s-menu-from-treehole,5382480
/barristerthebold/dsdsd,991848
/trsumit/notebook9671100ffb,991803
/trsumit/notebook009abf3f08,991800
/lauracozma/script-trial,991798
/machinemonk/first-kernel-exploring-titanic-dataset,991830
/jaicky/notebookb38d475097,991789
/westoshy/notebook9d62d68c47,991780
/kierlan/notebook94b455763e,991778
/viveknimkarde/notebookf3dadfbfee,991777
/gan3sh500/trying-to-improve-on-it-is-lit,994093
/teitei/mnist-simple-nn-keras,991774
/sriharinitumu/test-1,991763
/odkolock/notebook6436d05b46,991761
/vanderwal/notebook8f2e8ebcde,991747
/xiachun/notebook98bbb7b607,991715
/omghi2u/numerai-exploratory-analysis,991717
/vvarkey/0309-submission2,994663
/saranyas/notebook3992fd5765,991674
/abe6557/notebookb811de561c,991672
/surajit2017/surajit-2017-titanic-r,991885
/davidli/temppp11,1008356
/thomasbriner/notebook52480455c3,991662
/doh42q/notebookbbb524c120,991657
/kevinrombout/titanic,991641
/yasminedejeu/titanic,1021975
/njnjnb/mushrooms,991656
/michelledebock/project-ml,991605
/bobblegum/machine-learning-vu,991603
/raja5ekhar/looking-at-vehicle-accidents,991593
/harshratde/notebookd812e0aaf8,991585
/hovits/notebook349450c94e,991574
/kandr19/notebookef22e7f4e2,991546
/jirlock/notebookab4b7db70c,991540
/karora/notebook15651eac69,991539
/hydenli/notebook4040f2d56d,991534
/alvindaiyan/try-default-script,991522
/westoshy/notebook659c0a4083,991519
/hubernikus/notebook066038a1a2,991509
/redhart/notebook9a3569c025,991507
/singlejoe/notebookb1cc1e59f0,991482
/fossyatra/notebook8e0cc8ff6c,991467
/mashmn/notebook717cbd3323,991456
/lucamingardi/first-keggle-notebook,991455
/mashmn/notebookd7dd69a477,991454
/alenmu/qbi-tutorial-3-alenmu,991453
/kmader/notebook85770e85e1,991451
/ewiwi79/1-machine-learning-classification-algorithms,991441
/vardhanharsh/notebookb1fdbba8e8,991419
/henkmuis/notebook8af28f83fe,991413
/lixin551/notebook6110096471,991399
/kunaphas/firsttest,1000099
/ytonthemove/notebook388e21844b,991387
/skjteam/notebook0f23c1edad,991381
/yues66cc/notebook190e7eefa7,991378
/ashutosh1996/notebook90db14c2c0,991359
/midus1/notebookdbe0615f98,991358
/yichen123/tensorflow-try,991356
/chaihf/notebookdf008a9c07,991354
/sleepermonkey/most-popular-labels,991348
/chaihf/tests,991335
/stevi11/notebooke8f66138eb,991333
/yichen123/tensorflow-lab,991331
/chaihf/notebook4e9a3ec3c5,991317
/juaychen2016/notebook7235dc75f5,991316
/arossbach/notebook682ecc8635,991303
/xiaoyao70v/notebookad54b99ce7,991297
/marshad/notebook6a6165d275,991284
/junyakamura/notebook40cc4adef7,991278
/chengtang827/raddar-0-98-xgboost-sparse-matrix-pythony,991263
/xahidx/testtitanic,991253
/wsmlby/notebook8fdea0a358,991249
/wsmlby/notebookb9c1e0a43e,991248
/iamchanging/notebook314dfbea69,991233
/swapnilvnit2018/swapnil-hello,991228
/lcooper/notebookc9efd3d388,991227
/shunkb/notebook785777370f,991207
/citysir/notebook033dfacf64,991194
/nitinnataraj/notebook6919083f29,991189
/galen5hk/firstrun,991185
/ashutosh1996/notebook8efa6b2148,991175
/ghoshtumpu/notebooke0d7f4b1e1,991174
/chabalala/notebook8572f58e22,991171
/vwkulkarni/notebook6d5b4490b2,991170
/ashutosh1996/notebook44fe414c98,991165
,None
/nerskin/predict,991147
/hrma017/notebookb5fc0ee826,991120
/sunsagong/notebookde95b79d43,991116
/phattaras/super-sized-we-macdonald-s-nutritional-metrics,991098
/deogtae/notebookb1ec6ac9c1,991090
/shreyasbakre/mtcars123,991152
/ghoshtumpu/logistic-egression-on-titanic-dataset,991097
/zeba123/notebooke4633ccff8,991076
/kajalpuri95/notebook607aac822e,991050
/celite/notebook00613fcb0e,991039
/phaethonprime/notebookb865fb2f32,990980
/ashishshevale/notebook0dbe973b52,990973
/shrestsn/notebook3e20af3de3,990967
/gregoryfh/notebook17f9a079ba,990952
/wbierbower/notebook87bac266df,990944
/tianyuzhao/notebook3c332a3269,990939
/wbierbower/notebook842f1e30c0,990937
/winterge/notebook1b8a359aa9,990928
/gomesbruna/resnet50-features-xgboost-fork,990919
/wbierbower/notebooka44cdbc0a0,990874
/m990xd/notebook44310ac947,990859
/vignesh/notebookff4f08495a,990858
/mthipparthi/notebook28ee74328d,990851
/haridut2/notebook7bf348f1cf,990848
/captainrubik/testingshikhar-py,1189729
/rafaelariascalles/notebook23891d3b71,990837
/konfirst/notebook515a4ab827,990834
/anunoodles/notebook30e371de51,990813
/helenjiang/notebookd49602c5c6,990786
/bocaiwen/notebook10a15f6c20,990761
/yuzhen/notebookc3ff386eef,990760
/jianguangg/teststart1,1006361
/bjcost/notebook32ce295d54,990723
/sevendeadlysines/notebookb57e2289ac,990691
/madraziw/12345678,990689
/dtyagi/notebook157121a29d,990687
/prvccy/notebook8f65c126bf,990682
/cantstopwontstop/it-is-lit,990671
/yhuangy/notebook4c1e8909a0,990665
/zengping/notebook920168216c,990630
/zerter/notebook280a2826c1,990619
/chanatip/notebookd7c8b0f4ba,990613
/wedge3d/check-output,990598
/idubdub/notebook91247cb82c,990588
/jiaqiangbandongg/notebook9e8bf8de38,990587
/jinokahn/notebookf01489ce5b,990586
/noorulakram/starbucks-worldwide,990573
/prashanths/notebook930b124add,990570
/victor9000/testing,990563
/morshi/kaggle-competition-dome-tiranic,990552
