/chendongnz/delete,1216358
/howon92/notebook4faecaccdf,1125862
/leesiuchung/notebook026873732b,1125853
/aniljs/notebookcc061de2e8,1125851
/lt123456/mytest,1125839
/ildefons/notebookc4d876c824,1125834
/alagaesia5/creating-some-useful-additional-features,1125811
/shchen0630/test-for-r-in-a-module,1125802
/zgwshmily/notebook19ed05cce8,1125789
/shivsood/notebook43361fd890,1125770
/sabril/test-kernel,1125818
/iman2546/notebookc2e4af7cd1,1125763
/sudhamsu/sea-lions,1125753
/vitalyvorobyev/notebookb1ef662bbe,1125750
/lavaash/notebook3f94966b47,1125748
/sudhamsu/notebook6d595b3cef,1125744
/willyoung/test-s,1125734
/madchang/notebookcdb1f3edc5,1125731
/francisthomas/notebookca4c9bf8ff,1125723
/zilizhou/notebookf623cb3479,1125707
/joelhanson/test-for-titanic,1125703
/wanderernix/notebook0c2219b0b0,1125689
/trietnm2/deep-nlp,1125686
/fansy1990/notebook4d6483f089,1125682
/tomasvdb/cc-fraud-detection,1125670
/chenfenghui/notebook02405340c6,1125636
/longxingol/notebook7ec557ee5a,1125633
/meads2/5-part-data-analysis,1125641
/dongxiang/notebooke16231cf75,1125608
/dfmrrd/notebooke255a8f7e4,1125598
/eagles2f/house-sales-prediction,1125586
/alvasvoboda/pythontitanic,1125581
/dbsciece/notebook7a2dae39b0,1125569
/zhu1987/notebookb1cf9b25a0,1125571
/janzhen/for-test,1125573
/nikepupu/notebookc8cc8ffd7d,1125553
/jeffyu135/random-forests,1125533
/tranbenny/notebook34f7549754,1125528
/bimalmonasachi/notebook8e4fbbabcc,1161177
/templetontsai/notebook5feaf6abba,1125548
/templetontsai/notebook0eb5580da0,1125510
/lnguyen93/notebook551bfecf06,1125498
/smriteesubba/notebookf10c5c8c46,1125496
/shivahide/test-airline-sentiment,1125486
/templetontsai/notebookc9333bef7f,1125474
/jimdoesdata/notebookabe2684f8e,1125461
/lleewwiiss/notebookef08d67fe3,1125454
/saivalluri/notebook858fa3a5ca,1125450
/shivahide/kaggletest,1125447
/yorde3/notebook9bc290580a,1125444
/ngcferreira/fractals-of-nature-blend-0-90050,1125442
/saivalluri/sample,1125438
/datark/crimes-in-chicago-analysis,1125423
/dukku1/notebook8f4113e699,1125420
/anuragreddygv323/notebook43fe2477c8,1125416
/jbuhler/notebookd5a2360134,1125410
/allthingsnlp/notebook1226b69830,1126916
/rexwang/notebook2c0e294447,1711112
/sudhirmodali/notebook4b47ea582a,1125395
/jeffrylee/notebooke2a40b774d,1125394
/izeyes/titanic-data-science-solutions-59c286,1132333
/gitpushoriginmaster/notebook76294f645b,1125384
/sdlane/my-test,1125382
/mmonty12/house-price-py,1125381
/mfjwr1/notebookafabb7faad,1125371
/sonder/notebook9848c46dc0,1125368
/rsharankumar/testing,1125366
/tkassis/notebooke572be3949,1125357
/msilioo/notebooke0800d6ec4,1125352
/kristenhuber/notebookd0e2f522b6,1125340
/harshpan/notebookf06a64b5aa,1125330
/qinhui0104/sklearn-multicollinearity-class-speedup,1125326
/dmack33/notebook5beff6935b,1125322
/darcimartin/fraud-script-using-python,1125318
/benhamner/notebook1399b773d2,1125314
/hackathorn/iris-test,1125310
/saivalluri/notebookfb4bab8b21,1125492
/soymadhu/notebook4b08a4a8f4,1125335
/vijendrarana/notebook4c3230f786,1125285
/ugaliguy/notebook910a8eb6da,1125259
/namrathaurs/notebookc628937707,1125254
/dougj892/notebook86659401e3,1125241
/allthingsnlp/notebook71c7165ec7,1125242
/allthingsnlp/notebook6727f8b1b4,1125239
/ketkarah/my-sol,1125205
/aaronkramer/notebooke7cbe5da92,1125203
/altair/notebook481cced9b5,1125194
/medwani/notebookabfd35fd69,1125181
/hzlihang99/fraud-detection,1125174
/abhisekp/credits,1125163
/abhiramgandhe/notebook2d00cb9e01,1125152
/iaburton/notebookf9f12225f3,1125145
/shirishr/notebook631716f4d6,1125133
/niechen/notebookbc2b815267,1125125
/bputersznit/notebook4d2db3db91,1125103
/pjiang/notebook0a6acf56eb,1125099
/jorie01/notebook2984d24f4b,1125097
/timbaney1989/notebook27109073f6,1125083
/rolord/notebook13355985f5,1125082
/dks1994/notebook63501c0fc2,1125059
/ncoolidge/notebooka43df2319b,1125056
/modalursine/notebookaa84bcd699,1125042
/philipxx/notebook745e778097,1125039
/kgiverson/notebook4d32613cf6,1125034
/playdoh13/notebooke6fab075f2,1125026
/dks1994/sberbank-notebook,1125024
/osjbe2f/notebookb51576dc08,1125015
/nodp53/dealing-with-multicollinearity,1125011
/dks1994/notebook8ba5aea492,1125005
/gcilibraise/notebook9f118c1bf5,1125002
/lisun2015/notebookcf8551df22,1125000
/manifestlife/notebookd93846704d,1124994
/vramdhanie/notebook3c1d73152b,1124985
/gtrimarc/notebook2b487c97ab,1124974
/ifl1983/my-titanic-v1,1124971
/zhaohao/notebook6aa566d796,1124972
/lisun2015/notebookb5072786b5,1124962
/drivish57/notebooke05bccc906,1124996
/otrenav/notebook6735c2abdd,1124963
/speriyasamy/notebook34f62889d2,1124940
/bkukowski/abc12345,1124939
/zacpez/dataexploration-titanicml,1124930
/batfinki/notebook9bcfda45f1,1132359
/sswang0701/notebook42dc4524ee,1124919
/xuewei4d/notebook8a4d26fbdd,1124906
/macpac/notebooke65bee3778,1124905
/sdave1/notebook5e6e0ea39c,1124904
/xiaoxiaowang/notebookeadffeeda7,1124898
/cmaimone/notebooka33806d525,1124896
/chenrry222/notebooka1f659909e,1135107
/nikitabu/notebookbed694e640,1158662
/jasoncchsiao/notebook5a7f374cd0,1124878
/k900733/notebookba1c438e74,1124877
/caldred/titanic-ml,1124864
/bearcat1223/notebooka11f4be7af,1124859
/ncorbett/notebookbb7acc7156,1124853
/rosswell/notebookaf280b3688,1132398
/sagarhuks/russian-housing-market-prediction,1124822
/pdcmarques/notebookd961e777a9,1124819
/nicksteiner/notebook1f6cb99236,1124793
/keivanloo/notebook9dc444b25b,1250459
/jinhokim79/notebookf32f761f02,1124766
/xfernosu/titanic-script-test,1124765
/zshattuck818/exploring-eating-health,1124753
/chrisleo87/notebook95ab576834,1124725
/calhounqf/notebook717175ff65,1124687
/rinuboney/movie-revenue-prediction-with-pystan,1124645
/jinhokim79/notebook47d5c2d072,1124624
/aagundez/notebook0b46446a7f,1124614
/shujisuzuki65/classify-with-svm,1124610
/aagundez/notebookf24aed4169,1124593
/dollyi/notebook84504d3c6d,1124556
/peterfranciscook/notebookd58f1dce9d,1124535
/aagundez/notebook44f5bcaeac,1124509
/sbairishal/data-preparation-for-sberbank,1124475
/avaneendra/notebook9a4feec50d,1124434
/amnfirst/notebookc3523a1edf,1124428
/kishoreo/notebook43e08ebec9,1124419
/aagundez/notebookcb3961ebf6,1124443
/potapm/notebook73d0bd2c5d,1124407
/mrisdal/notebookf77f8a589c,1124406
/aagundez/notebook09ad1a4bd6,1124401
/aagundez/test-mds-24234243,1124400
/kishoreo/myfirst,1124397
/kishoreo/notebooka021afc7cb,1124396
/annavictoria/notebook7d203f1705,1124386
/nylyu2016/notebook9e00f9db0c,1124377
/mluckydwyer/notebooka55aea301b,1124359
/ashookumar/notebooke250840346,1124356
/gogoqingwei/notebooke2c76bd09b,1124354
/uditsaini/notebook2e256e1ae5,1124350
/andrewwhe/notebookac7fa5b91e,1124322
/jacobfair/exploring-survival-on-the-titanic,1124321
/borgli/titaniclearning,1124290
/milyas/notebook051b98b60b,1609147
/matiashf/notebooka2fd1573cd,1124276
/matiashf/notebookca3f5d7584,1124271
/grimbs/notebook9a7d519e57,1124268
/diwash1/notebook71d7f4d627,1124260
/akashwar13/notebook199bb27c1b,1124259
/ranata/notebookc0a901c096,1124248
/kkopitehong/train-mnist,1124247
/ayank77/notebook901ffa8f8e,1124245
/marcelosabadini/sabadini,1124243
/minglou/notebookfa0b466d9e,1124228
/xtradiuz/notebookf7e88fc720,1124218
/czarleonid/try-to-win,1132236
/jirapatj/notebook1de127a507,1124196
/taylorwilliams/notebookefd2b02473,1124183
/kakaisgrom/notebookf6b147ab53,1124164
/jangwonpark/notebookd389a0d268,1124104
/cxm170/kiwi-s-first-kaggle-competition,1383223
/dzldebby/notebook37bd329fd9,1124071
/dongdongyu/notebook1bfe87b64d,1124066
/mosconi/notebooka7d9bca6db,1124065
/mumumuyanyanyan/notebooka60f25d3ba,1124056
/williamgomex/notebookfd48990e52,1124053
/tonysherman/notebook253ba237c0,1124044
/evandyou/notebookf2ca1ce7d9,1124045
/jcamsan/notebook0e2c095034,1124009
