/akhalsa/notebook73b2976293,958845
/fandekasp/notebook0496c33017,899530
/housewife69/notebook0fd2e4bab2,898974
/millerzzs/notebookb0d81716ff,898966
/harini5693/a-journey-through-titanic,898824
/songciting/titanic-best-working-classifier,899026
/ceofo2000/notebook8050672fdc,898776
/hsekol/starter-explore-youtube8m-sample-data-2fee58,898929
/harini5693/titanic-best-working-classifier,898677
/bimal1990/climate-change-analysis,898601
/mavisliu0101/principal-component-analysis-explained,898271
/vchiluvuri/test-titanic,899784
/vchiluvuri/all-modularized,902778
/bbx396/notebookdc90935fa8,897767
/bbx396/notebook4fe463f66b,897761
/vchiluvuri/exploring-survival-on-the-titanic,898007
/ekan825/tf-idf-on-cleaned-data-in-r-e0950a,897696
/dhernan7/mass-shootings-by-state,897710
/ciortanmadalina/notebookaf79a56613,897493
/dhernan7/notebook537867d8ce,897230
/vivivi/notebook3645060257,896889
/fourier13/first-data-interpretation-correlation,896850
/vivivi/notebook6453dae880,896734
/yanivh/simple-logistic-regression,896254
/akilesh/survival-analysis-on-the-titanic,896276
/jessthebell/notebook5d614be9c2,896170
/ramoes/stepwise-logistic-regression-titanic-survival,896731
/nickczj/starter-explore-youtube8m-sample-data,935878
/acehanks/first-try,896810
/lycan785/introduction-to-ensembling-stacking-in-python,895571
/opi133/first-pass-through-data-w-3d-convnet,895541
/sdimig/notebook338698b40d,895807
/nyanpass/a-journey-through-titanic,899873
/joeymo/notebookdf1bf6db22,895384
/benrejeb/notebook739720ef4c,894896
/ergee42/notebook85bc53c91b,894852
/binggowu/notebook58cce2b39d,894845
/alvysinger/pca-and-regression-fork,894843
/hyoilcha/regularized-linear-models,894730
/simonsez/notebook3be9709d04,894709
/zsljulius/a-journey-through-titanic,894615
/jerrytseng/introduction-to-ensembling-stacking-in-python,894632
/monnelh/notebooka0719c8238,899561
/invinciblejha/the-perfect-score-script,894481
/yasker/pikachu-vs-bulbasaur-matchup-7e287b,894463
/kuixui/animate-3d-data-slice-by-slice,894431
/nakram/notebookbf34f9a61e,894513
/cynthiaho711/filling-up-missing-values,894372
/nishalpereira/first-pass-through-data-w-3d-convnet,894256
/typiglet/a-journey-through-titanic,894267
/fadlifajrin/a-journey-through-titanic,894086
/deepsemantic/first-pass-through-data-w-3d-convnet,894081
/sofmonk/a-journey-through-titanic-31cd97,894063
/sendel/full-preprocessing-tutorial,894023
/neilxxx/notebook3e61e41500,893900
/pinsleepe/notebook3393ded5f3,894138
/niravjain/notebookfdf109c1fa,893623
/alvysinger/10-classifier-showdown-in-scikit-learn,893459
/vignanl/introduction-to-ensembling-stacking-in-python,893553
/vipmunot/housing-price-prediction-w-sklearn,893401
/aprindle/notebook7eb7407a60,896670
/satyaprakash1986/notebookfc5236fc64,893234
/dungpt3003/a-journey-through-titanic,893146
/cpruce/squeezed-this-in-successful-kernel-run,899267
/willamette/introduction-to-ensembling-stacking-in-python,892806
/perryli/updating-xgboost-giving-logloss-around-0-602,892805
/tangjm/a-journey-through-titanic,892520
/nit123/titanic-data-science-solutions,892407
/bbx396/notebook112d5011af,892688
/dimalo/image-preprocessing-exploration-2,892320
/antriksh5235/logistic-regression-scikit-learn,892618
/beletecheneke/xgboost-with-roc-curve-notebook-auprc-93,892276
/nhejazi7/full-preprocessing-tutorial-5c14a9,892184
/javiec/notebook49463085f5,892176
/naidu1242/indian-exploration-league,891855
/deephugs/starter-explore-youtube8m-sample-data,891737
/alchemist009/notebook1fdc44c9aa,892295
/sidwise/a-journey-through-titanic,903457
/nageshp/fork-of-starbucks-top-20-cities-top-20-states,912278
/bchan77/decision-tree,894607
/gabriellelarosa/notebook719222812f,891702
/vish3011/simple-nn-to-recognize-digit,891240
/ld0404/notebooke9e393cb06,891235
/vish3011/movie-recommendation-system,1035567
/shauryashubham/notebook20a8df4097,891157
/leehh92/notebook2328ab3ef7,891109
/akashrehan/tensorflow-starter-kit-fixed,891068
/shreyasbakre/notebookc78e9baab9,890877
/justindeed/iris-with-xgboost-and-gridsearchcv,890943
/ashinde/amit-shinde-iteration-2,904821
/seatrex/python-data-visualizations,890721
/juanh8a/python-nltk-sentiment-analysis,890687
/kuliksv/random-forest-starter-with-numerical-features,890536
/raylaiwaiho/titanic-data-science-solutions,891180
/tachyonajith/full-preprocessing-tutorial,890419
/sushantb/notebook44ff666fd4,1033416
/ankitagrawal/notebook77964c5aa7,890263
/eoghanf/notebooka6fcc80322,890084
/wario7/starter-explore-youtube8m-sample-data-d052e4,889969
/hustry/titanic-data-science-solutions,889935
/davidcsgf/notebook0d8d5f73fd,889837
/tarunchoubisa/a-journey-through-titanic,889797
/xiangshuai/notebook61224118fb,889782
/ankitagoplani/my-first-kernel,889666
/sam2017/notebookddc07f98c9,889638
/jitu38/notebook4c03270f58,890153
/niravjain/who-will-leave-next-e5f136,889258
/rojre1979/create-dataset-with-tensorflow,889616
/shishantshanu/state-statistics,888970
/kalyanperi/notebookc071d4b3c6,888909
/northz/catdognet-keras-convnet-starter,889019
/keshavkumar007/notebook5f0413e350,888781
/cattan/notebookffc37a879a,888657
/freshchicken/notebookf8bb27e966,888689
/crsarav/descriptive-statistics-and-machine-learning-31f20d,892735
/helloybz/notebook079d4f3a67,899844
/shreyasbakre/notebook1011cdfd3c,888329
/plainsailing/python-data-visualizations,888171
/dysonlin/starter-explore-youtube8m-sample-data,888156
/pavithral/notebookd21032de73,888155
/xlzheng/a-journey-through-titanic,888080
/tsriharsha/simple-nn-to-recognize-digits,888078
/poornachanderj/a-journey-through-titanic,887924
/rojre1979/tensorflow-starter-kit-fixed,887859
/siwuch/titanic-data-science-solutions,887746
/jin1205/random-forest-starter-with-numerical-features,887743
/continue7777/titanic-data-science-solutions,887736
/tingtsai/starter-explore-youtube8m-sample-data,887700
/flymolo/notebook5e615f4945,887704
/smayru/analysis-about-income-and-others,887734
/kfchen1988/notebook346deb8553,887589
/johnjm/notebookfe24613060,887768
/stanwar/for-deletion,1820052
/manojagr/notebook0b5675d708,1011787
/nancyquan/a-journey-through-titanic,887023
/spencerkoo/notebookfad10e6f38,886960
/kushalkk/house-prices-data-exploration-and-visualisation,886788
/akirarose721/notebook8b8798b69e,886731
/brandm/notebookaf4c77662c,886707
/riquebrandao/a-journey-through-titanic-51b7b0,886614
/knittala/stacktags,886724
/ravitejakotha/notebook2cfe1c0a25,886487
/tputnam/a-journey-through-titanic,886440
/cmis91/notebook80517b2f1e,886389
/anuragchilukuri/notebookfa18f2d99b,888231
/shifu328/predicting-fraud-with-tensorflow-716018,934353
/zavodrobotov/match-outcome-prediction-in-football-c23055,886105
/eladkatz/notebook37b4cb30ec,885927
/den3b81/can-a-computer-say-a-1000-words-from-a-picture,885532
/xujin1982/randomforestclassifier,885341
/akshara13/amazon-reviews,885336
/xujin1982/raodomforest,885329
/sukerzh/notebooke143490039,970708
/viczyf/titanic-survival-prediction-forked,884862
/pkuwjh/copy-from-others-stacking-in-python,884708
/ayyappana82/a-journey-through-titanic,884642
/waykole/notebook0a823f4aeb,884834
/asdftoger/manifold-learning-and-autoencoders-1cb5a4,884591
/sleepywyn/notebookbef16505ee,884753
/chikane/a-journey-through-titanic,884440
/manuelsanchez/titanic-random-forest-my-first-notebook,2552567
/javediqbal1419/traffic-fatalities-in-2015,884235
/sbadillo/notebook6dda9db587,977108
/dkniazev/notebook0e84357d78,1005523
/burakhmmtgl/sentiment-analysis-using-tm-and-xgboost-packages,884610
/timlincool/tensorflow-starter-kit-fixed,883977
/frankw/fork-of-notebook382c1ef5bd-dc5d8a,883866
/satomacoto/notebook18d03bdb5a,907011
/yuan55jia/lasso-model-for-regression-problem,883797
/dimathe47/a-journey-through-titanic,884620
/ladidinesh/a-journey-through-titanic,883873
/ashwinrevo/a-journey-through-titanic-f76814,883572
/aliyaleigh/notebookb85866688f,883609
/ipsitp/notebookf3389a0aac,883627
/suebose001/notebook9c8ba6b3f3,883425
/kytrick/interactive-intro-to-dimensionality-reduction,883410
/reachfish/a-journey-through-titanic,883400
/sumeetsaxena/quick-observations-about-the-dataset,883302
/learningx/naive-random-forest-approach,885771
/weiyucheng/notebooked5263cb01,883182
/tobikaggle/10-classifier-showdown-in-scikit-learn,883337
/ayushthakur/notebookb3fe19b0ff,883613
/ojaswin/us-involvment-in-vietnam-war,882847
/ojaswin/python-data-visualizations,882794
/jokandre/tensorflow-deep-nn,882710
/dinithidesilva/notebook9c7eb3f42d,882666
/trangmx/exploring-youtube8m-sample-data,882622
/geonanayi/rgb-using-m-bands-example,882560
/dataer2016/nips-papers-visualized-with-nmf-and-t-sne-e442f6,882547
/abhinavchoudhury/notebook32bf1b6961,1297144
/jitto1/starter-explore-youtube8m-sample-data,882470
/nithishareddy/earthquake-analysis-from-1965-to-till-date,882478
/terencezl/notebookdb6ab748f8,985461
/h4q9y4/2-17-bugg,892138
/cjsunsun/titanic-survival-prediction-end-to-end-ml-pipeline,882286
/yaozizhenjun/a-journey-through-titanic,882213
/dastjead/notebook-for-test,883566
/drevan/starter-explore-youtube8m-sample-data,891108
/shujiaohuang/notebook0e7a173058,882474
/ankitbhaukajee/titanic-data-science-solutions,882073
