/araksiamilek/cse241-3,8152640
/kerneler/starter-exoplanets-1ba1fa0f-f,8152245
/kerneler/starter-google-trends-2017-plumber-6f155c2a-b,8151196
/kerneler/starter-mrrooters-twitter-daily-0b205fb1-5,8151072
/sitaramireddy1994/nlp-classification,8852074
/kerneler/starter-appdata10-b5b7bbfe-1,8149593
/kerneler/starter-movies-reviews-12cd52b7-3,8156286
/neitge/fork-of-pfe-logs-text,8255705
/kerneler/starter-air-quality-8d6dfce7-3,8147035
/araksiamilek/cse-241-2,8146723
/kerneler/starter-presidents-speeches-dataset-cb05771c-8,8146286
/kerneler/starter-testset-74e1e1de-1,8146239
/kerneler/starter-heart-csv-dac64d87-2,8144557
/araksiamilek/cse241-1,8144155
/yanyiming137/regression-data-0-2,8146154
/kerneler/starter-train-sf-data-62cea11d-b,8141012
/kerneler/starter-talinemardsubmission-3decb902-4,8140791
/kerneler/starter-flower-data-4117f237-e,8140730
/kerneler/starter-small-data-dd3b54e3-c,8140518
/kerneler/starter-semg-dataset-4c94d7a8-5,8140176
/kerneler/starter-lending-loan-dataset-different-0e1a424f-3,8138869
/shizenkenmae/exercise-random-forests,8139629
/kerneler/starter-hpav18rbgy-wodpl-f09bcc33-e,8137728
/kerneler/starter-crude-birth-rate-bdf0a274-6,8136713
/kerneler/starter-survivaldata-cfeb3ee4-7,8135915
/shu15121856/functions-and-getting-help,8133099
/skyislimitz/ai-camp-linear-regression,8133089
/kerneler/starter-oasis-affine-with-seg-d0d403a7-a,8131847
/kerneler/starter-rcv1data-1c5d94f9-d,8130882
/indrajeet95/a-benchmark-for-the-prediction,8130155
/kerneler/starter-small-train-ec8b6e81-e,8130106
/jledru/feature-engineering-xgboost,8129993
/kerneler/starter-constellation-data-19bb717c-d,8129259
/jledru/sales-predictionsf,8129158
/mfekadu/fork-train-71artists-e45,8127775
/kerneler/starter-credit-worthiness-2816880d-2,8126282
/kerneler/starter-coco2017-9b75790a-1,8126135
/dklvch/image-classification,8247283
/kerneler/starter-parking-lot-dataset-6b0afb66-9,8124572
/kerneler/starter-mlb-team-statistics-2018-2003-b4543658-2,8124520
/kerneler/starter-open-units-5dec95da-3,8123355
/kerneler/starter-diabete2-74867129-1,8122446
/kerneler/starter-suggestmealaptop-3ac1cf48-0,8121721
/kerneler/starter-simpsons-support-images-a5702b7c-2,8121659
/iraless01/base-mnist-keras,8118366
/kerneler/starter-diabetes-928e3a7e-6,8117195
/kerneler/starter-sunshine-list-ontario-2017-31ecc329-8,8115944
/kerneler/starter-nchs-death-rates-and-life-11709767-8,8115086
/kerneler/starter-corpus-en-zh-2aa7d129-e,8115032
/kerneler/starter-mobilenet-v2-tf-kernels-96-no-1f0cd305-f,8114956
/kerneler/starter-demographic-331c1eb6-e,8151680
/kerneler/starter-sample-45efa3b8-c,8111155
/kerneler/starter-ballsempty-6cb5893f-d,8109598
/volkanburc/kernel8a6434cba4,8141611
/shashankshrivastava/learn-python-challenge-day-2,8109054
/kerneler/starter-titanic-dataset-701183c1-c,8110817
/kerneler/starter-cnrparkmodel-aff0edf0-9,8108122
/franklemuchahary/mnist-digit-recognition-using-pytorch,8265545
/sandeepkumarkushwaha/exercise-strings-and-dictionaries-fc9db5,10027331
/kerneler/starter-animesketchcolorpair-fae6edab-6,8104309
/kerneler/starter-rotten-tomatoes-movie-database-ea0383aa-4,8103427
/walters295/dwdm-project-data-science,8103447
/kerneler/starter-linearregression-7d3d810b-a,8102873
/robertke94/pytorch-textcnn-relu,8102888
/volkanburc/kernel143807e15d,8901339
/kerneler/starter-twitter-sentiment-anlalysis-c20f7141-2,8102145
/kerneler/starter-123456-5ed5353c-0,8100674
/kerneler/starter-cell-images-for-detecting-c80f4d4e-9,8100627
/kerneler/starter-cropped-speed-limit-signs-39e5579e-f,8103640
/kerneler/starter-kirshin-dataset-46c9d394-e,8100268
/aghatak/learn-python-challenge-day-5-exercises,8099728
/wiliyam/accessing-data,8099297
/kerneler/starter-churndata-0eafe623-3,8098307
/iannarsa/kernelecc334fa90,9923816
/kerneler/starter-test-affine-data-7ff2ad0e-f,8098209
/kerneler/starter-defaultdata-d4539a44-b,8097985
/kerneler/starter-automoveis-d62fb01c-f,8097570
/kerneler/starter-churn-data-2ce4ca93-7,8097309
/kerneler/starter-who-backs-canada-s-politicians-1523379f-4,8097303
/kerneler/starter-coursera-ml-0e53c500-3,8097212
/kerneler/starter-customer-churn-data-3ebeb2d6-e,8097111
/kerneler/starter-voxelmorph-v3-3892d164-1,8094209
/viswajithkn/kernel54216050d4,8093852
/danielnbarbosa/fast-ai-v1-2019-on-chest-x-ray-images,10376996
/kerneler/starter-cpe-outputs-2-9abb0755-1,8092275
/kerneler/starter-escolas2010-a88e3367-5,8092028
/kerneler/starter-census-extract-070d242f-2,8091975
/kerneler/starter-intersection-309b3d83-3,8091764
/kerneler/starter-cpe-outputs-26cf0e28-2,8091725
/kerneler/starter-ca-tract-shapefile-04adf8d7-2,8091608
/kerneler/starter-cpe-image-21ba025a-d,8090592
/alpha3458/fork-of-world-happiness-55c09d,8089922
/kerneler/starter-hpav18-csv-2cc85b96-a,8089211
/kerneler/starter-hpav18rgb-csv-cc6415d8-2,8088997
/kerneler/starter-data-and-shape-333ba86d-8,8088988
/iraless01/bag-of-words-kmeans-em-analyse-non-supervis,8448331
/kerneler/starter-hpav18rgby-csv-cc2f4e8e-d,8088853
/kerneler/starter-tarea-asig2-jennramz-fa1f7647-7,8088627
/kerneler/starter-national-pollutant-release-34dee843-2,8086643
/sakshamjindal/flower-classification-dataset,8087143
/kerneler/starter-xrayschest224-sblap-b298df96-c,8085897
/kerneler/starter-superstore-01aad97f-3,8084791
/kerneler/starter-hatsempty-52537b92-3,8084453
/kerneler/starter-cycling-metrics-f0e34474-c,8081954
/kerneler/starter-austin-open-issued-87837468-6,8081894
/shbaran/exercise-random-forests,8082080
/kerneler/starter-census-tract-shapefiles-8e8b3fdf-3,8081590
/kerneler/starter-heart-rate-and-breathing-data-748b3aee-8,8085613
/kerneler/starter-ballsemtpytt-b3bb63e1-a,8110241
/kerneler/starter-additional-3-dimensional-6f2e444c-9,8079681
/kerneler/starter-unga-speeches-processes-a28c23b9-d,8079383
/kerneler/starter-additional-3-dimensional-53cf17bf-4,8079360
/kerneler/starter-cat-dog-dense121-local-2e7ed7ae-f,8077139
/kerneler/starter-view-class-042c462e-4,8077114
/jbeltranleon/vgg19rtcw-224,8076349
/jbeltranleon/densenet121rtcw-224,8228226
/anticsishere/exercise-syntax-variables-and-numbers,8074331
/harinathselvaraj/two-sigma-using-news-to-predict-stock-kernel,8085251
/kerneler/starter-netbeans-f613aaa8-c,8072288
/kerneler/starter-crimes-un-data-csv-ea6fde02-8,8072250
/cdabakoglu/wine-reviews-visualization-and-nlp,8078704
/shbaran/exercise-explore-your-data-03809a,8081501
/kerneler/starter-hw-titanic-da1fda7b-b,8071021
/kerneler/starter-experience-of-players-same-0740baa9-5,8071155
/pion139/exercise-explore-your-data,8070741
/kerneler/starter-wikia-userbase-03fdba87-6,8070009
/kerneler/starter-census-tracts-8074a97f-2,8069386
/kerneler/starter-external-datasets-cpe-fd59a44a-8,8069350
/kerneler/starter-player-s-experience-in-2d-3d-1a7414e5-6,8069170
/kerneler/starter-vega-shrink-wrapper-component-fc9a841d-6,8069081
/viswajithkn/kernel86d7a35dff,8128204
/gauravkoradiya/pytorcfh,8065765
/kerneler/starter-indoor-outdoor-closeup-5d304790-f,8065460
/kerneler/starter-biased-204da4f5-2,8064497
/kerneler/starter-88f25605-d,8063061
/kerneler/starter-bc-hydro-2016-salaries-28516deb-3,8062668
/xiangyingcong/lightgbm-baseline,8116158
/kerneler/starter-british-columbia-hydro-2016-095de4e0-a,8062482
/shinyahn/fork-of-feature-engineer-babdaf,8061748
/shinyahn/with-feature-engineering-multi-conv1d,8061727
/adace123/ny-times-keyword-analysis,8562068
/happy888/pretrained-resnet34-with-rgby-0-460-public-75fb6f,8179039
/kerneler/starter-gender-detection-face-41050e2a-9,8058750
/kerneler/starter-man-woman-detection-ed686391-3,8057876
/kerneler/starter-cpe-external-adiamaan-8fe726a7-a,8061134
/kerneler/starter-climate-data-toronto-1937-2018-51604e34-8,8057401
/xunylyasna/stanley-and-lynux-s-notebook,8066624
/kerneler/starter-2018-head-shop-kratom-sales-121d107d-d,8057238
/kerneler/starter-adiamaan-cpe-1992-0c729ecb-a,8057077
/kerneler/starter-cb-2017-florida-tract-500k-233c6572-a,8057001
/kerneler/starter-cb-2017-california-tract-500k-9d57b5d0-c,8056961
/kerneler/starter-texas-14-5yr-dp05-race-sex-age-fa22161f-5,8056214
/shyreneching/fork-of-importing-your-data,8056202
/takanobu0210/pubg-eda-feature-engineering-lightgbm,8117387
/kerneler/starter-mnist-test-d98b8448-a,8055729
/kerneler/starter-sales-pos-8dfc2205-3,8054591
/kerneler/starter-lending-club-2007-2011-data-ca676422-b,8053487
/kerneler/starter-dancing-silhouettes-for-ai-f1ce4945-0,8052868
/kerneler/starter-continents-8ccbf7bc-6,8052556
/kerneler/starter-epileptic-seizures-dataset-721a030b-9,8051216
/kerneler/starter-communities-and-crime-data-se-1e4c9242-f,8051148
/kerneler/starter-world-bank-turkey-data-bdf46ed4-7,8050072
/kerneler/starter-data-science-diagrams-51f8d32c-b,8049617
/kerneler/starter-dogs-vs-cats-for-pytorch-93f8f5ec-5,8049311
/kerneler/starter-recsys1819cython-47001517-b,8047631
/kerneler/starter-unemployed-students-and-data-4ed614e9-6,8047069
/kerneler/starter-cythonrecsys1819-09f010d6-8,8046377
/kerneler/starter-air-quality-monitoring-dataset-ae1b2c30-8,8046149
/kerneler/starter-bank-loan-323c167f-8,8045623
/kerneler/starter-effect-of-governmental-factors-fe84bb0f-3,8044956
/kerneler/starter-video-games-with-reviews-and-65a01bd7-4,8044330
/anuraglahon/fast-ai-lesson-1-on-kaggle,8044760
/kerneler/starter-indianapolis-4ebbe3ae-b,8043144
/stephenhage/hage-458-final-project,8057985
/kerneler/starter-stock-price-and-news-realted-3f250a43-a,8041605
/kerneler/starter-iris-standard-data-098c7fbb-4,8040828
/vitalyankh/creating-reading-and-writing-workbook,8043006
/kerneler/starter-kkstream-processed-6684089f-6,8039811
/kerneler/starter-cython-e69a4fed-6,8038971
/kerneler/starter-gradient-descent-ebaaa434-c,8038846
/kerneler/starter-icadata-d0082d27-b,8037965
/rihadv/an-interactive-data-science-tutorial,8036592
/kerneler/starter-xception0-89a9250b-2,8035497
/duddupuditeja/learn-python-challenge-day-2,8035296
/benalbert/jaded-bayes-pubg-placement-predictions,8035615
/kerneler/starter-nuclei-dataset-cartisan-93bc9ca5-f,8034993
/deepchatterjeevns/greyscale-mobilenet-forked-from-beluga,8066386
/sherrytan/predict-survivors-from-titanic-data-set,8034379
/balaram3/exercise-explore-your-data-b36248,8033759
/kerneler/starter-international-airport-ca9f2054-f,8033451
/kerneler/starter-intro-kaggle-096cf8ef-e,8033340
/kerneler/starter-european-wasp-vespula-vulgaris-13df1f35-b,8042332
/kerneler/starter-tlo-32021-c870739e-5,8032557
/prabhubhakta/kernel861406477e,8317483
/kerneler/starter-movies-data-06bdd269-7,8032491
/kerneler/starter-ratings-a1f7ad0e-4,8031732
/sandeepkumarkushwaha/exercise-loops-and-list-comprehensions,8029899
/vishal2210/cnn-to-classify-x-ray-as-pneumonic-normal,8042463
/kerneler/starter-telemarketing-case-eea2d85d-1,8029503
/kerneler/starter-amesdata-cbd52906-2,8028718
