/vino02/social-network-ads,7445039
/kerneler/starter-world-population-374fb5f3-1,7339300
/kerneler/starter-population-by-country-3d9ffb0f-9,7338694
/kerneler/starter-insead-global-innovation-index-7a7cbacd-f,7338098
/charalambos/instacart-eda-2-assignment-ce1717,7338639
/balajisriraj/strength-of-visualization-python-visuals-tutorial,7369730
/nbonny/boston-house-price-dataset,7337193
/kerneler/starter-academy-best-picture-award-72dd53e1-8,7336759
/mkariithi/eda-and-lstm-cnn,7335643
/kerneler/starter-seq2set-e05d2834-8,7867846
/kerneler/starter-moves-in-the-game-of-threes-0b614a04-4,7330950
/kerneler/starter-professor-grades-fc4c2cee-0,7330574
/sabittan/ml1kagglelintest,7330672
/kerneler/starter-commet-data-58792ae6-7,7329977
/sagardhiman/fork-of-lda-and-t-sne-interactive-visualization-a4,7329523
/kerneler/starter-vegetarian-restaurants-us-data-ee5c7b63-9,7329004
/ru81o454/exercise-your-first-machine-learning-model,7328595
/ru81o454/exercise-explore-your-data-1a2f89,7328449
/kerneler/starter-200000-amazon-reviews-f9d1d742-4,7328230
/kerneler/starter-tsx-index-c43c0157-4,7328040
/kerneler/starter-brands-f8f115b2-5,7326301
/kerneler/starter-panasonic-4a0b83a7-b,7325819
/kerneler/starter-red-wine-quality-bac468ae-1,7325708
/kerneler/starter-sample-reviews-352df351-1,7325691
/kerneler/starter-quality-red-wine-analysis-62c024fc-8,7325684
/kerneler/starter-transactions-from-a-bakery-51c00979-6,7325309
/kerneler/starter-headphone-reviews-9c16da22-1,7325226
/kerneler/starter-topic-tsv-for-freebase-common-38d79018-c,7321993
/aleksfib/kernel80c1db9b82,7460187
/yaagocruuz/ap2-topicos,7430691
/talha87/summary-functions-and-maps-workbook,7320228
/kerneler/starter-pickled-cats-vs-dogs-15430e8d-2,7319814
/kerneler/starter-gstore-a4db6025-6,7318958
/kerneler/starter-fundos-de-investimentos-brasil-4155bb00-8,7319537
/kerneler/starter-statistics-2f64a2be-0,7317830
/kerneler/starter-data-set-2-of-patients-in-250d4cbc-c,7317814
/kerneler/starter-alabama-tornado-dataset-046950d3-6,7317497
/kubrabulut/knn-algorithm-with-machine-learning,7356684
/mayank220588/kernel7e8d23fd07,7336453
/kerneler/starter-world-countries-and-continents-0351dad6-d,7315713
/karthikuppam/kernelf65eab0e16,7341824
/sharsha315/exercise-functions-and-getting-help,7311545
/kerneler/starter-westworld-subtitles-132923d8-d,7311393
/ghriqueti/pmr3508-tarefa-2-9345554,7310838
/shenjimei/exploratory-data-analysis-d0db46,7310124
/umiariftikhar/deep-forecasting-electricity-consumption,7309246
/thawatchai2018/machine-learning-tutorial-for-beginners-practice,7381311
/kerneler/starter-projectv2-5d963edf-4,7306209
/vighneshbalaji1/progressbar1,7308196
/sanjaydsb/kernel0d7752e3ca,7305492
/kerneler/starter-rakuten-test-ae101622-0,7305463
/kerneler/starter-error-file1-2aae93ea-a,7304940
/kerneler/starter-microstructure-ada1168d-8,7304146
/kerneler/starter-mnist-digits-scattering-cc8b92da-e,7303505
/debsy3/introduction-to-digit-recognition-using-knn,7302274
/svrcek/analyzing-soccer-data,7301656
/kerneler/starter-multiplechoice-fd86df21-7,7298847
/amjadm/kernel8a4ea7e3ce,7311866
/kerneler/starter-multiplechoiceresponses-9f6826d6-9,7298250
/sontiravi/exercise-syntax-variables-and-numbers,7298722
/kerneler/starter-heart-disease-65fbba60-b,7295479
/kerneler/starter-facenet-lllj-lfw160-2a60e584-f,7294766
/kerneler/starter-churn-dataset-91a51b4c-9,7293495
/kerneler/starter-genomic-data-with-epistasis-4044646d-7,7293247
/smmingg/loan-payment-underwriting,7293644
/kerneler/starter-google-train-sample-9aeeb341-8,7289645
/kerneler/starter-tatatest-242ba61f-4,7288912
/kerneler/starter-regressiondata-5c981c5b-8,7288566
/fehitasi/pmr-lr,7288111
/kerneler/starter-udemy-class-cnns-f78f8e89-c,7287776
/kerneler/starter-udemy-class-rnn-74650482-3,7287724
/kerneler/starter-udemy-class-anns-ecc9567e-8,7287605
/kerneler/starter-us-cities-txt-2e54dda3-c,7286958
/kerneler/starter-routine-to-seperate-test-files-f3a6590c-f,7286387
/vhenrique21/kernel3f7404356a,7286405
/fetsai/pmr3508-2018-35ca361392-regression,7286349
/tommypratama/functions-and-getting-help,7285832
/kerneler/starter-tarefa3-d21e41f2-3,7285011
/kerneler/starter-californianhouses-054bbc52-9,7283941
/kerneler/starter-daftar-harga-pangan-daerah-293c52cc-d,7283149
/kerneler/starter-treino-f0beff53-a,7282920
/kerneler/starter-demo-sample-e904c018-9,7282823
/kerneler/starter-jaipur-weather-forecasting-a61afaaf-8,7282664
/stacydean/test-data-parser,7329847
/ganatejadragneel/deep-learning-using-sign-langugage-be2142,10177555
/kerneler/starter-atividade-3-pmr3508-a15c183c-4,7281047
/chrisihetti/fork-of-exercise-machine-learning-competitions,7280439
/kerneler/starter-trial2-49a2e410-3,7280113
/ganatejadragneel/kernel42fe27f919,10172800
/neitge/fork-of-layers,7277491
/kerneler/starter-font-arial-f43b6d03-e,7276803
/kerneler/starter-atividade3-b3f55b0f-0,7276521
/kerneler/starter-myici1-8f7302fc-d,7276323
/kerneler/starter-test-image-ff453eb5-1,7275838
/veerabhadra/spam-detector,7275949
/abhibisht89/improved-lstm-baseline-glove-dropout,7275338
/kerneler/starter-yolo-h5-file-d87490bb-e,7274863
/charalambos/instacart-eda-2-assignment,8768994
/kerneler/starter-coco-cla-e5e50364-d,7273816
/kerneler/starter-yolo-a-15d2bf4a-8,7273744
/kerneler/starter-adspy-shared-utilities-1852b064-8,7272070
/kerneler/starter-weather-nominal-31617128-7,7271800
/chiragbalakrishna/pubg-competition-data-exploration,7271143
/kerneler/starter-unet34-768-46fbcd9c-f,7270397
/kerneler/starter-ucf-anomaly-e24ee446-c,7270027
/kerneler/starter-ucf-crime-3d830994-3,7271017
/kerneler/starter-house-price-8c7aab9c-3,7269803
/kerneler/starter-sleep-patterns-of-railroad-383d1121-0,7269617
/kerneler/starter-breast-cancer-caaa26c5-3,7269499
/kerneler/starter-cricket-7bd2efab-7,7269445
/kerneler/starter-sleep-patterns-of-railroad-504c9cfe-b,7269128
/kerneler/starter-cricket-data-analysis-c75f6b47-b,7269023
/kerneler/starter-big-mart-sales-36e8ceee-a,7268879
/kerneler/starter-software-defect-c58b3550-3,7268738
/kerneler/starter-wine-classification-b44ac25f-d,7268644
/bboywillis/exercise-random-forests,7268731
/kerneler/starter-diabetes-42ade86a-3,7268249
/kerneler/starter-stock-price-b4f61390-c,7268028
/wilpat/recommendation-lightfm-049d99,7963046
/kerneler/starter-iris-data-dc413e8b-f,7267613
/kerneler/starter-pitchfork-entity-analysis-2e07f6ee-e,7266769
/kerneler/starter-ucf-crime-dataset-7a10e9f4-2,7266262
/nishantsbi/kernel16f9c35eaf,7266565
/bboywillis/exercise-model-validation,7264681
/snehanshu17/quora-problem-naive-bayes,7263463
/rosenman/baseline-data-work-kernel,7261718
/kerneler/starter-pokemon-names-c7403189-6,7260109
/kerneler/starter-chess-board-data-6faef034-e,7260247
/kerneler/starter-train-csv-016c605c-6,7259014
/kerneler/starter-test-csv-a48b58b6-1,7259002
/kerneler/starter-sample-submission-94522500-f,7258909
/sokoolx/exercise-machine-learning-competitions,7257856
/kerneler/starter-twitter-sentiment-analysis-29f740d8-2,7257411
/neverever1594/data-cleaning-challenge-inconsistent-data-entry,7257752
/kerneler/starter-boat-types-recognition-c6a18a4e-d,7486605
/kerneler/starter-haberman-s-dataset-a73586e9-6,7255665
/kerneler/starter-nchs-death-rates-and-life-a61de2df-a,7254446
/kerneler/starter-nyc-mask-65e30643-e,7254349
/kerneler/starter-nyc-map-76b1ad99-6,7254324
/kerneler/starter-submission-d69c243b-d,7253404
/kiranvajrapu/kernele02dea8fac,7253284
/kerneler/starter-californiacities-35c19cea-a,7252806
/kerneler/starter-ucf-crime-dataset-8ceb3068-4,7265928
/kerneler/starter-world-sql-4e9e8e3a-9,7251789
/kerneler/starter-medium-articles-with-content-bee13ade-0,7253966
/kerneler/starter-employeechurn-16d2a73e-c,7251442
/kerneler/starter-keras-seedlings-c79c64ff-d,7250187
/kerneler/starter-vehicle-speed-data-on-indian-c219cc9e-9,7248082
/mithileysh/cyber-crime-motives-in-india-2013-study,7245916
/mithileysh/honeypot-descriptives,7245876
/mithileysh/aws-honeypot,7245832
/mithileysh/botnet-host-prediction-using-rnn,7245697
/khalidnowaf/fork-of-ml-udacity,7245332
/renan8429/regress-o,7245401
/kerneler/starter-single-image-haze-removal-d09d71c7-3,7246574
/sohith/kernelb94e3755ea,7263699
/versha20/layout,7244178
/veronikafilippou/instacart-eda-2-assignment,7343268
/pragyachik/bivariate-plotting-with-pandas,7241792
/kerneler/starter-babi-dataset-memn2n-d53005ce-0,7241402
/kerneler/starter-location-information-51a1acc8-7,7306490
/kerneler/starter-gog-games-with-reviews-19c0fc33-f,7240862
/kerneler/starter-codes-e5283d17-e,7240635
/kerneler/starter-cpvr-voxelmorph-048996d8-5,7240290
/kerneler/starter-voxelmorph-66478b8a-c,7240050
/kerneler/starter-theftdetection-6e20e1b0-f,7274699
/kerneler/starter-loan-campaign-response-fb2d12b0-4,7239685
/kerneler/starter-single-image-haze-removal-16487a15-b,7237891
/kerneler/starter-dogvscattest-28b62277-0,7236323
/kerneler/starter-dogvscattrain-5103a71e-b,7236270
/kerneler/starter-parkinson-s-vision-based-pose-d63c17b1-4,7234644
/kerneler/starter-myicia-53e03af0-2,7234416
/kerneler/starter-guess-what-this-is-1f4c3fec-b,7232246
/kerneler/starter-fall-2018-stat-441-841-data-3a3efe04-7,7231845
/kerneler/starter-fall-2018-stat-441-841-data-95c4e079-3,7231537
/kerneler/starter-cleanedtrain-pubg-4115c692-0,7230079
/brunobencke/dataframe-correlation-demo,7229756
/rodrigoobastos/regress-o-tarefa-3,7289179
/kerneler/starter-survey-data-990ebd11-e,7227147
/spscientist/2018-kaggle-machine-learning-data-science-survey,7543215
/kerneler/starter-wikipedia-english-speaking-146c0b93-4,7226669
/kerneler/starter-men-s-shoe-prices-c5efe38a-6,7226061
/kerneler/starter-forex-rsi-and-bbpp-multiperiod-0636f9eb-b,7275903
/kerneler/starter-quickdraw-doodle-recognition-5233bfba-8,7225935
/kerneler/starter-data-set-of-patients-in-london-798e6dc1-e,7224710
/lenamkhanh/analyzing-the-news,7224233
/kerneler/starter-pmr3508-tarefa2-8a73c6e6-b,7223849
/kerneler/starter-escuelas-de-jalisco-0012ea62-0,7223527
/lenamkhanh/nns-on-time-series,7223116
/dcicantab5/eda-on-ge14-malaysia,7223007
/kerneler/starter-vizwiz-de8863f6-6,7222780
/lenamkhanh/time-series-eda,7223098
/kerneler/starter-marital-status-15-and-up-by-7e4b94fe-c,7221431
/kerneler/starter-hmlr-corporate-ownership-10-d16b274d-9,7221263
/kerneler/starter-usa-housing-8926b487-b,7221018
/kerneler/starter-code-delegation-ins-73f62452-a,7220482
/kerneler/starter-tunisia-map-aec2e04a-2,7220163
/wouterlefever/renaming-and-combining-workbook,7299787
/kerneler/starter-table-detection-7c7aeefe-b,7220047
/kerneler/starter-udemy-cl-ass-xgboost-c54cb03e-c,7218744
