/antonchekhov/exploring-global-inequality-and-growth-1d4b35ca,494227
/vicky8rk/notebook1d81cafd2c,494220
/mmmmm10/kappanic-f70cc7b6,494195
/rakira/all-state-itr1,494214
/vishnu001/a-journey-through-titanic,494169
/raphael0202/house-price-prediction-part-1-f2fed294,494158
/mahdisadjadi/notebook76ba5ef253,494145
/mahdisadjadi/congress-proposals-analysis,494137
/ramit77/notebook20c1094726,494136
/wolframalpha/lasso-model-for-regression-problem,494131
/sandris/notebookb6f2170c45,494119
/sandeep8530/traffic-fatalities-getting-started-6b663b2c,494118
/aakash2121995/notebook7e073800cc,494103
/tygraf/notebook354c2a64d5,493997
/perrinpro/dummies-for-dummies-0e37eea6,493962
/aakash2121995/notebookccc577aa6b,494090
/xhe1997/notebookb3a924b446,493941
/perrinpro/dummies-for-dummies-31a26bfb,493934
/ziamandl/notebooke4fd569012,493892
/iissma/start,493881
/oparex/notebook60c3641ef3,493865
/perrinpro/detailed-data-exploration-in-python,493838
/mmmmm10/kappanic-317d4aed,493825
/omerasif57/airbnb-exploratory-analysis-2db75085,493817
/sudipto2017/notebook430cf149e7,493785
/notsalesha/why-is-so-hard-to-learn-the-tau-mass,493765
/nsnilay/fork-of-evaluating-different-regression-models,493730
/jaykashyappadhya/outbrain-eda,493713
/wanman/roy-s-titanic-notebook,493658
/ezraghalibin/when-less-is-more,493590
/mylive0203/notebookf624b2b084,493556
/kudashi/regularized-linear-models,493549
/uday09/notebook5c43def848,493548
/dyc941126/a-journey-through-titanic,493543
/mkonda/detailed-cleaning-visualization-python,493515
/rahulanandtalk/a-journey-through-titanic,493408
/sniperlpd/version-1,493299
/sniperlpd/notebookb031896d3f,493296
/gmayank32/roy-s-titanic-notebook,493274
/pan20ir/test-new,493268
/mmmmm10/kappanic-9afeaece,493262
/jren1521/roy-s-titanic-notebook,494633
/gd10396101/notebook18a03e8172,493243
/gmayank32/survivalmodel,493270
/dataeinstein/documentcat-1,498129
/ezraghalibin/detailed-cleaning-visualization-python,493195
/sumit9/notebook9342aa14ef,493188
/cseavers/notebook6cf0f96d25,493153
/ionsea/credit-card-fraud-detection-99-accuracy,493150
/praveenthinagarajan/omg-nlp-with-the-djia-and-reddit,493149
/maneesh5/exploring-features,493132
/mmmmm10/kappanic,493203
/mmmmm10/micha-ku-nie-mog,493071
/samsan/exploring-survival-on-the-titanic,493011
/varunsinaster007/notebook4bdd48c764,492999
/maneesh5/video-games-analysis,492990
/mmmmm10/notebooka63a388f91,492945
/vidmath25/notebook21b2893dd9,492942
/chungming/traffic-fatalities-in-2015,492930
/igraphic/notebookb3a5a4e43d,492929
/chetkhatri/traffic-fatalities-in-2015,492920
/wjh2016/notebook5c4b8f2d02,492901
/purvakl/machine-learning-with-imdb,492899
/wjh2016/notebook3770590367,492900
/mmmmm10/titanicdupa5,492872
/ibirtic/notebookc437774baa,492856
/kalidoss/test-run,492834
/nbvcxz/a-journey-through-titanic-60917252,492832
/cdaa16miriamfdez/notebook39498d176c,492831
/nbvcxz/a-journey-through-titanic,492830
/guser21/a-journey-through-titanic,492807
/zhugeyn/notebookc32be9d4b4,492731
/penglu2514/notebookcc0275fce4,492705
/maciejujma/exploratory-analysis,492695
/jinger123/pca-xgbosst,492673
/sylvain2333/fork-of-notebook430672ed1b,492657
/paolom67/prova3,502132
/antamokhin/notebook5eaf96621f,492639
/chenatu/a-journey-through-titanic,492634
/kelsie21/notebook07f64b6a47,492604
/zard1991/exploratory-study-on-ml-algorithms-27885ef4,1684959
/dohee1121/notebookdece8bad80,492531
/samiuddin/python-data-visualizations,492515
/unomomento1405/game-of-thrones-analysis,492507
/turnerem/a-journey-through-titanic-fded9dc4,492506
/unomomento1405/congress-proposals-analysis,492464
/unomomento1405/statistical-learning-with-r,492451
/aybukehschdr/a-journey-through-titanic,492419
/jmlbeaujour/notebookecaaa8acc7,516010
/tiffany01/notebook3d99f09a61,492351
/tiffany01/notebooke7b96a0c0a,492349
/akramam/notebooke01badd3ae,492322
/omerasif57/airbnb-exploratory-analysis,492320
/nearestic/notebook31b0e6f72a,492315
/saurabhska/detailed-cleaning-visualization-python-b224f7a9,492258
/ahorjia/a-journey-through-titanic,492246
/xieyufish/notebook73917bb91b,492229
/xieyufish/a-linear-model-on-apps-and-labels-bbe1d1aa,492221
/jessieliujy/notebook447bacbcf9,492207
/yoavprei/notebook46810c8bbf,492199
/dylanqin/notebook8806be776c,492186
/mathjoss/dimension-reduction-of-eeg-data,492185
/saurabhska/detailed-cleaning-visualization-python,492168
/jimrothstein/statistical-learning-with-r,492167
/xjywt123/notebookb59f5da190,492163
/parmarmanojkumar/dataset-preparation,496431
/lwalker/leakage-solution,492017
/mambwe7/python-data-visualizations-3e4b191b,492003
/rnannapaneni/notebookdeaad562d6,492004
/sherafgan/when-less-is-more-23,491966
/themlenthusiast/titanic,491865
/sayan30/notebooke86eb7abd1,491794
/sayan30/airbnb-new-user-booking,491747
/shashanksingh/notebook395d6b4155,491734
/jakeonotrah/notebook57a9e2c62a,491733
/devendrabadhe/notebook17ad89ef51,491725
/yuvraj/reduce-size-of-dataset-to-1-gb,491705
/wenjianhukaggle/detailed-cleaning-visualization-python-544ac0d1,491703
/mercyjohn1/notebooka3a88b8628,491687
/buzfifer/deep-learning-in-the-deep-blue-lb-1-279-9183a6fe,491632
/jashmehta/notebookbe0dcdf73f,491622
/yoongkang0122/traffic-fatalities-in-2015,491588
/forrelax/notebook588ff9b8bc,491580
/johnnystrings/exploratory-study-on-ml-algorithms,491578
/drgarg/a-journey-through-titanic,491502
/shgshy/notebookae36eba2e9,491415
/adamli07310/isis-tweet-network-analysis,491383
/lcarr2010/notebook4ea5c3f792,491379
/pkuwalker/notebookff0c580f19,491364
/longbeach/traffic-fatalities-in-2015,491353
/satyammawale/notebookc5e5355a1a,491332
/gbkuce/movie-data-visualization,491281
/gbkuce/notebookad11866ba9,491235
/justjvst/notebook51346feb2e,492914
/chiahoo2004/notebook0c1a6e4935,491219
/milaan/notebooka1b25b90af,491214
/rakshitverma/the-most-predictable-league,491202
/fmughal/notebookc119c90981,491108
/diegocardalves/notebook4e567278db,491104
/altercrazy/notebook785adf750c,491083
/yangmuzhi/notebook2cf4c1c31c,491082
/lhq2818/bayesian-logistic-regression-with-rstanarm,491044
/pablomonleon/traffic-fatalities-in-2015,491043
/man4urheart/comprehensive-exploration-and-visualization-1,491040
/twenty2ight/notebook1bcb7d8b99,491036
/porter97/notebook6d15f91063,491031
/jason0/a-linear-model-on-apps-and-labels,491011
/zcbmxvnyico/basic-ml-best-of-10-classifiers-ed5a3704,490968
/zcbmxvnyico/basic-ml-best-of-10-classifiers-02169bf1,490950
/ericrgon/notebook7bebeb6e9b,490933
/mahongfei516/notebook795960467c,490903
/aaronzhu/aa-digit-recognizer,491004
/davidshinn/notebook58c0eab31e,490794
/elharaty/notebook91ed9a71a7,490780
/liuhongyi5566/notebook0a95038f2c,490779
/kvfung/machine-learning-with-imdb,490771
/kavinlu/notebook49b62f4bd9,490748
/alekszubakov/notebook50e6fb42a1,490741
/jsardinha/notebookb86f0aa9d8,490735
/amalhotra/notebook164193a44e,491765
/webscale/traffic-test,490658
/jsardinha/notebook615f573da6,490629
/jsardinha/notebooka7006eba2f,490627
/aialenti/notebookd5dadf0fa2,490622
/mahirkukreja/yet-another-xgb-starter,490619
/amalhotra/notebookf161a8b014,490616
/amalhotra/transfer-learning-notebook,490606
/mercyjohn1/retention-vs-avg-daily-hours-at-work,490552
/kusuma1294/exploratory-and-randomforest-cf9fb399,490496
/jashmehta/data-exploration-and-visualization,490492
/ec15303/fork-of-titanic,490488
/getshao/testtest,490482
/getshao/breast-cancer-prediction,490456
/rjais2/notebook1f9b87eda6,490455
/getshao/a-quick-look-at-dota-2-dataset,490453
/ankamv/want-to-get-low-interest-rates,490441
/kuliksv/notebookcb51c200e3,490431
/kuliksv/notebook483cb7e140,490423
/otwordsne1/notebook76b3a74c5c,490366
/chanchope/python-xgboost-starter-0-209-public-mcc,490356
/data3group/notebook993f3fb12f,490325
/vamsiramineedi/how-far-is-china-ahead-of-india,490324
,None
/dc4data/titanic-dc,501972
/mikecassell/notebooke7fdddd9f9,490339
/mikecassell/test-1,490243
/fabianmm04/titanic,490212
/jasonar/tittle,490142
/unpeelledmangos/notebook6087ece92b,490122
/sayan30/three-level-classification-architecture,490105
/ib4dg3r/ufo-reports-in-united-states,490092
/adrianbureu/testrun,494399
/jpoberhauser/crime-density-by-location,490041
/ravichinoy/notebook53576d94cf,494065
/ekaterinaivanova/notebook71c3666413,490018
/flippedbit/simple-noun-phrase-wordcloud,489949
/kkainth123/notebook2fa41cb839,489920
/dc4data/fork-of-python-by-dc,489882
/mdawg420/explore-ods,489798
/slavpan/notebook12f03a4688,489784
