/rosiecampbell/notebooka313533920,1029308
/zzahxel/toxic-mushrooms,1029297
/tkumari/ml1-titanic,1029288
/squidishdatanaut/notebookd44bb6c089,1029224
/zcyzcyzcy/notebook9af4c213f0,1029206
/msjalodia/survived-passnegers,1029203
/bghazy/notebook528201cfca,1029158
/shalumittal9873/notebookdb5d4448fb,1029147
/jiehao/notebook2c20595066,1029134
/zubair59/notebook92a7652bd5,1029132
/ofer2k/notebook8bc03dcc76,1029110
/mcngarthur/notebook69d6fa0acd,1029098
/vladvaduva/first,1029089
/nv2802/notebook03741e873a,1029058
/mhl0116/notebook0736148d17,1029054
/manmohan24nov/notebookc0c07e70d2,1029019
/physicyst/notebook22e6d8417d,1029007
/abjindal/notebook7e3bb7e1a2,1028997
/dushyantk/notebook81d1d50d76,1028913
/kaggledev/testing-notebook-functionality,1028911
/shravanshandilya/notebookb7a0cc7856,1028875
/apgeorge/notebook29e709811d,1028830
/jlalchandani/notebook394c1194de,1028823
/tingyu0310/notebook70b612a5fd,1028811
/hanaatucl/fish-located,1028776
/lqbzkaggle/notebookb4cfaed94d,1028741
/huimin94/notebookae99f2c8c2,1028731
/lqbzkaggle/notebookce4f885abd,1028729
/lqbzkaggle/notebookfabe2380cb,1028727
/xmj9999/notebook424e51470f,1028697
/prasadawandkar/titanic,1028696
/prasadawandkar/notebooke569740673,1028680
/kaushikchowdhury/notebook2aff411b51,1028618
/mrzippa/notebook74999329f2,1028577
/harshtkw/ac-survey,1028558
/parthpahwa/titanic,1028547
/eunicenam/notebookb75a95d7e3,1028532
/hbsjzzxgssqb/notebookfca8037bd0,1028526
/captainrogers/qwerty,1028544
/captainrogers/666666,1028521
/pnadig/data-crunchers,1028520
/pnadig/super-sized-we-macdonald-s-nutritional-metrics,1028648
/captainrogers/notebook4ce14dbbd7,1028512
/captainrogers/notebookb7017d409b,1028494
/sachinjoshi/notebook34ea882938,1028475
/pawnty/notebookd0c00a5370,1028465
/goutham7/notebook11028a6a57,1028464
/ciao1993/dark-cold-sea,1028456
/samar17/notebook160f6172eb,1028441
/gusain/notebookb3a185c1a2,1028439
/souvik287/notebook37a1ddf5e4,1028429
/souvik287/notebook0c4ced66b7,1028424
/mchirico/possible-snow-violations,1028402
/priyaananthram/notebookd3462d1439,1028387
/aerophile/notebook073bf4e885,1028385
/jolyon1234/notebook9218fa2179,1028330
/jamesliu/breast-cancer-prediction,1028305
/tushitjain/mytest,1028297
/thedarkl0rd/xgbstarter-340,1028302
/phwankhede/predictionusingr,1028292
/phwankhede/notebook13d61ea559,1028252
/czw123/notebookc1a6d6a5cb,1028233
/withchris/notebookee73eaf5be,1028232
/bcjdatascience/notebookcf500dcd62,1028176
/fulame/1st-script,1028174
/lestatzhang/notebookd3171bbe9a,1028150
/datasci858/notebook2f80426dec,1028128
/howdark/notebook37cce98311,1028121
/boseperumal/notebook7d7225992d,1028120
/fire15/notebookb851245ce9,1028091
/ohacman/notebookc46d461df9,1028070
/qxzang/notebook5b72662571,1028065
/lvyaoo/notebook0ee50f024d,1028015
/wirehack/gfdgfdgfghfghfgh,1028181
/vyacheslavkhvan/notebookf8d363551c,1085810
/xavierekkel/exploring-survival-on-the-titanic,1028006
/raviteza1/notebook113ceca80c,1027946
/amansrivastava/notebookc6b1cbf152,1027942
/ekasabrol/notebook0ee72a3a84,1027932
/vandanapu/notebookeb89d62cad,1027909
/vivekrresearch/notebook262c64c33e,1027824
/sooyeong/notebookdcce764e7e,1027810
/sundow/all-convnet,1027769
/billgreek/notebooked09b8e59d,1027757
/dchen71/notebook6dcb417a51,1059342
/adithyaram91/notebookd017c9613a,1027737
/te87037/pca-rf,1201250
/jaykjcho/notebook0aa8df4717,1027718
/longmumin/titanic-test1,1027772
/rampage17/notebookdcf663ee74,1044558
/ethanhek/notebookf52d821ee8,1027666
/ethanhek/notebook69ec9a63e4,1027663
/ethanhek/notebook841746f2c5,1027660
/rickymf4/notebook7d932acf78,1027656
/rickymf4/notebook25bc39c5f1,1027648
/xushengyao/notebookcb0972a59f,1027588
/mimishkin/notebookcd409042a9,1027586
/xushengyao/notebookb04d11c3f8,1027583
/lwang2017/notebook220517cd1e,1027696
/oda1234/testing,1027530
/dimplemehta/notebook64643bdb2b,1027520
/oda1234/notebookee3ac01b9e,1027510
/runshengsong/tensorflow-study-3,1027491
/bankawish/predicting-imdb-score,1027488
/kamago/notebook043237af59,1027469
/hotfuss/matching-que-for-quora-end-to-end-0-337-368249,1027409
/dabaodeng/notebook073d5ad373,1027407
/hotfuss/matching-que-for-quora-end-to-end-0-337-4e660c,1027404
/gnurio/notebookb199a139d3,1027393
/mkfwyy/notebook88d54ac3aa,1027390
/hotfuss/matching-que-for-quora-end-to-end-0-33719-pb,1027389
/mohdtanweer/notebookbe01edf4fd,1027388
/annielo/detailed-cleaning-visualization,1027383
/rishisankineni/notebooke7fed7e63c,1027378
/constellarize/notebook5c2a1068a7,1027363
/iamcodephile/notebook048709c495,1027274
/constellarize/notebook60721ed63c,1027273
/hotgt930/notebook613cdfda19,1027257
/maxjiang/notebooka5c8f9efe0,1027218
/mariusguerard/notebook3b6e0715e5,1027178
/shsunyang/trying-data-visualization,1027155
/mlsj12/notebook79c9e6d04b,1027131
/thomaskahn/notebookd16ab63734,1027123
/jnietzel/notebook54f81318e4,1027110
/lindsar/notebook68e63da4d4,1027106
/jorobe/my-first-kaggle-kernel,1027090
/asogani/notebooke1fe5e4846,1027073
/pradeeps92/notebook0ba711967b,1027071
/mazhiy/notebook53d4ebe79d,1027068
/zhoumingming/notebook1178ad2dc3,1027064
/asogani/notebookcfc51e881d,1027062
/chocoheim/notebookc19cf5add8,1027055
/chocoheim/notebooke4be25555d,1027053
/lanzheng0728/notebook1469c43f42,1063969
/philnoakes/notebook16f5c157eb,1027015
/alexandrekoiyama/notebook7e58eb424e,1178333
/rishisankineni/matching-que-for-quora-end-to-end-0-337-0e46b7,1027000
/yupbank/notebook37812f36dc,1026985
/clariceyott/notebook28bc142c13,1026970
/aebruner/titanic-solution,1026967
/malctaylor15/notebook2a710e645a,1026940
/ashcanpete/notebook892fc7be30,1030567
/gpcuster/my-test-script,1026928
/jerrywu0904/exploratory-study-on-ml-algorithms,1026922
/pibhadau/notebookf5ca153bd4,1027166
/yiyunzhou/full-preprocessing-tutorial-627546,1026888
/dbroadhead/notebookd1e4a154a3,1026871
/aartsmichiel/notebook98045af0bc,1026852
/aartsmichiel/notebookd9522019ca,1026851
/cdgore/notebook7b393d8ff1,1026845
/almadalivia/notebook7962bf6e59,1026840
/kmt1602/notebook2baeb98907,1026794
/tejasrd/notebooka8146ec9d5,1026842
/arthurfedj/notebook3a6807580f,1026787
/gaoxiangak47/notebook45aab05973,1179905
/angelai/notebooke9e7d31690,1026713
/yeofra/cervix-eda,1026700
/gvenkatasaik/notebook1d18911e60,1056530
/iamniv01/test12,1026687
/sylvainklam/testt,1026686
/sylvainklam/notebook391c88afc5,1026684
/brownown/notebook26f169b5cf,1026658
/ottomundo/notebook2115fda7f2,1026657
/faresmo/notebookf9d80191dd,1026645
/manojkumar46258/notebook5f5783c3fa,1026644
/faresmo/fares,1026640
/hyang36/notebookafaa28593e,1026624
/aanany2/mooner,1026619
/themrmuh/notebook8fa35dff2f,1026601
/narine/notebook023b8e354f,1026583
/scottorgel/titanic,1026578
/hakobtam/notebook42cb603d8a,1026571
/suezieq71/notebookf3118d5319,1026557
/ravinarang/notebook080ee71558,1026542
/antgoldbloom/notebookc6f3383b2c,1026536
/majortal/matching-que-for-quora-end-to-end-0-33719-pb,1026528
/vikas08/notebookd1398be583,1026485
/hindupuravinash/resnet50-features-xgboost,1028380
/desmliu/notebooke2ab8ca55f,1026479
/ashmat98/main-py,1026472
/hakobtam/notebook85fb4700cd,1026461
/andyzhang92/notebookb1caa2689a,1026459
/narine/notebookb72cb479ba,1026456
/narine/notebookd8b060da1f,1026454
/rubel20/notebookf1b3d73933,1026443
/luistorres/notebook9f9a311bbd,1026431
/hakobtam/notebook8a874fa33d,1026420
/luistorres/notebook3a845eaaf7,1026410
/remains/notebookb5bb930a98,1026395
/sopanshewale/notebookd18871c22c,1026363
/andreysheka/notebook50249c5430,1026343
/changhao1986/notebook9505aa2e34,1026336
/mattmcmurray/notebookd3b14035a9,1026332
/chlakshminarayana/notebookc69ac7abb0,1026304
/nachiketmp/notebookf5ff372a6d,1026291
/mattmcmurray/notebooke586fa18b2,1026282
/dizcology/notebook8e891d7caf,1026264
/raviswanath/notebook2dc444e58d,1026250
/rhuancaetano/notebook03a85eb146,1026238
/rupinderss/notebookf7ca6c31e1,1026230
