/tjtransferkai/study,883150
/londongunner14/mr111,882977
/shujiaohuang/titanic-r,882515
/momaliza/why-do-they-leave-who-is-next,941588
/sniperarrow/edx-various-analyses,893511
/wtbian/google-s-youtube,881154
/martinpsz/mushrooms-edible-or-poisonous,881047
/jfshields1221/notebook3cd3c5411a,880405
/jtemple/health-insurance-analysis,1747072
/danchyy/ghosts-ghouls-goblins-test,886418
/tinapai/predicting-titanic-survival,1136068
/learningx/using-random-forest,882585
/dglumac/ols-submission,879128
/arthurherbout/first-neural-network-for-digit-recognition,879889
/vijaybj/merge-all-slices-into-one-image-per-patient,891249
/vundememodalumanjush/making-sense-of-crime,878271
/icurlmyster/tf-neural-net-with-hr-analytics,876687
/mchirico/lasso-and-ridge-regression,876504
/sheoran/transfer-learning-on-stack-exchanges-tags,876270
/sandeepmanchala/oil-pipeline-smanchal,876268
/blankaf/used-cars-data-exploration-and-price-prediction,876705
/chrstnzhong/video-game-sales-analysis-genre-and-publisher,875895
/sebhahn/testscript,874199
/balakaran/sushi-or-sandwich,998946
/angelmm/creditcard,879127
/sorantis/homicide-data-visualization,878855
/liupingguang/testlpg-py,871454
/stchau4work/3nn-pca,870660
/danahkuoi/two-sigma-data-analysis-in-python,890045
/austinharrison/ames-notebook,870232
/n3n77i/housedata,869895
/brunorochaoliveira/test-one,869575
/thomasberaud/first-data-interpretation,869303
/ravindrarashmi/eda-analysis,873672
/muzzzdy/2016-emergency-911-calls-data-exploration,868558
/ritoban123/analysis-on-trees-in-nyc,869677
/liuyang1/house-pricing,1111399
/param1/sales-and-publishers,868197
/hankhill2989/numeric-feature-analysis,868195
/deadjoker/titanic,868367
/yaokun/learning-sandbox,867594
/ashofphoenix/usa-summer-olympics-medal-comparison,867583
/h4q9y4/2-14-bug,881826
/pablocastilla/tflearn-digit-recognizer,879230
/floriangd/map-of-endangered-languages,879918
/prakashr/r-exploration-notebook-using-ggplot,866867
/ranjith786/titanic-basic,866271
/ashofphoenix/usa-summer-olympics-performance-1896-2012,865885
/ashofphoenix/usa-summer-olympics-performance,865840
/peterabdou/learning,865750
/sudheeshsinganamalla/titanic,865899
/dinreddy/titanic-problem,865061
/alexindata/titanic-kernel-1st-run-r-caret-random-forest,869216
/anilhk/first-script-for-finding-accuracy-using-tf,883001
/hang17/testing,870441
/sharamu/speed-dating,864417
/sharath58/titanic-survival-prediction-random-forest,1121790
/nathanday/shiny-pokemon,864007
/crosswords/model-1,986389
/alicew1800/allstate-alice,863578
/parikshitjoshi/leaf-r,863334
/skakkerlak/going-down-together-families-on-the-titanic,1017779
/aqurilla/the-titanic-an-analysis,1032651
/vanyaslobodchikov/linear-reg,925112
/ayabell/closer-look-on-profitability,862261
/assasgenius2/notebookfe8717d997,862227
/jrimestad/input-preprocessing,862117
/yannisp/eda-on-uber-s-ridership,871485
/nathanleighjensen/titanic-disaster-of-a-code,861293
/billwarker/basic-videogame-analysis,861206
/bestibt/my-first-kernel,865001
/spartanbaba/data-exploration,860825
/coder81/bingo,984637
/natthakornk/titanic-a-novice-onboard,1000912
/kimiya/for-study-purpose-global-religion-1945-2010,860244
/hendraherviawan/facebook-v-exploration-r,865911
/liaopan/a-simple-trial,860246
/laxmiv/tag-prediction,859923
/prakharmishra/titanic-survival,860549
/codexetreme/glass-classification,859217
/girija2204/girija-program,859712
/shreyasbakre/matrix-inversion,978689
/takagialan/testing,860280
/kashchilakamarthy/starting-i,975682
/harrywa/logistic-regression-on-titanic-disaster-dataset,857357
/hdawkins/find-dratini,857303
/hdutiknsop/mc-fish-test01-notebook3e67e3997b,870331
/mnguy127/testing-tensorflow-testing-1,1027509
/teampark/delete,856022
/snakeonbasket/housing-price1,855864
/mleona01/glass-exercise,855634
/typhoonasian/test-input-output,5467850
/sunrita/explore-dataset,880206
/vineet19/cat-vs-dog,854574
/roymurphy99/model-digits-dataset-using-a-neural-network,891121
/hhyhhyhy/mytest,854476
/wermarter/test-notebook,854249
/krkapilrathore/climatechange,853986
/felixxxilef/tests,853901
/dannysanchez/glass-class,988677
/rajeshpoojary/testing3,853385
/mnguy127/testing-random-forest-validation,853531
/heisengarg/basic-exploration-and-classification,853055
/sumitsen/notebookb6edda33ab,852960
/kharita/titanic,1072638
/alma123/titanic,864813
/xideang/notebook9d9813b023,852456
/nursultan/glass-type-classification-with-1-0-accuracy,852390
/kndiaye1/santander-satisfaction-v1,857892
/bayeshaze/a-closer-look-natural-or-artificial-influences,852621
/grantstead/comedy-vs-drama,851270
/udaysa/separate-network-for-margin-shape-texture,851036
/edumucelli/analysis-and-multiple-modeling-prediction,850551
/soumyaparida/titanic-test,850434
/amielsy/first-script,850294
/avinashkaitha/initial-pass,850895
/dstuerzer/counting-days-julian-date,850325
/sverma21/titanic-svm-linearregression-knn-1,850031
/gesamr/zombie-japan-trade-playground,1846005
/arges42/notebookce6723569b,849443
/s55082/tensorflow-study-1,849591
/continue7777/titanic-test-continue,848526
/udaysa/test123,850443
/newchanuwas/titanic-sinking,848047
/lefant/test-kernel,979708
/tatineni/notebookd452286e27,847469
/haydenjeune/xgb-regression-benchmark,847283
/tukichen/predict-sales-r,875007
/sevendeadlysines/trial,855503
/kndiaye1/trying-xgboost-v1,846875
/demetripananos/visualize-supreme-court-leaning-by-decade,849990
/bmehrparvar/analysis-of-promotions,861076
/bharath25/testing,846763
/brandao/10th-fev-2017,847354
/zackcode/test-notebook,918045
/fohmida/santa-uncertainity-bags,845748
/sbguy8703/notebookb0b1730f53,845693
/venatorgr/simple-linear-regression-model-on-house-prices,845692
/zdanev/hello-world,846281
/evanwang1028/2j5n5j6o,845546
/colin25346/data-science-bowl-first-pass-video-tutorial,845549
/konstov/first-attempt-with-titanic,845143
/akilesh/finding-top-10-players-in-each-skill,1046166
/hiromikuu/sklearn-mlp,843560
/josephbudin/starter-kit,859699
/janpannees/test-of-lung,843029
/raphdel/basic-data-exploration-rf-prediction-by-type,844433
/daverim/glass-test,1024156
/arjoonn/interest-on-the-globe,841810
/auygur/notebook47ae173e6c,841561
/sushmit/experiments-with-lda-and-qda,841588
/dysonlin/titanic-svm,841477
/fangxiaofang/numerical-categorical-variable-preprocessing,1185570
/nandandata/analysis-with-pandas-basic,870657
/jfinke/notebookaed1c37655,841188
/blubeck7/titanic-competition,840820
/ygtcrt/how-to-deal-with-features,840669
/kathrynrough/titanic-exploration-of-kaggle,839741
/luciachousal/teest,878425
/luciachousal/test1,879476
/cogitae/pixel-jaccard-calculation,838766
/skakkerlak/icebreaker,844564
/ernie55ernie/dicom-visualization-and-animation,908015
/mchirico/snow-2017-02-09,837871
/mayanksoni/titanic-dataset,837062
/nitinmukhija/predict-titanic-survivor,901274
/venkateshksl/glass,836542
/edwarts/notebook43e162dce0,1082433
/arthurherbout/first-steps-with-two-sigma-challenge,836291
/sankhamukherjee/basic-visualization,842217
/replicat/testing-1,836120
/aforest/latitude-longitude-price-only-regression,836835
/kingson/abcd-r,838529
/zhenghuanxin/cuda-cnn,835165
/ashwinphatak/rental-listing-inquiries,835080
/malay15/data-visualisation,834934
/rrqqmm/exploring-data,834871
/acconciamessa/titanic-file-run,834827
/cgnicholls/neural-network,834498
/aerolsh/tensorflow-framework-with-logistic-regression,834491
/rtromacek/predicting-turnover,1029740
/titan47/titanic-data-science-exploration,840501
/antriksh5235/checking-out-data,891540
/lostfingers/baseline,1198343
/yogeshdatascientist/dninja,833775
/redsilence/first-stab,833622
/trogsworth/experimenting-with-house-prices,833627
/itaydafna/dafna1,833141
/eoinm95/classify-beer-by-alcohol-content,833488
/darioromero/pipeline-accidents-exploratory-analysis,1730527
/insacca/naive-logic,856921
/arges42/explorative-analysis,1510911
/evanwang1028/1d9cj29c3j4,832352
/ranjitanair/learning,831622
/beliefbio/exploratory-data-analysis,836748
/zanjibar/scallop-from-japan,976876
/karthikkumar/tensorflow-tutorials,1027990
/anu0012/titanic-survival,1810555
/sumanth123/cats-rock-all-the-way,830334
/aurorayd/titanic-prediction,829992
