/samantha178/notebook42c26765bc,454499
/titericz/zf-script-of-everyone-1,454498
/koblas/testing,454521
/briantcs/notebook15f165fbf9,454489
/tivdnbos/a-journey-through-titanic-e41a41a9,454487
/chaseos/global-terrorism-data-visualization,454486
/princewang1994/notebookf8d3003a05,454485
/evgeniymalishev/comparison-between-classifiers,454479
/samantha178/notebook53ec198d96,454474
/zgcgreat/notebookc5f5dd3804,454468
/laufer/soccerbook,454467
/adfaec5e9928493/predicting-opiate-prescribing-dentists,454452
/zeeshananjum/notebookec3ace0d92,454449
/hkmangla/notebook37d1e3e55a,454448
/ernestycli/notebook75a21095c1,454425
/edopic/notebook95a31138e1,454424
/zhuscat/a-journey-through-titanic-92c5c85b,454422
/zhoususheng/notebookaeecf9b9f5,454426
/danifi/notebook27bf7d7a8c,454418
/pahwa10/my-first-script-kaggle,454410
/kadekutama/global-terrorism-data-visualization,454408
/zhuscat/a-journey-through-titanic-a3da84cd,454393
/wenjuweng123/sentiment-classification-in-5-classes,454388
/alankritasingh/notebook6dbe02b142,454384
/tobiasdirksen/titanic-test,454411
/miguelmalvarez/notebook52e4d48ff3,454372
/divyanshsaxena00/first-attempt-titatic-dataset,454374
/arvinsim/carbohydrate-levels-for-food-in-the-philippines,454369
/xuhewen/data-exploration-and-visualization,454333
/storma/catdognet-keras-convnet-starter,454331
/shreyanshsahay/notebook41bcd7ecaa,454330
/mihaibig/werty,454307
/amirarsalanio/notebook87e5968c2d,454306
/dhihenrik/45-000-meteorites-impacts-on-earth,454304
/weiboyi/test1,454303
/weiboyi/notebook09fe7be9f1,454301
/cyriljoly/notebookfe0f222d88,454297
/cyriljoly/notebook1f945b4ef1,454290
/mathewsavage/notebookd2ecfc8a8c,454283
/tobiasdirksen/titanic-survivors,454282
/maggy96/notebookfb70be8602,454271
/letfly/exploratory-study-on-ml-algorithms,454243
/eduardoleoni/bayesian-logistic-regression-with-rstanarm,454235
/bissben/notebookac9d8cd250,454234
/sklearner/notebook2af22d3572,454224
/willisrayton1/omg-nlp-with-the-djia-and-reddit,454204
/bozo93/exploratory-analysis-and-predictions-31e5f3c5,454203
/imadsalimi/global-terrorism,454185
/nemishkanwar/predicting-rating-imdb-c66ce3b0,454175
/pueton/global-terrorism-data-visualization,454160
/fimalyst/deep-learning-in-the-deep-blue-lb-1-279,454147
/rprades/detailed-cleaning-visualization-python,454130
/taoufik/fishy-keras-lb-1-25267,454126
/riguang/notebook05cf4342b6,454125
/swechha/notebookdfc593eb29,454122
/vasanthegde/notebook37ac3625a1,454108
/omerbarsadeh/a-journey-through-titanic,454104
/harivj/notebook809f2e91bb,454088
/riguang/testscript1,457696
/dtgm15/deep-learning-in-the-deep-blue-lb-1-279,454080
/idandridge/the-most-predictable-league,454074
/vigneshraj/sdwdfg,454053
/luudactam/tam456,454047
/muralin/notebook43d4d22e92,454035
/ralphdewit/regularized-linear-models,454034
/tyriit/title,454027
/jude2013/notebook7c999b4496,454016
/somshubramajumdar/fishy-keras-lb-1-25267,454059
/santiagomota/know-your-data-part-4-products-sequence,454008
/hrsfn9/ghosts-goblins-and-ghouls-oh-my,453992
/usct01/omg-nlp-with-the-djia-and-reddit,453981
/wandabwa2004/digit-recognizer-in-python-using-cnn,453974
/jude2013/notebookecf09509b5,453968
/oscar84922tw/notebook944226455f,453949
/praveenhegde/xgboost-starter,453944
/wandabwa2004/historical-trend-of-attacks-in-western-europe,453940
/datobig/nlp-with-the-djia-and-reddit,453938
/jonlee317/explore-pokemon,453926
/emgeegirl/notebook9e2f514629,453925
/a7999011/comparison-between-classifiers,453922
/zhuscat/a-journey-through-titanic,453921
/araseol/notebooka5ebabf681,453914
/haiyun202/notebook0c3658c2a9,453910
/comendeiro/detailed-cleaning-visualization-python,453908
/utkarshjain793/notebook988072b1a7,453905
/wplanutis/notebookd3c643a3d8,453901
/umesh6aig/notebookcd88bbe536,453890
/zgcgreat/simple-eda-feature-transformations,453884
/logicalmind/first-script,453875
/hengwu/notebook4bcc06d244,453864
/mismael/notebook4e53941ba5,453860
/baoviet123/notebook2a8a53bb0c,453856
/slaborde/a-journey-through-titanic,453851
/madraziw/bayesian-logistic-regression-with-rstanarm,453842
/andy12290/visualizing-knn-svm-and-xgboost-on-iris-dataset,453834
/dilipvaka/notebookd443a57627,453804
/bclaypoole/notebook61943c43bd,453803
/sd4174263/notebook6c9a128f77,453801
/lizhili/omg-nlp-with-the-djia-and-reddit,453800
/rcredburn/notebook498ce76a6b,453784
/ritu71/notebook5097861a3e,453780
/saeednouhi/notebooke26575a703,453765
/semaphore/know-your-data-part-2-products,453745
/mikowals/tensorflow-slim-batch-norm-test,453844
/elguille/simple-exploration-notebook-nda-compliant,453739
/rivaldo4t/notebook62f838c159,453738
/jacklafayettecollins/pokemon-stat-calculator,453734
/rivaldo4t/dataset-walk-through-911,453727
/junghun/simple-eda-feature-transformations,453726
/fengari/exploratory-study-on-ml-algorithms,453700
/ajayws/notebook75b0dadf3e,453699
/patliu/geolocation-visualisations,453696
/zzdu2013/regularized-linear-models,453655
/thomascrough/zillow-1-bedroom-pricing-data,735151
/lorihp/notebook0b4b3480fa,453598
/wognsch/notebook3efe7ca7d6,453606
/uidilr/notebook9c66563086,453575
/sigmadelta2016/python-data-visualizations,453560
/zzdu2013/leakage-solution,453556
/akashbhatia/begining,453546
/mrisdal/notebookef512170b0,453534
/linan142857/test1,453568
/mchendrix/myscript,453531
/mchendrix/notebookbf7d98d1a3,453530
/ming5536/exploratory-tutorial-titanic,453529
/slaborde/notebook8e6ba53dbb,453527
/slaborde/notebook83e3d1a78c,453518
/conorbmurphy/notebooke6c33c1cdd,453508
/gurucafe/map-of-temperatures-and-analysis-of-global-warming,453498
/gimmeadollr/notebookb71722ba12,453485
/nellatl/notebook2cc1db1578,453484
/srikant/test-keras-sri,453640
/yannn26/notebooke223bed5af,453476
/yannn26/titanic-svm-20161118,453475
/ryanchenlee/a-journey-through-titanic,453464
/babatee/10-classifier-showdown-in-scikit-learn,453454
/ryanchenlee/python-data-visualizations,453446
/danielgg/notebook04a18a20fa,453444
/leifshen/boston-airbnb-play,453442
/prasadpagade/uber-exploratory-analysis-and-visualizations,453440
/a13xk13m/lap-time-analysis,453441
/a13xk13m/notebook5cafa829af,453422
/datafromkaggle/digit-recognizer-in-r,453416
/danieleewww/deep-learning-in-the-deep-blue-lb-1-279,453414
/mictobro/ezbre,453391
/sudheer464/svm-model,453372
/ml2016/random-forest-with-feature-selection-0-95-accuracy,453371
/dungauk/like-a-fish,453370
/leonardf/notebook585f43b07d,453363
/ml2016/quick-and-dirty-attempt-on-voting-classifier,453362
/marcelolajr/notebook564040c4f7,453350
/karenderer/test-01-1,453339
/cultofmetatron/notebookb23414c080,453336
/marcelolajr/notebooka35742cb39,453325
/estelle/notebook8bf12c759d,453320
/estelle/test101,453319
/lizyuuuuuu12/imdb-genre-based-analysis,453318
/karenderer/test-01,453317
/patupe/regularized-linear-models,453315
/kuliksv/notebook4e0847e1c0,453312
/saraerimee/recommend-movie-with-clustering,453305
/leonardocardoso/notebookb7bd748039,453295
/ericiscool/notebookeeed519990,453288
/juancambre/notebook605d0fa1a4,2870864
/mchendrix/fish1,453275
/mekena/notebooka502c1a24f,453274
/shun2000/notebook8293c49371,453234
/jamesm53/python-data-visualizations,453230
/mangomoon/neural-network,453607
/zhenbinwu/a-journey-through-titanic,453200
/lacijmoricz/notebook0cd58731d5,453198
/kehanyu/notebook1364723eea,453182
/linhvannguyen/regularized-linear-models,453181
/transfunctioner/simple-r-platform-0-638,453179
/marcelolajr/titanic-first-neural-network-approach,453176
/mmbruno96/number-of-characters-names-over-time,453174
/startakovsky/notebookd7ce6beb33,453159
/xexx12345/detailed-cleaning-visualization-python,453155
/tmuehlen/first-try-in-kaggle-on-gtd,453169
/john1of7/notebooka7fc8c56a4,453142
/jyotichaudhary/notebook54d8e0d51a,453140
/ryanc1/detailed-cleaning-visualization-python,453136
/tulsamel/notebook68f1abd555,453129
/outliar/mass-hashesc,453146
/firsttracks/python-data-visualizations,453122
/tulsamel/notebooke6a11cc25f,453118
/alexisdrx/catch-em-all,453114
/mihir306/the-most-predictable-league,453113
/rsifrain/eda-uci-credit-card,453111
/bigmac/the-most-predictable-league,453068
/andrewzhang/generating-keywords-wordcloud,453054
/vitorzanatta/a-journey-through-titanic,453043
/karjung/know-your-data,453036
/jueshi/a-journey-through-titanic,576903
/lilyelizabethjohn/analysing-ipl-data,453027
/icecube314/keras-3-layer-nn,453018
/gandroz/notebook749e625808,453016
/richchien/test-script,453010
/dporunne/notebooka0092da3d6,452999
/rahultej/analysing-ipl-data,452986
