/kerneler/starter-advance-u-s-international-f73acbf9-b,6467905
/kerneler/starter-advance-retail-sales-time-33581097-3,6467895
/kerneler/starter-acs-2016-5yr-tract-48-gdb-3cd9490a-b,6465155
/kerneler/starter-tic-tac-toe-114a98a7-f,6464999
/kerneler/starter-nasdaq-and-nyse-stocks-69669085-d,7081865
/kerneler/starter-5228project-fcc945d3-f,6464322
/kerneler/starter-nasdaq-and-nyse-stocks-d6c757e1-3,6464309
/kerneler/starter-trained-models-c7906f88-2,6636465
/kerneler/starter-a-brief-data-study-on-jetblue-4051d063-0,6463332
/kerneler/starter-austin-housing-data-15de8182-0,6462141
/kerneler/starter-bgg-top-2000-7c10f6f3-b,10188793
/kerneler/starter-bgg-top-2000-4d083762-f,6461261
/kerneler/starter-extr-mes-climatiques-en-fe74c76e-1,6461229
/trivikramchalasani/handling-missing-values-ml-13,6462391
/kerneler/starter-research-paper-5a1d94ff-8,6460781
/adrian1acoran/fork-of-fork-of-fork-of-pi-3-1415-826fbb-08-72c6c1,6460449
/kerneler/starter-quick-draw-model-weights-for-a2a163cc-f,6460164
/kerneler/starter-lyon-restaurant-reviews-0e48f586-7,6459694
/kerneler/starter-imodel-5c8dde5b-8,6459297
/kerneler/starter-import-export-in-tunisia-by-403a1211-6,6459058
/kerneler/starter-arabic-calligraphy-fc2bfa73-d,6458502
/kerneler/starter-prix-journalier-de-poulet-la-4a72f7ab-8,6458465
/krabreu/predicting-fraud-with-tensorflow,7632827
/kerneler/starter-cms-open-data-905e9277-3,6457505
/kerneler/starter-world-development-indicators-291a71cb-b,6457492
/kerneler/starter-world-bank-projects-50e4df8c-d,6457476
/kerneler/starter-quick-draw-model-weights-for-cee29727-d,6457444
/kerneler/starter-sustainable-development-goals-e77a8511-4,6457428
/kerneler/starter-poverty-and-equity-database-82e98c8f-f,6457410
/kerneler/starter-ida-results-measurement-system-e5c0911a-e,6457365
/kerneler/starter-govdata360-c0badedd-f,6457364
/kerneler/starter-global-financial-inclusion-1138add0-f,6457350
/kerneler/starter-global-financial-development-ad3615b2-5,6457340
/kerneler/starter-global-economic-monitor-f3f57317-b,6457336
/kerneler/starter-education-statistics-16b61641-5,6457330
/kerneler/starter-doing-business-1cd18dc7-d,6457311
/kerneler/starter-data-on-statistical-capacity-9723153b-6,6457306
/kerneler/starter-country-policy-and-1d0d7156-0,6457285
/kerneler/starter-world-bank-quarterly-external-daf5d5b7-a,6457222
/kerneler/starter-world-bank-population-7012c465-6,6457218
/kerneler/starter-world-bank-millennium-de9bce73-e,6457203
/kerneler/starter-world-bank-international-debt-2847a7e3-8,6457200
/kerneler/starter-world-bank-health-nutrition-fd2baee8-c,6457199
/kerneler/starter-world-bank-gni-ranking-atlas-c7dae120-d,6457183
/kerneler/starter-world-bank-gdp-ranking-7cf6993f-2,6457179
/kerneler/starter-world-bank-climate-change-data-4bc7fab4-f,6457174
/kerneler/starter-image-colorization-3db94100-7,6456992
/kerneler/starter-noaa-global-historical-01f222c9-9,6456684
/kerneler/starter-ck-plus-dataset-6b2a986e-b,6456120
/kerneler/starter-project-euler-42-words-856a33db-3,6456051
/kerneler/starter-science-videos-caption-4a233017-a,6455909
/kerneler/starter-science-videos-caption-1a54f6aa-9,6455581
/kerneler/starter-alama-cifar10-efafc699-0,6455411
/kerneler/starter-brazil-elections-2018-51ae0ccc-9,6455079
/kerneler/starter-formatos-4230e78f-b,6455050
/kerneler/starter-some-simple-data-for-first-66bc73b0-1,6454884
/kerneler/starter-juntionx-e63edc21-f,6454836
/kerneler/starter-kdd-cup-2009-customer-8c35bab7-a,6454263
/kerneler/starter-oecd-consumer-price-index-of-5cadd206-6,6454123
/kerneler/starter-oecd-consumer-price-index-92e30379-5,6454044
/kerneler/starter-oecd-current-account-balance-23f45f64-9,6454039
/kerneler/starter-oecd-consumer-price-index-of-74e24f58-8,6453986
/kerneler/starter-3-month-or-90-day-rates-and-4f0b5479-5,6453928
/kerneler/starter-consumer-opinion-surveys-oecd-1a511f4b-e,6453898
/kerneler/starter-oecd-constant-price-gross-2e439387-8,6453885
/kerneler/starter-active-population-and-activity-4638b102-2,6453866
/kerneler/starter-oecd-business-tendency-surveys-5ee7d0fc-2,6453865
/kerneler/starter-plant-disease-eac7204d-4,6453503
/kerneler/starter-iris-data-csv-878b9325-4,6453488
/kerneler/starter-nih-csv-66ec1eda-1,6452936
/kerneler/starter-nih-csv-34acb600-5,6452921
/alqamahjsr/pubg-data-description-a-to-z-fe-with-python,6452531
/kerneler/starter-noaa-precipitation-15-minute-2c1da488-4,6451310
/kerneler/starter-facial-expression-dcac1b40-b,6449925
/kerneler/starter-hospitals-addresses-in-tunisia-defe6d03-b,6449834
/kerneler/starter-adresse-des-hopitaux-de-la-23cb94b6-4,6449753
/kerneler/starter-nih-csv-cdd3bad4-e,6448744
/kerneler/starter-imodel-h5-5b577e0b-a,6448389
/kerneler/starter-qc18opendata-ae572383-5,6448375
/realautist/exercise-functions-and-getting-help,6471436
/kerneler/starter-google-landmarks-dataset-0e31eb1d-3,6447439
/alexisbrgn/hackaton,6447415
/kerneler/starter-imodel-h5-ac1c20c9-7,6447368
/kerneler/starter-catdogdifferenciator-73897151-1,6447160
/kerneler/starter-meta-kaggle-63fd39a3-c,6446976
/kerneler/starter-adresse-des-hopitaux-de-la-e0d07047-5,6446888
/saikrupa2398/flight-delay-prediction,6474205
/kerneler/starter-qc18opendata-ab1e4d17-1,6446211
/kerneler/starter-prosl-elec-evolution-tunisia-90119358-7,6445935
/kerneler/starter-transaction-volume-by-means-of-f8fb4ac2-6,6445831
/kerneler/starter-foreign-exchange-from-1997-to-11d8d8e8-8,6445650
/kerneler/starter-import-petrroproducts-11385b9d-5,6445215
/kerneler/starter-resident-population-time-6fc8dd2c-d,6445146
/kerneler/starter-jaffe-facial-expression-c2c42c66-2,6445028
/kerneler/starter-total-households-time-series-63b0eb62-e,6444622
/kerneler/starter-total-married-families-with-abb97332-1,6444619
/kerneler/starter-poverty-universe-all-ages-08b4a5c4-7,6444616
/kerneler/starter-population-estimate-of-non-85d52064-d,6444613
/kerneler/starter-population-estimate-of-african-2f51e43e-c,6444612
/kerneler/starter-median-age-of-the-population-0350422f-7,6444604
/kerneler/starter-mean-adjusted-gross-income-for-3053217b-d,6444602
/kerneler/starter-health-insurance-coverage-in-6043b2a3-d,6444598
/kerneler/starter-family-households-with-married-1a3558f5-e,6444596
/kerneler/starter-home-homeowner-vacancy-rate-c000923a-1,6444594
/kerneler/starter-total-revenue-time-series-c08f0a67-d,6444590
/kerneler/starter-population-time-series-data-1a48c45c-f,6444586
/kerneler/starter-value-of-manufacturers-1875cdd9-b,6444583
/kerneler/starter-value-of-manufacturers-70bc6569-b,6444582
/kerneler/starter-value-of-manufacturers-b646aaf7-6,6444581
/kerneler/starter-total-public-construction-dce17659-9,6444470
/kerneler/starter-total-private-construction-f239fe97-0,6444467
/kerneler/starter-total-construction-spending-a38de80c-e,6444450
/kerneler/starter-total-operating-expenses-time-bd258624-f,6444445
/kerneler/starter-total-merchant-wholesalers-d690d94a-4,6444438
/kerneler/starter-total-business-inventories-and-7b5dae7c-6,6444405
/kerneler/starter-kansas-state-government-tax-1fa47231-4,6444388
/kerneler/starter-snap-benefits-recipients-data-2a300257-a,6444383
/kerneler/starter-retail-and-retailers-sales-37eaab44-d,6444380
/kerneler/starter-tig-stainless-steel-304-ee6df282-0,6444275
/kerneler/starter-real-median-income-data-25cbc8e9-c,6444265
/kerneler/starter-noaa-global-surface-summary-of-06b59158-3,6444209
/kerneler/starter-rental-vacancy-rate-data-cb069df4-c,6444205
/kerneler/starter-new-private-housing-units-with-8e6f78d0-c,6444125
/kerneler/starter-real-mean-family-and-personal-01a47b46-5,6444124
/kerneler/starter-quarterly-financial-report-u-f84cf27c-9,6444122
/kerneler/starter-manufacturers-inventory-to-5e57f721-d,6444120
/kerneler/starter-percent-of-population-below-e4c1f5aa-f,6444105
/kerneler/starter-people-25-years-and-over-dd4c25b2-6,6444092
/kerneler/starter-net-migration-flow-time-series-f4bf5f97-a,6444068
/kerneler/starter-merchant-wholesalers-8b47edd2-f,6444045
/kerneler/starter-median-personal-family-and-9f8fc09e-3,6444040
/kerneler/starter-homeownership-rate-time-series-be47b7b0-0,6444028
/kerneler/starter-mean-commuting-time-for-165fb55c-0,6444010
/kerneler/starter-manufacturers-sales-and-4f53429f-0,6443997
/kerneler/starter-income-inequality-time-series-750c62ed-3,6443990
/kerneler/starter-income-gini-ratio-time-series-c7d8dece-c,6443982
/kerneler/starter-household-and-housing-0c7fcda5-c,6443978
/kerneler/starter-estimate-of-median-household-12b61133-4,6443919
/trivikramchalasani/random-forests-ml-10,6443923
/kerneler/starter-estimate-of-people-of-all-ages-18bb6257-0,6443898
/kerneler/starter-advance-retail-sales-time-9d381f00-1,6443875
/kerneler/starter-e-commerce-retail-sales-series-f5706b59-a,6443857
/kerneler/starter-breakdown-of-revenue-by-type-0a851028-d,6443851
/kerneler/starter-bachelor-s-degree-or-higher-a8c638c2-8,6443845
/kerneler/starter-advance-u-s-international-5ce1c850-7,6443839
/kerneler/starter-jafee-dataset-b179b830-6,6443740
/trivikramchalasani/underfitting-and-overfitting-ml-8,6443457
/kerneler/starter-jihwan-1a6902e8-f,6442997
/kerneler/starter-jihwan-96474b0d-d,6442902
/alqamahjsr/fork-of-hidden-treasures-in-our-groceries,6554225
/codecx07/exercise-booleans-and-conditionals-be1621,6618219
/trivikramchalasani/model-validation-ml-6,6442566
/akmalm929/network-visualizations-with-igraph,6442031
/kerneler/starter-budget-survey-tunisia-2015-70085d7e-d,6441932
/kerneler/starter-budget-survey-tunisia-2015-7aee6918-0,6441902
/kerneler/starter-budget-survey-tunisia-2015-650807b4-7,6441809
/kerneler/starter-jihwan-403beb17-f,6441627
/kerneler/starter-quick-draw-model-weights-for-69790253-8,6441601
/kerneler/starter-foody-reviews-add1f7e1-5,6441557
/trivikramchalasani/your-first-machine-learning-model-ml-4,6441770
/kerneler/starter-distribution-migrants-by-860301a2-9,6440956
/kerneler/starter-pytorch-pretrained-models-9deb4d43-a,6440742
/trivikramchalasani/explore-your-data-ml-2,6441209
/trivikramchalasani/how-models-work-ml-1,6440700
/sabirshaikh/exercise-explore-your-data,6459805
/vermank9/comparing-clustering-methods-k-means-hierarchical,6440204
/kerneler/starter-datacommune-7fe822c0-0,6439696
/kerneler/starter-comedy-tv-ratingss-5bb0d466-b,6439427
/kerneler/starter-xrays-chest-299-small-eb991ea4-0,6438220
/kerneler/starter-example-6e40414a-b,6438043
/kerneler/starter-youtube-comments-in-cantonese-4db7d430-a,6437916
/kerneler/starter-kdd-cup-2009-customer-c0eee80b-4,6437688
/kerneler/starter-omniglot-91a2d6e2-1,6436817
/kerneler/starter-classifying-20-newsgroups-test-55a2ae2a-6,6436359
/kerneler/starter-stopwords-portugues-4f8f3255-c,6435810
/kerneler/starter-euro-to-tnd-exchange-rate-from-b0f262a7-1,6435778
/kerneler/starter-stopwords-f7f17f67-3,6435734
/kerneler/starter-quick-draw-model-weights-for-e089b7bd-3,6435397
/yvettecheb/aicamp-tensorflow-introduction-homework-d17eaa,6436598
/ohassan/univariate-plotting-with-pandas-326929,6434377
/kerneler/starter-single-use-plastic-carrier-9d9172e9-0,6432850
/kerneler/starter-world-development-indicators-b16930bc-c,6432624
/kerneler/starter-world-bank-projects-38fb436b-e,6432598
/kerneler/starter-household-power-cosumption-6a038fe4-b,6432593
/kerneler/starter-sustainable-development-goals-ee6e8a0a-9,6432592
/kerneler/starter-poverty-and-equity-database-d92ad3b1-0,6432501
/kerneler/starter-ida-results-measurement-system-195f5e99-d,6432427
/kerneler/starter-govdata360-b16adeb0-6,6432425
/kerneler/starter-global-financial-inclusion-3e78a8e9-f,6432412
/kerneler/starter-global-financial-development-c8b82e9c-0,6432402
/kerneler/starter-global-economic-monitor-6fcdf4eb-7,6432398
/kerneler/starter-education-statistics-10190551-d,6432388
/kerneler/starter-doing-business-366d232e-a,6432350
/kerneler/starter-data-on-statistical-capacity-4b347b06-b,6432343
/kerneler/starter-philadelphia-parking-f5768c17-c,6432341
/kerneler/starter-country-policy-and-0b73f2e0-4,6432320
/kerneler/starter-world-bank-quarterly-external-32dea22f-d,6432246
/kerneler/starter-world-bank-population-4899f745-0,6432238
/kerneler/starter-world-bank-millennium-2a4857d6-7,6432222
/kerneler/starter-world-bank-international-debt-b0e91b0f-0,6432209
