/andkul/deep-lstm-to-predict-rainfall,10466593
/bstrayer0/exercise-underfitting-and-overfitting,10464285
/bstrayer0/exercise-model-validation,10463663
/bstrayer0/exercise-your-first-machine-learning-model,10462478
/kwispy/legitimate-decision-boundaries-by-interpolation,10461125
/rtreit/kaggle-titanic-tutorial,10461037
/balinsky/manipulating-data-with-the-tidyverse-workbook,10458350
/skannelu/exercise-syntax-variables-and-numbers,10455411
/lumoss/a1-demo-pandas-and-uci-adult-dataset,10453713
/dhimananubhav/fastai-v3-lesson-2,10450284
/aravind15/exercise-model-validation,10447981
/aravind15/exercise-your-first-machine-learning-model,10446607
/jayeshbali/titanic-data-science-solutions,10441146
/azaemon/exercise-tensorflow-programming,10440015
/abedkhooli/textgen-fastai143-2,10444110
/ricardocortez0211/grouping-and-sorting,10458264
/natdubrov/exercise-booleans-and-conditionals-bafa73,10428415
/javismiles/predict-malignancy-with-nn-coded-from-scratch,10749259
/bashturtle/partial-dependency-plots-for-the-iowa-dataset,10420127
/abedkhooli/textgen-fastai143,10426251
/goldens/classification-deep-learning-with-keras,10415161
/abhimanyuaryan/feature-importance-in-data-interpretation,10414150
/virajgala/data-cleaning-challenge-inconsistent-data-entry,10413781
/virajgala/data-cleaning-challenge-character-encodings,10405700
/lkapitana/exercise-your-first-machine-learning-model,10405579
/virajgala/data-cleaning-challenge-parsing-dates,10405295
/virajgala/data-cleaning-challenge-scale-and-normalize-data,10404163
/victow/xgboost-imputer-2,10403054
/s76457/data-cleaning-challenge-inconsistent-data-entry,10400619
/jamalsaf/data-cleaning-challenge-inconsistent-data-entry,10400306
/s76457/data-cleaning-challenge-character-encodings,10400170
/jamalsaf/data-cleaning-challenge-character-encodings,10399844
/rishabhagrawal52/exercise-explore-your-data,10399432
/jamalsaf/data-cleaning-challenge-parsing-dates,10397914
/natdubrov/exercise-functions-and-getting-help-2f8d60,10397910
/jamalsaf/data-cleaning-challenge-scale-and-normalize-data,10397085
/jamalsaf/data-cleaning-challenge-handling-missing-values,10396551
/mahanmahan2/data-cleaning-challenge-inconsistent-data-entry,10396016
/mahanmahan2/data-cleaning-challenge-character-encodings,10395819
/ibacaraujo/exercise-working-with-external-libraries,10395710
/s76457/data-cleaning-challenge-parsing-dates,10395716
/mahanmahan2/data-cleaning-challenge-parsing-dates,10395443
/mahanmahan2/data-cleaning-challenge-scale-and-normalize-data,10395177
/s76457/data-cleaning-challenge-scale-and-normaliz-aa854a,10395062
/mahanmahan2/data-cleaning-challenge-handling-missing-v-dc0ecf,10394935
/clare3/titanic-2019-random-forest,10394216
/nilsbauer/mlpc-750-epochs-pca-cross-validation,10527519
/kytzanire/exercise-booleans-and-conditionals,10392552
/victow/ml-xgboost-compare-w-random-forest,10400387
/rishabhchauhan9760/dog-breed-using-resnet50-weights,10391157
/s76457/data-cleaning-challenge-handling-missing-values,10380472
/ananaymital/2015b4a80598g,10374492
/analystmasters/analysis-of-training-of-world-soccer,10373975
/clare3/titanic-2019-decision-tree,10372982
/ivanat/data-cleaning-challenge-inconsistent-data-entry,10370910
/ivanat/data-cleaning-challenge-character-encodings,10370706
/clare3/titanic-2019-logistic-regression,10372796
/ivanat/data-cleaning-challenge-parsing-dates,10370126
/ivanat/data-cleaning-challenge-scale-and-normaliz-bdc37f,10369343
/majidam20/data-cleaning-challenge-inconsistent-data-entry,10368903
/patertrap/otto-product,10368829
/ivanat/data-cleaning-challenge-handling-missing-v-9ac65b,10368678
/majidam20/data-cleaning-challenge-character-encoding-071870,10368471
/harnalashok/starter-superstore-data-e652611b-c,10367315
/bask170182/data-cleaning-challenge-inconsistent-data-1e7876,10367188
/vsharm29/exercise-functions-and-getting-help,10366782
/bask170182/data-cleaning-challenge-parsing-dates-c3ef62,10365900
/bask170182/data-cleaning-challenge-scale-and-normalize-data,10364975
/majidam20/data-cleaning-challenge-scale-and-normaliz-389498,10364791
/lookageek/exercise-machine-learning-competitions,10364889
/xzt12345/exercise-strings-and-dictionaries,10754567
/bask170182/data-cleaning-challenge-handling-missing-values,10363667
/nikhilulahannan/nu-csv-output-check,10363691
/hikmatyar/house-prices-ml-pipeline,10360946
/yliu40/aicamp-ensemble-exercise-1-aaf931,10357093
/aaminahl/columbus-v3,10357006
/shravik593/exercise-underfitting-and-overfitting,10345835
/chrisrichardmiles/learn-python-challenge-day-1-exercises,10344169
/lekanlekan/getting-started-in-r-graphing-data,10343802
/ibacaraujo/exercise-strings-and-dictionaries,10342995
/avneetsingh/exercise-working-with-external-libraries-1,10343351
/hccheng/trackml-problem-explanation-and-data-explor-1040dd,10342809
/aludosan/starter-myanimelist-anime-dataset-2019-02-04,10338117
/tentotheminus9/exercise-shap-values,10336653
/jcllobet/exercise-underfitting-and-overfitting,10336555
/jcllobet/exercise-model-validation,10335953
/vsharm29/exercise-syntax-variables-and-numbers,10333840
/victow/xgboost-imputer,10332972
/jcllobet/exercise-your-first-machine-learning-model,10332233
/xzt12345/exercise-loops-and-list-comprehensions-1fd7bd,10329378
/avneetsingh/exercise-loops-and-list-comprehensions-1f3ae0,10329314
/fallsit/picking-the-best-model-with-caret-workbook,10328272
/avneetsingh/exercise-lists,10325568
/bashturtle/trying-the-categorical-encoding,10324153
/vivekch0976/exercise-model-validation,10323543
/esaki01/2018-02-08-titanic-hands-on,10357627
/vivekch0976/exercise-your-first-machine-learning-model,10323049
/ia1na09/cnn-keras-pretrained-word2vec-yoon-kim-model,10312514
/jcllobet/data-types-and-missing-data-workbook,10311744
/avneetsingh/exercise-functions-and-getting-help,10311618
/fallsit/machine-learning-with-xgboost-in-r-workbook,10311334
/jcllobet/grouping-and-sorting,10310978
/siddharths067/exercise-transfer-learning,10310929
/jcllobet/summary-functions-and-maps-workbook,10309557
/avneetsingh/exercise-syntax-variables-and-numbers-d5b3af,10309415
/jcllobet/indexing-selecting-assigning,10308502
/bashturtle/iowa-prediction-data,10305897
/ayalamann/transfer-learning-with-bb,10307988
/jcllobet/creating-reading-and-writing-workbook,10304682
/krishnamishra94/grouping-and-sorting-bc7699,10332083
/mumtazsh/exercise-syntax-variables-and-numbers,10299744
/keyit92/sentiment-recursive-nn-trained-on-parsing-tree,10298136
/gsakabe/sklearn-ensemble-voting-test,10297810
/xsakix/torch-lstm,10290077
/ricardocortez0211/summary-functions-and-maps-workbook-3037c4,10288896
/tentotheminus9/exercise-permutation-importance,10286577
/yakolle/quora2-tnn-9,10280723
/yakolle/quora2-tnn-7,10280719
/a2cerda/data-cleaning-challenge-parsing-dates,10277281
/yakolle/quora2-tnn-6,10275775
/rishrk007/black-friday-python,10271747
/yakolle/quora-tnn-8,10270995
/yakolle/quora-tnn-7,10270994
/yakolle/quora-tnn-3,10270851
/yakolle/quora-tnn-2,10270849
/perihanbagbudar/recommendation-systems-basic,10728925
/saboohidhawan/python-challenge,10270598
/akshayreddykotha/titanic-data-science-solutions-explore,10269378
/natdubrov/exercise-syntax-variables-and-numbers,10396917
/hengulkakaty/hand-written-digit-recognition-and-error-analysis,10265940
/yeshila/final-kernel-1,10280115
/strifonov/avg-simple-rnn-with-attention-and-preprocessing,10293100
/ostaski/automating-data-pipelines-day-3,10290033
/rupalisharma/data-cleaning-challenge-parsing-dates,10254073
/rupalisharma/data-cleaning-challenge-scale-and-normalize-data,10254074
/ayalamann/simple-cnn-classification-no-new-whale,10254051
/rupalisharma/data-cleaning-challenge-inconsistent-data-entry,10254013
/rupalisharma/data-cleaning-challenge-handling-missing-values,10253837
/yakolle/quora2-tnn-5,10275606
/yakolle/quora2-tnn-4,10275605
/yakolle/quora2-tnn-2,10275603
/victow/ml-xgboost-houses-prices-victow,10244005
/kapilyadav/doodle-detection,10246548
/yakolle/quora2-tnn-3,10275604
/xsakix/torch-ensemble,10264802
/xsakix/pytorch-bilstm-meta-v2,10445717
/xsakix/torch-lstm-2,10234682
/mvs1793/housing-prices-top-20-randomizedsearchcv,10222555
/jbeltranleon/chestxray-model-training-multi-densenet121,10432579
/xzt12345/loops-and-list-comprehensions,10212886
/xzt12345/booleans-and-conditionals-6b1282,10207298
/xzt12345/exercise-lists,10207200
/victow/exercise-machine-learning-competitions,10204823
/kurtulus/regression-challenge-day-1,10201127
/validated/analysis-of-interactions,10229780
/stevenguh/trackml-2-solution-example-pytorch,10193093
/pssrijit/learn-python-challenge-day-2-exercises,10191879
/nrr1509/improved-lstm-baseline-glove-dropout,10191286
/naga456/transfer-learning-house-vs-car,10715696
/naga456/wl-blackjack-clean,10715978
/rkrishnan917/exercise-functions-and-getting-help,10185502
/bbose71/exercise-functions-and-getting-help,10185491
/kiranshirish/exercise-functions-and-getting-help,10185438
/noshluk2/vgg-nihxray,10185199
/saharsh1708/improved-lstm-baseline-glove-dropout-73e892,10184149
/vitsuji/exercise-your-first-machine-learning-model,10182676
/tanmaih/improved-lstm-baseline-glove-dropout-03e1f9,10182794
/aniruddhapanwar/getting-started-in-r-graphing-data,10182509
/ricardocortez0211/indexing-selecting-assigning,10182869
/lucasvw/fastai-v3-lesson-1-edited,10301172
/cast42/cohen-effect-size-and-p-values,10180328
/kagglefoam/starter-unsw-nb15-523d3e7e-a,10178514
/bigdatalex/data-cleaning-challenge-inconsistent-data-entry,10176439
/xzt12345/lists,10176444
/akindan1/exercise-strings-and-dictionaries-54b830,10175433
/krishnamishra94/summary-functions-and-maps-workbook-4ae6c7,10170680
/xzt12345/exercise-booleans-and-conditionals,10170108
/wakamezake/fast-ai-v3-lesson-1-translating-for-japanese,10207865
/johnkyon/char-embeddings,10194416
/krishnamishra94/indexing-selecting-assigning,10165209
/aavella77/starter-arxiv-nlp-papers-with-github-e021a-3eafe4,10198664
/xzt12345/booleans-and-conditionals-17bf7c,10161818
/nanosplitter/training-an-lstm-to-write-songs,10162734
/bigdatalex/data-cleaning-challenge-character-encodings,10159701
/bigdatalex/data-cleaning-challenge-parsing-dates,10157955
/bigdatalex/data-cleaning-challenge-scale-and-normalize-data,10157194
/dalao1002/exercise-deep-learning-from-scratch,10157316
/esemi77/exercise-working-with-external-libraries,10155465
/kurtulus/picking-the-best-model-with-caret-workbook,10154813
/sreejeet/renaming-and-combining-workbook,10150198
/rappenlager/data-augmentation,10149783
/kurtulus/machine-learning-with-xgboost-in-r-workbook,10152513
/instanum/house-price-predictions-regression-vs-svm-vs-gbt,10156076
/yogeshluthra/bidirectional-lstm-spacy-on-yelp-reviews,10154879
/senthilkcs/exercise-machine-learning-competitions,10177985
/sergeymong/exercise-tensorflow-programming-046666,10145629
/aaazureee/exercise-syntax-variables-and-numbers,10143569
/thangnq11/exercise-explore-your-data,10129572
/vora123/forecast-simple-exponential-arima-and-s-331153,10133637
/litekiwiyoghurt/housingcodelabtut1,10131392
