/enuok1/a-journey-through-titanic,829314
/davidzornek/notebooka004cd18e1,829189
/davidzornek/notebookd0c2aa4d72,829108
/davidzornek/notebookd529195dd2,829102
/indrango/a-journey-through-titanic,829091
/ashwinphatak/notebook412d0ba8ce,829014
/rama1541/crime-prime-time,829012
/dpghan/seattle-airbnb-word-clouds-and-frequencies,829983
/heizhuguizu/titanic-random-forest-82-78-43b39736,828861
/kumarmankala/notebook28cc954bd1,828791
/xmj9999/notebook38db11c733,828745
/defaulttao/candidate-generation-and-luna16-preprocessing,828698
/scannerd/deep-learning-in-the-deep-blue-lb-1-279,828668
/mgirard772/notebook457ad6e18b,828644
/jayfran/a-journey-through-titanic,828609
/munyari/notebook92a5ce77cc,1082769
/luke3d/titanic-random-forest-82-78,828244
/ish19655/notebook9d909c800a,828125
/eneski/a-journey-through-titanic-31b45d3e,828071
/dmayeda/full-preprocessing-tutorial-f8f636b9,828033
/neich10/full-preprocessing-tutorial,827919
/jordanmaduro/notebooke9800a7516,835798
/jeromem/global-terrorism-trends-animation,827710
/valanvalan/deep-learning-in-the-deep-blue-lb-1-279-d29366a3,1328060
/irrwitz/basic-nearest-neighbor-classification,868409
/kdhuleshia/notebook0517f9bfd9,943598
/flaviostutz/notebookc833256d8c,827368
/dysonlin/minimum-distance-classifier,827193
/barthelemy/notebook04910aa5bc,832413
/prajak/full-preprocessing-tutorial,826885
/pasoa94/feature-extraction-from-images-2,826829
/robbertjan94/notebook262b97f0cc,826822
/dysonlin/a-beginner-s-approach-to-classification,826720
/thieffen/notebook4315b3caf0,1762531
/bhargav1992/notebook9feb6dcd73,867534
/sengpya96/notebook2912efaeb3,826388
/choo2969/generation-unemployed-interactive-plotly-visuals,826317
/choo2969/notebookdd7c92a6b6,826105
/jamespw/notebooke7febc0425,826348
/neeraj77/notebook4a8760d5af,826097
/damonhao/a-journey-through-titanic,825754
/cinojose/notebook847288862f,828790
/akramsayadi/notebook9ec1232969,825535
/eyalis/full-preprocessing-tutorial-8224facd,840162
/m2dao2dar/candidate-generation-and-luna16-preprocessing,826544
/eyalis/candidate-generation-and-luna16-preprocessing,837047
/marvin01/regularized-linear-models,825327
/imsharad/a-journey-through-titanic-45aff1db,825179
/ankitgupta00/svm-implementation-for-nature-conservatory,825133
/karthikkumar/notebookba9b35107e,920950
/karthikkumar/notebookef3d8067eb,824986
/kakinokki/learning-from-film-rating-systems,836971
/vanosera/notebook8f664fdca5,824876
/petercaya/notebookf4e26d0cc1,824496
/amccloud/notebook5099a3f782,824349
/nellaivijay/titanic-random-forest-82-78,824322
/brubinsztein/an-interactive-data-science-tutorial,824210
/carly88/svm-implementation-for-nature-conservatory,824197
/guoyao/exploratory-data-analysis,824131
/aiswaryaramachandran/notebooka71a5ec9f7,824098
/oddstate/notebook318e8f715d,824051
/ypzhang/full-preprocessing-tutorial,823987
/trqj999/interactive-intro-to-dimensionality-reduction,823918
/maddula/full-preprocessing-tutorial-edit,824042
/prabakeran/usa-aviation-accidents-happened-at-same-location,823879
/kanishkapsingh/notebook50bc0127a5,823864
/xd1234/10-classifier-showdown-in-scikit-learn,824011
/jidong/learning-from-film-rating-systems,823757
/maddula/full-preprocessing-tutorial,823877
/manisbea/detailed-data-exploration-in-python-manisbea,823621
/santhoshuj/glass-type-classification-with-r-desision-tree,823585
/antonrossmann/notebook1a54a67734,823476
/chingz/notebook56b6af7504,823438
/yxrb2017/data-visualization-and-analysis-with-tidyverse,823292
/whatevergeek/how-to-read-datasets,823104
/arsalanjaved/notebookb1b50a3d2d,823087
/prudhivi/notebookc40081eb57,823022
/jacobsenmd/notebookf15671083a,822942
/namratha123/notebookae503ea174,930917
/zww523/r-how-much-sugar-do-we-eat-r,822706
/qige96/regularized-linear-models,824391
/rafaelmm/leaf-skeleton-possible-features,822533
/carly88/notebook1400859434,986673
/hzsliman/generation-unemployed-interactive-plotly-visuals,822489
/mrliao/notebook12db2289a4,822365
/chmjackychm/a-journey-through-titanic-dba07e11,822347
/kaiyifan/loading-and-processing-the-sample-images-3c777f7a,822272
/qlidct/notebookfda66d9c56,821943
/jchenstat/notebookdcffe4e0ac,821664
/csbuja/data-set-explanation,841336
/intelpen/my-first-try,821320
/vincentclaes/regularized-linear-models-f80bfdec,821225
/ragu26/the-perfect-score-script,821124
/robincoste/contagious-deseases-over-states-time,821990
/tgandhi/r-binomial-model,821445
/manisbea/manisbea-randomforestregressor,821107
/rhlbns/titanic-random-forest-82-78,820820
/gmorina/notebookc54dbda2dd,820842
/poornimaarun/titanic-random-forest-82-78,820721
/ayushthakur/notebook17fc8c180a,820637
/codingma/titanic-data-science-solutions-ma,820581
/zhangfan1990/version-0,9686172
/interdata/testfootballdata,820538
/mlennox562/notebookbd0c916845,820677
/hriuki/match-outcome-prediction-in-football,846677
/junfenggao/principal-component-analysis-with-kmeans-visuals,820278
/gmorina/notebookc3ded3b101,820211
/pierretisseur/html5-wkt-to-svg-3,820145
/shwetaarora/notebook1369026b0a,820114
/lkavanagh/notebook51755268f1,820095
/jefflinwood/jeff-s-fork-of-journey-through-titanic-dataset,820003
/wangzehao/a-journey-through-titanic-tutorial,824641
/mhjiang/notebookd024fd3a1e,819907
/raiderx/python-data-visualizations,819803
/ankoundia/notebook50ab840f98,819748
/lhy1989/an-interactive-data-science-tutorial-for-learning,822839
/mlennox562/notebook95e17a1b31,819683
/flyingmars/notebookb0ef517a53,819944
/raphael92/notebook8356b4a012,819562
/vonneumann/titanic-random-forest-82-78,819504
/dpkiiita/notebookd9927e3a50,819351
/thearchitect/full-preprocessing-tutorial,819301
/rohitpruthi/notebook156199a559,819134
/jimliu/notebook43ba894a6a,836235
/ronakanch/notebookdaaa9901f7,818835
/ronakanch/notebook7c27015cae,818494
/palashgoyal1/notebook7ebcd712f2,1274084
/dysonlin/a-journey-through-titanic-d1386d71,819575
/brandonhu/python-data-visualizations-6c53072c,818216
/tausifahmad/a-journey-through-titanic,818233
/kouchakyazdi/a-journey-through-titanic-897568a5,822823
/sealevel/a-journey-through-titanic,817973
/guowindy/notebooke4a550490e,817901
/gauravnemade/exploring-craft-brewery-data,818351
/sonam0125/simple-content-based-recommendation-engine,817705
/hughhugo/usa-aviation-accidents-happened-at-same-location,817685
/pratik1390/notebookc15821b119,818154
/yejingyou/notebookc98280ea46,817616
/nearby/full-preprocessing-tutorial,817592
/jyanstark/full-preprocessing-tutorial,817493
/kay909/notebook88a7042fc5,817384
/susanxia/omg-nlp-with-the-djia-and-reddit,827640
/ikerhurtado/testfootballdata,1729855
/dlejoren/notebookc616618d0a,816828
/hannahhsu/a-journey-through-titanic,816824
/postpascal/interactive-intro-to-dimensionality-reduction,816653
/luistt/notebook95894d9a39,816552
/gszjulcsi/different-looking-leaves-in-same-class-dab63602,816316
/liziyuann/notebook71755662c6,816225
/housingteamcuboulder/regularized-linear-models,816042
/diegocalvo/notebookce2ffe247e,826818
/utkarshbharadwaj/an-interactive-data-science-tutorial-2ef7d110,815741
/letiziatrinca/notebookf639337d18,815085
/igorbpf/notebook83bc2ad2fd,815065
/cclzxl/notebook0d17bf8705,814978
/michalcisek/usa-aviation-accidents-happened-at-same-location,814923
/jorditura/full-preprocessing-tutorial-6cf63928,814681
/rajbirsandhu/notebookc1396b36e3,814662
/kohjingyu/notebook7c436dca0b,814426
/robincoste/notebookbd95c21031,814343
/wangzehao/an-interactive-data-science-tutorial,814350
/dutche/generation-unemployed-interactive-plotly-visuals,814203
/presario/notebook3b56be5247,814257
/alcret/a-journey-through-titanic,814111
/petersen/notebook3455216ea7,813883
/presheaf/a-journey-through-titanic,859088
/kouchakyazdi/a-journey-through-titanic-7abaece7,813758
/jiangxihj/python-data-visualizations,813729
/kouchakyazdi/a-journey-through-titanic,813666
/thomeou/notebook3f4e067f95,813452
/jmarthernandez/notebookbcd8ecadd3,813032
/boldlygo109/a-journey-through-titanic,813626
/wiseguy/exploratory-data-analysis,814871
/anupamprakash/notebook0372427977,812789
/mobilematthew/in-depth-analysis-of-machine-learning-algorithms,812485
/panda1023/svm-example-for-titanic,812692
/imuyang/a-journey-through-titanic,812383
/wyouya/titanic-survival-prediction-end-to-end-ml-pipeline,812349
/maxmccann/tensorflow-starter-kit-fork,812667
/timsallay/notebookc9ae27f93f,812226
/scaevolan/the-most-predictable-league,812069
/taoari/a-journey-through-titanic-883b3c22,811856
/rodguinea/notebooke43f55a0e9,811815
/jefferyli/notebookb439324ff6,811751
/aayushchadha/notebook629a526841,811540
/mattchurgin/python-data-visualizations,811375
/yinjia/python-data-visualizations-a3ced91a,812046
/shahir/full-pipeline-demo-poly-pixels-ml-poly,811310
/sandey/usa-aviation-accidents-happened-at-same-location,811205
/bostdiek/display-training-classes-on-images,811188
/lingam21/notebook1e68aa042e,811117
/sayanpaul/notebook3076c3eb59,814499
/tsubuo/deep-learning-in-the-deep-blue-lb-1-279-eb3572ca,810872
/johnlovelove/python-data-visualizations,810767
/tomdoerr96/catdognet-keras-convnet-starter,810736
/thesonsy/notebook50d4b31fa7,810553
/salkaa/magic-feature-visualization-891d23af,810552
/rparrish/notebookb4ce0aeca6,810416
/leemeng/catdognet-keras-convnet-starter,810220
/augurzer0/video-game-sales-by-genre-fork,810212
