/izbank/a-journey-through-titanic,465836
/kanishkapsingh2/notebookac587d7acc,465833
/aditi6822/bike-rental,465885
/aditi6822/notebook3e6d6f8c5b,465823
/gtrimarc/exploratory-study-on-ml-algorithms-0cd2f3b4,465822
/ramyalsharif/global-warming-confirmed-basemap-animation,465818
/kanishkapsingh2/notebookf1a8fd88fc,465817
/gtrimarc/notebook772e1966db,465815
/kanishkapsingh2/adsasd,465814
/gtrimarc/exploratory-study-on-ml-algorithms,465813
/aditi6822/bike-rental-system,465821
/rojre1979/fork-of-mnist-with-cnn-0-99157-score,465803
/jack604909/notebookca6d6f0a77,465789
/sushize/when-less-is-more-btb-0-0270591,465785
/marcuszhu/date-exploration-and-train-test-split,465782
/fsiscar/when-less-is-more-23,465781
/wshxj123/exploring-survival-on-the-titanic,465779
/marcuszhu/explore-user-base-by-geo,465777
/grigrieyehaha/regularized-linear-models,465775
/vihangpatil/when-less-is-more,465749
/karma86/simple-r-platform-0-6398,465748
/benzpaul/notebook9b1c7c94d4,465746
/benzpaul/notebook17bd20589a,465745
/kathleentang28/notebookc89eae4e36,465737
/tennissuperstar/notebooka490aebb01,465734
/tangfan/notebook55d8b8f569,465733
/rojre1979/detailed-cleaning-visualization-python-update,465731
/pcminers/fastknn-visualizing-decision-boundary,465729
/balanre/notebook405034ad84,465728
/andyshu/notebook39fa1df0b2,465724
/genza10/data-exploration-and-visualization-43e5c95e,465723
/genza10/data-exploration-and-visualization,465722
/somasundaram/generating-overlapping-chromosomes,465721
/ashishapte2810/notebook0abce29544,465720
/weizizeng/regularized-linear-models,465716
/jackylao116/fork-of-uber-raw-data-visualizations,465714
/sepehrakhavan/fish-detection,465711
/visajdesai/allstate-feature-analysis-python,465688
/visajdesai/simple-eda-feature-transformations-80a89e01,465686
/visajdesai/simple-eda-feature-transformations,465685
/zjjhxkc/notebook3c386d3db1,465683
/gb13def/notebookef95141b37,465682
/digas29/gender-voice-prediction,465679
/jbgtmartin/notebook05489c7ce2,465678
/igoryoudin/importance-of-features-in-dating,465667
/ianheddle/detailed-cleaning-visualization-python,465651
/ianheddle/soft-voting-classifier,465640
/jrphilippe/idk-what-i-am-doing-here,465606
/rjonczy/exploratory-analysis-of-flight-cancellations,465601
/seijikumagai/notebookfed90c724e,465591
/sporigudunai/virus-zika,465590
/sporigudunai/teste,465564
/sporigudunai/notebooke29856a13c,465558
/leiyng/notebook01521d9ac9,465554
/sporigudunai/notebook6dce449435,465552
/sporigudunai/projeto-nava,465548
/sporigudunai/ufoooooss,465538
/sporigudunai/the-spread-of-the-zika-virus,465536
/gd10396101/fork-of-first-data-exploration-225f2efc,465472
/fabfusco/exploring-survival-on-the-titanic,465465
/ilacns/notebook694cbf96fa,465458
/wendigodata/predicting-survival-on-the-titanic,465457
/anuragchilukuri/notebooka9100b790e,465451
/shubhamagarwal92/notebookd70ea19346,465448
/mikesch/notebook02063544fa,465447
/kenmoe88/yannick88,465440
/sarapissou/r-analysis-people-and-sigarettes,465435
/wittykitty/notebookbcac420828,465432
/gd10396101/fork-of-first-data-exploration,465426
/aesnau/when-less-is-more-23,465427
/michaelfrohberg/notebook2c266d2085,465397
/minsudanielkim/regularized-linear-models,465395
/youptimmer/notebook954a1dd3b0,465389
/adrianspataru/detailed-cleaning-visualization-python-0f83797a,465388
/b070971p/fastknn-visualizing-decision-boundary,465384
/youptimmer/notebook458b88b056,465383
/tascor/video-games-analysis,465381
/bk154211/house-price-prediction-part-1,465380
/b070971p/bayesian-logistic-regression-with-rstanarm,465379
/wendigodata/notebook3aa554a357,465377
/outliar/xxxxxx,465477
/bharathmurali/notebook4e44a03b75,465368
/sialan/notebook5dd7690e28,465363
/mirekbe/notebook93a6bfcaa6,465361
/sialan/notebook88dcbbeea5,465352
/alexsvozil/notebookf112bc44d0,465350
/tyagik25/notebook93b75cd625,465345
/alexsvozil/notebook4fecc76e1d,465344
/chaenig/notebookecdb1221d4,465320
/carloshuertas/notebookb8a6617158,465316
/alexsvozil/notebook8aa3061e93,465312
/kj1414/hidden,465313
/valeryvladimirovich/notebooke9e3b49545,465309
/sking123456/notebooke3cb3232b6,465308
/hreghay/notebook83e7ff3bc6,465300
/tyagik25/notebook4f1eaccee2,465296
/kanishkapsingh2/notebookf4dfc049a5,465295
/gtrimarc/notebook9a21c5e3e2,465294
/pranavsid/analyzing-the-titanic-disaster,465293
/kanishkapsingh2/notebookb5a62981da,465284
/ostruk/cnn-on-digit-recognition,465278
/sblaizer/a-journey-through-titanic-bcbe601b,465276
/phil3k/notebook23f8a015bc,465275
/aparafita/notebook5b4cb90b9c,465269
/ankitmalik/notebookcc9c7e10aa,465257
/hamaguchitm/first-notebook,465246
/kanishkapsingh2/notebook96bfd9e31b,465210
/rajatjn/starter,465253
/kanishkapsingh2/notebookdc913a81a4,465196
/chirag0734/redhat-eda,465194
/shekhov/notebookda4d3ce659,465182
/rojre1979/mnist-with-cnn-0-99157-score,466729
/hamaguchitm/firstsample,465267
/adrianspataru/detailed-cleaning-visualization-python-cbe3c628,465178
/rsalaschile/marking-heads-and-tailsjghjghg,465177
/nmvillanueva/notebookdb797d2d95,465176
/dariamini/notebook871fb1e21e,465173
/wolsson3/exploratory-study-on-ml-algorithms,587634
/bmatsyakh/notebook96bad7515d,465162
/tbsoares/notebook980e927056,465158
/futosi/python-data-visualizations,465157
/dims33/srk-s-script,465156
/bigeyedestroyer/fork-of-a-journey-through-titanic,465155
/joebrislin/notebook318d69a9ca,465148
/bigeyedestroyer/a-journey-through-titanic,465146
/aalnoman/oktest,465145
/aalnoman/start,465136
/tchaton/notebook44b2a656c1,465113
/morrisb/santander-first-try,465099
/chanchope/69-failure-rate,465081
/helloworld09/test-1124,465070
/femagr/detailed-cleaning-visualization-python,465066
/rojre1979/random-forest-benchmark2,571600
/femagr/notebook42feb9d0aa,465062
/shadoe/a-journey-through-titanic,465056
/lavanya306/notebook00ee4d3754,465054
/leedongkyu/exploring-survival-on-the-titanic,465033
/dan195/notebookdea0e2afa6,464965
/eunsu920/1212434414,464954
/rojre1979/digit-recognizer1,464939
/eunsu920/12121212121,464934
/kungdehan/notebook98fe71de04,464930
/hsuyuan/notebook6e8ca22da6,464926
/johnmaxi/notebook930d4ddd98,464913
/rajasmgokhale/fastknn-visualizing-decision-boundary,464901
/eunsu920/1123123,464903
/hreghay/notebookafde1cded9,464893
/sarishtwadhwa/assignment4,464880
/johnsonsth/building-a-prediction-model,464843
/markdyousef/a-journey-through-titanic,464784
/acodegame/viewing-house-prices-data,464777
/brandao/allstate-1st-test,465105
/carlosfrutos/notebook90323ba3ad,464760
/nnedelchev/hitting-the-jackpot-accumulator-betting,464755
/cpm205/notebookd15d6a3748,464754
/freedom098/keras-starter-script,464705
/littlewat/notebook8ee328eb07,464704
/freedom098/rf-multilabel-framework-lb-0-022475,464716
/fcbruce/notebook0dbcab00cd,464696
/mbwordup/presenting-seven-classifiers,464683
/srajesh/exploratory-study-on-ml-algorithms,464647
/magicznymichal/a-journey-through-titanic-0f5fb295,464638
/zhouhao12345/notebook14d4cd6f95,464637
/magicznymichal/a-journey-through-titanic-af79125d,464635
/yuvisu/notebookbefb6ce1d7,464624
/vsibinthomas/notebook1d6d00e873,464778
/chenminxia1992/predict-new-tweet-eff4f769,464587
/hahadsg/a-journey-through-titanic,1437588
/silfer/clasificaci-n-de-especies,464582
/byroncheng/a-journey-through-titanic-4c323e5e,469011
/maejor/digit-recognizer-python-random-forest,464547
/tohnosakuya/detailed-cleaning-visualization-python,464527
/djovisic/catdognet-keras-convnet-starter,464518
/richasaini/fork-of-notebooke73c258949,464517
/mehditalebi/msu-vs-top-7,464510
/tboymike/a-journey-through-titanic,464501
/sumitl/finding-boatids,464495
/sajilck/mynotebook,464487
/pankajvshrma/simple-r-platform-0-6398,471061
/sajilck/notebookac2005b3a8,464481
/firewang/fork-of-a-journey-through-titanic,464478
/firewang/a-journey-through-titanic,464473
/likaituo/kobe-shots-show-me-your-best-model,464465
/chupengdai/notebook67046b4130,464449
/mengyuwei290/python-data-visualizations-dda38c36,464428
/wenjianhukaggle/detailed-cleaning-visualization-python-e21463aa,464427
/mengyuwei290/python-data-visualizations,464423
/davidli/notebooka8dcd71c37,464416
/llemon/a-linear-model-on-apps-and-labels-a9cc427c,464415
/llemon/a-linear-model-on-apps-and-labels,464411
/wenjianhukaggle/detailed-cleaning-visualization-python,464484
/gouravawasthi/notebook3d46f3caff,464383
/jin3137/notebook5839c9aa7c,464382
/bbgulati/notebooke9d3e63af2,464376
/jatavsandeep/testrscipt,464370
/narasimha46/notebooka983eca9b2,464354
/realllllminj/notebook2f18fa8ade,464338
/narasimha46/simha2,464747
/csufynskkanth/notebook3d6198c8f4,464334
/openthinks/in-depth-analysis-after-cleaning-the-data,464300
