/cheney/a-journey-through-titanic-932fea00,530061
/aner123/simple-video-game-sale-visualization,530045
/maneesh5/classification-of-student-marks-trying-out,530030
/wandering513/notebooka2ad0823c8,530015
/zenithfzh/notebook31214fe1b0,530006
/zevayo/notebookd77da240d9,530004
/moariful/notebook3a13b51468,529996
/smilingatheist/a-journey-through-titanic,529990
/pythonist33/notebook96e9ad20c4,529977
/schengalath/otto-product-classification-predictions-1f8b5c53,529953
/rijubhattacharyya/notebook858891cf54,529951
/avetisyan/notebook4a5b1a6f62,529871
/bickybilly/notebook353842f3c3,529857
/pabloherrerof/terrorist-attacks-in-united-states,529852
/mandargadre/notebook2d5c162ac9,1843251
/murgev/detailed-data-exploration-in-python,529845
/schengalath/otto-product-classification-predictions,529827
/lonelegend/mg1633068sy1,530123
/murgev/lasso-model-for-regression-problem,529821
/bishnusarker/notebook163358f2d8,529816
/kuailewangshuo/exploration-and-logistic-regression,529789
/kuailewangshuo/kneighbors-adaboost-decision-tree,529780
/murgev/regularized-linear-models,529760
/bickybilly/breast-cancer-tumor-classification,529741
/prashantgavit115/regularized-linear-models,529718
/tohnosakuya/checktarget,529712
/stoney71/kernel1,529708
/janush/notebook9bac3d277d,529680
/abhishekheads/test-script,529671
/coridc/notebook8837443ee8,529654
/madankrish/notebook179358492e,529646
/firhatnawfanhilmanda/when-less-is-more,529628
/yang666/global-university-ranking,529616
/antfilfon/cut-into-crime-rates-south-africa-map,529610
/andreumora/notebook173a1fa69a,529602
/andreumora/notebooke90dc00fac,529594
/andreumora/notebookc122d778c0,529591
/sionek/go-for-less2-y,529536
/priyaananthram/endangered-languages-in-india,529502
/priyaananthram/notebookcf4a3afaf1,529499
/win2cs/test-1,529487
/norbertparti/a-journey-through-titanic,529474
/win2cs/notebooke6f21e4025,529421
/tc171995/notebook02bf38e14a,529409
/rimpaljain/rimpaljain,529383
/sahana1234/notebook2094291836,529367
/priyaananthram/notebooka70995b2b2,529355
/woshikangfei/notebook52238e16a7,529347
/win2cs/a-journey-through-titanic-61e1d1ce,529330
/wistonyau/terrorist-attacks-in-united-states,532136
/hamid1234/notebook0a512a9546,529316
/win2cs/a-journey-through-titanic,529292
/khalidanwar/sentiment-analysis-of-tweets,529277
/khalidanwar/wordcloud-time-series-cluster-modelisation,529265
/wanhuachan/notebook85bc83cb93,529247
/xincream/hr-explore-predict-rf-who-to-quit-the-job,529240
/jing01/kobe-first-steps-random-forest-7674be12,529231
/shreyansh/notebook49baf9c15c,529230
/nit254/detailed-cleaning-visualization-python,529225
/eastdong/notebook294e526244,529212
/jing01/kobe-first-steps-random-forest,529211
/eastdong/notebook2a91396f03,529204
/pankajtamhane/notebookc79442db60,529195
/ledgars/notebookce5824223e,529236
/evgenid/wordcloud-time-series-cluster-modelisation,538258
/nitishakalwadi/test123,529098
/louicoshaw/titanic-neural-0-080861,529092
/nceglia/notebookd11c121508,1508480
/kmader/simple-exploration-notebook-nda-compliant,529070
/changzhonghan/catdognet-keras-convnet-starter-53cfc0e6,529034
/changzhonghan/catdognet-keras-convnet-starter,529033
/puhoshville/global-terrorism-maps-in-progress,528991
/tc171995/okaynoc,529214
/ganyuanzhu/notebook62ab46b05e,528962
/kevinpengfu/map-extinct-endangered-languages-matplotlib,528961
/todger/notebook98f46a4d18,528957
/madozero/wordcloud-time-series-cluster-modelisation,528942
/zhuandniu/titantic,528916
/chaitusvk/python-data-visualizations-69606ade,528904
/gravityboy14/terrorism-in-the-us-per-state-map,528893
/liucharles/titanic-best-working-classifier,528864
/jianchengyang/fishy-keras-lb-1-25267,529111
/iserendipitous/notebookb587ad178a,528840
/iserendipitous/notebookfc458f1740,528831
/avinrosh/python-data-visualizations-23dd2fa4,528825
/dsneha91/isis-tweets-exploration,528811
/murgev/a-journey-through-titanic-baba5000,528797
/slon1024/notebookefda3cc12d,528778
/shrivastava/notebook214c2f695e,528776
,None
/tc171995/newreg,528753
/jeevithanswamy/jeevi1strun,528742
/ktavabi/a-journey-through-titanic,528678
/varunsharma3/notebook226f4cc372,528671
/varunsharma3/try-pca,528663
/a16010/basic-logistic-regression-and-decision-tree,528661
/tc171995/mynew,528640
/yusongtan/titanic-analysis,671755
/shezan1437/outbrain-eda-4ff635f4,528625
/rajkiran/a-journey-through-titanic-3b4142f6,528623
/goldenstate/santander2-dh,528606
/jntende/classification-of-student-marks,533957
/tobikaggle/weighted-average-ensambles-with-1-layer-n-networks,528581
/ireshaperera/a-journey-through-titanic-355cec4e,528578
/tobikaggle/weighted-average-ensembles-and-genetic-algorithms,528574
/samrotashoka/notebook1390d53726,528568
/teampark/police-fatalities-in-united-states,528566
/nbean13/notebooke5ac53868c,528556
/prototype96/neural-network-test,1587132
/samrotashoka/notebookab63b50129,528546
/zhangchao123/notebook09f0b9de16,528532
/kevinjoe/titanic,528718
/adgereal/randomforestregressor,528502
/peterabdou/notebook3f0f3aec8e,528451
/dhc123/notebook5316fe0664,528445
/kidkych/notebook826964a393,528430
/shezan1437/notebook34fd7b8edb,528380
/stubz1/map-extinct-endangered-languages-matplotlib,528354
/shpandya/test1,528386
/sdlane/notebook48a404b357,528309
/rajkiran/a-journey-through-titanic,528306
/sdlane/myscript,528302
/pkuhugo/notebook43f95d1efb,528292
/chn9hn/detailed-cleaning-visualization-python,528272
/zhangxudong/my-first-kaggle-script,528248
/rafaleo/my-scratchpad-lb-0-08603,528228
/renjithmadhavan/detailed-cleaning-visualization-python,528227
/deribs4/notebookbdaadcd8c9,528223
/rsuzuki/z-score,528201
/ohhhlisajerry/notebook197263ca08,528188
/mryogurt/detailed-cleaning-visualization-python-aa98fea3,528184
/mf1633065/notebookd35428778b,528167
/diegosan/a-journey-through-titanic-81e74085,528166
/ohgyun/wordcloud-time-series-cluster-modelisation,528103
/ohgyun/cut-into-crime-rates-south-africa-map,528101
/asdfqwe/notebookbdb45aad31,528088
/ohgyun/data-exploration-and-visualization,528083
/giselle123/first-view-of-data,528075
/yustat/notebook2f923fc55b,528054
/jocheng/python-data-visualizations-39f0eb8f,528041
/zrythpzhl/notebook49348bbd4f,527984
/liucharles/notebookd139fb4e66,527933
/songzhm/notebook17a25d7e4f,527926
/edaworld/notebook8e344e4d70,527911
/mcneelyra1/notebookda1e58188e,527755
/samrotashoka/my-first-kernel,527741
/doublethinker/notebook126480ecb9,527738
/ronnnwu/notebook4cb4b4f157,527729
/aristocatt/global-warming-confirmed-basemap-animation,527728
/eibanezm/fork-of-family-engineering-in-titanic-s-dataset,527675
/dadctm/mapping-global-terror-attacks,527669
/kimono/python-data-visualizations-23dd2fa4,527649
/joelprince25/notebooke683baa6f6,527642
/joelprince25/notebookc2af144b84,527631
/mukulvirmani/comprehensive-exploration-and-visualization-1,527628
/eronlloyd/notebook9951d25ed1,527586
/sebasantana/exploring-the-data-56eeedf5,527557
/sebasantana/predictors-of-a-match-5cc7d9b0,527554
/ebtesam1/notebook85b1221184,527548
/team17/2015-average-monthly-premium,527536
/jeffhebert/exploring,527531
/team17/2014-average-monthly-premium,527491
/mukulvirmani/exploring-features,527485
/poojashah/first-script,527469
/gasquit/lz-take-on-titantic,1522703
/fatyma/sentiment-analysis-of-tweets,527438
/poojashah/notebook30e05dc34c,527435
/nikhilmishra2110/titanic-best-working-classifier,527434
/josiee/notebookacc22cc4c2,527422
/madlily/notebook50fd024274,527340
/jeffhebert/installed-r-packages,527327
/andykamath/notebookb43628ffac,527324
/voidroy/match-outcome-prediction-in-football-9a3b7c81,527321
/sarangsawant/competitiveness-and-expertise-in-tennis-d5166bbd,527282
/johnnyryan/exploratory-study-on-feature-selection,527239
/sarangsawant/competitiveness-and-expertise-in-tennis,527215
/iuttiya/notebook2c488b72f1,527153
/amroli/notebookc81aed37bf,527144
/dacoconuttman/notebook15c2aa7773,527095
/tobikaggle/xgb1113,527074
/sandrab/notebook49af56c915,527052
/ming524/regularized-linear-models,527050
/ming524/plotting-all-data,527049
/sarthaksachdeva/pokemon-whoa-drndm,527045
/evgiur/notebook0a35e9a4fc,527024
/jakubmottl/notebook47388e58fa,527017
/walusia/notebook56ed906bbc,526946
/bakchodbilli/notebooke597e8568a,526942
/sabrinelazrak/notebook8be73d428a,526939
/adenutzzza/notebookac35aaf559,526934
/jocheng/python-data-visualizations,526879
/yunzhulu/a-quick-look-at-dota-2-dataset,526870
/sabhy92/keras-benchmark,526808
/teodoraaleksic/notebook47ae4ce6a7,526785
/teodoraaleksic/notebooka5e566a3e7,526779
/ispmarin/notebook82e95aa63f,526674
/aikinogard/simple-exploration-notebook-v3-0,526647
/rakshitverma/match-outcome-prediction-in-football,526644
/karthickv/extinctlanguages,526638
/aloff41/titanic,526685
