/kerneler/starter-learning-from-data-fc0e9f4c-c,6109466
/kerneler/starter-us-graduate-schools-s-7b4afb4e-0,6109433
/kerneler/starter-us-graduate-schools-44c432ba-3,6109412
/kerneler/starter-us-graduate-schools-admission-3ecd0aaa-e,6109397
/saimajesika/kernelc1bb079a4c,6109475
/shishir320/learning-from-data-predictive-analysis-201736042,6109350
/prattaysaha/learning-from-data-predictive-analysis-201736033,6109614
/sujoychakma/learning-from-data-predictive-analysis-201736045,6109509
/mumtarinrahman/learning-from-data-predictive-analysis-201736025,6109557
/ibteda/learning-from-data-predective-analysis-201736027,6109216
/bristy/learning-from-data-predictive-analysis201736037,6109598
/nasrur8/learning-from-data-predictive-analysis-201736014,6110226
/tanvir35/kernelc0eca4ad50,6109484
/fahim1998/learning-from-data-predictive-analysis201736022,6110413
/sporsho1224/learning-from-data-predictive-analysis-201736046,6109476
/rakibul00/learning-from-data-predictive-analysis-201736017,6110313
/nelima/learning-from-data-predictive-analysis-201736030,6109460
/ummehabu/learning-from-data-predictive-analysis201736049,10627322
/atiurriponipe27/learning-from-data-predictive-analaysis-201636027,6110211
/sakibhasan/kernel868d57414e,6730243
/shammii/kernel4d311d227c,7683394
/niamul1999/learning-from-data-predictive-analysis-201736015,6109618
/abirmahbubtitom/learning-from-data-predictive-analysis-201736012,6109568
/jannatulmauakanan007/learning-from-data-predictive-analysis-201736007,6109546
/tanzilislam021/learning-from-data-predictive-analysis-201736021,6109571
/liluferyasminlipa/learning-from-data-predictive-analysis-201736009,6109485
/shifatsharif/kernelb16ff73b97,6108779
/hang1002/fork-of-fork-of-eda-fe-model-2-b0e0ab,6108581
/kerneler/starter-geocoded-data-59eb7ea2-9,6108503
/hang1002/fork-of-eda-fe-model-2-b0e0ab,6108512
/kerneler/starter-software-cost-estimation-from-0313b040-9,6107584
/kumarabhishekone/dogs-vs-cats-keras-solution,6547851
/adrian1acoran/fork-of-fork-of-fork-of-fork-of-fork-of-for-5482d7,6152361
/kerneler/starter-r-partition-des-logements-301242c6-3,6106317
/chidchanok/basic-network-analysis-tutorial,6677697
/benjamingatti/dog-breed-test-with-fastai,6105998
/kerneler/starter-r-partition-des-logements-aux-31b8bfdb-6,6105994
/kerneler/starter-r-partition-des-logements-par-2572353c-8,6105796
/kerneler/starter-nhl-game-data-72c5148f-5,9947676
/kerneler/starter-titanic-chris-a291c88d-3,6104573
/kerneler/starter-sales-record-55451dd8-8,6104113
/harezmi/a-solution-to-titanic-data-set,6103436
/kerneler/starter-creditrisk-97a88c86-d,6103278
/manishpthakur/fork-of-imarticuspythonproject,6102922
/kerneler/starter-gaivr-train-5-a-fb5110f7-b,6102683
/kerneler/starter-employeeattritiondataset-4727b2aa-7,6102595
/kerneler/starter-foreign-trade-in-tunisia-from-693403e4-6,6101923
/ihitforehands/exercise-machine-learning-competitions-680e59,6101431
/kerneler/starter-tanzanian-health-facility-de6cae2c-3,6101212
/kerneler/starter-code-et-tnc-en-vigueur-tar-xz-4556f2f4-1,6101188
/b2162003/cmsc391-fa2018-homework1part2,6125482
/michellzhou010/two-sigma-news-official-getting-started-kernel,6100977
/kerneler/starter-data-analysis-blah-72f4ebb2-5,6100015
/kerneler/starter-pisa-data-2015-a7d94773-7,6099282
/kerneler/starter-tunisia-export-29ba0319-4,6098930
/ajaafer/kernelee9c592271,6098932
/kerneler/starter-tunisia-export-0c06dbad-a,6098847
/kerneler/starter-tunisian-map-by-gouvernorat-6133f262-6,6098632
/kerneler/starter-social-networking-analysis-fdc395d3-f,6098404
/kerneler/starter-regional-development-index-51a11468-f,6098401
/kerneler/starter-weight-2ff2996b-8,6098084
/kerneler/starter-code-et-tnc-non-vigueur-tar-xz-a9166553-4,6098064
/kanikanarang94/introduction-to-text-classification,6098027
/kerneler/starter-stocks-54069654-4,6097912
/kerneler/starter-google-landmarks-dataset-2d14a1e1-b,6096762
/hfahrudin/kernelb3b9ad5077,6096571
/kerneler/starter-cats-dogs-test-dataset-4a53f2cf-9,6096541
/kerneler/starter-cats-dogs-training-data-d376bda2-f,6096456
/kerneler/starter-meta-kaggle-51a91469-b,6096446
/kerneler/starter-petrolconsumption-3097042c-5,6096369
/kerneler/starter-cifar-10-batches-py-bc793e7c-9,6095704
/kerneler/starter-tmdb-5000-movies1-2d8e94c7-4,6095258
/kerneler/starter-tmdb-5000-movies-d190dc26-3,6095154
/kerneler/starter-google-analytics-72993779-f,6094935
/ihitforehands/exercise-random-forests,6094911
/kerneler/starter-road-collisions-in-e5a09d3b-f,6094419
/kerneler/starter-crude-cpi-nse-data-86609430-9,6092556
/kerneler/starter-microsoft-professional-2dfb6eac-9,6091909
/kerneler/starter-pvg-employee-c3bda998-5,6091858
/kerneler/starter-gaivr-train-4-a-53a4491c-5,6091688
/shivamsizzling/exercise-explore-your-data,6091152
/kerneler/starter-721-weightlifting-workouts-f8cbc5f7-c,6088685
/kerneler/starter-gaivr-train-4-b-b92efa3f-0,6088540
/shivamsizzling/exercise-working-with-external-libraries,6088508
/kerneler/starter-bird-species-classification-861934cf-a,6088192
/pranavb01/fake-news-rnn-v2,6879190
/kerneler/starter-productdata-f2d26bb5-0,6085018
/deepchatterjeevns/data-science-glossary-on-kaggle-147167,6085104
/kerneler/starter-train-data-df80cc6f-a,6084741
/kerneler/starter-pos-neg-3b0de12a-d,6084531
/harishcscode/sql-scavenger-hunt-handbook,6083533
/kerneler/starter-ipl-dataset-8f3236f7-9,6081738
/subhajit03/ipl-player,6081858
/kalranitin/data-cleaning-challenge-parsing-dates-860bc6,6081375
/ghassan/classifying-cat-kinds,8597217
/kerneler/starter-complete-cryptocurrency-market-bc97054f-e,6080643
/kerneler/starter-complete-cryptocurrency-market-94cf3d87-5,6080374
/kerneler/starter-omniglot-edba5db2-8,6079347
/kerneler/starter-omniglot-8edf1f0b-3,6078692
/kerneler/starter-alphabet-numbers-6fe93eb8-7,6078006
/kerneler/starter-meta-kaggle-c9fdd9a7-4,6077295
/garryrh/exercise-random-forests,6077114
/garryrh/exercise-underfitting-and-overfitting,6076991
/kerneler/starter-biomedical-ontology-dataset-4537897b-9,6076730
/kerneler/starter-pitch-polygons-3bd7fc7c-3,6076358
/ihitforehands/renaming-and-combining-workbook,6076952
/kerneler/starter-scifi-stories-text-corpus-10b78a39-d,6075692
/namannbhatt/exercise-your-first-machine-learning-model,6075540
/usman5/kernelced34fd8c6,6096512
/ihitforehands/data-types-and-missing-data-workbook,6076150
/kerneler/starter-us-graduate-school-s-admission-219a278d-a,6075190
/playwell/bivariate-plotting-with-pandas,6074533
/adrian1acoran/fork-of-fork-of-fork-of-fork-of-fork-of-for-03225f,6074320
/kerneler/starter-360-user-loan-data-731d366e-7,6072941
/kerneler/starter-noshowappointments-kagglev2-6e99e9e4-b,6072873
/kerneler/starter-pandas-iot-data-dc873234-f,6072838
/chaneloberlin/lb-0-6326-tuned-xgboost-baseline,6172942
/kerneler/starter-noshowappointments-kagglev2-b959251a-9,6072563
/kerneler/starter-test-data-726c2ea5-b,6072402
/kerneler/starter-handwritten-signatures-049300d6-9,7173259
/kerneler/starter-mental-health-246-1e7ec579-2,6071089
/kerneler/starter-mental-health-survey-101-79c8f828-1,6070581
/kerneler/starter-r-science-popular-comment-b1a736e3-1,7054747
/kerneler/starter-dcclickdata-7481e959-4,6069721
/kerneler/starter-japan-trade-statistics-bdcb9c01-a,10207558
/kerneler/starter-wikiglove-1c7e29b6-3,6067754
/atver1000/four-shapes,6067439
/kerneler/starter-metoo-390k-tweets-450f6df3-4,6067023
/kerneler/starter-titanic-20b55382-7,6066942
/cfelker/as-with,6066885
/kerneler/starter-pitch-polygons-e8b2017f-5,6066514
/kerneler/starter-production-par-secteur-f5e80277-b,6066272
/adrian1acoran/fork-of-fork-of-fork-of-fork-of-fork-of-for-900642,6073851
/kerneler/starter-kenya2017voterdata-a17ec452-4,6065701
/kerneler/starter-plasticc-astronomy-starter-kit-e2a5f755-8,6065665
/kerneler/starter-kdd-corrected-3c486f74-3,6065658
/kerneler/starter-fair-trade-data-for-hanseatic-ee585d83-5,6064551
/mikaso/exercise-random-forests,6064634
/yakinrubaiat/yolov3-rsna-starting-notebook,6125124
/cfelker/order-by,6063885
/aroymis/strings-and-dictionaries-8b8d6b,6065134
/kerneler/starter-consommation-finale-e7170bba-3,6062433
/kerneler/starter-absenteeism-data-b3726276-b,6062241
/kerneler/starter-simpsons-faces-293276b4-2,6062167
/cfelker/group-by-having-count,6061583
/prickly/data-types-and-missing-data-workbook,6168776
/madhurimaganguly/kernelf13f041ca7,6207990
/amaltlili/cross-validation,6061228
/alfonsomiranda/titanic-starter-python-kernel,6064773
/combo1/welcome-to-data-science-in-r-workbook-44cc1d,6058748
/kerneler/starter-reeeeshio838383678uop7mm-e06d1522-7,6058231
/martinellis/rating-shootout-performance,6058620
/kerneler/starter-training-csv-b1037d44-3,6056854
/kerneler/starter-meta-kaggle-c6a65ba0-9,6055956
/kerneler/starter-projection-population-tunisie-d099bda2-0,6055943
/kerneler/starter-menages-selon-la-possession-58117943-5,6055815
/kerneler/starter-import-by-sector-in-tunisia-a3e4258c-f,6055781
/kerneler/starter-r-partition-des-ch-meurs-fdb0d99e-3,6055777
/kerneler/starter-dataset-of-energetics-of-6295a676-2,6055756
/kerneler/starter-distribution-of-migrants-28b87890-a,6055731
/kerneler/starter-m-nages-selon-la-possession-52c8cc93-3,6055727
/kerneler/starter-foreign-trade-b3669e95-7,6055714
/kerneler/starter-google-landmarks-dataset-e0bff514-2,6055706
/kerneler/starter-distribution-of-migrants-by-75e08e4e-7,6055684
/kerneler/starter-pib-tunisia-18d42699-f,6055610
/kerneler/starter-r-partition-des-ch-meurs-62224157-0,6055575
/kerneler/starter-svd-image-sample-3644bb77-8,6055574
/kerneler/starter-baby-girl-names-2014-2016-d4688625-2,6055572
/kerneler/starter-foreign-trade-in-tunisia-21d6d131-c,6055546
/kerneler/starter-secteur-d-activit-5b596d2e-f,6055536
/kerneler/starter-taille-des-entreprises-tunisie-01ab2ffc-e,6055502
/widedhamza/kernel9688150971,6227725
/kerneler/starter-pib-et-valeur-ajoute-49d29a85-2,6055394
/kerneler/starter-dataset-of-energitics-of-0994c363-2,6055356
/kerneler/starter-pib-et-valeur-ajoute-34587a4c-f,6055327
/kerneler/starter-bluebulldozer-e4d134b3-c,6055108
/kerneler/starter-girls-names-numerical-ons-efd1f93e-2,6055016
/kerneler/starter-cartographie-des-stations-des-a588568a-6,6054954
/kerneler/starter-nombre-des-inscrits-dans-le-9b2adba6-2,6054726
/ankuraman1234/fork-of-kernelc7c8da711e,6054863
/bardolfranck/kerneldc4b8f6d59,6054371
/playwell/renaming-and-combining-workbook,6068561
/kerneler/starter-distribution-of-immigrants-82a7966c-d,6054119
/kerneler/starter-population-menage-et-logement-8e26d55c-7,6054085
/kerneler/starter-distribution-of-immigrants-by-87d7d404-6,6054052
/kerneler/starter-consommation-finale-des-b0ff0c6f-4,6054006
/kerneler/starter-echanges-xt-rieurs-9ce4d0a1-c,6054001
/kerneler/starter-valuation-du-nombre-de-70980d03-3,6053993
/kerneler/starter-recensement-01adc4a1-4,6053931
/kerneler/starter-pib-et-valeurs-ajout-es-par-24e0a150-4,6053868
/kerneler/starter-commerce-exterieur-f4112511-e,6053841
/kerneler/starter-production-par-secteur-293ee461-a,6053820
/kerneler/starter-les-r-seaux-t-l-phoniques-et-2eee1037-b,6053798
/kerneler/starter-les-r-seaux-t-l-phoniques-et-500cf7f9-8,6053755
/kerneler/starter-tunisian-energetic-studies-8f7f6df7-4,6053728
/kerneler/starter-population-m-nage-et-logement-e9e8de7c-e,6053722
/kerneler/starter-consommation-finale-des-bd358b95-d,6053700
/kerneler/starter-population-m-nages-et-logement-3482e68d-3,6053660
/kerneler/starter-echanges-xt-rieurs-327d0866-9,6053467
/kerneler/starter-indicateurs-de-l-volution-des-3119249d-f,6053246
