/phiedu/notebook8c5e879b7e,728596
/snoopjedi/a-journey-through-titanic,728436
/xuxgeo/titanic-data-analysis-and-machine-learning,728903
/faizzainal93/high-population-equal-more-crimes-80248fb8,728384
/federiconafria/explore-rio-2016,732307
/serinashan/generation-unemployed-interactive-plotly-visuals,728155
/samueldarkblade/notebookb023c81bd6,728277
/republic966/where-when-what-companies-get-the-most-clicks,727973
/grixxy/a-journey-through-titanic,727927
/magnolia94/fork-of-mangues-du-burkina-d6454dba,742109
/tro4130/generation-unemployed-interactive-plotly-visuals,727522
/ksawlani/notebook74ab8ef24f,727388
/akshaykumarvikram/notebooke4f29ac2ce,737901
/abhishkkodi/generation-unemployed-interactive-plotly-visuals,727022
/shuyan/xgb-and-quick-and-dirty-ensemble,726713
/txtrouble/notebooke2987e2bb8,737667
/anshumahi/notebook472b87e62e,726348
/anshumahi/notebookf42c37d111,726829
/akilaw/the-perfect-score-script,726284
/vignanl/visualizing-knn-svm-and-xgboost-on-iris-dataset,726077
/eduardobarbaro/full-preprocessing-tutorial,726159
/mmtripathi/a-study-on-regression-applied-to-the-ames-dataset,725990
/aravindpadman/notebook88b3ac6c2d,725745
/riverfish/notebook04207f43ee,725711
/blackeagle911/the-perfect-score-script,725508
/shankarpandala/top-500-indian-cities,748807
/jjgarrett0/explore-and-classify-birds-by-their-bones,725076
/vak108/notebooke0b3eefcf8,724713
/amansrivastava/useful-text-preprocessing-on-the-datasets,724656
/ivanl1/fish-detection,724634
/jhagaurav/notebooke25af31e2b,724269
/qwertzasd/notebook6de8e567be,724195
/faizzainal93/high-population-equal-more-crimes-a37b006e,723999
/briantrewlee/random-forest-benchmark-r-va,734913
/tejjet/notebook3d53e1770b,723830
/ahmedmohamedou/the-perfect-score-script,723797
/almaya/global-warming-confirmed,723460
/deepsreddy/ctlung-data-full-preprocessing-tutorial,723414
/invariant47/notebook9ad99c3797,723339
/ruby001/a-journey-through-titanic,722899
/andyhe/a-journey-through-titanic,723770
/zissou1898/notebook8a11ef10de,729433
/markwh1te/a-journey-through-titanic-d51abf22,722517
/sparsh300/notebook43790d3417,722490
/cjalbanese/full-preprocessing-tutorial,722081
/sionek/chest-cavity-animation-with-pacemaker,722121
/wafabenaissa/titanic-data-science-solutions,721824
/justinqtaylor/notebookee03654e91,721675
/justinqtaylor/notebookcd765f5a9d,721626
/rebent/a-journey-through-titanic,721308
/exandred/generation-unemployed-interactive-plotly-visuals,721229
/washer/a-journey-through-titanic,721188
/ivanseverin/notebook6c6d468f74,721165
/ridasat/classification-of-student-marks-d5bcb8ac,720845
/terravic/notebook69dd97ef24,720825
/tugrulz/a-journey-through-titanic,720816
/dvirfalik/visualizing-pca-with-leaf-dataset-e08bb283,798396
/juliaa/notebooka885dbd291,720579
/mathieugaron/death-metal-s-development,720444
/liker58/a-journey-through-titanic,720411
/liheact/fish-detection-6078e570,723759
/funapi/full-preprocessing-tutorial,720148
/sherryvvv/notebooked9dbeead0,720380
/israelkoutey/notebookf3b6b18b8f,719829
/rishikhanna/fish-detection,719746
/thapelomola/notebook7b57d695a3,719559
/zhukovvlad/notebook6994ffdcd9,1362984
/danaradje/full-preprocessing-tutorial,719388
/mraykay/notebook7c3d33ed2f,719348
/nburnett32/notebookc0b08acbac,720667
/losttitan/notebook9f5541fee9,719258
/effydog/titanic-survival-prediction-end-to-end-ml-pipeline,847111
/liyufeiat001/notebookddf6263a51,718970
/chenyuan/a-journey-through-titanic,718852
/anastasia874/notebooke21efab3c0,719071
/jamiecollinson/titanic-random-forests,718681
/catherineb/a-journey-through-titanic,718411
/markwh1te/a-journey-through-titanic,718404
/raghunanden/notebookfcf429d481,718795
/bekemil/tensorflow-deep-nn,718225
/tonycao/titanic-survival-prediction-end-to-end-ml-pipeline,718155
/alexbella/finding-boatids-using-pca-k-means,718142
/feigan/principal-component-analysis-explained,718123
/tonycao/a-journey-through-titanic-6dd7a2bc,718100
/argsno/notebook12263fdc42,717950
/abhisheknagarjuna/notebooke9f06f8ee0,717782
/briantrewlee/a-journey-through-titanic,717703
/verma08/decision-tree-visualization-submission1,717826
/machinemaster/data-analysis-top-500-cities,717679
/tonycao/a-journey-through-titanic,718037
/eswarl/notebookf240433544,717669
/vanditakandala/decision-tree-visualization-sumission,717622
/godbless/animation-basemap-plotly-for-air-quality-index,734443
/a793620101/notebook55c874fb0c,716886
/a793620101/notebook9ed2aa5819,912940
/kongpasom/notebook487dbdd086,716851
/etanitsbo/notebook34e262f53e,717078
/shivachaithanya/decision-tree-visualization-submission,717583
/jblase/notebook9eb8c6c7f5,716200
/gfilla/full-preprocessing-tutorial,715975
/patelkm/full-preprocessing-tutorial,715923
/aerolabs/full-preprocessing-tutorial-8204666b,715852
/flaviostutz/notebookc6b8c1be79,738879
/andrewjdyck/notebookb5c320356e,715643
/ashwinikadam/decision-tree-visualization-submission-3,715798
/matias3/a-journey-through-titanic,715525
/testy123/data-analysis-top-500-cities,715446
/g3ortega/notebook2c29486984,715370
/dealasei/notebook7d5b67b47c,715333
/andreyjanzenx/notebook3e59252d03,1138014
/aerolabs/full-preprocessing-tutorial,715048
/patryan/notebookc6a05c6d16,714972
/vasuji/full-preprocessing-tutorial,714832
/ralfman/python,714820
/rndlffnbrgr/notebook773a3013cf,714571
/ashah59/decision-tree-visualization-submission,718688
/brianmback/generation-unemployed-interactive-plotly-visuals,714356
/imperium85/stocks-news-eda-5cced0a8,714358
/wangyihan/mapping-and-visualizing-violent-crime,714298
/sravdata/full-preprocessing-tutorial-e7604e5f,714076
/naina11malik/predictions-for-2017,714023
/laotao/full-preprocessing-tutorial,713979
/lhzpaese/full-preprocessing-tutorial,713929
/matias3/titanic-mechanic-machine-learning,713885
/salemameen/exploratory-analysis-visualization,713694
/onecat/python-data-visualizations,713571
/heyarnaud/notebooke0f466918a,713511
/tomharuken/notebook03e15c469f,713444
/masterdezign/full-preprocessing-tutorial,713406
/ellenrushe/notebooka4ef317941,713350
/jamiecollinson/titanic-tutorial-with-python-first-submission,713321
/hinrik/average-temperature-per-country-per-year,713197
/anixdiot/tensorflow-deep-nn,713044
/payamk/competitiveness-and-expertise-in-tennis-ddb37f6b,713189
/gainasomuns/exploratory-data-analysis-13e10446,712976
/thielus/death-metal-s-development,712798
/zfrysrylmz/10-classifier-showdown-in-scikit-learn,712724
/almahdi17/99-accuracy-with-simple-tree-models,712666
/axecalever/notebook8c285fc7b3,712632
/mireiaconsarnau/notebook9d79af1c35,712628
/umar87/notebook8fee84f661,712593
/varunvarghese/titanic-survival-prediction-end-to-end-ml-pipeline,712587
/varunvarghese/full-preprocessing-tutorial,712564
/tonychanyt/cs-306-iris-data,1125959
/yoarkyang/python-data-visualizations,712223
/bmdeals2016/exploring-hr-data,712136
/axecalever/notebook767147f1f3,712073
/yaohuantong/titanic-survival-prediction-end-to-end-ml-pipeline,712042
/kallevato/notebookdcabf3b35f,712040
/fazlerabbi/notebook41e702800b,712614
/ravindrarashmi/decision-tree-visualization-submission-1,714362
/prashanthbc/full-preprocessing-tutorial,711826
/grittyy/notebook3c97cc7e7f,712060
/yungparse/generation-unemployed-interactive-plotly-visuals,711654
/invenio/full-preprocessing-tutorial,933408
/invenio/r-how-much-sugar-do-we-eat-r,711646
/tinard/a-journey-through-titanic-7604ba95,711340
/raptor/python-data-visualizations,712117
/tinard/a-journey-through-titanic-616bafaa,711312
/tinard/a-journey-through-titanic-db52fb04,711275
/jana36/notebookb13c87c9b3,711147
/whatnxt/death-metal-data-insights,711794
/tinard/a-journey-through-titanic,711223
/macumtb/notebook77bd1525fa,711152
/chrisbuetti/notebookb1504ecdb8,711072
/randhawp/a-journey-through-titanic,711071
/chrisbuetti/notebookda70ba5adb,711057
/ashideldar/terrorist-attacks-in-united-states,711055
/xiecong/python-data-visualizations-4ba7fee9,711054
/forsakenrei/tensorflow-deep-nn,711084
/vibinscat/exploring-survival-on-the-titanic,711045
/vigmano/notebook5b69f4554c,710861
/brainonastick/python-data-visualizations,710799
/moazim1993/notebook8c4cbbf89d,996339
/amarimuthu/notebook2802fef7c9,710613
/hidy0503/full-preprocessing-tutorial,719883
/alexanderpliskin/notebook3687d578b6,741656
/gillmylady/regularized-linear-models,710393
/ijundi/python-data-visualizations-4ba7fee9,710253
/rherissi/notebook821f14ff60,710233
/mingya/full-preprocessing-tutorial,710229
/ijundi/python-data-visualizations-8a859e78,717862
/k0walski/notebook8de608edef,710144
/muppal/regularized-linear-models-ab341789,710139
/natsu05/notebook91d713e7a5,713904
/zfrysrylmz/regularized-linear-models-335dc1f5,710104
/utayao/full-preprocessing-tutorial,710097
/ysharma1126/simple-exploration-notebook,710708
/deeiip/full-preprocessing-tutorial,709702
/sshleifer/change-random-state,823227
/jatinjansari/full-preprocessing-tutorial,709652
/achraf112/notebookd8d0bf1311,709487
/supernihui/a-journey-through-titanic,713084
/puneetwarikoo/exploring-hr-data,711874
/patryan/principal-component-analysis-explained-2468d39d,709340
/patryan/principal-component-analysis-explained,709331
/sandeep8530/titanic-survival-prediction-end-to-end-ml-pipeline,709550
/uodasuodas/cleaned-used-cars-database,709240
/shubhambitsg/notebook33556552e5,712270
/jimwest/full-preprocessing-tutorial,709116
