/beovulfo/detailed-exploratory-data-analysis-using-r,1121556
/prateekvats/notebook6e06f3f25f,1121555
/purpett/notebookea1ea873a2,1121524
/hzlihang99/data-exploration,1121508
/trojanwars/nlp-notebook,1121453
/alphaprime/notebookd3a92b23bb,1121445
/xmachina/notebookeab2c1f3c2,1121392
/tour1st/the-importance-of-cleaning-text-faster,1121395
/yobibytes/exploratory-study-on-ml-algorithms,1121355
/clustifier/78b5eb,1121349
/sanwenboom/notebook19bf0de928,1121328
/sanwenboom/notebookff712775a0,1121318
/sudheerchelikani/notebookdd0d0e2602,1121316
/themixedfermions/notebookb3e34c4945,1121802
/aliakseimakarau/run-1,1121269
/isakali/notebook59905eba22,1121264
/xinyueliu/notebookafe4aa43d2,1121215
/liurui39660/notebook8a358662b3,1121214
/s4sheetal5/notebook2952174c4d,1121208
/kevinsipin/notebookde39b51a91,1121195
/kevinsipin/notebook5bdc173df6,1121194
/ankitsingla26/notebookf17a5b42fd,1121175
/madislemsalu/linear-ensemble-and-svm-script-version,1121174
/kerimacar/what-matters-most,1121169
/liubomyr/titanic-test-1,1121162
/ashutoshmahto/notebook13179a350b,1121156
/htplex/notebook22fd0aa5b5,1121155
/sodanuo/notebook0d066f6aa7,1121137
/khaledabdelrahman/notebook75269f9769,1121129
/armiwin/notebook3f6fcd7dfe,1121123
/xddragon/notebookc4960e4b23,1121122
/jeksonic/notebook20fd383f74,1121121
/yyj131622/detailed-data-analysis-ensemble-modeling,1121120
/jshriver/test-1,1121118
/fatcoder/notebookbae2887fff,1121107
/jeanmarc/notebook8541688919,1121101
/rehmanmuradali/ids-project,1121112
/aseleznov/notebook6c0bbb1f4b,1121091
/danishmerani/notebookfcfe0caf70,1121088
/venkimvgr/notebook9a74d6fa95,1121030
/kolasani05/notebook99e1e2f877,1120959
/arunkumarm/notebookc645fb4194,1120939
/danyalkhaliq/tensorflow-with-name-scopes,1120949
/shaw10/notebookdd82c8f9bc,1120899
/praveenpenta/house-price-prediction-using-linear-regression,1120900
/bondbond18/notebook06d04bf0b3,1120883
/stansilas/campsites-on-us-map,1120902
/litachil/notebookbb5418698f,1120873
/ch1ppy38/notebook63e02a80c5,1120858
/poioioi/notebookf8ebb8e5b0,1120849
/clumdee/notebook8f975626d8,1120844
/clumdee/testrunscript,1120843
/okasurya/i-have-no-idea-what-ml-is,1120840
/clumdee/notebook418e386fd7,1120838
/avinash0161/visualization,1120827
/vimalankvk80/titanic-survival-prediction,1127986
/wangyijia/xgboost-tfidf-logloss-0-3,1120801
/sd2365/notebookc37f4cd411,1120782
/ccccchimax/notebookd7145ecef6,1120778
/changai/notebookdca49c1458,1120766
/rickyrrr/notebookdd7689719f,1120756
/kamranmk/notebook6740e99a14,1120754
/jesusjsc/notebook5b1fd25884,1120720
/wftthww/notebook558fbc168b,1120695
/paliwalnaina/kmeans-clustering-on-iris,1120676
/prestoj/notebookad0b10b0ab,1120651
/rams1986/tutorial,1120641
/sarmstrongdc/complete-process-using-resnet-as-a-starting-point,1125198
/twlivingston/title,1120607
/mundesa/notebook014058d22e,1120592
/b04202048/mnist-with-sklearn-rbm,1120584
/aaronwackeer/notebook38eb966ccf,1120581
/maggiezhou/notebookf20650fa52,1120577
/rajkpritham/notebookcf684ff696,1125333
/chamandahy/machinelearningfromdisaster,1120524
/maggiezhou/notebookf78f70e384,1120509
/chamandahy/test1,1120506
/maggiezhou/notebook71e9204f9c,1120505
/jrread442/ch4-nt,1120560
/wangyijia/90-accuracy-artificial-neural-network-demo,1120445
/ajdelavegaf/titanic,1120440
/twlivingston/imagetest,1120431
/jrread442/ch-4-news-team,1120429
/shelia0304/notebookeffb90ea66,1120401
/micahk/notebookefcb0dee9d,1120394
/kfresh/notebookf9166c736c,1120386
/psilveira/notebooka55f7330a9,1384425
/gscott/first-kaggle-notebook,1120333
/gscott/testscript,1120332
/psilveira/tictanic-plinio,1120325
/rcasellas/xgboost-tuned,1120320
/sanjib03/feat-selection-and-prediction-with-xgb-script,1120355
/guldin/notebook19b57d3f59,1515504
/kirkhansen/notebookbc45739a16,1120297
/seth86/notebook357b33d5d4,1120291
/zinging/notebook4aeee4bab8,1120281
/philschmidt/notebook42d914b834,1120259
/kc4991/kc-s-attempt,1120249
/rrojas07/notebook9146d31252,1120240
/pafrantz/notebook38b7d64a8e,1120226
/ceshine/simple-xgboost-btb-0-32,1120211
/tylernolan/notebooka1884953e8,1120197
/emilpop/notebook6195004686,1120196
/cgunther13/titanic,1120195
/denzon/notebooke043bbceb0,1120193
,None
/dlgusgh/titantic-trial-1,1120187
/dlgusgh/notebooka46cc29774,1120185
/chanchalhazra/notebook1da0aa3c40,1120181
/tianlins/notebook38f9058f5f,1120176
/tianlins/notebook22cc86dfdf,1120175
/sandeepranaiiser/notebook16f6b2f636,1120142
/raafatz/notebook44606950d9,1120066
/asdhammu/testt,1135482
/tsengchou/notebook89642f870c,1120040
/blakeburge/notebook56a5b76703,1120017
/akashdeepjassal/akashdeep-iris,1132111
/jeksonic/notebook5d194849c7,1119986
/rahulsharma56/notebook49aa4cf01d,1119978
/lissetteg/notebook666e5b393b,1119976
/forsesi/notebook6c7c34b27c,1119964
/cdelisle/exploring-data-and-testing-models,1119925
/valmunos/notebooke43d162ae5,1119921
/akira1508/notebook2b8a7468c4,1119906
/jules250/notebook878e8f0d1a,1119905
/kaushikrdammannagaru/notebooka7eef64ede,1119902
/acetherace/xgb-starter-lb-0-88232,1119912
/clustifier/fractals-of-nature-blend-0-89805,1119891
/jyonkov/test1,1119845
/aashiq/notebook9d46bd378f,1119839
/wbronchart/notebook783befce2b,1119837
/thearchetype/notebook4fb5051aea,1119835
/nemorun/preprocess-images-crop-into-effective-areas-only,1119834
/arinapaul/notebook247e584637,1119828
/mthoma5/notebook5ff29bf677,1119827
/migueldiaz/notebook98e83a2b05,1119803
/sahmilcheelan/embarkment,1121996
/mikhailiuk/notebook1af7f5fb3e,1119789
/chathasphere/notebook80db336d94,1119783
/cnusapbo/digit-recognition-r,1119766
/branquinho/notebookde7af6ad17,1119752
/cnusapbo/digit-recon,1119748
/rishabh1khurana/notebook3c9a391741,1119730
/orestophe/title,1119729
/sahmilcheelan/byrelation,1122018
/virtuositeit/notebook8f4deaa4ae,1119723
/tarisross/notebook37abcb97b2,1119705
/intricate/notebook0a29b86bc7,1119699
/apertu/notebook669fda0dbd,1119692
/kristinakalbasiuk/notebooke41a78e92f,1119659
/baiwan/notebook002f560bb9,1119607
/jponte/basic-exploration,1124621
/shwong/notebook66c2cac002,1119572
/rojre1979/script1234,1132682
/xxxo0xo0x/notebook3a887c667f,1119565
/mandeepak/notebookd22272266b,1119558
/shubhamkumar13/notebooka9fff57c10,1119484
/nztzlie/notebookbef32f82ae,1119463
/mikee79/notebook62c4bc1cce,1119460
/thevidyy/test-1,1119341
/vaishk30/titanic1,1119334
/vaishk30/notebook6bcf9b69c0,1119330
/arikru/notebook77965dbd71,1119329
/hassanashraf/notebook4325d2be61,1119293
/tanakajp/testfasdfsdaf,1119285
/midouuu/notebook98a56fc905,1119273
/ansuin/data-exploration-analysis,1119183
/zhangjb/notebook70d8f0fe72,1134120
/ahmedanis03/fractals-of-nature-blend-0-89805,1119114
/mcysuibe/notebook18b0d1b519,1119112
/assadaav/notebooka151ff664b,1119098
/jamesloach/testing,1119090
/khalidgt/first-kernel,1119087
/shizhenguo/notebook0fd7ede55d,1119062
/dipack/word-counts-across-the-years,1119089
/kennywong/notebookec7e1677e2,1119057
/marveric47/titanic,1119047
/joelovedatascience/notebook0ce6ed075c,1119039
/skwon31/notebook0b1e324496,1119037
/karampa/first-look-data-analysis-draft,1119027
/karthikv1985/notebook3539ea68e0,1119017
/asad1m9a9h6mood/predicting-newstype,1119013
/lastmagic/data-preparation-for-sberbank,1835649
/eyawes/notebook1f77ac6870,1118960
/fahouma/exploring-survival-on-the-titanic,1118940
/last09/newtest,1118925
/velteit/notebook781c66cac9,1118916
/ahmedchaabane/notebook1e628df2b5,1118902
,None
/yashduvvuru/first-titanic-1,1120842
/ishsonya/notebook932d8fbd94,1118877
/zjuxxd/notebookff57056807,1118843
/esihsi/notebooke85aebd780,1118817
/weitu820/notebook20baf5d258,1118807
/acifitriani/notebookcfe4f13983,1157127
/itais85/notebookf1dd4bf8fb,1118789
/ppallesen/beginner-booster-bagger-stacker,1118780
/sahmilcheelan/beginning,1148305
/chessmate/notebookf361f7998f,1118756
/dylanbao/notebooka44b95cc5e,1118752
