/kerneler/starter-uber-supply-demand-case-study-fd03e4c0-f,8028469
/snowyukischnee/wordembedding,8041546
/kerneler/starter-mycarr-a2302910-c,8026110
/kerneler/starter-passenger-satisfaction-9ebd8730-a,8025995
/kerneler/starter-airline-passenger-satisfaction-93f8ff8e-9,8025757
/kerneler/starter-acl-anthology-papers-1fc79ac3-d,8025356
/kerneler/starter-sales-dataset-4aa91746-e,8024461
/kerneler/starter-test-dataset-e372d8b8-7,8023653
/arunkhattri/emnist-gpu-keras-to-tf,8034247
/phamvanlinh143/cnrpark-mlenet,8029915
/kerneler/starter-swine-flu-c3911aea-6,8019510
/lihy45/eda-script-67,8019523
/kerneler/starter-irsiuci-cd1f2637-e,8541708
/kerneler/starter-houses-data-f410ca01-b,8014775
/kerneler/starter-ds201-final-ufc-73d627b2-2,8014655
/kerneler/starter-models2-6bab5fc4-b,8011636
/rihadv/the-data-scientist-s-toolbox-tutorial-1,8009996
/kerneler/starter-temperatures-python-lecture-4-4dcd60eb-8,8009668
/kerneler/starter-temperatures-python-lecture-4-92162686-6,8009615
/kerneler/starter-temperatures-python-lecture-4-8757432e-d,8009522
/kerneler/starter-temperatures-python-lecture-4-457dac14-e,8009321
/kerneler/starter-grades-python-lecture-4-de2f26b2-c,8009284
/kerneler/starter-train-data-8cd37f62-8,8009270
/kerneler/starter-train-csv-22d88b48-8,8008981
/abhideshmukh1/abhi-s-kernel-for-titanic,8759548
/kerneler/starter-exited-users-ff864ca7-8,8455727
/kerneler/starter-spotify-audio-features-ba0befd6-6,8045952
/kerneler/starter-kagglesurvey2018-2fa6e9b3-9,8007737
/kerneler/starter-analise-de-sentimento-7b1b3a02-c,8007508
/lilitgh/associations-homework,8083250
/luizep/everything-you-can-do-with-seaborn,8006973
/akshat113/titanic-dataset-analysis-level-2,8006616
/kerneler/starter-twitter-sentiment-analysis-6152695b-f,8006416
/kerneler/starter-trivago-hotels-20c20519-5,8006252
/kerneler/starter-waifus-8814643e-4,8006223
/kerneler/starter-kdd-data-724c5073-4,8005319
/kerneler/starter-kagglesurvey-b351b6fd-c,8005252
/zachyaldo/kdd-project,8011181
/kerneler/starter-art-images-drawings-painting-a0d9f71c-7,8004807
/bbolla/moview-review-h2o,9107551
/kerneler/starter-helpers-6b5deb1e-e,8002635
/lilitgh/starbucks-coffee-calories,8003169
/kerneler/starter-amd-proj-b-18929c97-9,8001359
/kerneler/starter-pandas-transac-product-365193b4-e,8001332
/kerneler/starter-models-8fd665c9-2,8001257
/kerneler/starter-number-plate-7f5c6ead-e,8000472
/kerneler/starter-sentimental-analysis-nlp-9ad6e54b-0,7999851
/nikhilpandey360/submission-using-inceptionv3,8016496
/marklimml/importing-your-data,7998072
/kerneler/starter-testing-data-2ae69704-d,7997473
/kerneler/starter-twitter-sentiment-analysis-cedf2dee-b,7997089
/kerneler/starter-literacy-rates-37d6775b-2,7996419
/kerneler/starter-most-visited-countries-55cb24f4-6,7996151
/kerneler/starter-title-samples-sentiment-fd4eaf32-4,7995354
/kerneler/starter-inception-v3-weights-4f25de07-4,7995094
/kerneler/starter-osteocyte-lacuna-measured-with-f4fdefa5-d,7994874
/chekoduadarsh/convolutional-nural-network-using-keras,8019265
/diniaa/kernel4793400b33,7996346
/lilitgh/best-kernel-for-unbalanced-data-svm,7998622
/kerneler/starter-gpm-imerg-satellite-data-2d8b9d9f-5,7990681
/strifonov/some-eda,7992641
/kerneler/starter-subtitle-game-of-throne-337a9847-5,7990413
/kerneler/starter-stackoverflow-data-cdffeb5f-5,7989551
/kerneler/starter-improving-c-section-in-nigeria-03cb05a4-1,7989047
/shawnalmighty/fastai-humpback-whale,8109162
/huayangshiboqi/kernel0d10619143,7986626
/kerneler/starter-gaussnoise-7fdd5a97-1,7983981
/kerneler/starter-news-category-dataset-284bceda-5,7983794
/kerneler/starter-kaggle-datasets-bd6ef29d-c,7983390
/kerneler/starter-baseaffine-30c344fe-c,7983286
/johndonich/kernelaadfedec3e,7999604
/kerneler/starter-dl4j-doc2vec-sentiment140-389a1ef6-b,7981701
/kerneler/starter-npldata-022f48fe-f,7980720
/thepandas/baseline-lstm-dataaugmentation,10210822
/kerneler/starter-weights-for-signature-5c3ce803-4,7978338
/kerneler/starter-lung-cancer-dataset-df9a1bdd-7,7978321
/kerneler/starter-nov31datasetnew-22becaf5-2,7976953
/kerneler/starter-quick-draw-341533bc-d,7975084
/kerneler/starter-nov30datasetnew-abb265ae-f,7974373
/kerneler/starter-visual-question-answering-434b313f-6,7973932
/kerneler/starter-consumer-financial-well-being-8e1adab2-1,7973687
/kerneler/starter-suicide-rates-overview-1985-to-74558bc6-f,7973655
/kerneler/starter-titanic-cleaned-df13c518-b,7972794
/kerneler/starter-image-data-1d2c0ffd-3,7972564
/kerneler/starter-eeg-clean-3604f2f5-2,7970038
/kerneler/starter-dftruco-a8a96e51-8,7969376
/kerneler/starter-google-play-apps-data-2a27d435-e,7968565
/kerneler/starter-list-of-duplicate-images-eca035fc-d,7968381
/kerneler/starter-dogs-vs-cats-15aa0a46-4,7967352
/kerneler/starter-surveykernelexternals-fb2c63a9-a,7965282
/kerneler/starter-every-cryptocurrency-daily-fab8dc34-c,7964863
/khanzo/titanic-0-78947,7964288
/jcbs10/linear-algebra-for-data-scientists,7963909
/kerneler/starter-total-data-it-helpdesk-a03a2393-1,7963815
/revn7969/eda-pubg-fceb1a,7963849
/kerneler/starter-comet-assessments-2018-a9b16d55-d,7963312
/jcblaise/importing-your-data,7963574
/kerneler/starter-comet-probie-assessment-2018-f324dacb-8,7962984
/revn7969/fork-of-fe-killplaceperc,7963044
/kerneler/starter-comet-probie-project-33dcf85a-6,7962786
/kerneler/starter-detecting-twitter-bot-data-09bb1419-6,7958208
/kerneler/starter-imge-data-c4377210-1,7955224
/kerneler/starter-nov30datasetnew-1475f13e-1,7954333
/kerneler/starter-communities-and-crime-data-set-e4d76f26-4,7954206
/kerneler/starter-communities-and-crime-data-set-8e8d668f-f,7954018
/kerneler/starter-communities-and-crime-data-set-572ae9f5-e,7953891
/utsav15/kernel522f670355,7953814
/kerneler/starter-it-helpdesk-a0b8427d-1,7954186
/prateekiiest/dependency-graph,7954080
/kerneler/starter-rock-in-japan-fes-dataset-55d8bdb0-7,7953300
/kerneler/starter-nov30dataset-76799799-1,7952053
/kerneler/starter-2016-grand-slam-atp-49b1aa62-b,7951593
/kerneler/starter-medicare-provider-data-2016-10776b6d-e,7951573
/revn7969/pubg-data-description-a-to-z-fe-with-python,7956362
/kerneler/starter-314csv-47d6b51f-f,7949928
/kerneler/starter-us-charities-016086b8-e,7949880
/n62169/svms-knn-and-random-forests,7949743
/fridaleoeva/dmhw2v5,7950375
/kerneler/starter-xrayschest-224-mlp-520479e3-f,7948974
/kerneler/starter-us-charities-7b63f3c4-3,7948812
/johntiger1/gapnet-pl-lb-0-385-salt-pepper-savefig-test,7985877
/kerneler/starter-nov30dataset-b046bd27-8,7948143
/kerneler/starter-nov30dataset-32100f03-5,7948007
/syedali05/fork-of-indian-premier-league-ipl-data-visualiza,7947883
/kerneler/starter-traveling-santa-cities-e306fa3e-0,7946727
/kerneler/starter-ecommerce-customers-ce6f6fcd-0,7944727
/davidwang9527/gstore-align-local-with-kaggle,7946544
/kerneler/starter-ecommercecustomers-683a546a-1,7943301
/kerneler/starter-building-permits-under-ab084db6-b,8133203
/kerneler/starter-expired-building-permits-69d7c66f-f,8133200
/kerneler/starter-last-30-days-building-permits-2f2dfb22-1,8133190
/kerneler/starter-active-building-permits-f44418ba-6,8133194
/kerneler/starter-last-60-180-days-planning-d4438105-1,8133206
/kerneler/starter-last-30-days-planning-permits-922c3cac-4,8133205
/kerneler/starter-ecommerce-customers-d70d9d02-0,7941539
/kerneler/starter-pallavi-3e91ed29-d,7941034
/kerneler/starter-clickbaitdetector-a0abfab3-f,7941760
/kerneler/starter-us-census-tracts-7fc6ccdc-4,7939861
/kerneler/starter-inception-resnet-v2-weights-42727b90-9,7939436
/kerneler/starter-e-signing-of-loan-based-on-41e74a76-d,7939000
/kerneler/starter-dogsvscats-9dabeec1-7,7938643
/kerneler/starter-national-anxiety-survey-210e8c64-3,7938630
/ilumbre/model-validation-final,7942895
/kerneler/starter-national-patient-anxiety-57b3282f-1,7938353
/kerneler/starter-test-data-4-students-csv-eab01a66-4,7937497
/kerneler/starter-training-data-2-csv-utf-csv-e7c4a85c-a,7937404
/rodmcnew/tensorflow-tutorial,7937066
/kerneler/starter-ghost-map-40e5bb25-4,7936957
/jenn2019/model-validation-final,7938232
/kerneler/starter-ga-v2-test-2cabb027-b,7936221
/kerneler/starter-pre-processed-can-bus-data-ae5838d7-4,7936117
/kerneler/starter-nyc-annualized-sales-data-6044960d-d,9143173
/kerneler/starter-train-aggretated-3d3898b4-5,7935580
/kerneler/starter-test-questions-0db434d2-5,7935559
/kerneler/starter-train-revised-4a1a9f72-5,7934461
/kerneler/starter-language-hack2-99dc2692-c,7933082
/kerneler/starter-hackdata-3409f6ef-1,7932938
/kerneler/starter-flow-chart-ac3c972c-8,7932456
/kerneler/starter-bank-note-authentication-uci-e3a9ca8d-2,7931040
/kerneler/starter-microdados-censo-escolar-2013-e774a6be-0,7930448
/kerneler/starter-christmas-recipes-e447cdf1-e,7930327
/manishnanwani/house-price-prediction,7930289
/kerneler/starter-microdados-censo-escolar-2015-5dbe4266-3,7929358
/manishnanwani/porto-seguro-safe-driver-code,7929639
/shoaib14530/school-charity-tfidf,9596791
/kerneler/starter-microdados-censo-escolar-2014-72156ea8-9,7927965
/kerneler/starter-homesapein-96439882-e,7927651
/kerneler/starter-standford-363eca77-2,7927633
/kerneler/starter-trainer-1d68269f-d,7925871
/kerneler/starter-train-csv-f4caff1d-7,7925716
/kerneler/starter-microdados-censo-escolar-2016-7fc86adc-9,7925632
/kerneler/starter-petr4sa-fa5ff9f3-2,7925431
/linevn/p5-empirisk-projekt,7924018
/kerneler/starter-fashiondata-color-images-625917d7-0,7923713
/kerneler/starter-data-mining-project-80645dda-d,7923681
/sherymalik714/pretrained-resnet34-with-rgby-0-460-public-4a1df3,7920903
/kerneler/starter-mathsymbol-4de19e40-0,7920503
/manjeetsingh/interactive-flexdashboard-in-r,9093551
/kiakaggle/exercise-machine-learning-competitions,7921388
/kerneler/starter-cleveland-bbb7b31b-6,7918936
/ankitbasu/styling-your-plots,7919788
/viharigandrakota/vihari-charity,8067682
/xhlulu/yelp-logreg-l2-tfidf-saga,7968307
/xhlulu/yelp-logreg-tfidf-saga,7917536
/kerneler/starter-stocktokens-866350ba-0,7917180
/kerneler/starter-hr-analytics-predictive-699d710f-7,7916489
/xhlulu/yelp-logreg-l2-tfidf-lbfgs,7917390
/stephenkotikalapudi/ml-friendly-public-datasets,7915220
/matthou/exercise-explore-your-data,7914943
/matthou/kernelb03738c547,7914578
/balajisriraj/top-5-data-visualization-libraries-tutorial-d7ae98,7914176
/kerneler/starter-anothertest-ef029065-0,7914150
,None
,None
/kerneler/starter-petr4-sa-304188ee-1,7914145
/kerneler/starter-petr4-sa-d54c573b-d,7914142
/kerneler/starter-gacrptrain-b27bebde-b,7914143
/kerneler/starter-pandas-cheatsheet-23b6c80e-a,7914139
/jitvimol/creating-reading-and-writing-workbook,7914188
/gomes555/analise-de-sobrevivencia-km-e-cox,7915268
