/atirpetkar/notebook96158b9e37,1319408
/ultrajack/fork-of-poetry-analysis-using-ai-v3-7-7,1846850
/szczepanov/trying-to-visualise-things,1318798
/szczepanov/title-test-new-notebook-iris,1318726
/yamacg/lb-0-987-group-1-and-date-trick,1318765
/biswaranjan/mercedas-2-feature-interactions,1318550
/balakesavan/digit-recog-cnn-hyper-para-optim,1318440
/impressor/house-prices-regression-techniques,1318229
/gabsanti/comet-final-assessment,1318499
/infinitewing/very-simple-way,1318227
/balakesavan/digit-recog-cnn-hyper-param-optim-1,1318159
/lingyanzhou/notebook928ee0338c,1318179
/janbertelngo/comds03a-creating-a-tidy-data-set,1317847
/gunjan17/classification-of-glass,1317702
/jayspeidell/notebook6056ed8794,1317700
/phupham1991/random-forest-covtype,1317545
/danieleewww/xgb-w-o-outliers-lgb-with-outliers-combo-tune1,1323842
/abhisun/mpg-abhi,1317319
/akashdeepjassal/logistic-regression-0-9999,1317230
/therabiulawal/story-of-top-500-indian-cities,1316733
/diegobarra/iris-species-classification,1319575
/rochachan/tensorflow-deep-nn,1317063
/akshay10/zillow-v3,1317624
/raphaelkleindienst/log-reg-and-simple-nn-with-annotation,1322092
/mustfkeskin/introducrtion-to-adverserial-learning,1314219
/balakesavan/nltk-library-for-common-word-and-tfidf-scores,1317355
/h123453047/build-cnn-model-with-keras,1317881
/bjenney/fortune-500-diversity-by-race-and-company,1313858
/vermashashank/first-linear-regression,1312996
/siriuscorp/poetry-analysis-using-ai-machine-learning,1312957
/nightfantom/mnist-solution-base-on-svm-and-pca,1312926
/yifengzeng/imdb-5000-movie-score-prediction,1312845
/joywang0320/meat-vs-vegan,1312734
/akashdeepjassal/simple-logistic-regression,1312151
/babatee/xgboost-on-russia-housing-datasets,1312162
/caropie67/visualization-comparison-of-religions,1311565
/maryamhanifpour/shinyapp,1330434
/dilipajm/cricket-exploration-interactive-plots,1311520
/maryamhanifpour/appundata,1311518
/faba18/teststuff,1312101
/danieleewww/xgboost-ensemble-in-h2o-lb-0-0666,1317129
/venky14/titanic-data-science-solutions,1311307
/karthiciist/house-valuating-ml-for-beginners,1311426
/supavish/word-with-capital-letter,1311028
/ajithvallabai/titanic-data-science-solutions,1310181
/anujmehra/instacart-xgboost-starter-try,1310139
/cjansen/gan-exemple-in-tensorflow,1309600
/jaygrayson/first-pass-at-titanic-data-in-r,1309441
/sauravghosh/notebook6eaf3e00a5,1308624
/pecooper/simple-xgboost,1318408
/caglan/local-cv-explorer,1307633
/maheshak04/stacked-then-averaged-models,1327242
/danieleewww/xgb-w-o-outliers-lgb-with-outliers-combined,1308485
/antonyliu/notebook63b735feeb,1307261
/dondapati/first-r-code,1307413
/valadi/xgb-w-o-outliers-lgb-with-outliers-combined-tune,1315866
/fertueros/mnist,1306952
/saeednusri/analysis,1306560
/priyaananthram/exploratory-data-analysis-of-h1b-visas,1306342
/tianyiy/95-accuracy-by-unsupervised-learning,1306536
/valadi/xgboost-without-outliers-tweak-tuneagain,1338685
/ashutosh1309/notebookfb707e924d,1305292
/huangfuzd/how-to-cross-validate-properly,1305069
/jeffksw/simpsons-r-test,1304995
/nakapoor/fixing-the-home-sberbank-russian-housing-market,1304371
/valadi/xgboost-without-outliers-tweak-tune,1305369
/aharless/lightgbm-with-outliers-remaining,1323786
/demesgal/stacked-then-averaged-models2,1329870
/shivam04/rnn-digit-recognizer-implemetation,1303812
/mragungsetiaji/ml-project-russian-house-prediction,1304746
/faithfull/notebook354b0c861d,1301143
/wangshuailong/new-zealand-migration-exploratory-analysis,1301064
/rumasinha/multinomial-logistic-regression,1300832
/benkite/influence-of-regressor-parameters,1300656
/uburuntu/quora-6,1299833
/valadi/xgboost-without-outliers-tune3,1302296
/uburuntu/rossmann-4,1299029
/sakares/lb-0-158-xgb-handcrafted-leaky,1298943
/valadi/xgboost-without-outliers-tune,1298934
/valadi/xgboost-without-outliers-lb-0-06463,1324978
/mendax29/notebook6292a4b694,1298917
/arpitchaudhary/house-prices-caret-glm,1301594
/sanketpadte/notebook889df82f46,1298646
/apsivakumar/first-prediction-script,1298316
/tingtingdan/digit-recognizer,1418351
/tingtingdan/fork-of-feature-engineering-validation-strategy,1298238
/slamnz/horse-death-classifier-selection,1298041
/sjoerdcor/nntest,1297900
/jorgeeoi/estad-sticas-ligueras,1297610
/abhinandannuli/random-forest-forest-cover-abhinandan-nuli,1297431
/yogeshsinghrbt/polygons-over-images-and-5x5-mosaics,1297384
/ram8834/forest-cover-prediction-classification-analysis,1297346
/dmitriyua/iris-100-prediction-in-test-data-scikit-learn,2871829
/cttsai/y-value-trick-w-rf-xt-lm-lb-0-558,1298044
/trk007/forest-cover-type-prediction,1296247
/harshitssj4/titanic-best-working-classifier,1749363
/mimi01234/rossman111,1295798
/asindico/maps-and-charts,1295763
/vagishvandana/titanic-survival-prediction-with-knn,1295713
/sushantsawant/random-forest-for-forest-cover-type-prediction,1585734
/chathurangajayaweera/get-hands-dirty-with-data-i,1296816
/djobey/mnist-svm,1297079
/fjlmarco/predictor-victorias-visitantes,1294815
/blank1/first-kernel-ever,1294046
/siddharthnishtala/basic-linear-regression-india,1293930
/ashishmagoo/mushroom-classification-using-machine-learning,1295705
/slamnz/classifier-model-selection-by-accuracy-score,1293078
/infinitewing/xgboost-without-outliers-lb-0-064630,1292812
/dataer/eda-prelim,1292760
/slamnz/correlations-table-lower-back-pain-symptoms,1294673
/valadi/magic-numbers-new-change-addvars-jay,1291830
/skyimple/notebooke3fac2813f,1291526
/maik3141/abalone-gender-classification-rfr-pca,1291383
/kyao747/clutch-shots-analysis,1291196
/ahmedhanibrahim/sent2vec-classification-0-1-loss-keras-with-mlp,1290992
/anduinsay/mojin-cup-dm-and-algorithms,1290941
/ritvikraj/irisbeginner,1290935
/ahmedhanibrahim/word-and-character-level-analysis,1290875
/oguejioforchibueze/notebooka1ec8f75c1,1290472
/hiteshsai/using-decision-tree-and-random-forest,1290410
/samuelwg/a-journey-through-titanic,1290722
/nojvek/digit-recognizer,1290279
/ericdoug/full-preprocessing-tutorial-34be2e,1290109
/pritamjena/c50-tuning,1289400
/hrishikesh312/random-forest-on-the-train-data,1289968
/aksonsam/notebook2932a2eba9,1289110
/tarek5701/simple-linear-regression,1288424
/zhenjuan/exploratory-analysis-instacart,1288417
/honestidiot/iris-svm-decision-boundary,1288365
/opanichev/mean-probas,1287738
/fjlmarco/notebook12b79a260e,1287706
/fjlmarco/notebook1f85e7e4d8,1287703
/daodao32/fork-of-random-forest-prediction-of-titanic,1287077
/danofer/predict-house-sale-price,1286453
/danofer/exercising-the-exorcism,1286668
/simo2712/eda-hr-analytics,1286409
/fabiaforever/titanic-data-using-logistic-regression,1286215
/tkm2261/first-glance-of-the-data,1286063
/gwerner/notebook3ccfd02bd8,1285901
/raquelspain/iris-svn-and-gridsearch-for-a-perfect-model,1285599
/junkal/mushroom-classification-with-essemble-method,1285596
/andresacuadrado/top-20-football-players,1285053
/andresacuadrado/goleador-sin-contar-penalties,1284977
/valadi/exercising-the-exorcism-change-seed,1284984
/zhimochen/benz-prediction,1284702
/bjenney/rfc-to-predict-credit-card-fraud,1284580
/kay2mj/simple-titanic-2017-06-27,1334230
/rubakdabbas/notebook15636338a4,1284225
/vyordanov/titanic-disaster-logistic-regression-0-7655,1284273
/danofer/magic-numbers-new-change-additional-vars,1283787
/shivampanchal/xgb-with-one-hot-encoding-r-score-0-31774,1283577
/sasjack/spamdetection,1283230
/rafsanjani/exploratory-study-on-ml-algorithms,1282975
/pankaj123/fc-autoencoder,1282348
/sonvh0610/rms-titanic-sinking,1286934
/gillesa/zillow-eda-on-missing-values-multicollinearity,1282136
/raquelspain/exploratory-analysis-911-calls,1282237
/hirenchavla93/notebook5cf0c78329,1281706
/lopesm/categorical-features-encoding-xgb-0-554,1303258
/robinhoo1973/how-to-check-out-cis-of-y-values-sample-script,1286179
/iholas/ensemble-for-iris,1281466
/lujing/slightly-tuned-xgboost-starter-0-0649,1284236
/unsweric/using-ica-still-random-forest-with-pipeline,1281176
/unsweric/using-pca-still-random-forest-with-pipeline,1281175
/unsweric/basic-feature-engineering-with-neural-nets,1281171
/unsweric/basic-feature-engineering-with-pipeline,1281167
/fjlmarco/football-players,1280851
/fjlmarco/notebookd513ed7c0a,1280845
/fjlmarco/notebookf57c0a842f,1280838
/fjlmarco/notebook10bf881df0,1280833
/danofer/jiwon-small-improvements-for-magic-number-results,1280405
/valadi/jiwon-magic-tune,1280176
/luisgaliana/notebook76ac301315,1280195
/porpheto/notebook7143c62747,1280125
/inigolana/statistical-analysis-on-football-data,1280154
/killmenow/i-choose-you-with-stats-backing-my-choice,1279460
/javiergvillalon/pr-ctica-equipos,1280335
/valadi/jiwon-small-improvements-new-change,1279230
/vasanthreddy/python-data-visualizations,1279124
/sagarmeisheri/cnn-using-keras-score-0-98,1279012
/kartik1807/wisconsin-breast-cancer-sample,1278075
/sunnybeta322/pima-diabetes-data-analysis,1277813
/shivam04/titanic-1h,1277733
/idatabase/sf-salaries-data-explorer-examples,1277613
/mchirico/burglary-since-2014-01-01-map,1344627
/pandong/taitan-predicte-survived,1277498
/danofer/stack-xgb-with-skl,1276981
/valadi/jiwon-small-improvements-tune,1276975
/rishabh1khurana/implementing-decision-tree,1276565
/zhimochen/benz-test-prediction,1276489
/mhdmedfa/analyze-predict-who-have-left-will-leave,1282579
/juano2310/notebook4fd366cf70,1276047
/krisvija/script-test,1275953
/krisvija/my-first-kernel-titanic,1275940
/morrisb/i-wanna-be-the-very-best,1275880
/sociopath00/by-ridge,1275767
/jamesbasker/notebook3c67919d7f,1275660
/goodvc/my-first-week-hour-instacart-data-exploratory,1275629
/yogeshsinghrbt/full-pipeline-demo-poly-pixels-ml-poly,1275597
/yogeshsinghrbt/rgb-using-m-bands-example,1275564
