/knowanswer/mapping-and-visualizing-violent-crime,257770
/scob888/epd-ex,259506
/theashwanigupta/mmys-3,258535
/antediemterzium/test-ad-1,258414
/yanxinyu/a-girl-gives-a-man-his-own-name,257478
/sinayoko/titanic,257191
/klchang/multiplevarcluster,261900
/overfit/grid-plus-classifier,279453
/goncalo/mmys-3,260572
/kumarmankala/random-forest-on-a-few-blocks,255882
/chahla/handwriting-to-text,275781
/bmkramer/swordsman-and-their-swords-play,256924
/ivamshky/python-data-visualization,254684
/bwsubbu/the-locations-puzzle,254574
/bwsubbu/python-data-visualizations,254555
/valeriyischenko/visualization-and-feature-engineering,254535
/pandelani/let-s-see-this,254444
/minh77/leakage-solution,254681
/divusree/simple-perceptron-classifier,253663
/kyungkuk/trial-2,260293
/bejota/sf-crime-predict,257889
/chifa01/seaborn,251695
/iamycd/practice,251936
/jsab16/learning,251059
/theashwanigupta/ehr-1,253769
/aagundez/titanic-xgboost,383917
/ntuloser/random-forest-on-a-few-blocks-with-day,252498
/inferi/a-world-of-warcraft,250131
/sidswarnkar/exploratory-image-analysis,249385
/scob888/ehr-1,250072
/varunpa/postgresql-and-python,249605
/deeper/stitch-and-predict-e002,248804
/ymcdull/a-beginner-tries-naive-bayes,248881
/scob888/valium-1111,248655
/jyyang/simple-validation,248564
/karenlu/training-images-plus-nerve-area-outline,301523
/amdouni/ehr-1,261762
/seanstorey/expedia-ss-1,249914
/alexmsi/fssfsff54,247567
/yuebanguo/facebook-pci-origin,251563
/yunxileo/random-forest-benchmark-r,244419
/zgirl003/python-data-visualizations,244091
/bmithun/titanic-survival,292115
/ojcastillo/san-francisco-top-crimes-map,244040
/wilsbj/expedia-exploration-2,253004
/arjun1/installed-python-packages,243510
/jesusdiazbeeva/patrulla-canina2,242892
/carlosmv/melissa1,242874
/nievesas/simple-rf-v0-3,242873
/inmaculada/simple-logistic-or-rf,242901
/francalvo/ailurofilicos,242863
/enotmu/simple-rf-v0-3,242038
/markus123/plot-images,241718
/tiltedace/predict-match-between-two-person-v1,240920
/raguram/data-exploration-and-visualisations,240660
/timleathart/predict-hotel-type-with-pandas,238666
/oytuncanatan/time-series-analysis,238349
/hengwei3012/keras-sample,238076
/chimera2016/data-exploration,236932
/zavodrobotov/r-xgboost-example,291670
/umenon/umtest,236115
/dumpty/hotel-country-2,253311
/zavodrobotov/python-xgboost-starter-0-74,282062
/milkingcows4u/random-forests,236213
/justfor/ehr-2,257588
/keleonev/object-expression-farmer,234154
/wangquan/preliminary-exploration,233775
/ruqiang826/exploring-features,233496
/badend/quick-look-at-the-datat,233366
/vinaychandranp/tensorflow-deep-nn,233318
/windsurfer/tensorflow-deep-nn,884019
/forainychen/testing-script,237604
/gaoqiezi/making-predictions-over-amazon-recommend,233169
/rouseguy/initial-loan-book-analysis,231945
/jackspk/tensorflow-deep-nn-testing,231500
/phphong/exploring-features,231187
/fancyspeed/fork-leakage-solution,231601
/citrinitas/leakage-test0,230278
/countguapula/babies-named-benjamin-over-time,230231
/outputlogic/exploratory-image-analysis,229417
/mohanpb/pandas-expedia,229368
/celniker/predict-hotel-type-with-pandas,229308
/gilmar2013/leakage-solution,234499
/khaoticmind/leakage-solution,228730
/gogolgrind/12345f,1086104
/dimitrislev/predict-hotel-type-with-pandas,226488
/databeast/exploring-features,225952
/dakick/pca-and-k-means,225835
/nicoyan/to-the-top-v3-3,225761
/saillaser/psychology-of-a-professional-athlete,225527
/sushize/xgb-2752-btb,225261
/kartoffelheinz/testmmm,224762
/dumpty/may01,224585
/nitinl/lb-0-84-for-starters,224220
/francbracun/to-the-top-v5,225077
/andreusancho/minor-variation-of-on-to-the-top,224300
/jayavanth/to-the-top-v3,224268
/mpoegel/r-ggplot-mapping-example,223678
/sushize/btb-xgb-2529-v3,223677
/alexryzhkov/kaggleridemybike-r,225198
/david84/3004nonum4script0-r,225370
/hycu201401055/apr-23,223058
/champion1955/to-the-top-v3,224234
/champion1955/santander-exploration,222911
/champion1955/exploring-features,222904
/ccourtot/svc-leaking,222697
/jamesliuzx/data-exploration,222499
/khaledfayed/plot-images,222312
/liziyuann/rf-testing,224987
/dusj1993/predict-hotel-type-with-pandas,222056
/ccourtot/notebook,222016
/hjavan/sample2,225020
/hewettp/captain-cook-s-travels,224427
/lishubin/getting-into-the-r-revolution-action,465544
/jamesliuzx/to-the-top-v3,222407
/gupta17anukriti/aaaswndjjm,221429
/powell314/adding-more-features,221115
/justfor/just-to-the-top,221245
/francbracun/to-the-top-v3,220951
/rishirock/gender-equity-graphs-by-year,220599
/sharif1093/combination,220430
/dmi3kno/combination,219399
/ravishnkr/exploring-features,219209
/dreeux/to-the-top,219187
/rachidbel/beating-the-benchmark-0-71,218962
/nanr1987/fork-explore-data-nanr,219646
/bozhkov/explore-data,218797
/clustifier/to-the-top,223489
/sushize/to-the-top-btb-8422,218928
/devowl/people-with-loans-never-complain-2,218583
/tcw176/tensorflow,218544
/greghacob/testing,218397
/avidadollars/exploring-features,218089
/tapanmishra/democrat-prediction-using-pca-regression,218058
/chabir/people-with-loans-never-complain,218376
/masanori/under-23-year-olds-are-always-happy,219176
/rdizzl3/people-with-loans-never-complain,217093
/yaojenchang/test-script-2,218358
/sundaravelpandian/python-data-visualizations,216566
/shivamtripathi/python-data-visualizations,216495
/petako/which-college-is-best-for-you-part2,216531
/anwarsadique/preliminary-exploration,216020
/lucapolverini/xgb-lalala-cap-lims,215996
/kotomord/test-22-4,215875
/ftahery/moneyball,215793
/trungnb/test-python,219307
/kathakaliseth/shot-location-misses-vs-makes,1564461
/zfturbo/object-expression-farmer,214565
/saintromeo/exploring-features,214139
/wendison/xgb-lalala,213829
/jaredchung/understanding-stacking-generalisation,213890
/mpjdem/map-k-demo,213625
/dmi3kno/xgb-copy-of-best-script,215251
/bowenli/exploring-us-baby-names,216526
/lifengmiao/tensorflow-deep-nn,213480
/fresh11/python-data-visualizations,213415
/riccardonizzolo/arstdhneio2,213349
/alpoza/exploring-features,213304
/yangnanhai/xgb-lalala-www,214075
/drwillard/hipster-names,212259
/shrutirao/my-university-s-ranking-over-time,212214
/tunguz/rfr-features,212155
/mdavarynejad/xgb-lalala,212140
/thakurrajanand/r-version-of-most-popular-local-hotel-1,211864
/jpoles1/kerasseq,212758
/riccardonizzolo/xgb-lalala,211205
/bohaohan/keras-sample,211057
/avishek/wip-allleaks-landing-doc-dets-conf-lvls14012017,702671
/hulisi/kalem,210843
/muhammedazamkhan/xgb-0-83-score-with-36-features-only,211576
/jwegas/most-popular-local-hotels,210631
/einsqiang/reference1,210448
/prateekbhat/decision-tree-relevance1,272980
/muhammedazamkhan/this-is-forked-from-auc-0-88,211592
/falaktheoptimist/xgboost-with-early-stopping,210056
/cast42/correlation-pairs,209841
/josealberto/experiments,216836
/cast42/xgboost-with-gridsearchcv-and-n0,209698
/evanvanness/booom,209475
/juchul/et-classifier-v2,211238
/beedata/advanced-feature-exploration,208450
/calcifer/my-university-s-ranking-over-time,208374
/kumareshd/list-input-files,226510
/anurag173/exploring-features,208223
/scholih/exploring-features,208146
/gilmar2013/et-classifier,210170
/kdragonet/xgb-lalala,207622
/daniel16/xgbtry2,224946
/roryhr/keras-sample,207901
/cast42/draw-folds,207606
/masanori/xgb-r,209939
/sushize/python-xgb-lb-0-841047,207043
/cast42/xgboost-cv-rfecv-features,207546
/dstefa01/my-xgb-cross-val,205092
/gangiettiarjun/logistic-regression-on-histctr,204268
/xlin11/imagine-an-image,204242
/imandvb/xgb-lalala,204255
/darshanbhansali/name-vs-salary-graphs,203441
/jakublangr/xgboost-15-02-2016-0-45769,202679
/flashnik/imagine-an-image1,203173
