/kerneler/starter-nys-clinical-trials-roswell-8fe61aed-c,4873577
/kerneler/starter-nys-county-agricultural-91cc7f9d-9,4873573
/kerneler/starter-nys-continuous-operating-4ccea4ca-4,4873567
/kerneler/starter-nys-child-and-dependent-care-7142e7a9-5,4873547
/kerneler/starter-nys-certified-plant-dealers-7b023e8a-c,4873540
/kerneler/starter-nys-census-2000-and-2010-5b446637-e,4873538
/kerneler/starter-nys-case-specific-beneficial-ad53156e-d,4873537
/kerneler/starter-nys-capital-district-bus-stops-b00f4886-e,4873531
/kerneler/starter-brownfield-redevelopment-264fdc78-1,4873530
/kerneler/starter-nys-dept-of-transportation-8d8afc5c-f,4873515
/kerneler/starter-nys-artificial-reef-aerial-cb316e2c-1,4873506
/kerneler/starter-nys-annual-youth-detention-e7bb2fca-0,4873500
/kerneler/starter-nys-annual-average-daily-4746f194-6,4873497
/kerneler/starter-new-york-state-annual-ba004235-e,4873496
/kerneler/starter-nys-advantage-after-school-202bc8aa-f,4873484
/kerneler/starter-nys-adult-arrests-by-county-125727d3-8,4873483
/kerneler/starter-nys-active-sporting-license-b57b65d0-6,4873480
/kerneler/starter-nys-abandoned-wells-81b9dfa6-d,4873478
/kerneler/starter-nys-supplemental-security-938520be-e,4873474
/kerneler/starter-nys-substance-use-disorder-30e48c18-d,4873457
/kerneler/starter-nys-scholarship-recipients-and-07cf17ff-0,4873442
/kerneler/starter-nys-rochester-genesee-regional-fb839518-f,4873428
/kerneler/starter-nys-school-tax-relief-star-6a0b7ac0-1,4873410
/kerneler/starter-nys-license-permit-non-6fdaedbe-3,4873409
/kerneler/starter-new-york-state-executive-802fdbb0-e,4873404
/kerneler/starter-new-york-state-corporate-tax-de3c140b-f,4873400
/kerneler/starter-nys-mental-health-information-5d822274-c,4873336
/kerneler/starter-nys-greenhouse-gas-emissions-9ce101d8-8,4873296
/kerneler/starter-nys-employment-of-civilian-and-45559a05-2,4873286
/kerneler/starter-nys-electricity-sales-by-1d1e0608-0,4873279
/kerneler/starter-city-university-of-new-york-a4912b55-1,4873210
/kerneler/starter-test026-0d55a2f7-b,4873145
/kerneler/starter-test07-43b4735b-7,4873133
/kerneler/starter-test026-32de9d53-4,4873070
/kaiv24/kernela6f82825ea,4872817
/ongleyi/taylorswiftlyricseda,4874458
/poojasolai/creating-reading-and-writing-workbook,4919486
/tarunpaparaju/the-forest-cover-type-predictor,4866693
/aninditamandal/kernele0b62dd08c,4866284
/ctrlz/forked-from-a-deleted-kernel,4865773
/akhileshsharma/data-cleaning-challenge-handling-missing-values,4866905
/dster/testing-access-for-nyc-taxi-fare-bigquery-dataset,4864654
/adir670/superheroes-sorted-by-difficulty-d84616,4860482
/yasmino/k-rm-z-arap-kalite-tahmini-s-n-fland-rmas,6992897
/danofer/taxi-fares-oof-lgbm,4857716
/kerneler/starter-new-zealand-migration-85815c4d-3,4857531
/kweonwooj/exploratory-data-analysis-in-korean-180801,4860953
/yamanity/how-to-load-dataset,7504299
/angelinajin/exercise-syntax-variables-and-numbers,4853501
/avi221b/kernel914b878579,4852124
/leero9/exercise-coding-in-tensorflow-and-keras-e70b30,7197435
/amansharmma/fork-of-indexing-selecting-assigning,4849573
/amusketeer/predict-future-sales-basic-time-series-wip,4848336
/yuvi335/kernel534d8d68ba,4848074
/tuneshverma/styling-your-plots-0834dc,4847942
/mariust/dl-1-convolutions-for-computer-vision-by-mt,4847913
/dmitriytarasov/creating-reading-and-writing-workbook,5523490
/dmitriytarasov/my-first-machine-learning-model,5024394
/dmitriytarasov/exercise-working-with-external-libraries,4842351
/demettb/ilk-kaggle-calismasi,4841276
/patsham/hello-python,7092228
/yusrasyed/my-first-machine-learning-model,4839891
/varshneydevansh/ships-prediction-a-beginners-guide,4842274
/karlwong/submission,5176010
/yiidtw/a-complete-guide-for-binary-classification-problem,4940605
/radhey15/missing-values-script,4836448
/kaeken/sklearn-plot-digits-agglomeration,4835540
/abhigyanshivam/stacking-house-prices-walkthrough-to-top-5,6304454
/ttruong/recruitment-challenge-data-science,4833387
/lovethph/do-tiers-matter,4833326
/darrellulm/ugbc-gs,4833614
/juancaio/data-cleaning-challenge-character-encodings,4833114
/leero9/exercise-coding-in-tensorflow-and-keras,7197456
/amitkumarjaiswal/airbus-ship-detection-eda,4832059
/leero9/building-models-from-convolutions-2e05fe,7197476
/leero9/building-models-from-convolutions,7197479
/leero9/exercise-convolutions-for-computer-vision,4831029
/aaroncfo/fork-of-getting-started-in-r-summarize-data,4830017
/ayushyuvraj/kernelfc56d43625,4827776
/alouka/handling-missing-values,4827494
/srisudheera/kernel2298e84a98,4827439
/aaroncfo/getting-started-in-r-load-data-into-r,4827475
/sheikmohamed/pandas-time-series-analysis,4826522
/sujoychakma/fork-of-network-optimization-example-airlines,4826228
/sujoychakma/python-beginner-tutorial-draft-ab3b9f,4825638
/kulkarniniraj/lenet-for-flower,5563791
/kaeken/sklearn-plot-lda-qda,4824461
/kanubalad/data-cleaning-challenge-scale-and-normalize-data,4824031
/bharath5673/anomaly-credit-card-fraud-detection,4839227
/huangchuanghuang/fashion-mnist-d2090a,4822758
/bharath5673/telecom-customers,9932449
/elbouziady/a-beginner-s-approach-to-classification,4823112
/santoshbothe/fork-of-predicting-fraud-with-tensorflow,8547579
/winiarski10/digital-recongniser-2-tensorflow,5183184
/ameeamin/naive-bayes-svc-and-ensemble,4819469
/galaxcy/fork-of-fifa18-data-analysis,4818628
/andrewzhen/data-cleaning-challenge-parsing-dates-1438c8,4817935
/rentom/data-cleaning-challenge-scale-and-normalize-data,4817765
/nasrur8/exploratory-data-analysis-eda-103454,4817654
/nasrur8/exploratory-data-analysis-eda,4817620
/rakibul00/python-beginner-tutorial-draft-ab3b9f,4817659
/fahim1998/exploratory-data-analysis-eda,4817609
/shifatsharif/exploratory-data-analysis-eda,4817559
/shammii/exploratory-data-analysis-eda,7683469
/nasrur8/fork-of-python-beginner-tutorial-draft,4817384
/shishir320/python-beginner-tutorial-draft-4b767a,4817555
/sdsourav80/exploratory-data-analysis-eda-935561,4817271
/fahim1998/python-beginner-tutorial-draft-cc279a,4817235
/ilhaam/python-beginner-tutorial-draft-b03432,4817244
/washimazaman50/python-beginner-tutorial-draft-0c6ad7,4816916
/fahim1998/python-beginner-tutorial-draft-d76ccf,4816874
/tanvir35/python-beginner-tutorial-draft-296f97,4817315
/rezatariq/python-beginner-tutorial-draft-498a4c,4816832
/fahim1998/python-beginner-tutorial-draft-c9c3b6,4816726
/sohag07/python-beginner-tutorial-draft-1e0a45,4817289
/nasrur8/python-beginner-tutorial-draft-c8ec73,4816754
/fahim1998/python-introduction,4816685
/fahim1998/python-beginner-tutorial-draft-be59e5,4816666
/nadiaipe/python-beginner-tutorial-draft,4816795
/rafsanrahat9/python-beginner-tutorial-draft-054ca2,4817275
/rifat13/python-beginner-tutorial-draft,4817288
/naziatazneen/python-beginner-tutorial-draft-a575a7,4817277
/tanvir35/python-beginner-tutorial-draft-25cde8,4816786
/abusaideshohan/python-beginner-tutorial-draft-6669a0,4817272
/sohag07/python-beginner-tutorial-draft,4816630
/rezatariq/python-beginner-tutorial-draft-e4199e,4816793
/jannatulmauakanan007/python-beginner-tutorial-draft-516781,4816729
/nazmusshakib/python-beginner-tutorial-draft-04f0f2,4817282
/washimazaman50/python-beginner-tutorial-draft-0735c3,4816749
/nusrat21/python-beginner-tutorial-draft-d63ba6,4816744
/prattaysaha/python-beginner-tutorial-draft-2e6828,6717324
/nasrur8/python-beginner-tutorial-draft-c29dea,4816603
/shatiilrahman/python-beginner-tutorial-draft,4817276
/sporsho37/python-beginner-tutorial-draft,4816747
/sakibhasan/python-beginner-tutorial-draft-ac4bd1,4816743
/ibteda/python-beginner-tutorial-draft,4817311
/shammii/python-beginner-tutorial-draft-5cef59,4817234
/shammii/python-beginner-tutorial-draft-7f7f4e,4816517
/shishir320/python-beginner-tutorial-draft-7b02c9,4816750
/shammii/python-beginner-tutorial-draft-c5f941,7683496
/humayrasamiha/python-beginner-tutorial-draft-579179,4817260
/rakibul00/python-beginner-tutorial-draft-151de0,4817274
/bappy07/python-beginner-tutorial-draft,4817283
/mashrurfahim/python-beginner-tutorial-draft,4816741
/jannatulmauakanan007/python-beginner-tutorial-draft,4817281
/artonmoy/python-beginner-tutorial-draft,4817332
/ilhaam/python-beginner-tutorial-draft,4816773
/niamul1999/python-beginner-tutorial-draft,4817313
/skrishanu/python-beginner-tutorial-draft,4816738
/parvezipe/python-beginner-tutorial-draft,4817324
/nasrur8/python-beginner-tutorial-draft,4817431
/saimajesika/python-beginner-tutorial-draft,4817280
/rafsanrahat9/python-beginner-tutorial-draft,4816405
/abir008/python-beginner-tutorial-draft,4816748
/shorna041/python-beginner-tutorial-draft,4816406
/musfiq12/python-beginner-tutorial-draft,4817269
/jannatul06/python-beginner-tutorial-draft,4817347
/dolon13/python-beginner-tutorial-draft,4817242
/munna23/python-beginner-tutorial-draft,4817266
/shifatsharif/python-beginner-tutorial-draft,4817287
/liluferyasminlipa/python-beginner-tutorial-draft,4816394
/bristy/python-beginner-tutorial-draft,4817229
/shammii/python-beginner-tutorial-draft,7683473
/tanzilislam021/python-beginner-tutorial-draft,4817336
/zabiriam/python-introduction,5126692
/rakib2806/python-beginner-tutorial-draft,4817231
/kechou/summary-functions-and-maps-workbook,4816233
/akkibansal/optimization-logistic-regression,4815633
/juancaio/data-cleaning-challenge-parsing-dates,4813764
/vishreddy/movie-sentiment-baseline,4832090
/santoshbothe/predicting-fraud-with-tensorflow,4821619
/tarunpaparaju/establishing-new-physics-ideas,4807190
/dileeppandey/exercise-syntax-variables-and-numbers,4810607
/kaeken/sklearn-plot-classifier-comparison,4802544
/dingdiego/baseline-0-731-0-158-5-and-more-fold,4883968
/architabanik/user-data-exploration,4801368
/panwarkapil91/salary-and-experince-simple-regression-7c057e,9170201
/panwarkapil91/salary-and-experince-simple-regression,9170222
/tingkai/ulmfit-for-rotten-tomatoes,4796153
/rajashri/titanic-rmd-eda,4792700
/rash03/rashmi,4827181
/skooch/ugbc-es4,5266515
/rohit782192/insurance-data,4789768
/kashyapdas/programming-in-tensorflow-and-keras,5042403
/kkkreddi/kernel8591fcd7ac,4788080
/luisfernandobr/time-series-plotting-optional,4788143
/chococat90/fork-of-py-hw1,4787307
/noi031/kernelcbee89cb6a,4786809
/yamanity/titanic-with-svc-03,4786347
/morenoh149/transfer-learning-resnet-for-pets-with-keras,4827944
/sivaram123/visualization-of-taxi-trip-end-points,4783861
/lipei0330/creating-reading-and-writing-workbook,4829986
/ostaski/dropout-and-strides-for-larger-models,4782454
/siramirsaman/european-soccer-database-with-tensorflow,7553709
/ostaski/deep-learning-from-scratch,4781643
/dmitriytarasov/exercise-loops-and-list-comprehensions,4820959
/iammhaseeb/intro-to-recurrent-neural-networks-using-lstms,4775801
/nocturnaltribe/costa-rica-project,4825252
/dewmalnilanka/kerneld7e35e81fc,4786373
/jimmeex/mark5826-week-2-solutions,4770677
