/neopy1/notebook884f5452c0,673459
/faiazsan1/titanic,673419
/animate/fork-of-notebookae9d008319,673402
/reevok/house-prices-explore-features-and-xgboost,673367
/peenut/discoverying-the-top-10,673401
/nielsa/notebookc56132be32-9d443ddc,673314
/parasetam0l/a-journey-through-titanic,673313
/syncomynco/notebookf716f49e6f,673306
/nielsa/notebookc56132be32,673292
/syncomynco/scout-script,673283
/nielsa/the-most-popular-stations,673278
/nagadurga/notebookf1bb0af3c9,673275
/richardlo/regularized-linear-models,673249
/yientsai/regularized-linear-models-c545a160,673235
/yientsai/regularized-linear-models,673232
/satchel/fork-of-a-journey-through-titanic-test,673216
/rfliu6/python-data-visualizations,673144
/sivagollapalli/notebook01adb42349,673080
/harshi23sharma/digit-recognizer-in-python-using-cnn,672998
/akjayant007/random-forest-benchmark-r,672988
/lonelyrobot/notebook80dffb9769,672965
/lightspeedrich/simple-exploration-notebook-v3-0,672959
/muxiaoqing/mytest,672900
/azurawiz/output,672912
/muxiaoqing/notebooka68eefe43a,672872
/madhumala/notebook0d26f99742,672871
/rowansmith/visualise-movies,672920
/nagadurga/notebookc94ee41a59,672824
/jkartela/classifying-narratives-by-product-w-cnn-tf,672813
/kuparikukka/classifying-narratives-by-product-w-cnn-tf,672808
/guocheng/principal-component-analysis-with-kmeans-visuals,672789
/guocheng/tensorflow-deep-nn-beb8fa6a,672782
/guocheng/tensorflow-deep-nn,672765
/guocheng/a-journey-through-titanic-4e5a915a,672698
/guocheng/a-journey-through-titanic,672671
/lightspeedrich/comprehensive-exploration-and-visualization-1,672656
/rfliu6/exploratory-tutorial-titanic,672641
/dhfromkorea/regularized-linear-models,672584
/hychun/notebook90e954ecd4,672555
/jaideeppoonia/notebookc8a991c587,672543
/littlethunder/haha-py,672536
/littlethunder/notebook4ed908d260,672530
/rooneyroy/notebook669b7d9be3,672511
/abhisheknagarjuna/notebooka07b2eff8a,672503
/zanjibar/custom-port-sample,672586
/anilhk/explore-user-base-by-geo,672455
/venkat2036/a-journey-through-titanic,672414
/thegr8h/randomforestregressor,672287
/ashminswain/titanic-survivors-prediction,672278
/taeheekim/predicting-house-prices-in-ames-iowa,672236
/caoxiangyong45/titanic-data-analysis-and-machine-learning,672230
/caoxiangyong45/titanic-compare-different-model-scores,672228
/neopy1/fork-of-first-try-at-eda-predictive-analysis,672222
/carleton/notebookae4a8b78fd,672221
/aankitakaur/notebook0e6cad004c,672166
/z9t0837/notebook7ebaabe953,672149
/aniketb/a-journey-through-titanic,672138
/ryosuke/a-journey-through-titanic,672100
/pratik1390/digitrecognizer,672085
/pratik1390/notebookd2388f94a0,672083
/microcosmofsam/python-data-visualizations,672074
/sauvikde/predicting-survival-in-titanic-disaster,672073
/jhs1728/first-trial,672048
/qingnan/notebook01b3464991,672016
/sauvikde/predicting-survival-on-titanic,671987
/zcy111222/fork-of-notebookb0113e538f,671985
/linearregression/regularized-linear-models-0793c9e9,671983
/sauvikde/fork-of-notebooka931b4b5a5,671980
/chowwin/exploring-survival-on-the-titanic,671968
/wu1982/notebook5cf52527d5,671923
/yoichi7yamakawa/lasso-model-for-regression-problem,671913
/flashcube/notebook950a13131f,671906
/flashcube/notebook03506612dd,671893
/flashcube/notebooka8d0d72f88,671891
/linearregression/regularized-linear-models-5ed011f2,671882
/dawber/notebookcba407f0bf,671857
/arvidzt/10-classifier-showdown-in-scikit-learn,671850
/azhariz/a-journey-through-titanic-171f4a74,671830
/dileep31/a-linear-model-on-apps-and-labels,671827
/tsubuo/titanic-survival-prediction-end-to-end-ml-pipeline,671821
/nsang92/titanic-data-science-solutions,671799
/zhangjuefei/fork-of-explore-and-classification-of-mushrooms,671791
/mengyigao/notebook51de5fdcfb,671782
/linearregression/notebook7c9aba10ce,671775
/jonus311/animation-basemap-plotly-for-air-quality-index,671757
/sauvikde/fork-of-notebookdf3d426597,671658
/hartleyg/a-journey-through-titanic,671655
/shasvatj/load-polygons-images-scale-polygons,671646
/currie32/notebook703ba464ad,671579
/necravolver/notebookb0c258db2a,671530
/currie32/notebookf59a26c229,671518
/ashideldar/fork-of-notebook784adf30e8,671514
/ashideldar/student-performance-prediction,671471
/yingcheng/sentiment-classification-in-5-classes,671444
/markmac/test-nihao,671417
/luwenlong321/notebooka1b00b9aba,671404
/ashideldar/principal-component-analysis-with-kmeans-visuals,671398
/mrklees/tensorflow,671381
/robotxelliot/python-data-visualizations,671374
/yingcheng/building-a-prediction-model,671334
/mrklees/principal-component-analysis-with-scikit-learn,671318
/mrklees/notebookf4e6c078bd,671289
/ndennler/ndennlertitanic,671252
/youngwill/notebook9e11b60b69,671245
/mathewsavage/exploration,671168
/moto600f/notebook583e1995dd,671101
/jsyadav/exploratory-study-on-ml-algorithms,671083
/pbellis/default,671077
/zhenqiwang/notebook7360413921,671053
/moto600f/notebookf59b13e4c5,671043
/jeanwayne/notebook49e0d64312,671004
/fatich/notebooka692c29821,670958
/andymarsden100/notebook541eed85c8,670946
/sree14/notebookbc6ddf3610,670934
/ilsetse/notebook8049aabb2a,670931
/droidkari/a-journey-through-titanic,670911
/pineapplebun/notebook42ff292b5a,670894
/droidkari/user-data-exploration,670888
/danteomar/notebookf665d6bdcd,670840
/betterplace/is-landing-access-for-ad-clicks-in-page-views-csv,670831
/michellejw/i-3-libraries,670779
/zmoustafa/tensorflow-deep-nn,670776
/moto600f/notebook3b779d61db,670775
/livasila/notebookd0f4d95f60,670772
/robot1/a-journey-through-titanic,670714
/garygan/notebookcddb75123a,670680
/phdepfl/notebookb52a537662,670670
/armathos/terrorist-attacks-in-united-states,670668
/pomodorochris/notebookd8aad42d61,670622
/hazalkantarci/notebook978628fb0b,670454
/epxjk82/titanic-survival-prediction-end-to-end-ml-pipeline,670755
/hofpcp/10-classifier-showdown-in-scikit-learn-forked,670435
/arcondo/tensorflow-deep-nn,670355
/harribo/digit-recognizer-in-python-using-cnn,670330
/rollingstone99/finding-boatids,670329
/arcondo/principal-component-analysis-explained,670301
/peterreif/iris-data-with-ggplot-shiny,670299
/mspakuru/notebookaa9baf1122,670244
/awowen/a-journey-through-titanic,670233
/jbuitelaar/a-journey-through-titanic,670232
/harshulsoni/notebookffb4feff80,670229
/jayrumi/notebookffa5459965,674951
/mackenziegray/notebookba20eab7d8,670197
/yuduow/a-journey-through-titanic,670194
/rpmnitp/explore-and-classification-of-mushrooms,670190
/pratik/notebookeb4aaf3946,670187
/jbuitelaar/notebookf2fcfda850,670185
/kushalt/nips-papers-visualized-with-nmf-and-t-sne,670182
/mucyomiller/a-journey-through-titanic,670163
/harribo/a-journey-through-titanic,670148
/tessob/python-data-visualizations,670128
/pamdirac/notebookb8f420fdec,670080
/dennisoost/notebook9714580b83,670060
/nebular/notebookd5e9890aaf,670043
/vanic2016/tensorflow-1vs1,669934
/dilekmurat/notebook4da5a971b8,669875
/xingcoco/2016-election,669865
/chendan08/a-quick-analysis-on-german-credit-data,669807
/chuckyin/notebook6d3d968c7e,669786
/jayanthphegde/my-titanic,669691
/phamcong/notebook933050f9b4,669663
/jeffy0637/notebookdf8978718f,669661
/phamcong/notebook5ecfb39b29,669644
/phamcong/notebook066dcfb894,669636
/shirgaokar/cnn-in-keras,669634
/nspatank/timepass,669586
/gtrimarc/date-exploration-and-train-test-split,669570
/gtrimarc/explore-user-base-by-geo,669567
/tvickory/fish-detection,669543
/dauregbienfait/animal-classes-multiple-ml-approaches,669511
/sevval/kaggle-titanic-001,678978
/vovacher/notebook1ff8a02532,669498
/yigalw/unveiling-page-views-csv-with-pyspark,669494
/andriid/notebookbf7cbc9e12,669487
/stuffandthings/notebook6c52283ac0,669468
/jetpackdata/notebook313bdfae4c,669387
/jetpackdata/notebook324a02dd88,669345
/adiamb/notebookdcb4705949,669332
/leaflettuce/outbrain-eda-and-predictor,669335
/perrinpro/detailed-data-exploration-in-python-ab3c9c96,669324
/perrinpro/detailed-data-exploration-in-python-2f99edac,669307
/dataskeptic/can-we-improve-by-increasing-variance-5fead118,669252
/earuso/a-journey-through-titanic,669243
/dataskeptic/can-we-improve-by-increasing-variance-b75f124d,669218
/rogerkuo007/notebook42926aded4,669212
/seladiamand/notebook156e7efc5d,669189
/clmachado/notebookea102f05f9,669178
/jane522/regularized-linear-models,669169
/dataskeptic/can-we-improve-by-increasing-variance,669147
/ecegkcy/a-journey-through-titanic,669134
/busrasahin/notebookfb2fd13c0b,669131
/wklwkl/digitrecognize,669089
/ecegkcy/notebooke8c9aae803,669084
/ecegkcy/notebook402fd243d6,669058
/polosin/a-journey-through-titanic,669019
/peterching/titanic-data-science-solutions-b34a7346,669008
/peterching/titanic-data-science-solutions,669006
/joanamartins/notebookb239b49ec3,669000
/andreimunteanu/notebookdf17c9f468,668999
/amitkmr/notebookacf55cb451,3662934
