/laiguanyu001/indexing-selecting-assigning-11-11,7294239
/laiguanyu001/creating-reading-and-writing-workbook-11-11,7293303
/cfitz707/exercise-syntax-variables-and-numbers,7289356
/laiguanyu001/exercise-joining-data-11-11,7286926
/hmimed/machine-leaning-level-2-courses,7308484
/jonleon/data-cleaning-challenge-handling-missing-values,7393425
/laiguanyu001/exercise-as-with-11-11,7285110
/tdikonda/exercise-permutation-importance,7319736
/laiguanyu001/exercise-order-by-practice-11-11,7284057
/ioannissavvidis/instacart-eda-2-assignment,7304748
/konstantinosalamanis/instacart-eda-2-assignment-c72f40,7356659
/tasosevangelopoulos/instacart-eda-2-assignment,7346469
/waxman8/exercise-syntax-variables-and-numbers,7740816
/vibhasatya/cig-notcig-tl,7602548
/constantinamak/instacart-eda-2-assignment,7272192
/helper/task-green-deck,7363033
/bboywillis/exercise-machine-learning-competitions,7269310
/bboywillis/exercise-underfitting-and-overfitting,7268430
/bboywillis/exercise-model-validation-8c422e,7266137
/juanlebk/exercise-joining-data,7265623
/jasonduncanwilson/exercise-deep-learning-modeling-from-scratch,7264700
/bboywillis/exercise-your-first-machine-learning-model-2acadc,7263368
/sarantou/instacart-eda-2-assignment,7321137
/sokoolx/exercise-random-forests,7257702
/jasonduncanwilson/exercise-deep-learning-data-augmentation,7256981
/dumjumjmywum/learn-python-challenge-day-2-exercises,7256854
/dumjumjmywum/learn-python-challenge-day-1-exercises,7255911
/neverever1594/data-cleaning-challenge-character-encoding-2bf710,7255821
/neverever1594/data-cleaning-challenge-parsing-dates,7253519
/alicewaterhouse/titanic-submission,7284685
/nghianh7/exercise-machine-learning-competitions,7254046
/prakr89/machine-learning-in-python,7994109
/neverever1594/data-cleaning-challenge-scale-and-normaliz-65b9d1,7250577
/juanlebk/exercise-as-with,7252208
/icurve/indexing-selecting-assigning,7249264
/sokoolx/exercise-underfitting-and-overfitting,7246283
/sokoolx/exercise-model-validation-971e99,7245792
/marianaaverkadou/instacart-eda-2-assignment-6a953e,7248849
/sokoolx/exercise-your-first-machine-learning-model,7244379
/puru2000/exercise-booleans-and-conditionals,9091790
/sokoolx/exercise-explore-your-data,7243053
/juanlebk/exercise-order-by,7248133
/yassinealouini/airbus-quick-eda-mask-r-cnn-annotated,7256812
/sokoolx/exercise-working-with-external-libraries,7241942
/hncuong/fast-ai-lesson-4,7469913
/shadowcuckoo/exercise-model-validation,7238513
/shadowcuckoo/exercise-your-first-machine-learning-model,7237768
/sahanashenoy/exercise-syntax-variables-and-numbers,7237301
/dhy03196/test-for-paper,7355795
/laiguanyu001/exercise-group-by-having-count,7236360
/laiguanyu001/exercise-using-select-from-where,7235306
/efstathiasdrolia/instacart-eda-2-assignment,7348822
/gaelblanch/scorepytorch,7236725
/sokoolx/exercise-strings-and-dictionaries,7229071
/sokoolx/exercise-loops-and-list-comprehensions,7227160
/sokoolx/exercise-lists-b69574,7226277
/laiguanyu001/sql-practice-11-09-2018,7234430
/sokoolx/exercise-booleans-and-conditionals,7223959
/aigerim95/data-cleaning-challenge-handling-missing-v-8eaf95,7401480
/nicolasdupouy/exercise-functions-and-getting-help,7223658
/ankitbasu/grouping-and-sorting,7300971
/anthony35813/learn-python-challenge-day-6-exercises,9517636
/icurve/creating-reading-and-writing-workbook,7246606
/gianniskazanas/instacart-eda-2-assignment,7337400
/neverever1594/data-cleaning-challenge-handling-missing-v-a2b1eb,7225498
/muratkz/data-cleaning-inconsistent-data-entry-5,7218609
/muratkz/data-cleaning-character-encodings-4,7218343
/muratkz/data-cleaning-parsing-dates-3,7218054
/muratkz/data-cleaning-handling-missing-values-1,7217720
/georgetsn/instacart-eda-2-assignment,7350874
/msanjay/human-protien-atlas-image-classification,7222272
/sankhadeep2007/exercise-lists,7217348
/wouterlefever/grouping-and-sorting,7215553
/abushaik5612/exercise-your-first-machine-learning-model,7214573
/hilltothesouth/exercise-strings-and-dictionaries,7983270
/akmanat/data-cleaning-challenge-character-encoding-4b2d0b,7211710
/akmanat/data-cleaning-challenge-parsing-dates-215f4c,7211602
/csabathamo86/gridsearchcv-hyperparameter-tuning-riddle,7240061
/rushal/indexing-selecting-assigning,7210224
/vvsiva03/learn-python-challenge-day-1-exercises,7207267
/nicolasvasquez/exercise-machine-learning-competitions,7292956
/mokeam/exercise-underfitting-and-overfitting,7201731
/lakshmipriyar/fork-of-fork-of-cats-vs-dogs,7201350
/mokeam/exercise-model-validation,7201421
/sokoolx/exercise-functions-and-getting-help,7198673
/dassgrv/custom-data-handwritten,7462289
/mfekadu/preds-calc-accuracy-but-overfitdirs,7197542
/sokoolx/exercise-syntax-variables-and-numbers,7197310
/louish10/beating-everything-with-depthwise-convolution,7197555
/syaman/cleaning-data,7195244
/cecilmalone/learn-python-challenge-day-6-exercises,8678457
/nicolasdupouy/exercise-syntax-variables-and-numbers,7215752
/arbste/exercise-lists,7191307
/niemtany/cats-vs-dogs-classification,7626168
/amrelkenawy/a2-demo-analyzing-cardiovascular-data-5d8850,7187985
/muratkz/data-cleaning-scale-and-normalize-data-2,7217392
/yakolle/gs-rtnn-uv-train-1-4,7192890
/pragyachik/method-chaining-workbook,7213656
/adrian1acoran/starter-explore-youtube8m-sample-data,7182561
/mpsds2018/m3-neural-network-presentation,7188959
/irons0ul/data-cleaning-challenge-inconsistent-data-entry,7190278
/irons0ul/data-cleaning-challenge-character-encodings,7190728
/dbzombie134/data-cleaning-challenge-character-encodings,7196066
/krsnewwave/train-using-keras,7206305
/dbzombie134/data-cleaning-challenge-parsing-dates,7196407
/yakolle/gs-nn-uv-train-1-8-2-reboot,7171647
/walters295/dwdm-project-copy,7167678
/taha95/psl-matchs-prediction,7163058
/cecilmalone/learn-python-challenge-day-5-exercises,7182620
/razurazu/instacart-eda-2-study-book,7156653
/shadowcuckoo/exercise-explore-your-data,7236828
/jitendrabhuyan/exercise-lists,7150330
/alvbarros/exercise-explore-your-data,7148742
/amrelkenawy/a1-demo-pandas-and-uci-adult-dataset,7379280
/binaypdl053/emotion-detection,7352154
/pragyachik/grouping-and-sorting,7148324
/sam19051993/data-cleaning-challenge-handling-missing-values,7148208
/skusuru/exercise-data-augmentation,7141402
/skusuru/exercise-using-transfer-learning,7140477
/elenabalena/exercise-working-with-external-libraries,9618763
/theschles/fast-ai-lesson-1,7702820
/juanlebk/exercise-group-by-having-count,7242134
/razurazu/instacart-eda-1-assignment-f7107b,7153005
/dimitrakal/instacart-eda-1-assignment-1d60a2,7152999
/christosgkiouloglou/instacart-eda-1-assignment,7130881
/gpreda/my-own-kaggle-profile,7683146
/juanlebk/exercise-using-select-from-where,7131489
/poornimasivanand/exercise-syntax-variables-and-numbers,7260315
/rcredhit/exercise-functions-and-getting-help,7125577
/ru81o454/method-chaining-workbook-f3315e,7125855
/marianaaverkadou/instacart-eda-1-assignment,7152860
/akshayakshu/exercise-functions-and-getting-help,7121869
/kokovidis/instacart-eda-2-study-book,7222904
/adelizer/exercise-your-first-machine-learning-model,7123160
/shunsugiyama/fork-of-dpcnn-3d92bd,7113430
/aradlbeck/eda-initial-analytical-model,7875257
/shunsugiyama/dpcnn,7109313
/anthony35813/learn-python-challenge-day-5-exercises,9517537
/juanlebk/getting-started-with-sql-and-bigquery-workbook,7127130
/sarantou/instacart-eda-1-assignment,7129417
/augustocardoso07/exercise-functions-and-getting-help,7103430
/augustocardoso07/exercise-syntax-variables-and-numbers,7103011
/pragyachik/summary-functions-and-maps-workbook,7144771
/constantinamak/instacart-eda-1-assignment,7124277
/wouterlefever/exercise-random-forests,7099356
/celinea/welcome-to-data-science-in-r-workbook,7220810
/stenalam/fork-of-project-machine-learning-autocapt-4ac185,7140725
/wouterlefever/exercise-model-validation,7098685
/anthony35813/learn-python-challenge-day-4-exercises,9517459
/wouterlefever/exercise-your-first-machine-learning-model,7097750
/alqamahjsr/exercise-working-with-external-libraries,7096583
/jaychitransh007/exercise-underfitting-and-overfitting-d83a97,7083880
/migeruj/weather-classification-10-best-ml-classifiers,7083249
/atishsmore/exercise-booleans-and-conditionals,7462174
/efstathiasdrolia/instacart-eda-1-assignment-ab89d1,7075531
/juanlebk/exercise-model-validation,7087509
/ksarafrazi/titanicdnn,7074861
/silver5005/market-data-nn-baseline-55d84f,7126530
/dimosraptis/instacart-eda-1-assignment,7153107
/olgabelitskaya/quick-draw-doodle-recognition-2cv27,7311126
/italoo/grouping-and-sorting,7109219
/italoo/summary-functions-and-maps-workbook,7069688
/denisvodchyts/two-sigma-tf-2-classification,7284336
/italoo/indexing-selecting-assigning,7068570
/ioannissavvidis/instacart-eda-1-assignment,7153078
/vantoniadis/instacart-eda-1-assignment,7152080
/miwojc/fast-ai-machine-learning-lesson-3,7066257
/adrian1acoran/1-pi-3-14159265358979324-code-7d7348,7119886
/prappk19/question-similarity-using-lstm-embedding-bd119d,7967293
/elenabalena/exercise-loops-and-list-comprehensions,7073737
/domhenjes/htm-2018-sentiment-analysis-final,7061980
/charalambos/instacart-eda-1-assignment,7142332
/aiyazsarwar/data-cleaning-challenge-handling-missing-v-928dc3,7059154
/sanikamal/principal-component-analysis-with-kmeans,7196229
/adrian1acoran/1-1-pi-3-14159265358979324-codigo-e91bb9,7059323
/anthony35813/learn-python-challenge-day-3-exercises-4c11a2,7058232
/gauravkoradiya/neural-network-approach,7060647
/shwetaghumre/learn-python-challenge-day-2-exercises-60ea96,7056249
/rajspd/creating-reading-and-writing-workbook,7065806
/diegotrazzi/template-random-forest,7052313
/wojtkep/exercise-your-first-machine-learning-model,7047510
/ayazangaria/diabetes-dataset-k-fold,10743023
/tasosevangelopoulos/instacart-eda-1-assignment-6609f5,7043915
/thawatchai2018/house-price-predictions-learn-practice,7094534
/jaanu989/exercise-model-validation,7038457
/jaanu989/exercise-your-first-machine-learning-model,7037256
/pragyachik/creating-reading-and-writing-workbook,7057785
/tzeny15/full-preprocessing-tutorial,7036161
/veronikafilippou/instacart-eda-1-assignment,7153130
/ankitbasu/summary-functions-and-maps-workbook-a6b598,7222502
/ilyabogdanov/baseline-424e6b,7043388
/sumitdua10/imdb-text-classification-ensemble,7033967
/thawatchai2018/house-price-calculation-practice,7037635
/yuooka/binary-class-fo01-demo-181109-instant,7054151
/eijisan/hello-python-russian-version,7054583
/grishanov/6-costa-rican-household-poverty-level-prediction,7023618
/rohanchadha/exercise-using-transfer-learning,7021638
/sumitdua10/imdb-text-classification-dropout-comparison,7032164
/dassgrv/custom-files,7461829
/anthony35813/learn-python-challenge-day-2-exercises,7019000
