/dc4data/notebook155c3e8c32,366016
/vinit0824/notebookf7a5165b99,366015
/tetevi/notebook635ab2e985,366012
/mdickey/notebook8aea299560,365998
/pauaribeiro/analyzing-text-in-consumer-complaints,366195
/benainscough/a-journey-through-titanic,369659
/hessam/sentiment-classification-in-5-classes,366126
/maheshag5/notebook623d6e2d3f,365966
/radarthreat/notebook6783a544ba,365926
/zzqoxygen/a-journey-through-titanic,366605
/robo87/tensorflow-deep-nn,365914
/feanolmo/single-unified-table-0-94-sklearn-3503ebeb,365898
/sadeghjokar/notebooka0d29e3fd5,365897
/tonythomas/notebooka25ff44fa9,365896
/sharmasanthosh/notebook9e4a11f66d,365892
/lachapeliere/notebook6e8bd4978b,365871
/taishomono/notebook7623a7f971,365860
/sambit7/notebookb6ca283537,365828
/assa2as/notebook44bfac53e7,365817
/redaaffane/a-journey-through-titanic-9366ba09,365816
/subhendu/a-journey-through-titanic,365765
/anchorstrome/notebook1cda956a0e,365751
/muchichi/notebook3d59ab65f2,365749
/noreddine/notebookbd61fb415e,365729
/kevinadlibitum/python-data-visualizations,365727
/jinchengjun/notebook7082752b3e,365721
/stellated/notebook5af7f04aa1,365718
/mukky99/notebook4cf93eb6c4,365698
/imanol/notebook7f54aaef65,365692
/longestnametruncated/notebook7208479f99,365662
/jguillaumin/python-data-visualizations,365652
/yseon99/python-data-visualizations,365643
/penmily/titanic-dt,365947
/andreseliot/xgboost,368498
/baharazari/notebooka1e6e7d9af,365712
/prasannarao/notebookd95afb5d56,365577
/wewuyi/python-data-visualizations,365563
/wewuyi/a-journey-through-titanic,365541
/wewuyi/who-not-to-fly-with,365540
/rvsandeep/notebook924b0eb5e0,365534
/deepaka/explore-enron,365482
/jenntlimb/house-party,366418
/xhuang25/who-not-to-fly-with,1401557
/c1ozbek/notebookd7012c75b7,365434
/tranquangdai007/notebook18330b859a,365420
/acehanks/notebooka630c8976e,366370
/ilmcconnell/a-journey-through-titanic-247430eb,365415
/alpharhoy13/who-not-to-fly-with,366884
/douglasjia/take-a-look-at-the-data-7ba66fc4,365386
/jals123/notebook68901d77b3,365380
/fightclubzhou/a-linear-model-on-apps-and-labels,365396
/seanliu/dog-breeds-dog-groups,365695
/brunonocetti/notebook2047cc1f86,1512531
/ekhtiar/notebook59df2ba203,365262
/petezhanghan/tensorflow-deep-nn,365259
/raazesh/notebook65bc0fece3,365213
/thotapalli/notebook7680bf2d14,365211
/rodericksd/dr-titanic-on-kaggle-9-15-2016-part-2,375419
/zacstewart/notebookf9fe3862ce,365153
/wschulz/notebookd4ca438b1b,365150
/stylusfrost/notebookdf71c029c5,365086
/trivediviral/notebookfeef75baa8,365057
/p18novembre/notebookeebb344945,365049
/hallee/notebook1be261389f,365043
/jrcolecity/notebook1d155c1512,365035
/bumshmyak/notebookde7e89070c,365000
/menoseegood/notebookba6fefa339,364983
/barley99/notebookf5c414efc8,365454
/jiashenliu/notebook7406ff7c0e,364931
/andreseliot/notebookd16e2c7cc8,364924
/badicst/a-journey-through-titanic,364916
/sfilios/a-journey-through-titanic,364933
/kunwarshivam/notebookb0d4e99174,364888
/vivekg342/notebookf8a67f3690,364875
/douglasjia/take-a-look-at-the-data,364845
/roshnr/notebook6d09d22852,364824
/renangohe/exploring-features,364923
/leengsmile/notebook5f286c3ece,364768
/morgan23/notebook71894a4ca5,364715
/jeanpat/notebook24acad8de2,364711
/zonemercy/notebook3b11ef1b04,364693
/apriori/notebook8c2b623152,364684
/montaigne66/python-data-visualizations,364676
/hectordroguett/notebook87e469e807,364652
/yasserabbass/notebook366c08671e,364645
/ljofre/notebook4dc9a20e72,364636
/nairvine/house-price-prediction-part-1,364689
/wolfgangpfnuer/notebook91381475e8,364709
/sadeghjokar/notebookc08512dbcf,364585
/mkrcah/notebook5a3d6a0bbe,364575
/hadara/notebookf909cc3d74,364517
/jitesh03/notebook2767f966b5,364516
/s0182840/python-data-visualizations-490c6e40,364501
/pjhampton/notebook2bf726a491,364491
/groskilled/notebookb5317ea4fe,364482
/saurograndi/notebook0bd29d3476,364475
/harishbchalam204/notebook26431a94fb,364474
/guidoman/notebookd06dc6ca19,365520
/nuke88/knn-from-scratch-in-python-at-97-1,364394
/mojtabaebrahimi85/notebook2740dfb58e,364388
/tzomas/notebook5c8a9e4ce5,364343
/milktse/notebookab6be71452,364309
/sherlockliao/simple-perceptron-classifier,364302
/abelarregui/notebook29e4d2c38f,364292
/milktse/notebookbd3b190b4c,364238
/drpatrickchan/fft-top-32-peaks-cross-correlation,364234
/robinlai/regularized-linear-models,366337
/twsthomas/tensorflow-deep-nn,1297348
/priyankgupta86/a-journey-through-titanic,364206
/paras33/exploring-survival-on-the-titanic,364395
/xiaoa6435/a-linear-model-on-apps-and-labels,364201
/mrudula/notebookff67d8c201,364179
/cttsai/keras-benchmark-struct-tweak-date-and-label-cv,364797
/danielleip/python-data-visualizations,364170
/kenkoooo/notebook3c00548e3d,364157
/pankajmishra/notebookbfa634872d,364146
/pankajmishra/explore-imdb-dataset,364144
/kallar/notebook082fad29d1,364142
/kveykva/notebook80d9e0e6bd,364126
/happymaggie/notebook00b7651b5b,364125
/sankethmopuru/notebook2435b2de55,364117
/pponte/data-exploring-part-1-indicators,364113
/dineshr/notebookfa3ef9a979,364111
/bennyhobart/python-data-visualizations,364097
/chaos33/notebookf5c725938c,364081
/dbruning/notebook8a1d298142,364076
/apartmentguru/notebook616208e9e3,364074
/krisht/notebookd66200047a,364058
/dawny33/titanic-analytics,364053
/ljofre/notebook0c45f9e43a,364046
/ischmit/who-not-to-fly-with,364037
/tharunniranjan/notebookbe5c1eb57f,364002
/nlmorgan/notebook05c5867468,363980
/alaaawad/mnist-convnet,1853686
/ievgenii1101/notebook52b69e9ebe,363963
/krisht/notebook261c157864,363932
/teapark/notebook6f6c5915a9,363940
/sunnyrain/regularized-linear-models-bd009475,364035
/vaishnavj/a-journey-through-titanic,363900
/mlameya/a-journey-through-titanic,363846
/lingcheng99/notebook9094be82f5,363784
/zotufip/notebookb29c37f6f3,365807
/chomi87/exploring-plotline-keywords,363697
/elguapo77/who-not-to-fly-with,363691
/srirama/notebookd380996acd,363686
/dev1ndog/notebookf172e613ec,363683
/madsingwar/notebookf23a8cbf90,363682
/pkamath/notebook692568707d,363721
/jac812i/notebook0ed40a3a3c,363660
/ralcazar/who-not-to-fly-with,363638
/yasirmir/regularized-linear-models,363587
/juditb/notebook475fcf1784,363571
/valecdb/notebook1583b43c8b,363557
/antgoldbloom/notebook659155ef9e,363554
/aruizga7/notebook279ae6dd9b,363552
/garsol/notebookd340d4b2db,366258
/mdvandamme/notebook64d9626c47,363534
/grizlk/notebook383a5f1d70,363524
/shihaozhang/notebook46bb3a2e0c,363452
/s0182840/python-data-visualizations,363449
/sankethmopuru/notebook50ecf0ef95,364128
/emsentropy/notebooka828da095d,363414
/shixw125/notebooka508e7d104,363378
/aruizga7/notebookade63234a3,363375
/ziakhan/notebookb82c6b4c46,363362
/jasongaogj/python-data-visualizations-3d9417a6,363347
/ksukmanskaya/notebook33a2534ae4,363341
/pelusoft/python-data-visualizations,363337
/wurbgurbl/notebookd10a60e53a,363335
/ketansahils/notebook6fed652eac,363332
/ketansahils/notebookef10c5a8a2,363324
/feanolmo/notebook720f79bf8f,363311
/nicolimar/tensorflow-deep-nn,363306
/nandofarias/a-journey-through-titanic,363195
/olgaman/notebookf74e0ba2a4,363190
/nolantj/notebook45d98d2bc8,364743
/omorhefere1/tensorflow-deep-nn,363177
/smifaye/notebooke4e7072aaa,363172
/rodericksd/dr-titanic-on-kaggle-9-15-2016,365184
/lcsuperman2011/a-journey-through-titanic,371761
/zzqoxygen/notebookb2a4bbedc1,363144
/lukereding/notebook5cf1a6ac28,363133
/idenzo/notebook612417dfa5,363126
/leewk92/notebook556e303859,363122
/mcallaghan/notebook68893d9d10,363109
/hskksk/13092016-submit-1005,364083
/karanpathak/notebook8299842937,363098
/cheech/notebook07a7e28450,363077
/cheech/notebook14b0227a24,363079
/seandot7/regularized-linear-models,363041
/iramusa/notebooke2dd85fca8,363039
/aambardar/python-data-visualizations,362986
/lorz3l/notebook09a34a4c53,362896
/jackieassa/tensorflow-deep-nn,362872
/kimboqi/visual-exploration-of-the-planets,362831
/kaloyannikov/notebooke8ade739f1,362811
/gieraths/who-not-to-fly-with,362805
/jishanbaig/notebook62d2b28ec7,362800
/salmanpopa/notebook17664309f6,362799
/sankethmopuru/notebook8eb5d666f3,362794
