/frenzykryger/notebook40d958bda6,390712
/sueshiao/notebooka82495508a,390696
/mkesselaers/notebook3f273cc9d8,390681
/youdan/notebooka605a9355b,390614
/smdowl/notebook4851f7c234,390608
/clararnoux/notebookff39edfbb3,390601
/tisco145/notebook4d5ccbf25a,390753
/theofilos/image-augmentation-with-keras-and-output-into-csv,390549
/kasfreedom/notebooke4b916c553,390539
/fisimon/notebookb7f3922a3e,390537
/anki08/notebook66f9ef17a9,390527
/agentauers/notebookaba63b22d8,390501
/physicyst/notebook272325774b,390457
/towsonboy/notebook0aeb71f8f2,390441
/ksaltsoy/notebook0f3348dd03,390434
/jonasbury/notebook01b4ce949e,390433
/geetarawat/notebookdd6d74d560,390391
/davidfox/notebookefd92ab8d9,390381
/nelegerrits/notebook55ca355b9d,390366
/savostinkaggle/notebook6c1f129f8c,390352
/lilf0110/notebook94a2160dcf,390346
/sairanjith/basic-ml-80,390328
/hmiller/notebookc612789d25,390314
/jayhawk1900/notebook845ca5d46c,390282
/khuylebroeck/notebook2887a5dcb5,390224
/david101/notebooka9c939b615,390217
/fanghon/python-data-visualizations,389957
/masoudn/notebook3f3fb4cfae,389885
/chukyworld/notebook96cc6fc931,389731
/kyohei0429/notebook7571bf188f,389716
/pbhangadia/notebookd8d7844da7,389713
/garywang/notebook602b73107a,389705
/qmaruf/regularized-linear-models-5cf679b4,389734
/dmitrypogodin/tensorflow-deep-nn-75450610,394112
/alavi1395/magic-feature-visualization,389694
/lionalio/basic-model-using-pandas-and-sklearn,389689
/yeontak/notebooke924cad06c,389675
/rammohan518/notebook3b35f12e73,389666
/yijunliu/notebook5c44059bdc,1363280
/xljxlj/notebook60a161c9e0,389636
/aleklim/notebook5ea61efb84,389631
/terabytes/feature-importances-on-xgboost,389632
/wangming123/notebook4f2a416db2,389622
/ceshine/magic-feature-visualization,389627
/simbehl/notebook0a81047045,389594
/fyuanfen/date-exploration-6min-0-01,390022
/aravind2905/notebook04f55c79f0,389583
/jz2360zhu/notebook53d093ea69,389581
/ynskrishna/notebook6390a9a82c,389580
/yqf3139/notebook87b43361a0,389578
/kvnchn/notebookcf0282c794,389577
/heyavery/notebook551bba7f4b,389576
/hongweizhang/notebook2ee9723bae,389573
/lordasart/a-linear-model-on-apps-and-labels-48ebffed,389648
/jungwon/notebookd15be01d6e,389565
/ingrid/knn-from-scratch-in-python-at-97-1,389556
/butteredbaguette/notebookf94042fa8c,389554
/tarekallamjr/python-data-visualizations,389498
/magsgiust/notebook29ea333f52,389483
/padpadpadpad/notebookdc2db839ba,389464
/gabrielhudak/exploratory-tutorial-titanic-copy-playing-only,389453
/ccornwell/notebooka6f5783ded,389451
/thibalbo/notebook68e974be72,389427
/jenyquist/notebook1703278ed8,389416
/luchaoru/finding-dependencies-states-roads-age-alcohol,389414
/doolal/python-data-visualizations,389412
/ricardodfilipe/notebooke4c9b41c0c,389387
/tangyuan/airline-sentiment-part-2,389373
/joannalvarez/notebookce29fbcb03,389364
/darshansharma007/regularized-linear-models,389361
/gautamkhurana/notebookb13aa3afff,389347
/cisco14/notebook84c421977e,389332
/tangyuan/airline-sentiment-part-1,389327
/lelpresidente/notebook9c4b1f059e,389314
/pandoju/a-journey-through-titanic,389310
/akki0206/notebook760f15bca3,389300
/westleydang/notebook8bd1c02fc0,389293
/paycoder/notebook8eec030c6b,389267
/sallymiddleton/notebook8d235f5f49,389231
/willacy/notebook9770d4967a,389217
/aaboyles/regularized-linear-models,389180
/davidnohejl/notebookca6503f116,389177
/alphyelsa/notebook9d58e754e3,389174
/waylonflinn/notebook59dccc7a3b,389163
/kevalinder/notebook71df284fb4,389130
/clapaucio/notebookf853f6730b,389095
/rohitc01/notebook17a70f6f48,389105
/lalthan/notebookd9a586f138,389066
/zttech/python-data-visualizations,389016
/jasonsalas/notebookc79121c703,388977
/arunsahu74/notebooke8c0c9d455,388955
/zourui/date-exploration-6min-0-01-fc3dfdfc,388943
/untech/notebook732d1462de,388930
/ravi9z/notebooka7d0f4d652,388929
/datasan/notebook76844870fc,388927
/wangming123/notebook8664dc4c5b,388902
/jahchaisang/notebook4e91b989f5,397461
/seu1tyz/regularized-linear-models-c3b1bccd,388844
/fyuanfen/notebookbfff86a313,388820
/hongweizhang/notebook9b1b76a96e,388818
/chialindu/notebooktest,388811
/fyuanfen/kaggle-titanic-001,388807
/awangntu/notebook029fcbe806,388797
/om1042/explore-user-base-by-geo,389704
/tomcy77/notebookfa92480d40,388742
/chialindu/notebook6906b96694,388737
/chialindu/notebook0f46ab133b,388723
/sandyscience/notebook8594ed5dd0,388711
/nickguryan/python-data-visualizations,388713
/ganesh7/notebook7abe225b3f,388672
/astroria/notebookd347d83173,388602
/seu1tyz/regularized-linear-models,388598
/maagla/notebook2dfd529c0e,388595
/endangpg/notebook53684aa5b6,388591
/zourui/date-exploration-6min-0-01,388805
/macumtb/notebook4907d51aa4,388589
/dnkrtz/notebook4a46c8e8a9,388586
/ingrid/tensorflow-deep-nn,388579
/cuiyishen/notebooke865e5f789,388551
/hillelweintraub/notebook9252b7d021,388523
/meetshah1995/spectrogram-pairs,388507
/hfllynn/notebook9096b09c0b,388493
/skrubba/date-exploration-6min-0-01,388482
/endangpg/notebook09841a1a1d,388477
/chrisvasquez/tensorflow-deep-nn,388492
/dmantena/the-simplest-data-analysis,388467
/tetyama/python-data-visualizations,388451
/saisbalakrishnan/python-data-visualizations-94e9a596,388449
/carloshuertas/notebook0f8651945a,388433
/darraghdog/road-2-0-4-featureset,389002
/tesototo/notebook2c6553ef93,388427
/saisbalakrishnan/python-data-visualizations,388425
/suaidishak/notebook10d240bcbb,388418
/tarras/notebook693f9e8020,388417
/zheng11/notebookc40e8b7d9a,388403
/set1992/python-data-visualizations,388384
/slickskills/a-journey-through-titanic,388382
/apapiu/notebook-12,388375
/jiashenliu/notebook308f628d16,388367
/aminouvic/notebooka88cbc7f46,388361
/peter78789/notebook17a06c7b52,388356
/th3o6a1d/python-xgboost-starter-0-209-public-mcc,388334
/rajiv13531/notebook49a5e6d648,388280
/otwordsne1/notebook4392ec0534,388274
/hallowedelegy/notebook01790b1c8e,388259
/sozykin/notebook0b23a36e7a,388249
/mark123456/notebook7ba9a58018,388246
/mchirico/notebook8da8fe9af4,388197
/egozi5/notebook547d484c01,388176
/ylx1217/notebook0dd696e054,388167
/anishajain30/notebooka6d91c1098,388162
/braggingbee/xgboost-ridge-lasso,390896
/jdhscripts/notebook65b576e0d3,388153
/chialindu/notebooka59e26cd09,388143
/menapacej/notebook235216fa27,388126
/masroor342/philippines-energy-use,388122
/jaehwipark/notebookb91267222d,409122
/vikramchandrashekar/python-data-visualizations,388040
/cxchao/18-failure-rate,388037
/gregopl/notebook93d748117b,388032
/mcallaghan/notebooka5c827d94a,388001
/mcallaghan/notebook999fb2ce07,387991
/hfllynn/notebook0309979a10,387983
/mnabaee/notebookd7a121bbd1,387981
/sabasaleem/notebookc2f9aecd50,387966
/nikhan/a-journey-through-titanic,387956
/xiaoquankong/notebook4164f18874,1915366
/kumarishan/notebooka404a28bd5,387943
/asastre/notebooka0be14ad7b,387938
/ishaanv/quick-look-at-the-data,387897
/cxchao/how-to-do,387960
/sgirkin/notebook5a4594f434,387873
/lizhxtu/notebook7d799b3489,387869
/javierfinez/a-journey-through-titanic,387868
/njordsir/python-data-visualizations,387862
/daisenryaku/notebook74a310d93d,387846
/kayp11/notebookb316369e19,387844
/hanhome7/notebookc77b5d526f,387815
/bhuo1a/notebook79912b92d2,387810
/dkha1993/notebook6acda81e91,387850
/jinger123/exploring-features,387780
/sapmines/notebookf371d91f5a,387776
/parikshitjoshi/notebook63172005bb,387774
/qualcom/xgboost-crime-classification,387770
/rubikr/notebook67ba6254b5,387802
/parhamaga/python-data-visualizations,387764
/gearcx/notebookac965af67b,387763
/macumtb/notebook28e2d69bf4,387761
/lesnio/10-classifier-showdown-in-scikit-learn-bbea6be3,387769
/jberck/notebook369223af83,387740
/sharonaire/notebook7976288290,387734
/xiao22/notebook50095b2146,387727
/mackmpn/getting-started-on-titanic,387722
/mohitt/notebook203fe3c585,387718
/alfredjuniorsmith/notebook4d6b599ce8,387715
/mihal123/building-a-prediction-model,387707
/mihal123/how-much-sugar-do-we-eat,387695
/wanghui/knn-from-scratch-in-python-at-97-1,387662
/fernandodamasio/notebookb030beb855,387660
/paulinechow/python-xgboost-starter-0-209-public-mcc,387635
