/pchitta/caret-varimportance,61992
/boradin/digit-recognizer,64694
/sanjog/abcd-most-visited,59082
/tomorrowdawn/neural-net-experiment,58835
/jzzcutler/wastingtime,57804
/prakash5801/test1,57671
/sujeeth/new-try,57555
/szshen/testing,58228
/aishijiang/titanic-2,57915
/cleberamaral/script-2-1,57367
/cloudfork/test0,57003
/gaggin/default,56655
/rbhadra/exploration,56608
/gouravjeets/script1,56541
/butterkaffee/testing-scripting,56155
/runshengsong/test-reddit,55901
/blindfish/test-script,55805
/cerberusd/lasag,55510
/vitalstatistix/test01,55546
/sujeeth/testing-with-xg,55129
/nightridertanmoy/script2-bonus-trial,54729
/christopherbeckham/sql-testing,55868
/dreeux/test-script,54017
/chaos0mechanic/eda123,53725
/kumareshd/try-other-methods,53872
/yashpatel5400/test123-1,53716
/pchitta/knn1-try,53679
/jomisilfe/entry,52338
/hawkcoder/test1,51994
/seungeun/tyytwf,51896
/cerberusd/testt,52526
/thodime/sp-v1,51471
/nederhand/describe-data,51310
/algonell/2015-08-19,66934
/candan/test-1,54339
/bsuvendu/medicare-insured-person-by-state,51167
/pchitta/rf-combine-try1,51926
/amineteffal/script-aminos-1-1,55365
/marcino239/test1,51804
/bradyjm1/exploration,51578
/kaitlyn/explore-data,49506
/farmountain/testing,48297
/linkanray/xgb-apply,48446
/chaos0mechanic/eda-2,48607
/johncook/feature,47463
/ekamioka/cleaning-extracting-only-numbers,47526
/pbkaran/sqlite-data-exploration,49343
/rssalessio/test1,46700
/firebug/tsne-1,46773
/fedcba/abcdf,49072
/khoroshenkikh/helloworld,46512
/chengzhizhao/myscript-testing,46384
/sayantaunghosh/1st-test-script,47601
/gcasier/feature-selection-1,46174
/sunnymarius/library,49960
/smeschke/looking-at-r-juggling,46769
/duttaroy/using-h2o,46857
/n3n77i/coupon-utilitylab-300-loc,51969
/devendramittal/randomforest,45013
/sagarchat/logistic-regression,44982
/bharring/example-handwritten-digits,44546
/nagidexter/blah-xgbv2,43687
/phat1984/python-rf,43450
/linkanray/svm-apply,43707
/ninapham/xgboost-in-python,41599
/duttaroy/xgboost,46452
/sebda1/rf-basic-feature-eng,43342
/timato/qwerty,42903
/n3n77i/j-vector-index-quicksort-sortii,43606
/heyitsryan678/trial-script-10,41579
/korbonits/baseline,40227
/danielsack/let-s-try-to-run-gs-on-xgb-regressor,40143
/linkanray/testing,40485
/shanti/liberty,39837
/praveen241/summer-intern,39817
/oliversherouse/let-s-try-simple-linear-regression,60431
/danielsack/a-little-fun-with-xgb,39741
/oleksiirenov/ttttt,39666
/pdandu/testscript,38993
/marbel/cat-random-forest,37916
/melvindunn/at-least-5-alphanumeric-characters,37113
/gpistre/rxgbtests,40228
/gpistre/pytests,36546
/robsanta/component-names,36059
/michelj/read-data-and-simple-processing,36794
/mehwish/test4,38875
/n3n77i/j-logtable2,33375
/pjbutcher/testing,33258
/thinkersunil/test-script-gbm,33084
/santtz/dqueue,32817
/ikbuzsak/r-xgboost-cv-weird-results,32433
/zllake/cosine-similarity-test,32336
/ikbuzsak/testing,31918
/thodime/ctp-v1,31514
/thodime/lmgv3,31288
/thodime/lmg-v1,31246
/gcasier/svm-test,47319
/thodime/cpc-v5,73498
/thodime/dummy-2,30847
/dowakin/location,30787
/pmadhu/random-forest-example,30657
/darkpseudo/first-test,30538
/divyanshusuri/xgboost-and-rf-ensemble,30180
/ashwinbh/ashwinscript,31574
/gaurbans/generic-caret-random-forest-algorithm,29760
/gcasier/pca-test,31092
/dchudz/what-files-are-there-2,29938
/totalrecall/testing,29254
/heyitsryan678/trial-script-6,32323
/atabarezz/aa123456,27010
/themachine/the-machine-ii,33767
/gravity/testing-1,27057
/taylorma/w207-final-proj,26735
/n3n77i/biftest-julia,127337
/gonnatobuymac/xgboost,25652
/jasontam/test-script,25439
/jimenezluna/increasing-max-depth,25133
/attivillisriharsha/11-july-2015-r-script,25092
/oussamaahmia/oussamap,24960
/oussamaahmia/oussama-xgboostp,24957
/justfor/just-a-bench,28676
/ghozlan/traincsv-numonly-py,24844
/skorsun/logistic,23933
/ramarlina/another-test,23976
/bigdit/test00000,51789
/themachine/themachine,24557
/kirubakumaresh/myxgboost,23619
/mattgenkin/skimage-thresholding,24205
/ramarlina/test3,21182
/jijosunny/xgboost-in-r,24973
/totalrecall/hello-world,29253
/datacanary/asdfasdf,20768
/meanmongo/simple-tweak-to-baseline-0-55,20020
/yifanma/testtdb,19166
/jeeban/new-try,19319
/lb08abu/load-of-nothing,18903
/howdark/randomforest-benchmark,18864
/betterplace/tesdata,18797
/jeeban/old-code,18979
/denistsitko/preds2,19230
/denistsitko/preds1,18504
/docardoso/data-exploration,18509
/bhaskey/testr,18164
/gnovoselov/initial-python-commit,17267
/amineteffal/first-3-word-of-query,20234
/model4/sel-medicaton-analysis,16681
/wenson/test33,16664
/ajitmotra/test-script,16670
/mylesoneill/tutorial-2-gender-price-class-model,33010
/jeeban/svm-code-porter,16589
/duttaroy/new-test,15701
/hebaodan/just-a-test,15623
/muditbachhawat/firsttestscript,14277
/benhamner/fiddling-with-rmarkdown-1,14180
/snigdhachandan/first-script,13980
/genoki/lasagne-test,13906
/evaxue/first-try,12834
/amadord903/sf-crimes-heatmap-by-category,12728
/keggleprofile/test1,11399
/hyungjinkang/test2,10801
/gshguru/simple-lasagne-nn3,14799
/bradyjm1/nnetscript,49357
/thakurrajanand/testing,10360
/bradyjm1/multinominalglm-script,10241
/davidgasquez/knn-test,101799
/kudo26/tes-gam,9863
/outliar/wordcloud,9976
/chaikothari/rf-cart-ensemble-model,9756
/sundancekid/sctryout,10310
/dchudz/are-scripts-running-slow,9593
/wyywyp/copy-from-simple-lasagne-nn,11376
/fr3akp/gam-script-from-forum,9449
/zolifekete/periodic-annual-transformation,9371
/louismartin/test1,7554
/dustinthewind/yearsummarymosqinfect,6977
/biubiu/test111,6745
/yashrajlamsal/visuali,6838
/ashjay/test1,6527
/niteshsoni/nsoni,6518
/benhamner/default-r-text-1,7186
/gersondave/baseline,6000
/csimokat/test1,5993
/kunjal/sample,5900
/jsgourdet/test1,6434
/kunjal/markdown,5827
/benhamner/fiddling-with-python-2,5955
/benhamner/output-html-test,5783
/kunjal/new-forest,5743
/yuxiangzh/test1,5607
/bitsofbits/tah-lasagne-digit-recognizer,5621
/bradyjm1/glm-script,5661
/dchudz/googlevis-copy-paste,4766
/alexadler/visualize-your-position,4022
/livingmine/testes,3760
/huhugravity/explore-training-data,3688
/kunjal/sample2,3100
/dchudz/python-starter-script,2878
/kmgteano/titanictest,2412
/manueldiaz/feature-selection,2455
/gayatrimahesh/cv-glmnet-starter-code,2304
