/salim2312/detailed-cleaning-visualization-python-118e5c29,571117
/darkshools/data-manipulation-visualization-cartier-auctions,571097
/thunderbelly/notebook2d5d0f2453,571093
/umartinez/a-comparison-of-few-ml-models,571087
/umartinez/notebooka842ec3d22,571082
/ymcdull/nn-through-keras-copied-mod-forked,571127
/s7uff3r/network-mapping-hollywood-actor-overlap,571045
/ymcdull/10-classifier-showdown-in-scikit-learn,571028
/tkrajesh/exploratory-study-on-ml-algorithms,571020
/prakritidevverma/notebook96f2320f27,570922
/coldhyll/notebook6b26f0d8ef,570890
/doublefox/stitch-a-16-channel-image-together,570888
/doublefox/eda-the-scouring-of-the-shire,570869
/subhadeepb4/feature-ranges,570853
/tejamoy/reduce-size-of-dataset-to-1-gb,570840
/escholdlinner/notebooke77d27236b,570835
/foenix/notebookac875a0b0f,570833
/donaldspear/notebook39919e96c2,570826
/onkalcengiz/notebookd538d86eb1,570808
/nachilieder/notebook2ceef779bd,570790
/donaldspear/notebook62fc202a5e,570760
/kevinmartel/notebookd55be7c1bc,570755
/abid0786/data-loading,570775
/nitishjoshi/notebooke1e7b8a9a0,570733
/lastalien/notebook0be188e141,570653
/hamonk/regularized-linear-models,570632
/mg1533014/when-less-is-more-extended,570585
/pradeeptrical/predict-titanic-dataset-by-svm-rbf-kernel,570551
/aallalxndr/a-journey-through-titanic-my-edition,570542
/richard777/a-journey-through-titanic,570523
/dmemoing/test2,573470
/dfletcher/notebook5e2644ccb4,570486
/drogend/notebook420dd5c559,570457
/lovetolearn/a-journey-through-titanic,570432
/lokeshsanthu/data-visualisation-for-ipl-datasets,570424
/jonmanly/xgb-lasso-ensemble-lb-0-11805,570692
/riojulian/notebookd62d391326,570378
/wywh1995/pandas-read-csv-filepath-or-buffer,570648
/truslowe/notebookcb71ab0fda,570314
/victorhe/a-journey-through-titanic,570312
/toover/notebook78f318c328,570272
/tiphtiph/notebook2f56c6fdaa,570253
/tiphtiph/notebookdc9648faa0,570250
/beefinbj/pulled-script,597933
/manojsingh/xredboost,570127
/jonmanly/notebook1e7ea4f066,570083
/malb123/notebook735106e2be,570060
/prajitdatta/notebook895c4f7c10,570059
/lucasmp/teeest,570008
/balamuralim/notebookdbefe9ea30,570002
/guilhermepaiva/notebook3cb8df64fc,569991
/f2ostie/finding-boatids-b362ed4c,569963
/vchzls/python-data-visualizations-99dd0a33,569917
/vchzls/fork-of-python-data-visualizations,569902
/boukereg/notebookbebdd3d2af,569898
/lixiang1987/notebook500315396c,569897
/boukereg/notebookbe04fbbd91,569896
/ppgroup4/reduce-size-of-dataset-to-1-gb,569895
/nitzee/notebookf43873bc7c,569893
/vchzls/python-data-visualizations,569889
/kunapuli/fish-detection,569886
/jithinpradeep/notebook7363bf7e1d,569880
/kunapuli/finding-boatids,569871
/luodan/notebookc7719f0c26,569867
/njulida/run-while-i-m-reading,569866
/raduadrianmoldovan/notebook7a48577637,569840
/gualtieri/notebook7e5bb56e18,569827
/pedram/another-test-with-new-parameters,569909
/mf1633071/testxg,569790
/mf1633071/test1,569760
/boukereg/notebook4f0ee65467,569703
/pgorni/language-extinction,569702
/mrponthy/principal-component-analysis-explained,569686
/pgorni/notebook91b733d834,569631
/xortical/principal-component-analysis-explained-9bd1b33e,569627
/pgorni/notebook36fa45e9fd,569623
/pgorni/notebook47a299e908,569615
/pgorni/extinction-predictions,569567
/ashwinik/notebook7746e0d0ea,569469
/ngpakhook/hello-world,569405
/srisravaniputtagunta/notebook8f8c6f8846,569375
/dom12345/feature-selection-and-knn-classification,569358
/nehabansal/basic-rf-and-xgboost-model,569349
/arthurherbout/fork-of-folds-how-to-optimize-cross-validation,569346
/ammarzaher/a-journey-through-titanic-5754d517,569330
/arthurherbout/titanic-svm,569329
/abhishekaarush/a-journey-through-titanic,569324
/ammarzaher/a-journey-through-titanic,569323
/arthurherbout/notebook0935224624,569292
/arthurherbout/computer-vision-first-meeting,569272
/datazeus/notebook79eadd4bfa,569267
/artyonwheels/traffic-fatalities-in-2015,569257
/inferno9004/practical-analysis-for-a-potential-lender,569254
/lihaorocky/a-journey-through-titanic,569239
/nehagoyal/notebookecba8acb8f,569216
/kentoniikura/regularized-linear-models,569150
/caldmet70/top-100-kaggle-users-by-country,569137
/etiennebr/25-images-and-polygons-side-by-side-eda,569124
/rojre1979/traffic-fatalities-in-2015,569122
/patternproject/a-journey-through-titanic,569102
/sujeetp/neural-net-on-iris-dataset,569055
/alexionby/simple-keras-1d-cnn-features-split,569021
/tchagrie/data-imputation-aguah-water-consumption,569009
/chrisf/titanic-best-working-classifier,568960
/jhonsmith/notebookfc54bedce6,568940
/yintaoxue/visualizing-knn-svm-and-xgboost-on-iris-dataset,568919
/vtrigona/testing,568894
/freesixth/notebook85cfbc700f,568876
/zjzh304/test-1220-1,568868
/zhenwang/catdognet-keras-convnet-starter-4c2a583f,569656
/dhrim00/notebookc9f601d1b9,568802
/s015348/example4,568782
/prakritidevverma/test-file,568781
/yintaoxue/python-data-visualizations,568762
/harumichi/a-journey-through-titanic-eaec5d7e,568760
/harumichi/a-journey-through-titanic,568755
/daniuatchina/catordogscript,569240
/yantingchn/notebookea6da0db3f,568705
/yantingchn/notebook224a9f0b52,568704
/abab10/the-most-predictable-league,568699
/fzhurd/titanic-v11h3-20161219,568683
/johnsonzyx/tensorflow-deep-nn,568681
/jameskoo/notebook54b71b8f8b,568676
/pandamanex/notebook8d2b67f517,568647
/pandamanex/notebook28d54260e0,568631
/ravilanke/data-visualisation-for-ipl-datasets,568625
/cher93/fork-of-notebookf7e486800b,568605
/mg1633009/notebookf3b02827a6,568580
/aryadav/mnist-with-cnn-0-99157-score,568545
/joshyjoseph/random-forest,568516
/texmexmachine/exploration-and-plotting-b898dce4,568514
/texmexmachine/notebook7b809d2c88,568512
/tigerliuwu/random-forest,568509
/lb2016/regularized-linear-models,568468
/atse0612/some-exploratory-data-analysis-82b93c14,568455
/ljc0753/simple-lr-accuracy-0-9992205249,568450
/akilaw/quere,568411
/atse0612/some-exploratory-data-analysis,568409
/thomeou/notebook5885a25015,568393
/devrohitraj/tensorflow-deep-nn,568390
/lb2016/detailed-data-exploration-in-python,568361
/yang2217556994/a-journey-through-titanic-b535e107,568352
/yang2217556994/a-journey-through-titanic-c99592d6,568345
/zespace/setting-up-a-prediction-problem-dota-2,568332
/gregorybrtn/notebook9c956ab6ae,568323
/argsno/notebook913d67fb72,568311
/yang2217556994/a-journey-through-titanic,568287
/rgwlawson/notebook2628bafb92,568276
/rgwlawson/notebookf5f7cf98a4,568273
/fangfangzhu/regularized-linear-models,573483
/zespace/a-quick-look-at-dota-2-dataset,568248
/nileshag/building-a-prediction-model,568244
/duanhb/feature-extraction-from-images,568217
/merceddong/detailed-cleaning-visualization-python,568210
/zjzh304/test-1220-py,568214
/deepufrk/notebook600f74797f,568165
/naeimrezaeian/neuro-nerding-out-1-0,568138
/zjzh304/test-6-py,568147
/pedram/quere,568078
/datacanary/notebookd747d6fa6e,568063
/vimalanathan/classification,567956
/andyquint/notebookdd7256a3e2,567906
/apapiu/obama-vs-clinton-at-county-level,567868
/donaldspear/notebook0e764daa4a,567837
/nstorrs21/hits-w-risp,567806
/benrus200/my-kind-of-university-high-employment-citations,567772
/anceros/notebookdce8d0011e,567723
/zacsketches/notebook0046964816,567716
/paulilunn/notebookda7dd139b7,567701
/triangle1225/fork-of-global-terrorism-trends-animation,1918326
/nyutopia/comparing-random-forest-pca-and-knn,567688
/victorhe/a-journey-through-titanic-36851d58,567616
/triangle1225/global-terrorism-trends-animation,567561
/gfilla/principal-component-analysis-explained-cd90546c,567560
/aallalxndr/notebook61ec7fabc7,567542
/gfilla/principal-component-analysis-explained,567535
/koniolog/notebook71bc4516f9,578485
/aallalxndr/titanic-comparison-of-classifiers,567466
/hcai5658/notebook343853bf28,567445
/hcai5658/notebook0205cfc70d,567435
/saeed3/polygon-transformation-to-match-image,567404
/hxiancui/notebooke14028633a,567366
/bryanbychoi/visualizing-pok-mon-stats-with-seaborn-40c2ee66,567334
/bryanbychoi/visualizing-pok-mon-stats-with-seaborn,567331
/bluefrog/a-journey-through-titanic,567322
/smap8109/notebookfa7664c57b,567239
/smap8109/notebook09b3966be3,567235
/muriyizz/notebook579bff73bc,567159
/steviekbd/newse,567184
/yasaman/a-journey-through-titanic,567109
/kuggler/finding-boatids,567090
/aallalxndr/a-journey-through-titanic-4af7ca2b,567085
/jadnohra/notebook053a38ce22,567083
/jasparr/12345,567042
/ryutek/quere,570948
/michelleon/simple-exploration-notebook-v3-0,567019
/xianglispace/titanic-best-working-classifier,567001
/njimenezcol/a-journey-through-titanic-with-some-notes,566972
/qianyu3/a-journey-through-titanic-bbf3993e,566966
/arunreddy/notebook8874ce7414,566771
