/fernandoramacciotti/notebook139deeef70,987102
/dawoine84/notebook01c1a6930c,987085
/timmyy/notebooka09e334351,993253
/hafsig/notebook2e076d7f09,987143
/kaneroy/notebook662adb31a2,987154
/yinanli/notebookf92708bfc9,987099
/aowal095/principal-component-analysis-with-kmeans-visuals,987004
/aowal095/interactive-intro-to-dimensionality-reduction,986997
/aowal095/full-preprocessing-tutorial-5ffaba,986980
/aowal095/super-size-we-seaborn-plotly,986974
/stwallace/notebook9bb8876f7e,986912
/romizc/notebook43c2544adb,994409
/acombray/notebook88ab787e2c,987119
/huang2017/notebook54dd3e2cf5,986844
/paopao123/notebook4616142e6f,986827
/mbengtsson/notebook06e5cd8d25,989342
/tommylees112/notebook2bf433333f,986690
/gupta97/titanic-best-working-classifier,986675
/vsinha27/notebook008cc919ef,986619
/fabienp/notebookd21bf9a8c3,986556
/francoisolivier/fork-of-titanic-20,988944
/vsinha27/notebook627df6c5c6,986616
/vsinha27/notebook5921175e99,986472
/anandpaiv/unsupervized-cc-fraud-detection-95-auc,986417
/francoisolivier/titanic-20,986341
/mauriziofd/notebookd97b0359ef,1119410
/roshini/notebookf16ffe3497,999074
/wutao1530663/notebookfa72b7bae3,989233
/francoisolivier/titanic10,986312
/knighthawk989/notebooke327f20a9b,986285
/ashutosh1996/notebookc7aca91288,988607
/everlytics/notebooka047ac53e2,991086
/minhitbk/notebook54df0d1675,986037
/monikasun88/notebook9389759ea5,1029455
/kunlaotou/notebookecbd6d259f,1000505
/taeheekim/notebook98037ec449,985928
/leonardo711/notebook748920be8d,985954
/korakot/notebook33bcde9d73,992451
/yangxiaocs/feature-extraction-from-images,985826
/taranveer/notebookfa70097ac0,985823
/yichen123/notebookc677e5dd4e,985829
/ahoiii/titanic-data-science-solutions-a996e5,986162
/is03wlei/logistic-regression,1041431
/sohamshp/notebook7f69c4cb3d,986470
/srujanallenki/notebook887cd70776,988603
/srikadiyala/notebook136ee2a308,985594
/dhu2015/notebook6aab53ff9c,986927
/sart123/notebookc2a386ab8a,986187
/aizen5/notebooka86841a79d,988548
/wcsendom/notebook1488702427,985398
/gillesdqn/notebook0b76cfc8ee,985389
/taeheekim/notebook25411c8d17,985536
/asogani/notebook27788422a5,1015822
/yshweta/notebook52e9e9a306,985355
/ellali1022/notebook65c66da9f9,1023879
/kaiyifan/notebook34c9cef8a0,986708
/jglgrigel/notebook0ae47a88c8,985310
/huanyan/notebookba28d2d8d0,1009378
/timmyy/notebookc7525cffe2,987071
/ludwigba/an-interactive-data-science-tutorial-853360,987185
/plarmuseau/with-complete-records-and-age-35-performs-60,985250
/yibing/pca-and-regression,985158
/hugormz/notebookd5298fb877,985157
/cosmoz/titanic-best-working-classifier-132501,985104
/edwardcooper/notebook96ccc4b618,1115336
/isaacdayan/notebook789c454b9a,989618
/souvik287/notebookfa22b24119,985023
/vaibhavlaturkar/notebook449c0c8938,984904
/nareshbabral/notebook17f07a8ffa,984867
/wesroach/notebooka3d668f179,984874
/shaneconneely/notebookdd78382b11,984814
/cwpose/notebook18367b0741,986885
/francoisolivier/titanic5,984690
/francoisolivier/titanic4,984676
/subhajeet3/notebookc73ac8d247,984672
/cmuhao/notebook7d21f205e3,984656
/cmuhao/starter-explore-youtube8m-sample-data,984606
/sanjayjeyavel/notebook4f51cfaa78,986565
/francoisolivier/titanic3,984565
/markojaadam/fork-of-r-course-05,984545
/vkchan/notebook8a102ccec6,984544
/jonnypowell/notebookdf5b36d336,984995
/qlidct/notebook6e8f0a9e68,984355
/kushiwakamaru/notebook6c66e1e2f3,985478
/zjplab/introduction-to-ensembling-stacking-in-python,984324
/mix060514/notebook7bb3c0f8b5,984310
/leonardoc/0-9994-accuracy-on-test-data,984480
/succezdi/notebook5301b73d8b,1860727
/xiongzihua/tensorflow-starter-kit-fixed,984264
/glbayaraa/notebook4b66a5424d,984237
/karakos/notebook3dd9f481c0,1055838
/tejainece/comprehensive-data-exploration-with-python,984191
/mdsibghatullah/notebook369ba0e3ac,1014139
/bgirlduchess/notebooka48360bb01,984164
/everlytics/notebook95bd22013b,985752
/is03wlei/using-random-forest,984054
/tejainece/ipl-analysis-and-visualisations,984004
/roelezendam/titanic-data-science-solutions-nn,985221
/linhao0204/notebookb47c517cc0,989269
/amitjena05/notebook445f9bb50e,984041
/crazysona/notebookbd7a0ec255,983864
/everlytics/notebook918bce60d8,984150
/bharathg/notebook0597278355,983869
/vaibhavlaturkar/notebookbc4efa60b7,983757
/jintgeorge/notebook40a4a5dbdf,983949
/cslovell/notebookdd2f9d1f1c,983613
/abhishekku/indian-diabetic-analysis,985550
/edisontu/notebook5c99251bb9,983528
/mangetic356/notebook139210ecc3,983519
/m6tian/notebook7f76d59242,983443
/shipra1979/notebook65cbecc67c,983284
/jgoncalves/notebookc292a1bdca,983202
/geotyler/data-exploration-and-visualization,983126
/dmw1124/notebookf299aca260,1305396
/ericqh/notebook3ff4ec2946,983050
/mpastore/scikit-learn-ml-from-start-to-finish,982989
/thanushkodi/notebook5e59c6ed9e,983517
/knighthawk989/notebook79204719ee,984056
/kaiyifan/notebook3391d47503,1023869
/nitinnataraj/notebook8564781eea,985577
/aayham/notebookf207449ef5,982907
/pampog/notebook9c68b122dd,982835
/mmlind/notebookb806e49f7d,982822
/emachado94/fork-of-fork-of-a-journey-20dd2f,1008723
/emachado94/fork-of-fork-of-a-journey,982811
/ayubsayyad/notebooke1a9c386d8,982745
/happisan/notebook98439914a9,982672
/haiwenzhang/notebook8ef4286351,1368542
/qlidct/notebook875a657e9d,982550
/knt001/notebookabb5d2eb11,982526
/shenchen/notebook3343a871a4,982451
/vikrantthakur14/notebook89202cb66f,1040768
/yangxiaocs/regularized-linear-models-e69213,982452
/helloworld123/notebook3c77860e19,982313
/alediator/exploring-survival-on-the-titanic,986923
/rocksailor1/age-may-be-more-than-a-number-med,982115
/rocksailor1/ensembling-stacking-in-python-titanic,982114
/kevins/fork-of-notebook55e4f6ba6a,982897
/timmyy/notebookfc80f48bab,985937
/reasat/notebook2f09b42c74,988906
/yadongliu/titanic-data-science-solutions,981928
/christodieu/notebook833f87179f,981956
/sumitsen/learning-to-use-kaggle,985001
/linseykim/notebook9fb308cd39,1103050
/thisispokemon/titanic-data-science-solutions,981919
/harish5661/notebook7fcc057868,1066073
/cherie123/notebook4fd8d00012,982276
/byounginkim/notebookc4704bf975,981981
/iqrashahzad/notebookb7157ca4cf,981872
/mohankri/notebookd207de4f1f,981627
/arun44/notebook18d7736535,1123110
/stargazerjk/notebook1c0cc61c9f,981570
/emsiak/notebook89510fadcd,981636
/farmanali/notebook00ea00ac92,981542
/farmanali/notebookf3f33b0499,981538
/geneames/notebook286fc9d4f9,981491
/nsjoshi/notebook578d076e0f,1703506
/desouza32/notebookdb6b9b630f,981467
/nickvasko/notebookbd3326ef82,1493258
/ctyler88/notebook1a20810e24,985438
/mgorka92/notebook47f43f8a61,981345
/driftwood/notebookfecf8291ac,981306
/mgorka92/notebook858571e483,981248
/sageneo/notebookd506c397e1,981525
/thezousk/notebook9c8855d3ec,981202
/maheshak04/notebook39cf2b14de,981261
/hisuka/notebookf38d0cc4fa,981080
/dududadadede/predicting-who-said-it-trump-or-clinton,983728
/tcf980/notebook7c0ca02a06,981038
/daisyqin/notebooke579ec6c7b,1789460
/kneotrnio/who-killed-who-boyfriends-girlfriends,980974
/johnkiran/notebook3dd7858471,982619
/leontales/notebook442d25b15b,980818
/mi233dzc/notebook427589ede5,1238122
/dysonlin/titanic-data-science-solutions-88f259,982996
/xiaoleizhang1/random-forest-starter-with-numerical-features,980714
/dzianisradziukou/an-interactive-data-science-tutorial,1076504
/nhw1068/notebooke6fa853cee,1046768
/leovdb/notebook52837f4d40,982160
/amitkaps/notebookb770aa0363,980570
/plarmuseau/useful-text-preprocessing-on-the-datasets,1009799
/remite/notebook5b000bd4e2,981877
/kevins/notebook940019c959,980557
/amyrzhang/notebookeca4e58029,980463
/hsyecheng/notebook80bf91b2d2,980423
/samsum/notebook375abc293e,980356
/ykmemo/notebook1caaefeb75,1025316
/jeremiedb/notebook467d4f2cb1,980278
/jeremiedb/notebook3c24e91470,980266
/xd1234/notebook42206ee315,980283
/annacoenen/notebook9ac4013f0b,986988
/bkapsalis/notebook550c7f6678,1300543
/fonsies/notebook2a610b0ec0,980281
/nigelvanderlaan/notebookf08645e525,980173
/sydney920/keras-nn,980196
/cyan8388/notebookbfebf1386e,980446
/dhedin/notebook3d2b35db69,980011
/joshuaburkhow/notebook8475cb034f,979768
/twrzesin/a-journey-through-titanic-e1e9f4,979759
/toccalino/a-journey-through-titanic-gus,979761
