/xhuang25/nn-through-keras-copied-mod,862907
/saranyakm/a-journey-through-titanic,862900
/ayabell/notebook39c887cd39,862882
/mohamed1/outbrain-eda,862813
/yunuel203/notebook8c3fbcfa87,862812
/yatsura/notebookbadd922ee4,862772
/yatsura/notebookeb83d611aa,862770
/izgordon/xgb-starter-in-python,862709
/stasiekabyszkin/an-interactive-data-science-tutorial,862692
/eceman/notebook98233092da,862649
/watyli/full-preprocessing-tutorial,862632
/yangymao/full-preprocessing-tutorial,862575
/evgeniymalishev/exploration-notebook,862573
/nathanyee/keras-convnet-lb-0-0052-w-visualization,862552
/emsiak/notebook34fed2964f,862515
/gogogada/notebook3277555f70,862513
/shubhamjha/descriptive-statistics-and-machine-learning-iris,862388
/cschavis/a-journey-through-titanic,862273
/jrimestad/notebooked404aa4a3,862225
/bharath25/notebook8da3b59334,862211
/cschavis/notebook0dd01a6e85,862210
/assasgenius2/assasgenius-049a5ea1,862204
/assasgenius2/assasgenius-f9ccbc85,862202
/aqurilla/the-titanic-an-analysis-using-python,862194
/ayabell/a-closer-look-on-the-risk-reward-tradeoff,862193
/lingyuexian/predicting-legendaries-from-stats-7d370499,862155
/lingyuexian/predicting-legendaries-from-stats-1da973c9,862150
/lingyuexian/predicting-legendaries-from-stats,862144
/cdemet08/td-idf-for-trump-s-tweets,862142
/potatope/testf,862109
/jarose/visualized-by-time,862105
/b0nzo93/outbrain-eda,862296
/sheoran/fork-of-transfer-learning-as-stack-exchanges-tags,861997
/rachellixinyu/notebook94e7d9d69e,861974
/allysonk/tobacco-use-trends,862548
/benallen/notebook5e7083a15e,861931
/haithamf/xgboost-10-kfolds-with-scikit-learn,861923
/jzw2016/climate-change-r-v1,861847
/henrilin28/simple-exploration-notebook-2-connect,861827
/themixedfermions/notebook8001f12086,861825
/vickyvictor/notebookb67bd1b295,861792
/arraworld/notebookfa3e9c6c0b,861784
/tianxinyu/notebookcb19d079b8,861757
/dieden/notebook801e732c84,861748
/rijrayan/example-analysis-of-the-snl-database,861746
/pierretisseur/tensorflow-starter-kit-fixed,861695
/anna93/regularized-linear-models-b5bf1a0d,861533
/anna93/regularized-linear-models-c76abbab,861531
/yannisp/notebook7d1a02610b,861454
/octthe16th/xgb-modified,861451
/sanjjls1/notebookc5226b9b2c,861409
/mohtopiwalla/fe-and-xgboost-using-r,861389
/krrish1729/employee-attrition,861380
/krrish1729/notebook77c4e9f5e0,861373
/pklingler/notebookc79e51b1ed,861328
/sutruon/notebook78cc071b8b,861309
/wassymk/data-clustering-and-data-visualization,861307
/nathanleighjensen/fork-of-notebook2111c265de,861302
/jiangchanglong1991/full-preprocessing-tutorial,861298
/stuartfarmer/notebook8689783d4e,861295
/theluk/visualizing-data,861271
/jiangchanglong1991/notebook8bb237e220,861263
/aeroberts4444/fish-detection,861256
/joshuagorospe/notebookf3a6926f3d,861147
/yonidahan/gbm-example-using-h2o,861161
/maksiub/interactive-intro-to-dimensionality-reduction,861240
/timsey/an-interactive-data-science-tutorial,861065
/billwarker/notebook69c0249f8e,861041
/shivanichander/time-series-analysis-in-r,860996
/kudryavets/notebook44ed41d368,860961
/kudryavets/notebook0b3fecbb1b,860957
/nelmaya/first-pass-through-data-w-3d-convnet,860938
/tlegroux/firstscript,860937
/murraywhm/notebook73f7361bbd,860935
/kudryavets/notebook7c7a000959,860934
/marzoukerberg/submission,860922
/kelisi/data-clustering-and-data-visualization,860915
/mdavison/first-run,860911
/vijaybj/write-your-script,860901
/binhuang/tensorflow-starter-kit-fixed-cd3ab48c,860885
/felicialiu/the-perfect-score-script,860883
/ramjeepenta/a-journey-through-titanic-1219d5f2,860873
/felicialiu/first-pass-through-data-w-3d-convnet,860860
/spartanbaba/notebook15fa69c762,860858
/binhuang/tensorflow-starter-kit-fixed,860842
/spartanbaba/fork-of-data-exploration,860838
/msondkar/notebookb196b92c16,860829
/yeah529/tflearn,860817
/jinleng/predict-hotel-type-with-pandas,860787
/nlk511/principal-component-analysis-with-kmeans-visuals,896190
/minus100/notebook32edbff368,860765
/vitnitish2016/voice-gender-recognition-with-caret-package,860761
/stuartsmith/eda-for-house-prices,864210
/carlok/notebooka7af521fa4,860732
/tobohr/notebookbc3ede2cfc,860729
/shaziatoronto/full-preprocessing-tutorial-cb4471bf,860638
/mrisdal/notebooka0a958bfcc,860626
/jithu007/notebookae3c83ed0c,860603
/daliende/global-religion-1945-2010-plotly-pandas-visuals,860595
/phanindravarma/notebook2d24b36bbb,860593
/daliende/notebook2183fa1d04,860591
/xiangshuai/a-journey-through-titanic,860566
/patelkevin/full-preprocessing-tutorial,860543
/patelkevin/first-pass-through-data-w-3d-convnet-fork,860517
/syncsyncsync/full-preprocessing-tutorial,860471
/stewarthr1/global-religion-1945-2010-plotly-pandas-visuals,860468
/ronoliverocs/some-data-analysis,860447
/puevigreven/notebook861d952044,860437
/patelkevin/image-preprocessing-exploration-2,860371
/msvhsn/notebookc45ec5c3e0,860366
/doublefox/object-based-solution-for-dstl,860328
/ruhamya/terrorism-in-countries-subject-to-us-travel-pause,860295
/liaopan/a-simple-trial-2,860282
/xianglin/notebook1f9d694062,860277
/philipfry/house-prices-data-exploration-and-visualisation,860275
/mengdong/house-price-prediction-part-1,860264
/liaopan/a-simple-trial-1,860255
/barik111/notebook7bc0ba6914,860219
/miroag/candidate-generation-and-luna16-preprocessing,860202
/liaopan/exploratory-data-analysis-for-beginners,860170
/den3b81/notebookc1fbe5fcfa,860161
/chricke/a-journey-through-titanic,860092
/awilmsmeier/pca-analysis-of-pixels,860066
/kmmaller/notebook6a9b6c7009,860045
/mkouame/better-to-always-bet-home-win-draw-or-away-win,860012
/kaushalshetty/python-data-visualizations-d754b7d4,859976
/newtonhack/notebookb915e7d0a7,859969
/mlipev/test-ev,859949
/ibober/test-notebook,859903
/bumkneesohyeah/notebook5ab0269622,859848
/yangchun00/simple-perceptron-classifier,859812
/laxmiv/notebookb896a5ad3e,859806
/arnabdey/fraud-detection,859786
/bigdatajw/classifying-tasks-using-eeg-data-w-tensorflow-nn,859771
/prakharmishra/titanic,859736
/chenchaodev/two-sigma-connect-rental-listing-inquiries-01,859703
/prakharmishra/notebook55ca5feba5,859698
/waykole/first-pass-through-data-w-3d-convnet,859631
/mlennox562/notebook1c33fe1e69,859630
/kushalchawla111/visualizing-data-svms-under-various-kernels,859570
/ramezsayeh1/notebook5950fa1b19,859519
/simongraham5/a-journey-through-titanic-2c13f2c7,859510
/simongraham5/a-journey-through-titanic,859504
/riabtceva/notebook4baeb9c149,859497
/vaibhav84/predictive-modelling-a-simple-approach,859395
/kalfasyan/python-data-visualizations,859388
/ladidinesh/global-religion-1945-2010-plotly-pandas-visuals,859364
/ashutoshp/random-forest-starter-with-numerical-features,859330
/gan3sh500/xgb-starter-in-python-e0cab133,859324
/euklid/exploratory-study-on-ml-algorithms-83713418,859317
/ishyadav/regularized-linear-models,859312
/wangseven/notebook5535df4a5c,859311
/ishyadav/ish-notebook,859296
/ishyadav/notebookc924d53c29,859293
/kooooq/glass-type-classification-with-machine-learning,859268
/ksopla/glass-type-classification-with-machine-learning,859239
/arjoonn/sun-and-moon-graphs,859201
/paragman/notebook8ce05e8fe8,859173
/den3b81/xgb-starter-in-python-a344bd5e,859172
/den3b81/notebook39aacead35,859170
/totaki/a-journey-through-titanic,859123
/navneeth/catdognet-keras-convnet-starter,859122
/prakashr/notebook7ff558814d,859090
/prakashr/notebook6e0a0c3cd6,859068
/ttttkk/titanic-random-forest-82-78,859056
/suigin/notebook76fc0f43a5,1650649
/kushalchawla111/python-data-visualizations,859565
/luoling/notebook2705a04e04,858982
/ericschmidt/full-preprocessing-tutorial,858980
/durgeshtripathi/notebook0a78958b42,858946
/toniog07/data-prep-and-lasso,858922
/agzamovr/xgb-starter-in-python,858898
/agzamovr/simple-exploration-notebook-2-connect,858895
/shreyasbakre/notebook560ac138a5,858864
/ziakhan/notebook5a94d25cb3,858839
/pablocastilla/digit-recognizer-with-tflearn,858831
/anvarturobov/let-s-climb,858959
/iamnuomi/regularized-linear-models,858801
/kumarajay/notebookea656efbd1,858788
/kumarajay/notebook68a5394024,858782
/krrish1729/hr-analytics-attrition,858721
/makeyoureal/notebookde69a403a9,858718
/jessyuan/notebookeecfc9e10c,858717
/euklid/exploratory-study-on-ml-algorithms,858677
/astaria/full-preprocessing-tutorial,858654
/feeblerequest/full-preprocessing-tutorial,858562
/shishir0091/notebookf699b83317,858554
/teesin/exploring-us-baby-names,858552
/freestylezhy/exploring-us-casualties-of-the-vietnam-war,858518
/anusha155/first,858527
/yananwu/how-much-sugar-do-we-eat,858506
/wangseven/python-xgboost-starter-0-209-public-mcc,858444
/swatishukla/significant-earthquakes-eda-series-forecast,858330
/h1015b/notebookb8261099d9,858313
/leenas/bike-rental-predictions-using-lr-rf-gbr,867741
/alfredchenchen/titanic-survival-prediction,858306
/yunc84/fork-of-who-will-leave-next,858260
/hiteshlall/a-journey-through-titanic,858246
/shashaalam/notebook166ba5198e,858226
/samhattangady/notebook2661cf40ea,858200
