/kerneler/starter-world-bank-health-nutrition-3af3565e-9,5690353
/kerneler/starter-world-bank-millennium-e3ff88a7-9,5690348
/kerneler/starter-world-bank-international-debt-ce1c3d17-f,5690340
/kerneler/starter-world-bank-gni-ranking-atlas-4674d84e-e,5690308
/kerneler/starter-world-bank-gdp-ranking-abf38ed2-0,5690329
/honeysingh/bidirectional-lstm-spacy-on-yelp-reviews,5725350
/honeysingh/predicting-english-pronunciations,5689995
/kerneler/starter-fast-track-300d-2m-vec-f5f7f653-4,5689813
/honeysingh/lstm-predictions-eurusd,5689647
/honeysingh/simple-lstm-for-text-classification1,5689591
/kerneler/starter-google-landmarks-dataset-90d551fd-f,5689235
/marouenbg/titanickernel,5688926
/kerneler/starter-game-sales-db9ffaf2-5,5688410
/abbbhishekkk/eda-of-hflights-dataset,5688224
/kerneler/starter-avocado-a81cc065-f,5687060
/kerneler/starter-2018-arizona-primary-partisan-fc773b55-1,5686837
/thiagoviek/pca-logistic-reg-for-fraud-prediction-99,5685875
/kerneler/starter-3d-printer-dataset-for-a796eb98-d,5684810
/kerneler/starter-sleep-deprivation-ef645eac-d,5684627
/honeysingh/how-autoencoders-work-intro-and-implementation,5689094
/trond65/titanic-data-analysis-beginner-friendly,5690530
/kerneler/starter-pt-asag-2018-095df76a-0,5683151
/airlinecos/exercise-machine-learning-competitions,5682313
/kerneler/starter-2243-pictures-of-female-models-84df9543-2,5681755
/kerneler/starter-pt-asag-2018-1ff50ac5-7,5681673
/kerneler/starter-learning-by-self-created-74e0c8b1-a,5681619
/kerneler/starter-versatile-production-system-111c448c-0,5681553
/honeysingh/anomaly-detection,5684041
/kerneler/starter-meta-kaggle-a4d689fa-8,5681399
/vitoss/exercise-machine-learning-competitions,5680891
/vitoss/exercise-random-forests,5680775
/integmind/intro-to-seismic-salt-and-how-to-geophysics,6037222
/kerneler/starter-glas-landsat-2872bbe2-3,5680243
/kerneler/starter-madachod-81b43755-a,5680226
/kerneler/starter-mit-bit-arrhythmia-database-e65dd00f-6,5679937
/kerneler/starter-porto-seguro-s-safe-driver-786fdf33-c,5679605
/kerneler/starter-company-reviews-2745ea56-1,5679350
/kerneler/starter-alama-competition2-fb409b37-6,5678364
/kerneler/starter-lane-cove-fun-run-e68b4308-5,5678274
/niralineha/choco-kaggle-neha,5678509
/kerneler/starter-k-12-ecuador-tuition-and-47915379-8,5677604
/rakesh6184/predicting-gdp-world-countries-73957e,5705982
/rakesh6184/predicting-gdp-world-countries,5705620
/kerneler/starter-k-12-ecuador-tuition-and-66476bb3-4,5676528
/lengjd/ai-camp-logistic-regression-titanic-homewor-803c7b,5676228
/kerneler/starter-weblog-38871e0f-9,5675659
/pnvijay/exercise-explore-your-data,5676209
/kerneler/starter-trainca-8fb70cde-c,5675162
/kerneler/starter-trainca-b6741526-f,5674780
/brwalk/nnetar,5674858
/kerneler/starter-dd7-input-files-67109db7-9,5673783
/kerneler/starter-cifar-10-comp-d1a15b79-9,5672760
/kerneler/starter-dd7-input-files-f8f04e62-8,5672746
/kerneler/starter-cannabis-lineage-growth-and-6454709f-d,5672310
/kerneler/starter-cannabis-lineage-growth-and-3190a589-1,5671986
/kerneler/starter-sort-of-clevr-d23ece1b-b,5670988
/kerneler/starter-nyc-traintestset-v-1-4-3-f42fc705-f,5670779
/kerneler/starter-nyc-taxi-fare-data-for-kaggle-8dc3fa8a-f,5670337
/kerneler/starter-agricultural-commodity-dataset-cf01cd37-e,5670064
/kerneler/starter-first-submission-f5a0f7fc-c,5669647
/kerneler/starter-first-submission-8db6934c-e,5669318
/kerneler/starter-world-development-indicators-ebbf582f-b,5668836
/kerneler/starter-world-bank-projects-c00904b3-a,5668784
/kerneler/starter-sustainable-development-goals-748a194b-2,5668682
/kerneler/starter-poverty-and-equity-database-3b46cd7d-b,5668654
/kerneler/starter-govdata360-22c3f9f6-7,5668615
/kerneler/starter-ida-results-measurement-system-fbf34122-4,5668610
/kerneler/starter-education-statistics-f0103873-c,5668603
/kerneler/starter-global-financial-inclusion-207c8943-9,5668599
/kerneler/starter-global-economic-monitor-8d4ea8fb-b,5668597
/kerneler/starter-global-financial-development-d31a617b-e,5668592
/kerneler/starter-doing-business-40ec40bc-2,5668546
/kerneler/starter-data-on-statistical-capacity-490555c1-b,5668539
/kerneler/starter-country-policy-and-d1ec266f-9,5668516
/kerneler/starter-world-bank-trade-costs-and-34a06569-b,5668444
/kerneler/starter-world-bank-quarterly-external-be0add2f-6,5668426
/kerneler/starter-world-bank-population-8c9a8aa6-7,5668424
/kerneler/starter-world-bank-health-nutrition-7089fbc2-d,5668401
/kerneler/starter-world-bank-millennium-b7439402-1,5668394
/kerneler/starter-world-bank-international-debt-acd4a788-7,5668385
/kerneler/starter-world-bank-gni-ranking-atlas-0b369e4d-b,5668351
/kerneler/starter-world-bank-gdp-ranking-143496e9-1,5668332
/kerneler/starter-poletypes-c5bad9c2-5,5667986
/kerneler/starter-nexusblitz-38410366-f,5667580
/kerneler/starter-poletypes-1e28846f-2,5667140
/kerneler/starter-publico-17ed7573-6,5666993
/kerneler/starter-combined-cycle-power-plant-da-c30beb40-5,5666710
/kerneler/starter-quotes-dataset-45ef7e37-b,5666516
/kerneler/starter-open-astrology-datasets-70cbca4d-9,5666445
/kerneler/starter-paul-graham-essays-d129f802-1,5666050
/kerneler/starter-open-astrology-datasets-9de89150-3,5666009
/kerneler/starter-open-astrology-datasets-7e959f85-2,5665529
/kerneler/starter-nasnet-large-0917f963-5,5665396
/lakshmipk/titanic-data-analysis-beginner-friendly,5899740
/kerneler/starter-dataset-1-8d9100a6-f,5663941
/kerneler/starter-dessert-flavor-combinations-35f2a95a-6,5663879
/kerneler/starter-dessert-flavor-combinations-871750ed-d,5663763
/kerneler/starter-k-12-ecuador-tuition-and-dc75404f-6,5663100
/kerneler/starter-dessert-flavor-combinations-44dee9a4-e,5662172
/kerneler/starter-dessert-flavor-combinations-7ae1c2c9-f,5662129
/kerneler/starter-nyc-wether-cdf31286-5,5661216
/kerneler/starter-yelp-reviews-csv-89b78f46-f,5660920
/kerneler/starter-optic-disc-annotations-in-voc-eb662a59-b,5660390
/kerneler/starter-meta-kaggle-bbc9aa06-a,5660310
/kerneler/starter-nutritional-info-e45d8a90-a,5660043
/kerneler/starter-myfoodpedia-food-nutritional-54ab3446-e,5660019
/kerneler/starter-japan-trade-statistics-56cc050f-7,5659601
/kerneler/starter-privateds-98b2c54b-c,5659105
/kerneler/starter-privateds-a2ad8753-c,5659075
/kerneler/starter-japan-trade-statistics2-3d0ddb1f-1,5659067
/vitoss/exercise-explore-your-data,5662469
/abimannan/tgs-salt-segment,5662396
/springtree/aicamp-decision-tree-exercise-3-64aefd,5657223
/kerneler/starter-gtcom-data-sample-0f7d6c32-f,5656350
/kerneler/starter-gun-control-survey-8bb9ecd5-2,5656298
/kerneler/starter-dfdfdfdfdfdfdfdf-414efcab-6,5655592
/kerneler/starter-testtest-70e7d98c-a,5655324
/kerneler/starter-testtest-13cd8313-2,5655317
/kerneler/starter-testtest-7bc745d8-8,5655292
/kerneler/starter-testtest-70160227-8,5655279
/kerneler/starter-dfdfdfdfdfdfdfdf-5d98d797-7,5655275
/kerneler/starter-testtest-2e16757d-5,5655271
/kerneler/starter-testtest-bf71a993-a,5655262
/kerneler/starter-dfdfdfdfdfdfdfdf-83e9202f-e,5655256
/kerneler/starter-dfdfdfdfdfdfdfdf-0cbda4a1-7,5655248
/kerneler/starter-testtest-e339d90e-9,5655123
/kerneler/starter-dfdfdfdfdfdfdfdf-1da1ce9a-d,5655088
/kerneler/starter-dfdfdfdfdfdfdfdf-8921c0eb-5,5655033
/kerneler/starter-dfdfdfdfdfdfdfdf-4e20e967-6,5655028
/kerneler/starter-dfdfdfdfdfdfdfdf-fb911434-6,5655024
/kerneler/starter-testtest-3593ec6a-f,5655004
/kerneler/starter-testtest-2993f12f-8,5654974
/kerneler/starter-dfdfdfdfdfdfdfdf-9456a1a2-a,5654802
/kerneler/starter-dfdfdfdfdfdfdfdf-6c778245-f,5654798
/kerneler/starter-testtest-31f31a54-1,5654794
/kerneler/starter-dfdfdfdfdfdfdfdf-28b98e52-b,5654697
/kerneler/starter-dfdfdfdfdfdfdfdf-58b7369a-a,5654681
/kerneler/starter-testtest-6122e9ff-d,5654230
/kerneler/starter-testtest-ba5abff8-f,5654220
/kerneler/starter-testtest-c2837a1e-b,5654148
/yesredpig/lung-opacity-overview-0406e8,5654109
/leero9/time-series-data-analysis-using-lstm-tutorial,7196625
/kevinkun/mark5826-week-7,5652877
/kerneler/starter-gtcom-data-sample-7e5221e8-1,5652350
/kerneler/starter-sort-of-clevr-cbf4613e-7,5652115
/kerneler/starter-chinese-character-frequency-adab52fe-1,5651960
/kerneler/starter-yiguan-c64d5173-c,5651535
/kerneler/starter-project-x-clean-dataset-for-5dda2948-5,5651031
/kerneler/starter-manufacturing-data-shared-600a4286-d,5650929
/kerneler/starter-fakenewsdataset-9fe36ec4-0,5650624
/kerneler/starter-exotest-c30f9336-7,5650218
/kerneler/starter-motor-insurance-cb2993b0-3,5649371
/kerneler/starter-nyc-dot-traffic-data-94931ca5-2,5649250
/avinashds06/exercise-random-forests,5649202
/kerneler/starter-edmunds-consumer-car-ratings-ff0ee3b0-e,5647955
/kerneler/starter-world-development-indicators-88d79c8b-c,5647731
/kerneler/starter-world-bank-projects-2d6e8cc9-8,5647690
/kerneler/starter-sustainable-development-goals-be2fee92-2,5647623
/kerneler/starter-poverty-and-equity-database-1bdbd96f-d,5647601
/kerneler/starter-govdata360-30773b5a-7,5647548
/kerneler/starter-ida-results-measurement-system-1b51395a-3,5647541
/kerneler/starter-global-financial-development-4535c3da-3,5647535
/kerneler/starter-global-financial-inclusion-260d7109-d,5647530
/kerneler/starter-education-statistics-f3e45bf6-f,5647529
/kerneler/starter-global-economic-monitor-ee8e56c3-c,5647520
/kerneler/starter-doing-business-c0a367b4-d,5647472
/kerneler/starter-data-on-statistical-capacity-8c5446c7-a,5647464
/kerneler/starter-country-policy-and-1e0f4e41-9,5647442
/kerneler/starter-world-bank-trade-costs-and-0c7febf4-e,5647386
/kerneler/starter-world-bank-quarterly-external-a58d20af-c,5647367
/kerneler/starter-world-bank-population-e15bbda4-8,5647362
/kerneler/starter-world-bank-health-nutrition-22fa1b72-2,5647350
/kerneler/starter-world-bank-millennium-29d120fb-d,5647344
/kerneler/starter-world-bank-international-debt-38774309-1,5647339
/kerneler/starter-world-bank-gni-ranking-atlas-9192349b-e,5647304
/kerneler/starter-world-bank-gdp-ranking-b93e5a03-3,5647287
/kerneler/starter-glyphs-of-graffiti-of-st-25edd13b-b,5644589
/kerneler/starter-2015-2016-shsat-results-f30bef5b-3,5644238
/kerneler/starter-2016-2017-shsat-results-137ec577-5,5644117
/kerneler/starter-tianchi-2018-gd-3d777319-e,5642124
/kingsten/kernel865fb79edc,5663724
/enessari/kernel13139dc312,5640576
/kerneler/starter-housepricing-f33c5910-8,5640550
/kerneler/starter-hosepricing-3ed3cf52-c,5640481
/kerneler/starter-housing-prices-2e13e81f-c,5640231
/kerneler/starter-open-image-val-e5201931-d,5640179
/kerneler/starter-housingprice-b2fc418e-4,5639935
/kerneler/starter-test-proofofconcept112567781-f57f09c0-1,5639811
/kerneler/starter-test-proofofconcept112567781-5591f007-e,5639784
/kerneler/starter-study-modulab-4f49feee-c,5639668
/kerneler/starter-gapminder-org-some-data-from-07f08ad5-2,5639552
/kerneler/starter-yiguan-35bae774-c,5638744
/kerneler/starter-meta-kaggle-75d34627-1,5638637
/wangdsh/submitting-from-a-kernel,5638614
/wangdsh/exercise-random-forests,5638454
/wangdsh/random-forests,5638238
/kerneler/starter-openfoodfacts-clean-9edbec5d-7,5637751
/kerneler/starter-credit-card-d051ad85-5,5637518
/kerneler/starter-rock-scissor-paper-d2371d07-1,5636522
/kerneler/starter-dfdfdf-a7e9d39f-c,5636487
