/lmingzhi/a-journey-through-titanic-8222f82e,858194
/hiteshlall/practice1-titanic,858171
/tohid1/clash-of-titles,858135
/adityadhara/notebookcfc5fe064f,858130
/gunjan1991/pca-and-svm-on-mnist-dataset,858115
/tonyabracadabra/full-preprocessing-tutorial,858095
/adityadhara/call-me-a-tree-hugger,858073
/purbohadi/notebook802510c5fe,858049
/qbzenker/full-preprocessing-tutorial,857942
/sid0494/chat-analysis,857933
/sid0494/setting-up-a-prediction-problem-dota-2,857876
/rahmansazz/notebookedbb800209,857871
/cjroth/notebook03af8dc5be,857862
/samsheff/the-perfect-score-script,857860
/tatianass/random-forest-benchmark-r,857849
/bremen/how-to-correctly-load-data-into-r,857842
/jblack1395/first-pass-through-data-w-3d-convnet,857839
/mrmquirk/global-religion-1945-2010-plotly-pandas-visuals,857823
/weihuang1979/notebookc808d30923,857814
/pranavhonrao9/notebookdcb504657f,857795
/anikianiki08/the-money-makers,857771
/tonio145/a-journey-through-titanic,857770
/bfaviero/what-s-cooking-my-first-random-forest,857759
/nneubarth/notebook1b92ecd15d,857742
/yibotang/notebook0e596884bf,857738
/kevin24816/catdognet-keras-convnet-starter,857732
/jheredia1972/notebook4822721d53,857709
/jessgawrych/notebookbc609429f1,857637
/takagialan/notebook27640751df,857634
/zhaominda/notebookdcbc860f74,857583
/oyzh1992/notebooke1d871a65a,857571
/huyifei/catdognet-keras-convnet-starter-810dc7f7,857554
/gunnyliu/image-preprocessing-exploration-2-f8a7c646,857547
/gunnyliu/image-preprocessing-exploration-2,857534
/tunguz/xgb-modified-3,857540
/vigilanf/can-a-computer-say-a-1000-words-from-a-picture,857497
/imranraja/a-journey-through-titanic,857482
/yskolnick/notebook98e9113c3f,857467
/gunnyliu/catdognet-keras-convnet-starter-f77190ea,857454
/gunnyliu/notebookffa56f41f4,857411
/huyifei/catdognet-keras-convnet-starter-123a6b41,857410
/yunc84/notebookc7bdf3c0c0,857402
/poonam25/word-cloud-and-data-analysis,857399
/yunc84/notebook3d02c4b3d6,857388
/tanlikesmath/kernel-python-20170209,858113
/poonam25/wordcloud-time-series-cluster-modelisation,857367
/ranjith786/a-journey-through-titanic-feb-2017,857356
/acerba/how-much-sugar-do-we-eat,857350
/ankushreddy/global-terrorism-trends-animation,857339
/screech/notebook66178e1395,863463
/minus100/notebook0b4235acb0,857287
/iamnuomi/full-preprocessing-tutorial,857243
/sonpham/notebook0b2c6a3283,857203
/g115109/notebook61a02ba227,857156
/duttaroy/enhanced-w,897700
/hdawkins/notebookc243bee68e,857103
/pratikkgandhi/notebookebfb700122,857033
/kumarnith03/notebooked1a4b7bfd,856961
/yuanhe/python-data-visualizations-a55a8f35,857484
/yuanhe/python-data-visualizations,856905
/pranavsr/learning-from-film-rating-systems,856856
/nima7321/notebookb86b077e49,856822
/mitsu1211/notebook30faf97e05,856797
/afzalsaamir/notebook254b12f758,856780
/devien/notebook078dd84311,856738
/jheredia1972/crimechallenge,856671
/nima7321/notebookf655d555a6,856643
/yskolnick/notebook671d8ee037,856633
/mehdiroussaky/notebookd528b46e4c,856611
/bhagwatvyas/a-journey-through-titanic,857455
/rakeshds/xgb-modified,856634
/yskolnick/notebookcd495caa31,856519
/yskolnick/notebook4c5d66e851,856504
/yskolnick/notebook4ac2295f22,856483
/jcclose1/simple-exploration-notebook-2-connect-44bb6586,856464
/tejasvisankhe/notebooke50dba9229,856463
/yskolnick/notebooka3f1a8b581,856462
/dhey24/ensemble-of-logistic-and-gradient-boosted,856468
/jrod555/random-forest-starter-with-numerical-features,856458
/adamaid/notebooka366c9e7a4,856451
/gmdimarzo/fork-of-notebookb553b7a9b3,856428
/datamle/titanic-data-science-solutions-cae1a14c,856417
/datamle/titanic-data-science-solutions,856413
/bdjidi/full-preprocessing-tutorial,856404
/kashchilakamarthy/kash-s-notebook,856338
/soumenseth/glass-type-classification-with-machine-learning,856333
/akhand/simple-nn-to-recognize-digits,856300
/pubudur/regularized-linear-models,856265
/qingzhang/notebook61c98521f1,856259
/rachelhanebutt/notebook3b907e8154,856233
/phoebewang/pngconv,858043
/warrierr/a-journey-through-titanic,856317
/phoebewang/notebook198bf15bc1,856190
/gurpreet395/catdognet-keras-convnet-starter,856163
/justfor/squeezer,856332
/milihadziomerovic/how-to-correctly-load-data-into-r,856133
/sanchavan/notebook3bf4e386ee,856121
/sanchavan/dssds,856120
/mlsawyer/create-dataset-with-tensorflow,856055
/vigilanf/notebookf9597f670e,856045
/sanchavan/notebookff724620ed,856041
/uj2295/tensorflow-deep-nn,856038
/sanchavan/analysis-of-alcohol-intake-beginners-tutorial,856035
/sunrita/eda-and-simple-image-processing,856007
/mlsawyer/catdognet-keras-convnet-starter,856002
/mlsawyer/image-preprocessing-exploration-2,855993
/gigizhang88/notebook18325e4fa9,855988
/acroock/inception-retrained,855974
/edopic/tensorflow-starter-kit,855881
/tylerdzh/notebook1d174d65b1,855875
/teampark/mortality-rates-exploration-and-visualizations,855869
/sakkata/notebook959ff220b4,855859
/jeffeverett/notebook3b3aa09f0f,855856
/bizdat2/full-preprocessing-tutorial,855839
/snakeonbasket/notebookabf916e212,855812
/pblanc5/notebooke9404be2f2,855779
/anayraj/gender-voice-recognize-analysis,855749
/mkaiser101/house-prices-data-exploration-and-visualisation,855700
/frankchen0130/regularized-linear-models,855693
/sandey/statistics-of-brazilian-aircraft-occurrences,855667
/mahmoudmahdi/notebookdba8cfaef8,855656
/introbiantonioeslava/reduce-size-of-dataset-to-1-gb,855626
/jmanzano130/titanic-random-forest-82-78,855604
/artyte/notebookb05ade7315,855593
/piyushjain/a-journey-through-titanic,855584
/deepank/first-pass-through-data-w-3d-convnet,855550
/branimirg/notebook6b644c9589,855547
/sevendeadlysines/notebooka7686aed9a,855505
/yskolnick/notebook551a428cad,855483
/dracoplayr/notebookfb5146568a,855480
/macwinux/notebookd2936b5f12,855429
/siddhantwade/nips-papers-visualized-with-nmf-and-t-sne,855410
/magrathean/notebooka91e67ea79,855374
/angeloss/notebookd0a2343079,855372
/arceus7/notebook2265bfd2d7,855368
/joehonour/notebook795bc8f8d2,855350
/sabihul/notebook3127543025,855258
/jacoblchapman/notebookebc35b60f5,855233
/mmiguel6288/notebook6e78f285ea,855231
/kharita/first,855211
/xietaitong/fork-of-notebook9b689285a2,855187
/bledarkulemani/notebookd3154ca410,855183
/hmiller/regularized-linear-models,855173
/kharita/fork-of-notebook66f033fd5c,855168
/agentowski/elo-in-football,855145
/aloplop85/notebookdb5b86b722,855142
/wheeler8/full-preprocessing-tutorial-facef6fe,855464
/andyvee/notebook61126dc592,855107
/qichenhu/notebooke951488c27,855081
/fcpenha/python-data-visualizations,855060
/mikeyaco/testt,855040
/wheeler8/first-pass-through-data-w-3d-convnet,855023
/ykg2992/map-of-temperatures-and-analysis-of-global-warming,855008
/ppereira/a-journey-through-titanic,855001
/dolremi/a-study-on-regression-applied-to-the-ames-dataset,854989
/whaozl/loading-and-processing-the-sample-images,854979
/whaozl/video-with-lungs-in-3-axes-notebook,854978
/whaozl/the-perfect-score-script,854958
/jerryflying/the-perfect-score-script,879177
/whaozl/exploratory-data-analysis,854920
/whaozl/improved-lung-segmentation-using-watershed,854912
/nirkarpati/first-pass-through-data-w-3d-convnet,854855
/adelegi/notebook400d70c740,854824
/stanislasl/text-mining-with-sklearn-keras-mlp-lstm-cnn,854797
/frankchen0130/notebook880abd4dd0,854774
/sladeg/notebook84cb97a14a,854763
/yetingsky/fork-of-a-journey-through-titanic,854756
/wtellen/full-pipeline-demo-poly-pixels-ml-poly,854752
/marouaneb/global-religion-1945-2010-plotly-pandas-visuals,854700
/matefh/in-depth-skewed-data-classif-93-recall-acc-now,854697
/andrewpelton/useful-text-preprocessing-on-the-datasets,854674
/waynemoon/python-data-visualizations,854669
/kaulad/detailed-data-exploration-in-python,854783
/andymarsden100/notebookec286c3ea1,854615
/buaagaojie/shopfloor-visualization,854614
/barthelemy/notebookd5ad0aaa44,854602
/kaldous/notebook37e3fc4a75,854598
/saeiddadkhah/fromtutorial,854562
/himnshu/notebooka37ab2f47a,854543
/shikhargupta95/notebook868b74c80a,854522
/xuren71/glass-type-classification-with-machine-learning,854496
/dimitrislev/xgb-starter-in-python-8f42ddba,854425
/gynagy/an-interactive-data-science-tutorial,854421
/taxus13/comparing-random-forest-pca-and-knn,854419
/yp9164659394/notebookecb23f1789,854411
/vignesh7/titanic-random-forest-82-78,854403
/vineet19/dogs-vs-cat-svm,854398
/sethzgold/fork-of-notebooka615fdef9b,854369
/shettar/notebook9e565af6ee,854301
/javanets/nips-papers-visualized-with-nmf-and-t-sne,854300
/chanatipt/global-religion-1945-2010-plotly-pandas-visuals,854296
/namsbhulawat/a-journey-through-titanic,854287
/omersella/a-journey-through-titanic,854236
/ssuresh15/titanic1,854219
/blargl/nn-through-keras-copied-mod,854199
/huangwenwen/a-journey-through-titanic,854195
/jameswong1234/check-the-data,854257
/thammasorn/explore-data,854150
/gesamr/zombie,1846013
/thammasorn/notebooka5a6184ea9,854140
