/manisbea/notebookc2f7cb6f07,730011
/yellowduck/dog-breeds-dog-groups,730009
/yellowduck/take-a-look-at-the-data,729993
/ytbryan/notebook7e5646564b,729933
/qzhan11/outbrain-eda-2cd04ec9,729911
/armeng/asdasd,729832
/dmyaogq/notebooke4ee3699e5,729814
/dmyaogq/notebookee6d45e943,729806
/garvey/notebookbf931fd50e,729745
/kumaraswamy/alcohol-consumption-and-average-grades,729734
/jin3137/notebook00d752b504,729720
/yyq263/knn-from-scratch-in-python-at-97-1,729709
/maver1ck/the-perfect-score-script,729708
/maver1ck/full-preprocessing-tutorial-65b8bdd5,729696
/haarthi1/notebook8a4ae3db4a,729641
/maver1ck/full-preprocessing-tutorial-9c539904,729625
/grittyy/overfitting-the-leaderboard,729623
/sheshu/alcohol-consumption-and-average-grades,729618
/dl98x2/notebooke03a2c5a70,729596
/alabsinatheer/exploring-and-visualizing-using-bokeh,729553
/duttaroy/learning-from-the-perfect-score-script,729536
/tarunsingh/exploring-india-with-ggplot2,812554
/qzhan11/support-vector-machine-detail-analysis,729507
/remananr/the-perfect-score-script,729505
/emay201/titanic-survival-prediction-end-to-end-ml-pipeline,729463
/pjain9696/data-imputation-aguah-water-consumption,730873
/minus100/notebook545cab8861,729381
/kaggle446/exploratory-data-analysis-f3eb5c0f,729353
/skywoods2001/notebook81c66636e2,729351
/agbmurphy/classifying-leaf-data-with-nearest-neighbors,729328
/lizididi/python-data-visualizations,729322
/duduscript/gendermodel,729264
/inkesm/full-preprocessing-tutorial,729263
/gauti22/notebook5157cd0b1c,729260
/puremath86/exploratory-data-analysis-c1055291,729172
/puremath86/exploratory-data-analysis,729171
/haoshuji/the-perfect-score-script-0d624984,729170
/haoshuji/the-perfect-score-script,729148
/bissben/the-perfect-score-script,729113
/junseopark/notebook41fa47655e,729110
/puremath86/full-preprocessing-tutorial,729105
/sshahriari/detailed-data-exploration-in-python,729093
/sshahriari/regularized-linear-models-8d51a788,729084
/chikenfeet/full-preprocessing-tutorial-7ffae7f2,729057
/luisgui/in-depth-skewed-data-classif-93-recall-acc-now,728996
/allenlu95/notebookac0b53ebb1,728985
/sshahriari/notebookcb70928ae4,728942
/habilebadger/notebookb60bb96f7a,728828
/chikenfeet/full-preprocessing-tutorial,729123
/juretaka/predicting-imdb-ratings-using-numerical-attributes,728810
/samaresh/notebook4c7488a78f,728793
/bregymr/detech,728792
/bregymr/notebook92300dfc63,728790
/whinaal/showing-labels-segmentations,728763
/harukitk/notebookd368656bcc,728745
/yfdubuaa/generation-unemployed-interactive-plotly-visuals,728723
/juretaka/test1,801088
/tim3450/terrorist-attacks-in-united-states-a2982c7c,728670
/jquaranta/celebrity-death-analysis,728664
/kongsea/full-preprocessing-tutorial,728629
/zeyali/notebookfb4356eaae,728626
/tsukasa/expensive-restaurants-look-like-this,728610
/tiagostutz/notebook9bc5e92d71,728593
/tiagostutz/notebookefb159a524,728584
/yzhuang/notebookec6dbb18bb,728582
/dyoung418/word-cloud-with-python,728571
/scp173/full-preprocessing-tutorial-ff7a1c33,728560
/hiranyakudva/celebrity-death-analysis,728555
/claytthegreat/michigan-colleges,728547
/bakhus/full-preprocessing-tutorial,728529
/snoopjedi/notebook5d44052829,728527
/habilebadger/notebook0afccb24a1,728510
/claytthegreat/blahhh,728507
/theseano/notebook5f549bf4b8,728494
/mlaiseca/titanic,728441
/snoopjedi/notebookc87cdec604,728432
/faizzainal93/high-population-equal-more-crimes-7a3b2bab,728386
/mparuchuri/support-vector-machine-detail-analysis,728378
/deoppressoliber/titanic-survival-prediction-end-to-end-ml-pipeline,728338
/ivasilyev/notebook5265b8a379,728264
/vasuji/10-classifier-showdown-in-scikit-learn,728259
/davidavid/detailed-data-exploration-in-python,728252
/maurochamas/notebook30c229835a,728242
/vasuji/script-v6,728237
/vousmevoyez/notebook3e4e0b0c6b,728236
/vousmevoyez/notebook22d2575ed4,728230
/beechnutsanctions/notebook424107abf9,728225
/wangming/a-journey-through-titanic,746240
/vousmevoyez/notebook0811b683f0,728216
/athontz/word-cloud-with-python,728209
/akashmaity/notebookc17272da5d,728207
/ivasilyev/notebook2a793b60a5,728203
/binilg/bkgsc3,728182
/serinashan/finding-dinner-for-nerds,728148
/chewinggum/titanic1,728130
/pogojon/notebook695eb06a8b,728105
/docai44/full-preprocessing-tutorial,728052
/italoraony/tensorflow-nn,728024
/paulamoura/notebook-de-paula,727967
/grixxy/a-journey-through-titanic-f5e0c692,727962
/idroji/the-perfect-score-script,727951
/rnmourao/notebookd74a496898,727914
/bsaleh/the-perfect-score-script,727865
/bsaleh/notebooke9d8f9dafd,727846
/manthedan/full-preprocessing-tutorial,727837
/manthedan/the-perfect-score-script,727834
/tinagruene/mental-health-in-tech-survey-data-visualization,727809
/juliensiems/xgboost-lasso,727787
/wenjianhukaggle/notebookabc7199397,727672
/ozgung/notebooka4fa1b042e,727636
/cyivy1992/notebook5cb7747658,727624
/mikesch/notebook39a4488a77,727620
/needavacation/notebook78e73ba1f4,727611
/ksawlani/notebookb0be979317,727561
/ksawlani/notebook1bb2536924,727558
/halflings/playing-with-food,727468
/terencezl/generation-unemployed-interactive-plotly-visuals,727442
/wuchange/visualization-gross-factors,727433
/wuchange/notebook9147d5a12a,727425
/funapi/time-travel-eda,727411
/roscaiosif/notebook93f2a921b3,727404
/benjaminphillips22/exploring-india-with-ggplot2,727345
/datagenome/walk-through-of-different-classification-models,727342
/nikeshreddy100/notebookfb3f647519,727337
/ksawlani/generation-unemployed-interactive-plotly-visuals,727320
/nikeshreddy100/a-journey-through-titanic,727290
/johnny1899/neural-network-1,763267
/progmatix/analyzing-census-data,727310
/agbmurphy/updated-death-analysis,727214
/hammouc/celebrity-death-analysis,727189
/syncingrhythms/full-preprocessing-tutorial,727172
/bdaubney/notebooke1506f5cc7,727160
/kash007/a-journey-through-titanic,727118
/laserdig/horses-for-courses,727116
/ninosaur/word-cloud-with-python,727096
/johnny1899/xgboost-0-55,727128
/abhishkkodi/data-visualisation-for-ipl-datasets,789749
/dollardollar/validation-strategy-through-vgg-clusters,727065
/cmis91/notebook7aba451e9c,727062
/mipurale/comprehensive-analysis-of-the-phone-world,729915
/gauravag/full-preprocessing-tutorial,727038
/abhishkkodi/map-of-temperatures-and-analysis-of-global-warming,727033
/ahmadrajab/celebrity-death-analysis,727025
/romasffm/notebook46bf4066e3,727021
/supermuis/notebook6275d5a7a5,727015
/dxqllp/notebook16f57c08d8,726946
/dxqllp/xxxxx,726944
/a7emenov/notebook7b3cc3a0b3,726914
/coldfuzz/notebook734ad5839a,726905
/arronsa/a-journey-through-titanic,727086
/sparsh300/titanic-data-analysis-and-machine-learning,726885
/amunategui/notebook203fd6f61d,726879
/anshumahi/fork-of-notebookf42c37d111-8d4a0ddc,726839
/machinelearningpy/notebook4139abc530,726827
/palicand/full-preprocessing-tutorial-bf42aa62,726816
/yczhouqiang/notebook3775faef89,726767
/rayschmitz/word-cloud-with-python,726749
/xunxun87/exploring-features,726747
/ouanixi/notebookdc9491af68,726730
/linhaili/notebookc35e0d6ef2,1575397
/tiviorban/notebook5ad4fecac3,726673
/chimek0/tobacco-use-trends,726658
/souljourner/setting-up-a-prediction-problem-dota-2,886826
/krishnachaitanya1/a-journey-through-titanic-23cf8aaa,726619
/gloriasweet/titanic-survival-prediction-end-to-end-ml-pipeline,726617
/mnarayan/notebook550901912c,726603
/jorlando/a-beginner-s-approach-to-classification,726582
/maver1ck/full-preprocessing-tutorial,726564
/shivinder/notebookdfdbe61438,726493
/goutkannan/notebook6b33be513b,756348
/scascar/catdognet-keras-convnet-starter,726447
/urbandiver/notebooka41e8bda2a,726444
/chtodd/the-console-wars-ps-vs-xbox-vs-wii,726410
/aang998/exploring-survival-on-the-titanic,726405
/aironashish/notebookce55e7b7fa,726401
/anshumahi/fork-of-notebookf42c37d111,726393
/ahmedgehad/notebooke4c33f9b97,726388
/aironashish/notebook7191e99679,726382
/unicornmarkets/exploratory-data-analysis,726376
/pappukrjha/data-bowl-sample-data-exploration,740635
/aironashish/notebook6237be06c3,726369
/jaromiru/keras-cnn-bn,749499
/vedika727/notebookc24eb34bbd,726346
/davidweisscode/randomforestregressor,726326
/ashideldar/updated-death-analysis,726322
/clairvoyance/notebooka97bbf3ddb,726314
/anshumahi/notebooke911ba42cd,726302
/basubdd/updated-death-analysis,726290
,None
/srazylp/full-preprocessing-tutorial,726246
/fatcoder/soccer-practice,726310
/dearkafka/loading-and-processing-the-sample-images,726237
/danburger/notebook0f86ff1017,726228
/rjbashar/the-perfect-score-script,726196
/kumarsvinod20/a-journey-through-titanic,726172
/josephkelly/full-preprocessing-tutorial,726118
/junhongxu/notebook397306c672,726071
/benfduffy/pandas-is-cool-lb-0-63714,726129
/svesal/test22222,726043
/abaravalle/notebookd2a0e1a77f,726035
