/aculley/sql-scavenger-hunt-day-5,2566767
/xuhcesso/recommender-system-basic-similarity,2567829
/keii11/sql-scavenger-hunt-day-5,2558339
/ephemerai/sql-scavenger-hunt-day-1,2558273
/rsedger/sql-scavenger-hunt-day-5,2558516
/chess2001/sql-scavenger-hunt-day-5,2558293
/dhruva2/day2-scavenger-hunt,2558183
/ephemerai/sql-scavenger-hunt-day-4,2796134
/ephemerai/sql-scavenger-hunt-day-5,2796537
/bobhiltner/sql-scavenger-hunt-day-4,2558582
/chrisbow/two-pint-challenge-forecast-weather-in-seattle,2570257
/aculley/sql-scavenger-hunt-day-4,2558177
/aabildtrup/sql-scavenger-hunt-day-5,2562710
/kedownes/sql-scavenger-hunt-day-4,2611455
/shringa/sql-scavenger-hunt-day-3-79191f,2558510
/codebird/sql-scavenger-hunt-day-5,2557877
/pramz11/sql-scavenger-hunt-day-5-solution,2573190
/pranavcfc/sql-scavenger-hunt-day-4,2558223
/ahancock8/day-5-scavenger-hunt,2558615
/simonzski/sql-scavenger-hunt-day-5,2557881
/talatin/sql-scavenger-hunt-day-5,2558079
/nvoss12838/sql-scavenger-hunt-day-4,2557940
/dhruva2/sql-scavenger-hunt-day-1,2557806
/calsunshine/sql-scavenger-hunt-day-4,2557915
/ymcdull/sql-scavenger-hunt-day-5,2558010
/jihangz/sql-scavenger-hunt-day-4,2558226
/savasali/sql-scavenger-hunt-day-4-9cad53,2598568
/italogoncalves/sql-scavenger-hunt-day-5,2557729
/aaagrekar/sql-scavenger-hunt-day-5,2557572
/apogue/sql-scavenger-hunt-day-5,2580491
/dangmckeown/sql-scavenger-hunt-day-5,2557619
/hajdzena/titanic-my-firs-machine-learning-project,2600859
/chemaplana/sql-scavenger-hunt-day-4-the-accountant,2557926
/jihangz/sql-scavenger-hunt-day-3,2557599
/nehagv/sql-scavenger-hunt-day-2,2557689
/pmancoll/sql-scavenger-hunt-day-1,2557631
/njsgrace/sql-scavenger-hunt-day-5,2557682
/codechris/sql-scavenger-hunt-day-3,2697688
/gvianaf/sql-scavenger-hunt-day-5,2557975
/scbarnum/sql-scavenger-hunt-day-5,2559357
/shringa/sql-scavenger-hunt-day-2-159c,2557781
/aaronsadler/sql-scavenger-hunt-day-5,2557351
/lloydjackman/sql-scavenger-hunt-day-5,2557337
/gino244o/sql-scavenger-hunt-day-5,2557462
/xaviera/sql-scavenger-hunt-day-5,2557199
/lavanyasekaran/sql-scavenger-hunt-day-3-a63a06,2557686
/matthewmasters/flag-masks-with-no-area,2558153
/kenmaready/scavenger-hunt-day-5-join,2562043
/keenank/sql-scavenger-hunt-day-5,2560253
/chrismiddleton237/sql-scavenger-hunt-day-5,2557332
/gvianaf/sql-scavenger-hunt-day-4,2557304
/stephaned/sql-scavenger-hunt-day-4,2557089
/jilkoval/sql-scavenger-hunt-day-3,2557047
/aaronsadler/sql-scavenger-hunt-day-4,2556947
/nikihashemi/sql-scavenger-hunt-day-5,2556963
/lloydjackman/sql-scavenger-hunt-day-4,2556991
/hollyg/sql-scavenger-hunt-day-5,2556875
/aaagrekar/sql-scavenger-hunt-day-4,2556897
/ervinfarkas/scavengerhunt-day5,2557122
/harsh2/fork-of-income-prediction,2556599
/rarmendariz12345/sql-scavenger-hunt-day-5-ra,2556970
/ryanchsu/sql-scavenger-hunt-day-5,2960542
/kdudzikowska/sql-scavenger-hunt-day-5,2556807
/lloydjackman/sql-scavenger-hunt-day-3,2556764
/isvirido/sql-scavenger-hunt-day-2,2556753
/jilkoval/sql-scavenger-hunt-day-2,2556752
/mojcaostir/sql-scavenger-hunt-day-4,2557769
/teresahornsby/logistic-regression-for-cryptocurrencies,2618807
/yogitasingh/sql-scavenger-hunt-day-5,2556787
/mommchil/sql-scavenger-hunt-day-5-github-repos,2556814
/ryanchsu/sql-scavenger-hunt-day-4-7938be,2557691
/hoovee/sql-scavenger-hunt-day-3,2557773
/theend12/sql-scavenger-hunt-day-5,2556236
/georgiosgoniotakis/sql-scavenger-hunt-day-5,2556277
/igiul90/sql-scavenger-hunt-day-5,2556530
/aaagrekar/sql-scavenger-hunt-day-3,2556481
/arudiuk/sql-scavenger-hunt-day-5,2556390
/kedownes/sql-scavenger-hunt-day-3,2556440
/lloydjackman/sql-scavenger-hunt-day-2,2556453
/cyrilv3/sql-scavenger-hunt-day-5,2556485
/nnorris/sql-scavenger-hunt-day-5,2556370
/sandeep04201988/sql-scavenger-hunt-day-5,2556468
/pigchan02/fork-of-sql-scavenger-hunt-day-4,2556049
/avsaditya/hacker-news-sql-scavenger-hunt-day-2,2556377
/lloydjackman/sql-scavenger-hunt-day-1,2556069
/shivanksharma91/sql-scavenger-hunt-day-5,2556116
/georgiosgoniotakis/sql-scavenger-hunt-day-4,2556189
/harsh2/income-prediction,2556529
/theend12/fork-of-github-commit-messages,2555935
/yogitasingh/sql-scavenger-hunt-day-4-yks,2556368
/sramaley/sql-scavenger-hunt-day-5-answers,2556354
/jcookie/sql-scavenger-hunt-day-5,2555934
/bernardkung/sql-scavenger-hunt-day-5,2556612
/nvoss12838/sql-scavenger-hunt-day-3,2557736
/guilhermesantana/house-price,3425578
/huanvo/sql-scavenger-hunt-day-5-hv,2556160
/saurabhg476/plain-old-logistic-regression-with-pca,2577955
/ostaski/sql-scavenger-hunt-day-5,2556066
/dmitryfrizner/sql-scavenger-hunt-day-5,2556533
/kromanov/sql-scavenger-hunt-day-5,2561556
/rory81/sql-scavenger-hunt-day-5,2556812
/roshnis/sql-scavenger-hunt-day-5,2565589
/jcookie/sql-scavenger-hunt-day-4,2555793
/ygdlycaon/sql-scavenger-hunt-day-5,2556184
/jcookie/sql-scavenger-hunt-day-3-2ce8fe,2555572
/jayhwang/sql-scavenger-hunt-day-5,2555970
/arigig/sql-scavenger-hunt-day-5,2555806
/theend12/github-commit-messages,2555892
/jcookie/sql-scavenger-hunt-day-2,2555502
/ashu1610/sql-scavenger-hunt-day-4,2555515
/anuragn4/sql-scavenger-hunt-day-4,2556850
/pigchan02/sql-scavenger-hunt-day-5,2556014
/avsaditya/global-air-pollution-sql-scavenger-hunt-day-1,2556393
/whatevergeek/sql-scavenger-hunt-day-5,2555588
/amarbut/sql-scavenger-hunt-day-5,2555435
/scbarnum/sql-scavenger-hunt-day-4,2558053
/oksanazavada/sql-scavenger-hunt-day-5-join,2555770
/imaadmkhan1/sql-scavenger-hunt-day-4,2555677
/diogoff/sql-scavenger-hunt-day-5,2555427
/edmilsonsantana/sql-scavenger-hunt-day-5,2555630
/bobhiltner/sql-scavenger-hunt-day-3,2555663
/sergiomendozav/sql-scavenger-hunt-day-5,2555369
/zacklarsen/sql-scavenger-hunt-day-5,2564305
/habibis007/scavenger-hunt-day-4,2555784
/benedosso/sql-scavenger-hunt-day-5,2555713
/dangmckeown/sql-scavenger-hunt-day-4-task-2,2555152
/wellmaee/sql-scavenger-hunt-day-5,2581013
/dkasii/sql-scavenger-hunt-day-5,2555302
/emre40/sql-scavenger-hunt-day-5-by-emre,2555632
/cvl1990/sql-scavenger-hunt-day-5,2577375
/kromanov/sql-scavenger-hunt-day-4,2555612
/atulsaurav/sql-scavenger-hunt-day-3,2555268
/jneves/sql-scavenger-hunt-day-5,2555155
/pknerd/sql-scavenger-hunt-day-3,2560041
/dell4010/predict-hourly-energy-output-with-regression,2559237
/olaoluthomas/scavenger-hunt-day3-ustrafficfa,2576103
/kromanov/sql-scavenger-hunt-day-3,2555029
/mukeshiitr/sql-scavenger-hunt-day-4,2561423
/kromanov/sql-scavenger-hunt-day-2,2554791
/savargaonkar/sql-scavenger-hunt-day-4,2554947
/talatin/sql-scavenger-hunt-day-4,2555342
/tushifire/sql-scavenger-hunt-day-4,2558879
/phung2k4/sql-scavenger-hunt-day-5,2556993
/hyunkyung12/kernele62fbf11fd,2559438
/claudiovalim/sql-scavenger-hunt-day-5,2590143
/gabraganca/sql-scavenger-hunt-day-4,2554722
/manodeep/sql-scavenger-hunt-day-5,2554353
/cynthiacho/sql-scavenger-hunt-day-5-analysis,2555163
/jingking/sql-scavenger-hunt-day-4,2555074
/bala10/sql-scavenger-day-4,2558686
/elhamdaouiabdelmajid/sql-scavenger-hunt-day-3,2557314
/wwwound/sql-scavenger-hunt-day-4,2554162
/shingyang/sql-scavenger-hunt-day-4,2859989
/zahraeghtesadi/sql3-bigquery-us-traffic-fatality,2573113
/abcdqd/sql-scavenger-hunt-day-3,2566036
/aharker619/sql-scavenger-hunt-day-4,2583799
/scheckley/sql-scavenger-hunt-day-3,2554368
/chess2001/sql-scavenger-hunt-day-4,2556757
/khyeh0719/sql-scavenger-hunt-day-5,2553994
/captcorpmurica/sql-scavenger-hunt-day-4,2553954
/midwest07/sql-scavenger-hunt-day-4,2553743
/marifelpicartcorpuz/sql-scavenger-hunt-day-4,2554228
/babajaguska/sql-scavenger-hunt-day-4,2553382
/murgen974/sql-scavenger-hunt-day-4,2553784
/danibr/sql-scavenger-hunt-day-3,2553249
/amdasilva/sql-scavenger-hunt-day-5,2553818
/markpaskowitz/sql-scavenger-hunt-day-4,2553694
/rbyron/sql-scavenger-hunt-5,2581009
/rory81/sql-scavenger-hunt-day-4,2554104
/xxxsaq/sql-scavenger-hunt-day-4,2554581
/akshu281/sql-scavenger-hunt-day-4-b8eb28,2552914
/tushifire/sql-scavenger-hunt-day-3,2553235
/khyeh0719/sql-scavenger-hunt-day-4,2552767
/takuyafukudome/sql-scavenger-hunt-day-4,2552704
/scube97/my-model-9218f0,2552523
/micsam/sql-scavenger-hunt-day-4,2556967
/exuperie/sql-scavenger-hunt-day-4,2552698
/willianw/logistic,2598649
/theallrounder/sql-scavenger-hunt-day-4-completed,2557005
/horrninjakatja/sql-scavenger-hunt-day-4,2552682
/shanthiagarajan/sql-scavenger-hunt-day-4-shan,2552371
/samden/sql-scavenger-hunt-day-4,2552533
/sinzy0925/sql-scavenger-hunt-day-4-32968f,2552355
/olgisek/sql-scavenger-hunt-day-2-olgs,2552395
/alexgry/sql-scavenger-hunt-day-2,2552331
/manuelamarinho/sql-scavenger-hunt-day-4,2572230
/tushifire/fork-of-sql-scavenger-hunt-day-2-052c63,2552266
/larstherkelsen/schunter-day04,2554692
/benckatz/sql-scavenger-hunt-day-4,2552280
/alexgry/sql-scavenger-hunt-day-1,2552025
/habibis007/scavenger-hunt-day-3,2553690
/silversurf/sql-scavenger-hunt-day-4,2552015
/artemdedkov/sql-scavenger-hunt-day-4,2554028
/satitpongbundit/sql-scavenger-hunt-day-4,2592016
/dmitrnyakk/ridge-lgbm-0-41800,2552594
/theallrounder/sql-scavenger-hunt-day-3,2552394
/benckatz/sql-scavenger-hunt-day-3,2551991
/notrius/sql-scavenger-hunt-day-1-8d6c7d,2551541
/ellorachua/sql-scavenger-hunt-day-4,2551496
/xaviera/sql-scavenger-hunt-day-4,2557012
