/ninahappy/notebook189ca7fa89,414518
/allizchen/detailed-data-exploration-in-python,414655
/superjom2/notebooka02ad886a1,414477
/fanghon/tensorflow-deep-nn,414464
/tahabilge/classifying-relaxation-versus-doing-math-25e1d108,414446
/mbai8854/notebook7a74ab2772,414423
/sarnoud/notebook1aaa6dade1,414383
/longxingol/notebook021f3b230e,414334
/prateekbhat/the-locations-puzzle,414326
/wllmtrng/notebookad1c6f74e6,414358
/fattieray/explore-loans-from-loan-club,414274
/praneethvarmapv/notebook0f8ae3e7b9,414259
/wisker/notebook7c869ca6cd,414251
/simplyjk/notebook4e33ecdc5a,414245
/yangxiaozhou/a-quick-review-of-the-ign-reviews,414242
/reillyd/notebook0be9488873,414217
/jyurain/notebookae0610d9d7,414202
/omd123/a-journey-through-titanic,414766
/smehta12/notebook6c47fa61f1,414187
/nagababu/notebook4b21450715,414182
/miguelmartinez1024/notebookdb61d3f51a,414154
/abner288/interesting-findings,414146
/irisapo/notebook9d02077922,414139
/chezui/notebookadfa2b54d0,414137
/pdpamidi/notebook63a7ba9b1c,414131
/behzadgolshan/notebook98659fff2e,414121
/jyotim/notebook13e21e5284,414115
/chezui/outbrain-eda,414095
/mikelangel/3-basic-classifiers-and-features-correlation,417945
/olehshyshkin/notebook46e537366f,414087
/hyperspace/classifying-tasks-using-eeg-data-w-tensorflow-nn,414085
/marcelolajr/notebook9c43d63640,414072
/fedeisas/notebookd4621b540f,415813
/kylermconnelly/test-title,1831774
/hueykwik/69-failure-rate,414044
/illoganli/notebook8393f07ceb,414029
/tevans890/notebookec577148b8,414028
/bhatarati/notebook7be6b8ebd4,414027
/szelvenskiy/date-exploration-6min-0-01,414025
/jypucca/notebook03b6b68d57,414021
/amsutherland/notebookdd1bba9217,414008
/lysuhin/exploratory-study-on-ml-algorithms-57ef53ca,414000
/marcelolajr/notebook5c3459eae1,413996
/mary26/notebook802c7c12a3,413985
/pablowmartinez/notebooka7289b29e4,413967
/kcarroll/linear-model-from-journal-pdf,457726
/jankoch/notebooked7c7cc558,413964
/robintibor/notebookbfc5650134,413955
/shireex/notebook0f1a5e8372,413952
/rachana451/notebookb202ed3325,413949
/usmannisar/notebook32cc75a956,413942
/pjhampton/notebook52e41b4a98,413937
/bfortuner/notebookbadede2599,413934
/bernard/notebook059b23d10e,413927
/cariaads15/notebook8f7d87639f,413923
/marcdeveaux/notebook201d19d9b3,413914
/smoiaa/a-quick-look-at-dota-2-dataset,413908
/bonnie426/notebook776f1045e9,413887
/felipempleite/notebook1d685e1a0c,413878
/sundarrajan2708/notebooke2ccb57d3b,413876
/yzhou13/notebook61a407b29d,413858
/ageojo/notebook383d1a9e6a,413844
/beastiebox/notebook4a7dc671d7,413842
/neoyun/notebookc9dff08eea,413838
/egdman/notebookf2ddf9979c,413835
/adelguerrot/notebook730102ca8d,413833
/chris36/svm-fit-to-uci-har-data,1050587
/danielcmessias/notebook9ca0a8389d,413790
/katsuma/a-journey-through-titanic,413765
/lyubap/notebook002bc74755,413767
/rajkranand/notebooke68e0c9375,413719
/syafiqah/python-data-visualizations,413677
/radbrawler/sentiment-analysis-with-vader,413667
/joshhawkinson/notebookadce6de4b6,413655
/mourinholiuxiaojun/notebookb2990f862d,413652
/naplevente/notebook63bea88314,413640
/eduinhserna/notebook230ee28a95,413637
/sylvesterfrancis/notebook2842b19552,413628
/kishensurajp/notebook8e5e97229c,413627
/jjdblast/tensorflow-deep-nn,413626
/jacksonsan/setting-up-a-prediction-problem-dota-2,413620
/sweetman/notebook35ad07578a,413593
/dreamweaver/a-journey-through-titanic,417440
/delemeator/notebookc19b9b172e,413570
/hendy99/notebook5d797aff1c,413566
/jamesthesnake/notebookbc45f29c0c,413563
/eduinhserna/notebook8b8b51ed9f,413561
/mspakuru/wordclouds-from-springfield-people-f0c609f6,413546
/mspakuru/notebook8a931fa51a,413503
/maluna/notebook3d67fd3595,413494
/atulit123/scikit-learn-ml-from-start-to-finish,414825
/thomastan310/notebook203c71b464,414688
/primavera87/notebookaf99649f61,413408
/etienner/python-data-visualizations,413393
/kaitfolweiler/notebook7771f7a1f3,413358
/jameskaruri/notebookab02bc1cd1,413305
/pishbin/notebook66e5692dbf,413304
/themarv/brand-and-model-based-benchmarks,413299
/timho0110/notebook3e21b91989,413298
/mnalpert/python-data-visualizations,413296
/themarv/exploring-features,413291
/themarv/python-data-visualizations,413288
/guppi3695/keras-with-tensorflow-backend,413279
/shinto/notebookaa58171b9c,413354
/jerrythomas/surviving-titanic-and-learning-r,420351
/mhmr1993/notebooka00d03798f,413195
/guillota/notebookb703aaa84b,413177
/ravijp/deleted,461801
/yaochengji101/lasso-model-for-regression-problem-b19b6e90,413150
/gemeinl/another-data-corruption,421663
/lhduy204/notebooka896034caf,413134
/zhangxw/classifying-relaxation-versus-doing-math,413121
/yawnt1/notebook58ca3f5eec,413094
/datageeks/notebook52d2c55062,413085
/isaac47/notebook72820986ab,413061
/kimaniwandirangu/rf-features-importances,413034
/kkairu/notebook2158e7a947,413003
/amanbh/stacking-with-scikit-and-xgb-maybe,412949
/salvor7/notebooke33741e6f5,412940
/satadru5/notebooke59a3a9a77,412930
/jinseriouspark/preliminary-exploration,412925
/shawnxiang/gaussian-process-regression-benchmark,412919
/sundarrajan2708/notebooka283edc856,412916
/takayuki1127/notebook9aaf768607,412906
/litehause/notebookc38a10c3f5,412855
/thebear/notebook2ad9ce1031,412849
/anjowall/notebook8f4e49f479,412844
/rhyando/notebookd35108f6b1,412879
/caynne/notebook7f9e004db4,412828
/dhegde/notebooke42ceb3a1a,412850
/waiyanminkyaing/geo-comparision-for-different-crimes,412818
/spike100/notebookddef4606ba,412782
/domi91c/notebook00d68afa8b,412769
/alanmbarr/notebookffa665d786,412766
/jdreamer/notebook6d8d4c33a5,412767
/su20yu1919/notebook4ff8e7c5b9,412755
/chukyworld/exploratory-study-on-ml-algorithms,413493
/katanoyu/notebook96dda008b3,412748
/garnetreds7/notebook28974837fa,412746
/himasravya/notebook23a0891969,412721
/garrison/notebookb288b47661,412719
/jrtheobald/notebookfad7a6edbc,412714
/codewatson/prudential-insurance-risk-predictions,412696
/shane112/notebookd6cacdc2eb,412682
/jasper7/random-forest-benchmark-r,964149
/outfox330/ensemble-model-stacked3-model-example,413632
/johnnlenon/census-data-prediction,412672
/jrtheobald/notebook4ea1758cea,412627
/shireex/notebook29b854380a,412613
/witeshadow/director-and-actor-s-total-gross-and-imdb-score,412609
/sdandriy/notebookcb6d8f56cc,412593
/chasedehan/notebook1acc4735a7,412591
/danicodes/notebookfa3274b77a,412586
/matumat/notebookd04653b2b1,412568
/swombo/notebookb03dc1b0d5,412562
/marvaniamehul/notebookda7ef9d83c,412538
/abdulhamid/airline-sentiment-part-2,412527
/vmrosario/notebook649a373656,412465
/swombo/notebook26782c5b5a,413847
/pankajmishra/notebook07923f6cde,412458
/antgoldbloom/notebook597814cc08,412437
/zalecheng/python-data-visualizations,412434
/robintibor/notebook991e03cbb8,412433
/jozefaka/notebook3f06dc4e08,412429
/billskelly/notebook6535d24b58,412424
/daavoo/notebook59afc46338,412419
/chaituchaitanya28/notebookfacbb318f5,412403
/prashantendley/notebookf04e285194,412316
/markneville/notebooke6f7940d60,412301
/duanlian/geolocation-visualisations,412300
/depaso/notebook4f90cbd821,412287
/elsehow/notebookdae9650db0,412284
/duevh32/notebook0f1a001697,412251
/pbhosale/python-data-visualizations,412597
/kylermconnelly/notebooke3a84c3f58,412200
/manuelepalmeri/notebook4316dd044c,412199
/lihuaofpku/python-data-visualizations,412193
/billskelly/notebook64127af476,412186
/billskelly/notebook69ff3459ea,412185
/drobinson/notebook78f2f660d9,412181
/unalakunal/notebook2b1a288b36,412176
/imathur94/notebookac57f71bc0,412167
/vbaker45/notebook22a116a726,412164
/luke035/notebook52eee66dc9,412128
/ccteddy/notebookd085b9a944,412120
/vicomedina/notebook1275d8bb6d,412116
/billskelly/notebookd81aa8ad2e,412115
/pauleanderson/notebook9385e074c9,412106
/jane522/notebook3ff1270b93,412083
/jdclark28/notebookb8e0a74f4f,412062
/kasogi/notebook4e89949b79,412059
/moguntunde/notebook3c3a493473,412049
/unclelv/exploring-features-1c260d28,412718
/locojay/notebook4284c263ac,412018
/onurakpolat/notebook9677850265,411986
/prates/notebook38d1604057,412401
/ardnenar/notebooka730df9026,411972
/manonr/python-data-visualizations,411963
/rasuter/notebook5bd0f1751f,411955
/karandewan/notebook54dc1758ca,411951
