/patertrap/fork-of-my-own-forecast-of-the-pollution-le-a86e9f,10141969
/rblcoder/quora-question-text,10241333
/dalao1002/exercise-data-augmentation,10126309
/sumana65/stacked-regression,10123422
/dalao1002/exercise-transfer-learning,10124239
/moshel/mobilenet-fl,10125960
/dalao1002/exercise-tensorflow-programming,10111758
/dalao1002/exercise-explore-your-data,10108329
/dalao1002/exercise-intro-to-deep-learning-and-computer-vis,10107384
/freedomhappy/exercise-machine-learning-competitions,10104187
/ostaski/automating-data-pipelines-day-2,10157981
/ampani1306/exercise-underfitting-and-overfitting,10085003
/rpsadarangani/creating-reading-and-writing-workbook,10084854
/sreejeet/grouping-and-sorting,10084170
/victow/exercise-underfitting-and-overfitting,10118761
/dushyantrathore/bitcoin-time-series-prediction-with-lstm,10064456
/vinodsingh/getting-started-in-r-first-steps,10058216
/ampani1306/exercise-model-validation,10062390
/sabupjoseph/data-pipelines-day-1-data-versioning-datasets-f,10045798
/sakinapetiwala/data-pipelines-day-1-data-versioning-datasets-f,10043450
/elfarash/exercise-machine-learning-competitions-19cc0e,10038185
/ampani1306/exercise-your-first-machine-learning-model,10048405
/ampani1306/exercise-machine-learning-competitions,10469777
/victow/exercise-model-validation-6d8ff1,10015737
/usaf091847/data-cleaning-challenge-character-encodings,10019796
/saulibarra/welcome-to-data-science-in-r-workbook,10086259
/rdilireba/data-cleaning-challenge-parsing-dates,10013065
/hung20736/exercise-machine-learning-competitions,10009037
/mattziolkowski/exercise-strings-and-dictionaries-bc364b,10050710
/richiev/data-cleaning-challenge-handling-missing-v-b19054,10004253
/phamdinhkhanh/simple-lstm-for-text-classification-spam-email,9996656
/xsakix/bilstm-meta-v2,10029411
/moghazy/iris-dataset-project-mlrc,10156976
/shuai916/exercise-machine-learning-competitions,10025287
/jackpegler/costaricapoverty-4-0-smote,9987548
/allanoliveira1/exercise-booleans-and-conditionals,9985598
/victow/exercise-your-first-machine-learning-model,10005169
/patertrap/my-own-forecast-of-the-pollution-levels-in-madrid,10075847
/dasbootstrapping/nfl-trends-over-time,9968909
/wordroid/digit28-2-features-gkernel-bn-ensemble018,10175184
/ricardocortez0211/creating-reading-and-writing-workbook,10095847
/acredy16/exercise-syntax-variables-and-numbers-inclass,9950908
/aman333/exercise-syntax-variables-and-numbers,10185503
/kiranshirish/exercise-syntax-variables-and-numbers,9950978
/nayanab/exercise-syntax-variables-and-numbers,9950926
/visheshkg/exercise-syntax-variables-and-numbers,9951006
/bbose71/exercise-syntax-variables-and-numbers,9950910
/podkowa/exercise-machine-learning-competitions,9946539
/gennadylaptev/petfinder-mlp-on-categorical-features,9940938
/plarmuseau/aviation-cnn-trick,10071482
/valeriiaa/data-cleaning-challenge-character-encodings,9919673
/thossakrai/exercise-underfitting-and-overfitting,9916077
/thossakrai/exercise-model-validation,9914771
/ifsanjry/exercise-machine-learning-competitions,9912076
/ashirahama/exploration-of-data-step-by-step,10027353
/sreejeet/summary-functions-and-maps-workbook,10073057
/sreejeet/indexing-selecting-assigning,9903341
/kevinchei/exercise-advanced-uses-of-shap-values,9900926
/kevinchei/exercise-shap-values-a08f5f,9898396
/krithika1789/red-wine-data-analysis-descriptive-predictive,9896373
/hn5311/rsna-pk2-do-search-sample-1,9905545
/sreejeet/creating-reading-and-writing-workbook,9902444
/danielku123/data-cleaning-challenge-inconsistent-data-entry,9891737
/macespinoza/advanced-ensemble-techniques-bagging-v1-0,9914389
/danielku123/data-cleaning-challenge-character-encodings,9891400
/danielku123/data-cleaning-challenge-parsing-dates,9890951
/ifsanjry/exercise-model-validation,9887892
/thossakrai/exercise-your-first-machine-learning-model,9887570
/sonali0103/renaming-and-combining-workbook,9887232
/sonali0103/data-types-and-missing-data-workbook,9886849
/thossakrai/exercise-explore-your-data,9886853
/ifsanjry/exercise-your-first-machine-learning-model,9886905
/sonali0103/grouping-and-sorting,9886672
/sonali0103/summary-functions-and-maps-workbook,9885004
/sonali0103/indexing-selecting-assigning,9884458
/wordroid/digit28-only-2-features-gkernel-bn-2-ensemble007,10174057
/jakubpiotrowski/grouping-and-sorting,9882286
/wordroid/digit28-only-2-features-gkernel-bn-5-s10001,9882404
/kevingeorgejoe/titanic-lr,9878368
/abhineethmishra/using-a-nn,9932776
/khaled34/siamese-0-822,9881598
/kkumma/red-wine-quality-eda-and-ml,9869113
/cansenc/km-to-miles,9860220
/danielku123/data-cleaning-challenge-scale-and-normalize-data,9859319
/dex314/auto-feateng-for-titanic-data-forked,9918543
/michaelqiao/functions-and-getting-help,9848765
/jakubpiotrowski/summary-functions-and-maps-workbook,9846172
/milkshakespeare/cnn-with-keras-for-fashion-mnist,9840326
/prodigalprodigy/predicting-stock-movements,9854899
/josuno/getting-started-in-r-graphing-data-2,9833730
/leobooth/exercise-imports-and-objects,9832505
/tonyzheng/dog-breeds-classification-using-cnns,9829885
/kmader/food-train-vgg16-from-scratch,9835376
/kmader/full-vgg-with-torch-example,9838247
/plorha/where-to-eat-in-europe-analysis-visualization,9822727
/ktn1995/getting-started-in-r-graphing-data,9819805
/vakme888/fork-of-ed-cluster-d694a6,10050200
/callsaurabh/exercise-machine-learning-competitions-7e7894,9809586
/szaitseff/online-learning-of-time-series-with-lstm-rnn,9872571
/josuno/getting-started-in-r-summarize-data,9801467
/josuno/getting-started-in-r-load-data-into-r,9800158
/sheetalsawant/exercise-your-first-machine-learning-model,9801499
/hung20736/exercise-your-first-machine-learning-model,9998005
/josuno/getting-started-in-r-first-steps,9798190
/michaelqiao/hello-python-01,9847932
/wizro0/exercise-functions-and-getting-help,9790756
/wizro0/exercise-syntax-variables-and-numbers-96dd22,9789056
/rebeccasimms92/exercise-syntax-variables-and-numbers,9781225
/joracab/exercise-syntax-variables-and-numbers,9784824
/jakubpiotrowski/indexing-selecting-assigning,9776240
/ibacaraujo/exercise-lists,9823455
/jakubpiotrowski/creating-reading-and-writing-workbook,9775360
/fallsit/visualizing-data-with-ggplot2-workbook,9847991
/ibacaraujo/exercise-booleans-and-conditionals,9773764
/fallsit/nlp-in-r-topic-modelling-workbook,9772148
/xsakix/torch-lstm-att,9800141
/ricardocortez0211/exercise-working-with-external-libraries,9826160
/phlinhng/fork-of-merge-data,9767346
/kmader/visualizing-a-cnn-using-conx,9765818
/yontodd/testing-bigquery-google-analytics-sample-dataset,9804020
/salarali/titanic-dataset-analysis,10325921
/fallsit/manipulating-data-with-the-tidyverse-workbook,9762593
/chinmaya7497/exercise-functions-and-getting-help,9757699
/echo9k/world-bank-eda-for-dashboard-470684,9891665
/rashikds/data-cleaning-challenge-inconsistent-data-b637f6,9746042
/rashikds/data-cleaning-challenge-character-encodings,9745096
/valeriiaa/data-cleaning-challenge-scale-and-normalize-data,9743558
/rashikds/data-cleaning-challenge-scale-and-normalize-data,9743559
/peining/third-place-model-for-toxic-comments-in-pytorch,10168515
/lucassampaio/exercise-syntax-variables-and-numbers,9740942
/rashikds/data-cleaning-challenge-handling-missing-v-149f8d,9741611
/valeriiaa/data-cleaning-challenge-handling-missing-v-aa5d94,9741653
/foobar0/first-tensorflow-trial,9731847
/zephyrus9/learn-python-challenge-day-3-exercises,9728023
/jakishi/house-price-grid-searching-random-forest-regress,9727913
/basifrank/data-cleaning-character-encodings,9725507
/abasu89/data-cleaning-challenge-parsing-dates,9725805
/wangggong/quora-bilstm-attention-kfold-fork-jannen,9785591
/zhenhua1981/indexing-selecting-assigning,9723989
/mitulpatel23/exercise-group-by-having-count,9720250
/mitulpatel23/exercise-select-from-where,9719833
/mitulpatel23/exercise-getting-started-with-sql-and-bigquery,9718998
/macsmith/pubg-predict-winplaceperc-using-lightgbm-in-r,10082123
/fallsit/welcome-to-data-science-in-r-workbook,9740994
/xsakix/torch-cnn-lstm,9906171
/sharsha315/welcome-to-data-science-in-r-workbook-89127c,9698689
/abasu89/data-cleaning-challenge-scale-and-normalize-data,9705926
/chenmingjia1111/working-with-external-libraries,9837024
/basifrank/data-cleaning-scale-and-normalize-data,9693757
/reese51/exercise-lists,9692259
/liztianjiaoliu/prediction-of-quality-of-wine,9901868
/vora123/prediction-of-wine-quality,9891950
/liumeilin/prediction-of-quality-of-wine,9692101
/basifrank/data-cleaning-handling-missing-values,9692987
/yufeifei/data-cleaning-challenge-handling-missing-values,9690471
/ricardocortez0211/exercise-strings-and-dictionaries,9746303
/ziasafi22/data-cleaning-challenge-inconsistent-data-entry,9681359
/ziasafi22/data-cleaning-challenge-character-encodings,9681186
/ziasafi22/data-cleaning-challenge-scale-and-normalize-data,9680408
/tphaltane/exercise-loops-and-list-comprehensions,9736174
/ikarus777/blackjack-microchallenge,9978701
/jungan/rcnn-simple-object-detection,9684080
/haririthanyam/exercise-syntax-variables-and-numbers,9673994
/priyevish09/data-cleaning-challenge-handling-missing-values,9669915
/datauma/grouping-and-sorting,9701807
/suresh42/summary-functions-and-maps-workbook,9684269
/datauma/summary-functions-and-maps-workbook,9665366
/chenmingjia1111/lists,9755056
/abasu89/data-cleaning-challenge-handling-missing-values,9675301
/suresh42/indexing-selecting-assigning,9675593
/suresh42/creating-reading-and-writing-workbook,9662653
/chenmingjia1111/booleans,9755268
/ftworld/complete-beginner-your-first-titanic-submission,9661337
/musarwar/exercise-syntax-variables-and-numbers,9647273
/kitekaggle/renaming-and-combining-workbook,9644168
/kitekaggle/data-types-and-missing-data-workbook,9643177
/hn5311/rsna-illustrated-tutorial-dl,10006401
/abduragim/exercise-machine-learning-competitions,9669854
/lap00921/complete-beginner-your-first-titanic-submi-3ebd21,9655898
/rongzhang2017/titanic-survive-random-forest,9646181
/krithika1789/nba-player-power-influence-and-performance,9633331
/dilapsky/decrease-lr-local-f1-0-7432,9662685
/habeebperwad/melbourne-housing-snapshot-by-habeebperwad,9635702
/bernieb/nypd-motor-vehicle-collisions-dashboard,10760637
/lychee77/homework-1-titanic-submission,9658768
/shahshawaiz/data-cleaning-challenge-inconsistent-data-entry,9619727
/shahshawaiz/data-cleaning-challenge-character-encodings,9619639
/foxtreme/exercise-underfitting-and-overfitting,9619894
/shahshawaiz/data-cleaning-challenge-scale-and-normalize-data,9619010
/shahshawaiz/data-cleaning-challenge-handling-missing-values,9618692
/foxtreme/exercise-model-validation,9617670
/abhinavchatterji/nba-players-elo-ranking-predict,9622770
/rdilireba/data-cleaning-challenge-scale-and-normalize-data,9615926
/heerman/airbus-sat-image-seg-model-u-net-10b,9615850
/tboyle10/lstm-attention,9612860
/birubose1995/exercise-machine-learning-competitions,9611991
/zephyrus9/learn-python-challenge-day-1-exercises-1dea42,9613798
/foxtreme/exercise-your-first-machine-learning-model,9612827
/nikhilikhar/elo-random-forest-with-purchase-date,10004281
/gennadylaptev/feature-extraction-with-pytorch-pretrained-models,9634575
