/kozmanaut/notebook6cecf1944c,740975
/tchen21/notebookbc78665571,740971
/geniusgeek/catdognet-keras-convnet-starter,740943
/ahmetyazar/tensorflow-deep-nn,740938
/hdawkins/visualizing-pok-mon-stats-with-seaborn,740924
/danescalador/notebookbcc467b335,740909
/nico7272/titanic-survival-prediction-end-to-end-ml-pipeline,740904
/osayamen/explore-and-classify-birds-by-their-bones,740881
/frobben/full-preprocessing-tutorial,740869
/lawoflargenumbers/rgb-using-m-bands-example,740867
/cyriljoly/notebookd637369c20,740865
/krir94/shooting-percent-over-time,740823
/kenjikamimoto/notebook0f28e979bf,740805
/thomvett/tensorflow-deep-nn,740799
/stepnovij/notebookfe75b57b06,740795
/shenxiangzhuang/titanic-survival-prediction-end-to-end-ml-pipeline,740763
/lukechen526/notebook1829f6760b,740757
/shenxiangzhuang/a-journey-through-titanic,742883
/fabianmm04/notebookbef43f8088,740753
/bd3014/xgboost-starter-code-with-r,740742
/ssvoland/notebook660f2faf12,740702
/sunxufly/notebookf3bebcb245,740630
/yungparse/explore-and-classify-birds-by-their-bones,740628
/yassineben/full-preprocessing-tutorial,740579
/larrydigital/notebookf78385086b,740577
/garimabhayana/random-forest-benchmark,740461
/danieleewww/exploratory-data-analysis-c73cedc9,740390
/ishigami/notebooka5b2d7bcb5,740380
/ysr1308/notebook3caa2830fd,740348
/mibsen/hello,740346
/danieleewww/exploratory-data-analysis,740338
/danieleewww/full-preprocessing-tutorial,740324
/brundapanthula/notebook436a69a792,740320
/skg9021/notebook3b00bb6129,740275
/rmsmith88/t12345,740273
/pilsang0512/script3,740262
/mishi1997/notebook76c510a0eb,740204
/ditiano/first-encounter-with-kaggle,740231
/singh0021/notebook37dc2b64a7,740183
/soumyaparida/notebook98074aeaf9,740180
/singh0021/notebook8532ebc38e,740166
/ditiano/julio-s-first-encounter-with-kaggle,740161
/danielkaifeng/full-preprocessing-tutorial,740156
/wenwennishizhu/exploring-boston-airbnb-data,740133
/ijanalytics/notebookf719d5891c,740132
/pilsang0512/script2,740126
/valeriur/the-perfect-score-script-50863029,740098
/drparker/ufo-sightings-and-solar-activy,740091
/drdanialrusdi/notebook7f4e08372f,740090
/thomvett/explore-and-classify-birds-by-their-bones,740087
/morag1/market-value-in-dating-men-vs-women,740080
/mufuteevc/notebook1fdeba74ff,890968
/drparker/notebookb5d8fbfd57,740077
/kimnganvu/sentiment-analysis-and-collocation-of-reviews,740067
/yunxia/building-a-prediction-model,740012
/robindehde/rgb-using-m-bands-example,740005
/sewe90/notebook1622c654e0,739996
/cskindia/python-data-visualizations,739995
/marcelg/updated-death-analysis,739991
/danayu/exploring-us-baby-names,739968
/flip154/explore-and-classify-birds-by-their-bones,739889
/vimal1083/notebook9709f0cd1f,739886
/hutedc/a-journey-through-titanic,739876
/florianlegris/sandbox,739838
/jitender786/notebookd471434fa1,739825
/kantologist/exploratory-study-on-ml-algorithms,739784
/takuyanakazato/full-preprocessing-tutorial,739776
/toporischev/exploratory-study-on-ml-algorithms,746135
/kilasue/notebook9afaee89ed,739767
/abinayam/housepriceprediction,739720
/shahir/full-preprocessing-tutorial,739719
/mihailivanov/test-credit-card-fraud-detection,739715
/jitender786/fork-of-iris-j-d,739687
/janeliang/a-journey-through-titanic,739686
/dogdog/notebook6a69d8726f,739661
/amitschang/notebook521e07f090,739645
/kuu3kuu3/exploratory-analysis-and-predictions,739613
/karangoel16/tensorflow-deep-nn,739606
/snowhitiger/a-model-to-predict-number-of-trips-in-a-day,739605
/karangoel16/knn-from-scratch-in-python-at-97-1,739599
/kuu3kuu3/notebookcb84271e5b,739590
/hiro2017/python-random-forest-ver-2,744465
/thyrixyang/a-journey-through-titanic,739548
/jk2015/a-model-to-predict-number-of-trips-in-a-day,739525
/mkabariy/notebookb75c8e9e08,739469
/hiro2017/python-random-forest,739562
/mkabariy/notebookcffda0d1c2,739438
/qwerty1434/full-preprocessing-tutorial,739415
/architkhosla/data-analysis-for-beginners,739396
/samppan/notebook19b133b041,739347
/tarunaryyan/working-out-a-crude-solution,739390
/nubatama/notebooke2d2df614e,739326
/daizhongxiang/exploring-craft-brewery-data,739268
/ishanpuranik/a-journey-through-titanic-2eb5b809,748313
/probe301/exploratory-analysis-visualization,739226
/probe301/full-preprocessing-tutorial,739212
/probe301/exploratory-data-analysis,739206
/progmatix/notebook080c44b1ee,739164
/marvenbr/notebook987da26484,739150
/marvenbr/notebookaa33433e14,739148
/chenye84/full-preprocessing-tutorial,739146
/noruen/python-data-visualizations,739127
/simorgh1/full-preprocessing-tutorial,739076
/peseus/notebook5634561a0c,739058
/simorgh1/mytest,739046
/naotous/exploratory-data-analysis-c8f9a9e5,739032
/mitchfrump/fork-of-mnist-tensorflow,739008
/mitchfrump/notebook2108b65b29,739006
/kcwang/a-journey-through-titanic-d8e581fc,739004
/jz7489/full-preprocessing-tutorial-18ba698d,738971
/mrisdal/formatting-the-data,738954
/jbarbs92/notebook847e8d0810,738944
/gtgtgt/notebookdcf4d1b13d,738931
/clickwheel/notebook29f6db431e,738906
/shashaalam/fork-of-notebook23fe4a8995,738895
/drdanialrusdi/notebooke15e19ec35,738854
/abei2016/notebook1499efcbc9,738831
/sudoprime/explore-digital-imaging-and-communications-in-med,738811
/nivelen/a-journey-through-titanic-75c00227,738810
/sudoprime/exploratory-data-analysis,738805
/kumarnith03/tensorflow-deep-nn,738797
/gardien/notebook9654287b96,738794
/kumarnith03/digit-recognizer-in-python-using-cnn,738793
/hiro2017/new-code,738787
/benjamineric/notebooka32eda476f,738785
/benjamineric/notebook29d0fe333b,738784
/cjwker/titanic-survival-prediction-end-to-end-ml-pipeline,738777
/tchen21/notebook76b84fe0b5,738726
/lihaichun/notebookbb68b4ec52,738690
/briantrewlee/decision-tree-visualization-submission-a1,738642
/bigdatadummy/generation-unemployed-interactive-plotly-visuals,738552
/loic74/clean-boston-housing-data-for-tensorflow,738453
/briantrewlee/random-forest-benchmark-r-a1,738495
/annylee/notebook637a48bb3b,738416
/datenbergwerker/plot-the-data,738393
/rainbowdog/exploratory-data-analysis,738351
/zfrysrylmz/scvsavcse,748981
/stoffle/notebookb6b0c8e4dc,738237
/zfrysrylmz/catdognet-keras-convnet-starter-70e03c89,738231
/abhinavbhardwaj/test-notebook,738166
/ivanhr/notebookf8a5dd76b6,738157
/vibhorkaushik/notebook54258a4f02,738134
/girmak/full-preprocessing-tutorial,738128
/rohit1914/notebook70bc22cd38,738125
/tpe3egol/candidates-countries-for-eu-membership,738093
/ankushreddy/learn-titanic,1146052
/hackpoetic/notebookd23d85af1b,738085
/guoxuyang/notebook43c6e5ef7d,738062
/ritish30/notebook15341312b8,738060
/essalj/house-prices-explore-features-and-xgboost,738043
/essalj/notebook0a70d74fa3,738026
/samaresh/notebook172a0d3688,738011
/bfactura/titanic-data-analysis-and-machine-learning,738009
/bfactura/simple-convolutional-nueral-network-keras,737998
/ankushreddy/the-most-predictable-league,737997
/joncarlisle/full-preprocessing-tutorial,737995
/akh64bit/the-perfect-score-script-f23169e1,737987
/zhenhongy/notebook6faa5f5e8c,737984
/varshinig/notebookf3ee8d8895,737980
/essalj/notebookda87e8b8f6,737937
/li1992721/omg-nlp-with-the-djia-and-reddit-6b20f779,737929
/vasuji/regularized-linear-models-34da032f,737924
/jzkintaku/notebook1595810bee,737911
/sarahgcummings93/notebooke3e6af75fd,737896
/burakyilmaz321/notebook65e09f89f9,737886
/whereisdodo/principal-component-analysis-explained,737883
/mobavarian/notebookf33e1b8de2,737872
/mkuk073/map-of-temperatures-and-analysis-of-global-warming,737870
/sugh93/fork-of-education-in-india-analysis-ad27484e,737850
/sugh93/fork-of-education-in-india-analysis,737840
/rainbowdog/full-preprocessing-tutorial,737815
/strider1125/notebook22516d245e,737803
/zhiboyang/fork-of-python-data-visualizations,737780
/yffuds/full-preprocessing-tutorial,737755
/matthewmckay/notebookbcf517f9f1,737750
/wl2522/notebooke7d4a41530,737746
/terravic/cnn-digit-recognizer,737695
/cl2ev1/nn-through-keras-copied,737681
/tuxoff/titanic-test-322,737675
/ayushthakur/exploration,737657
/teryvak/the-most-predictable-league,738025
/bob202/plotting-techniques,738411
/narandalai/titanic-survival-prediction-end-to-end-ml-pipeline,737611
/cdannen/exploratory-study-of-ml-algorithms-5b200371,737602
/narandalai/notebooka3b1ee8246,737592
/jfgobin/digit-recognizer-v1,737591
/narandalai/the-console-wars-ps-vs-xbox-vs-wii,737587
/rameshfernando/notebook91ebe58b94,1535783
/dylanrutter/feature-extraction-from-images,737540
/cdannen/exploratory-study-of-ml-algorithms,737535
/naivecharles/digit-recognizer-in-python-using-cnn,737521
/dhelliwell/the-console-wars-ps-vs-xbox-vs-wii,737514
/adityaroyal/adityaaa,737528
/jbarbs92/a-journey-through-titanic,737501
/xinruyuan/creditcard,737496
/gloorianne/notebookd9154513cd,737451
/valeriur/the-perfect-score-script,737447
/shshanliu/notebook5cd512aec5,737446
/anton21/notebook534797a98f,737441
/mlfurman/summarize-by-season,737435
