/danielpetrov/my-model-a8afcd,2482523
/olaoluthomas/bigquery-nosedive,2542809
/saurabh76/sql-scavenger-hunt-day-1,2508552
/srikanthreddymec07/fork-of-sql-scavenger-hunt,2485817
/kadijk/sql-scavenger-hunt-day-1,2481216
/mklajnerok/sql-scavenger-hunt-day-1,2481368
/millatidy/sql-scavenger-hunt-day-1,2482000
/nckmrdc/sql-scavenger-hunt-day-1,2482482
/thanmaitummalapalli/assign1-py,2482943
/horrninjakatja/sql-scavenger-hunt-day-1,2480619
/senamerter/sql-scavenger-hunt-day-1,2504894
/sarvajna/sql-scavenger-hunt-day-1,2483553
/miniushkin/sql-scavenger-hunt-day-1,2480507
/bhuvaneshwaryt/sql-scavenger-hunt,2480652
/scriptomation/sql-scavenger-hunt-day-1,2480317
/jarvin/sql-scavenger-hunt-day-1,2485544
/leemithun/sql-scavenger-hunt-day-1,2479813
/vluijpen/sql-scavenger-hunt-day-1,2483058
/aaronsadler/sql-scavenger-hunt-day-1-3a7830,2479440
/sureshsrinivas/sql-scavenger-hunt-day-1,2479526
/timoboz/let-s-analyze-our-air-that-we-take,2503623
/anasilvia/sql-scavenger-hunt-day-1,2479643
/idalilleboe/sql-scavenger-hunt-day-1,2479265
/tbelinic/sql-scavenger-hunt-day-1,2479715
/thanawatp/sql-scavenger-hunt-day-1,2479035
/adharmaheshwari/sql-scavenger-hunt-day-1,2479561
/wingwingday/sql-scavenger-hunt-day-1,2479038
/msquarme/sql-scavenger-hunt-day-1,2479782
/abhipoo/sql-scavenger-hunt-day-1,2481114
/yakolle/mercari-lgb-tune2,2482570
/yakolle/mercari-lgb-tune1,2482547
/jeyhunbabirzade/sql-scavenger-hunt-day-1,2478534
/vsridhar7/sql-scavenger-hunt-day-1,2478378
/grzmiel/sql-scavenger-hunt-day-1,2478293
/chechgm/sql-scavenger-hunt-day-1,2478425
/paulfecht/scavengerhuntfecht,2505730
/bavdekar/whose-chocolate-is-chocolaty,2583034
/dmborovoy/sql-scavenger-hunt-day-1,2485421
/prezaei/sql-scavenger-hunt-day-1,2477808
/gpavlov/sql-scavenger-hunt-day-1,2477777
/mkhorami/sql-scavenger-hunt-day-1-3ce9d4,2477982
/pratjain/hacker-news-data-eda-with-bigquery,2484425
/eradiatedvirus/sql-scavenger-hunt-day-1,2479217
/zahraeghtesadi/sql1-bigquery-air-quality-data,2496553
/prblecha/sql-scavenger-hunt-day-1,2504553
/yuliyak/sql-scavenger-hunt-day1,2477963
/kelvinkaggle/sql-scavenger-hunt-day-1,2477276
/shriramv/sql-scavenger-hunt-day-1,2477559
/shankarsetty/fork-of-shankar-day1,2477038
/harikaa/sql-scavenger-hunt-day-1-9cdec3,2477157
/amodi8/sql-scavenger-hunt-day-1-completed,2477265
/dragono2/scavenger-hunt-day-1,2477398
/akshu281/sql-scavenger-hunt-day-1-9dd6e0,2476949
/ajayshelar/exploratory-data-analysis,2535153
/petejadhav/sql-scavenger-hunt-day-1,2476738
/susanshuc/sql-scavenger-hunt-day-1,2477433
/raja123livecomau/sql-scavenger-hunt-day-1-a1f5c4,2478621
/bala10/air-quality-studies,2477154
/cmack72401/sql-scavenger-hunt-day-1,2476650
/pratjain/sql-scavenger-hunt-day-1,2486114
/kedownes/sql-scavenger-hunt-day-1,2477110
/mihirkr/sql-scavenger-hunt-day-1,2476839
/deepamaret/sql-scavenger-hunt-day-1-48e563-deepamaret,2477158
/kbrighton/sql-scavenger-hunt-day-1,2476674
/nityamynepally/sql-scavenger-hunt-day-1-db1c62,2476359
/goodspeed/sql-scavenger-hunt-day-1,2477522
/jingping/sql-scavenger-hunt-day-1,2476498
/lakshmi42/sql-scavenger-hunt-day-1,2476662
/gar283/pumpkin-data-analysis,2502069
/rteran/sql-scavenger-hunt-day-1,2476101
/malavika287/sql-scavenger-hunt-day-1,2486017
/nehagv/sql-scavenger-hunt-day-1,2476122
/hainke/sql-scavenger-hunt-day-1,2475815
/carolzhangdc/sql-scavenger-hunt-day-1,2476155
/abhishekns246/sql-scavenger-hunt-day-1-abhishek,2476873
/mcnerdy/sql-scavenger-hunt-day-1,2476005
/yy3312/sql-scavenger-hunt-day-1-done,2476719
/keerthanar/sql-scavenger-hunt-day-1-a9884b,2476446
/slipper12/sql-scavenger-hunt-day-1,2477722
/bdoremus/sql-scavenger-hunt-day-1,2475875
/wbarajas/sql-scavenger-hunt-day-1,2476730
/dm402ml/my-first-notebook-bigquery,2486268
/menakakamath/sql-scavenger-hunt-day-1,2476006
/seroppi/sql-scavenger-hunt-day-1,2475707
/mukeshiitr/sql-scavenger-hunt-day-1-c03634,2475284
/sachin90/sql-scavenger-hunt-day-1,2475823
/wtjw1993/sql-scavenger-hunt-day-1,2475516
/srivatsav51/sql-scavenger-day1,2475406
/ygdlycaon/sql-scavenger-hunt-day-1-b4c7aa,2475044
/aashink/sql-scavenger-hunt-day-1-done,2559917
/wolu0901/feb-12,2475681
/harpreetvishnoi/sql-scavenger-hunt-day-1,2474824
/hidy0503/sql-scavenger-hunt-day-1-hidy0503,2494463
/dcyoung23/sql-scavenger-hunt-day-1-openaq,2500697
/isunli/sql-scavenger-hunt-day-1,2474300
/gkumar7/sql-scavenger-hunt-day-1,2475036
/dennisdt/sql-scavenger-hunt-day-1,2474460
/isnani/sql-scavenger-hunt-day-1,2474508
/supersilverdave/sql-scavhunt-day-1-the-basics,2475072
/jbrinkman3/sql-scavenger-hunt-day-1,2474418
/manishakarn/sql-scavenger-hunt-day-1,2474602
/hweesee/sql-scavenger-hunt-day-1,2474563
/niharikasharma/sql-scavenger-hunt-day-1,2474264
/gino244o/sql-scavenger-hunt-day-1-my-first-bigquery,2474766
/kvpratama/sql-scavenger-hunt-day-1,2474773
/brianu/sql-scavenger-hunt-day-1,2474309
/malvika2562/sql-scavenger-hunt-day-1-submission,2474289
/tahuichimiguel/sql-scavenger-hunt-day1-distinct-order-by,2474830
/qtieng/my-sql-scavenger-hunt-day-1,2474381
/agoila/data-augmentation-for-dogs-gone-sideways,2475193
/aurokp/sql-scavenger-hunt-day-1-completed,2474211
/gar283/sql-scavenger-hunt-day-1-5,2528575
/rmbarley/sql-scavenger-hunt-day-1-fb4fef,2473845
/mdevans/sql-scavenger-hunt-day-1,2501687
/axg6624/sql-sh-test,2474263
/kojr1234/sql-scavenger-hunt-day-1,2473973
/critch1129/sql-scavenger-hunt-day-1-71cbb4,2473428
/richag/sql-scavenger-hunt-day-1,2473186
/agoila/transfer-learning-on-dogs-gone-sideways,2473209
/wmr1375/fork-of-sql-scavenger-hunt-day-1-brv1,2472942
/albfro88/sql-scavenger-hunt-day-1,2473541
/sarvleen/sql-scavenger-hunt-day-1,2473662
/hdemers7/sql-scavenger-hunt-day-1,2473041
/yuna263828/sql-scavenger-hunt-day-1,2473109
/agoila/transfer-learning,2472900
/rlyles/sql-scavenger-hunt-day-1,2473119
/gimmeadollr/sql-scavenger-hunt-day-1,2472670
/kerollaine/cocoa-percent-vs-rating,2472392
/snazzybloke/sql-scavenger-hunt-day-1,2472861
/cyhnc1/sql-scavenger-hunt-day-1,2558795
/agustinlopezf/sql-scavenger-hunt-day-1,2472644
/kenmaready/sql-scavenger-hunt-day-1,2474125
/rycfung/sql-scavenger-hunt-day-1,2472501
/samuelgrigolato/cocoa-percent-vs-rating,2472356
/sfung11/sql-scavenger-hunt-day-1,2473068
/gabraganca/sql-scavenger-hunt-day-1,2472348
/ahancock8/scavenger-hunt-day-1,2472871
/achaad/sql-scavenger-hunt-day-1,2472259
/jaggaj/sql-scavenger-hunt-day-1,2472164
/mingyanli79/sql-scavenger-hunt-day-1,2472401
/jashmehta/sql-scavenger-hunt-day-1,2472182
/warrenww/sql-scavenger-hunt-day-1,2472213
/clebs7/hacker-scavenger-hunt,2472345
/bkapsalis/sql-scavenger-hunt-day-1,2473333
/rg1143175/sql-scavenger-hunt-day-1,2471874
/pgreene/preston-s-solutions-to-sql-scavenger-hunt-day-1,2471917
/vispra/sql-scavenger-hunt-day-1,2474983
/afrankwilson/sql-scavenger-hunt-day-1-391b50,2472006
/gabriellima/red-wine-quality,2471995
/maraljam/maral-sql-hunt-day-1,2489303
/zacklarsen/sql-scavenger-hunt-day-1,2545601
/jjm319/sql-scavenger-hunt-day-1,2472671
/hansiep/sql-scavenger-hunt-day-1-1452fe,2472435
/dgunyoo/sql-scavenger-hunt-day-1-solved,2473661
/matteocasadei/sql-scavenger-hunt-day-1,2471433
/kbfreder/sql-scavenger-hunt-day-1-openaq-bigquery,2471430
/hrajagopal/openairquality-sql-scavenger-hunt,2471544
/mhassell/sql-scavenger-hunt-day-1,2472062
/everling/sql-scavenger-hunt-day-1,2471250
/neillwhite0/sql-scavenger-hunt-day-1,2471872
/rahulkgupta/sql-scavenger-hunt-day-1,2471248
/agirlwhocodes/sql-scavenger-hunt-day-1-slee,2470825
/cynthiacho/sql-scavenger-hunt-day-1-analyzed,2470722
/kmaceko/sql-scavenger-hunt-day-1,2470861
/thejackalman/sql-scavenger-hunt-day-1,2472666
/stevoo/sql-scavenger-hunt-day-1-d9f70b,2470923
/anililiy/sql-scavenger-hunt-day-1,2515448
/caseyw/fork-of-sql-scavenger-hunt-handbook,2471680
/saufiero/sql-scavenger-hunt-day-1,2471120
/aaggarwal29/sql-scavenger-hunt-day-1-solution,2471023
/efcaguab/sql-scavenger-hunt-day-1-0,2470357
/cynthiacho/fork-of-sql-scavenger-hunt-day-1-analysis,2470368
/gregnh/sql-scavenger-hunt-day-1,2470420
/winniemoon/sql-scavenger-hunt-day-1-air-quality,2471478
/fangfangniu/fangfang-sql-scavenger-hunt-day-1,2471467
/kcarroll/sql-scavenger-hunt-day-1,2667774
/yogeshl/sql-scavenger-hunt-day-1-0ef6f5,2470131
/krishnamsheth31/sql-bigquery-kernel-test,2473307
/mpaulacaldas/sql-scavenger-hunt-day-1,2475664
/stevoo/sql-scavenger-hunt-handbook-238fe1,2470014
/egma00/sql-scavenger-hunt-day-1,2470620
/flashg0rd0n/sql-scavenger-hunt-day-1,2470278
/kingdomofhamdan/sql-scavenger-hunt-day-1,2502284
/dandynaufaldi/sql-scavenger-hunt-day-1,2470277
/winstongreenjr/sql-scavenger-hunt-day-1,2469867
/madhurendra/sql-scavenger-hunt-day-1,2470244
/egmaldonado10/sql-scavenger-hunt-day-1,2491665
/apogue/sql-scavenger-hunt-day-1,2470136
/krishnamsheth31/sql-scavenger-hunt-day-1,2473915
/joemac/sql-scavenger-hunt-day-1,2470972
/pramz11/sql-scavenger-hunt-day-1-solution,2470773
/sencodes/sql-scavenger-hunt-day-1,2519379
/huanvo/sql-scavenger-hunt-day-1,2470910
/ldejesus/sql-scavenger-hunt-day-1,2471762
/qshick/sql-scavenger-hunt-day-1,2472678
/tomriccobono/sql-scavenger-hunt-day-1,2469196
/tariqkhaleeq/sql-scavenger-hunt-day-1,2469491
/colinmorris/sql-scavenger-hunt-day-1,2469717
/kennethodom/5-day-sql-scavenger-hunt,2469772
/mawongh/sql-scavenger-hunt-day-1,2471030
