/kerneler/starter-ico-s-crop-data-a05d6b8e-a,5487921
/jesussantiago/fork-of-ppp-it,5487903
/dhimananubhav/lgbm-plus-average-sales,5502979
/kerneler/starter-boxofficemojo-alltime-domestic-dba69d50-c,5486438
/kerneler/starter-gamejson-16974858-1,5486420
/kerneler/starter-google-landmark-retrieval-d30aa243-e,5485719
/kerneler/starter-rf-tv-sk-46d3dee8-2,5485063
/kerneler/starter-building-energy-efficiency-3352f221-2,5484149
/kerneler/starter-world-of-warcraft-55a46949-1,5483984
/yasu26/exercise-machine-learning-competitions,5484015
/yasu26/exercise-random-forests,5483742
/carloskl12/model-with-sift-descriptors,5483219
/hanene1/santander-data-preparation-data-cleaning,5690765
/kerneler/starter-uk-road-safety-traffic-7df18f0c-e,9568734
/gauravkoradiya/lower-back-pain-analysis,5481268
/jaysn1/prediction-using-neural-network,5480456
/kerneler/starter-meta-kaggle-101018b9-4,5480004
/hanene1/exploratory-data-analysis-4a41eb,7322260
/hanene1/maketestdatawithpast3,7322270
/hanene1/exploration-data-analysis,7374065
/hanene1/exploratory-data-analysis,7322353
/mukul1904/renaming-and-combining-workbook,5479498
/mukul1904/data-types-and-missing-data-workbook,5479336
/kerneler/starter-final-submi-022f2014-2,5478229
/kerneler/starter-keras-applications-weights-ed743a98-b,5476122
/rizani/getting-started-in-r-graphing-data,5475979
/wangdsh/lists,5497043
/kerneler/starter-titanic-f5430ba7-e,5472742
/kerneler/starter-coursera-machine-learning-b822713e-1,5472050
/kerneler/starter-adultdataset-076232ce-f,5471810
/kerneler/starter-data-base-adult-1d6cd29b-3,5471497
/kerneler/starter-ghana-health-facilities-9dc457b0-a,5471394
/kerneler/starter-soccer-betting-odds-ebc6f1e7-2,5471388
/kerneler/starter-household-income-data-set-cfdb4403-2,5470585
/kerneler/starter-adult-data-set-332ea744-6,5470347
/kerneler/starter-train-adult-65bf433b-0,5470321
/rodrago/pmr3508-2018-0bd65dd5e3-adult,5794260
/kerneler/starter-train-data-ab3a79e2-3,5469404
/kerneler/starter-test-data-99cd8891-d,5469392
/kerneler/starter-teste-com-knn-8c45425a-5,5469348
/kerneler/starter-all-nba-players-1984-2018-e8f3592a-1,5469266
/kerneler/starter-adultpmr-24ead467-7,5468723
/kerneler/starter-adult-dataset-9b25c0df-7,5468700
/kerneler/starter-mahabharat-in-english-c4edeb9c-0,5468684
/kerneler/starter-isp-pricing-b17e4105-d,5468320
/kerneler/starter-soccer-betting-odds-66d8cf6b-2,5468037
/kerneler/starter-soccer-betting-odds-0010cdd1-c,5468016
/durga641/fork-of-submission-random-forest,5467839
/palopoli/kernel0293a68076,5469044
/juliomoura/pmr3508-2018-a7e3e711b7-knn,5467141
/caiofreitas/pmr3508-household-icome-costa-rica,5467239
/manjuprakashr/iteration-nn,5477134
/kerneler/starter-treino-costa-rica-e892cc8d-d,5466938
/juliomoura/kernelae03bd929a,5466870
/durga641/submission-random-forest,5467321
/kerneler/starter-edible-wild-plants-0378f8fc-5,5466626
/kerneler/starter-baseadult-5c8020fe-f,5466169
/kerneler/starter-edible-wild-plants-4a3c7fe3-a,5465960
/nikitah/exercise-functions-and-getting-help,5465917
/akashravichandran/pandas-5-data-types-and-missing-data-workbook,8834690
/ravijp/basic-keras-with-mnist-digit-dataset,5466725
/kerneler/starter-adult-base-595ef44e-5,5465726
/kerneler/starter-world-soccer-archive-of-45fc57f0-9,5465496
/kerneler/starter-adultdata-f238b4c9-c,5465488
/kerneler/starter-colon-cancer-gene-expression-25f2c006-5,5464084
/kerneler/starter-old-car-price-data-31008bff-1,5463794
/kerneler/starter-adult-data-4074da77-b,5463696
/elkose/pmr3508-2018-58cdb1c0be-tarefa1,5463381
/houge008/booleans-and-conditionals,5463343
/timothycwillard/lightly-tuned-polynomial-svc,5462978
/kerneler/starter-meta-kaggle-9c430e72-c,5461967
/kerneler/starter-header-6a2f1e4d-d,5461164
/kerneler/starter-soccer-betting-odds-5886035d-b,5460730
/kerneler/starter-dados-para-teste-e-treino-do-87d90ad6-9,5460630
/kerneler/starter-testes-com-knn-d6a8758b-d,5460629
/kerneler/starter-usa-public-holidays-list-2013-c6e0c8c4-c,5459861
/kerneler/starter-power-production-of-solar-368f4699-9,5459683
/kerneler/starter-baseadult-a8641dd1-d,5459609
/kerneler/starter-dataset-guess-1b3320a4-5,5459465
/ankshukla/exercise-working-with-external-libraries,5460320
/luckscylla/titanic-my-solution,5459699
/kerneler/starter-dd7-input-files-20805dc9-f,5458528
/yuuma825/eda-by-beginner,5460228
/kerneler/starter-adult-dataset-8b61f506-2,5458143
/kerneler/starter-binance-round-8-64f9cea9-3,5457766
/kerneler/starter-wordcloud-4d8b5787-c,5457647
/swaroopsagar/sales-prediction-2,5495673
/mrgodsay/beyond-queries-exploring-the-bigquery-api,5456831
/kerneler/starter-dd7-input-files-95dde555-a,5456655
/juliomoura/pmr3508-2018-a7e3e711b7,5467053
/juliomoura/kernelc0717a68e6,5456402
/kerneler/starter-ny-jobs-since-1976-93b0abb8-f,5456061
/luisaheise/kerneleb960e663f,5456010
/luisaheise/kernel2f6f7c7b9f,5455998
/kerneler/starter-melbourne-employment-per-8fca53de-9,5455429
/ssilentwater/learn-python-challenge-day-7,5573729
/ssilentwater/learn-python-challenge-day-6,5564570
/ssilentwater/learn-python-challenge-day-1,5454939
/kerneler/starter-baseadult-62e212b7-0,5454904
/kerneler/starter-badult-b2697fdb-2,5454870
/kerneler/starter-costaricadate-fd1c5cc0-9,5454657
/kerneler/starter-adultdata-6adba159-2,5454627
/kerneler/starter-wheat-grains-on-black-22d786c4-0,5454337
/kerneler/starter-wheat-grains-on-black-ddd394a1-6,5454326
/ssilentwater/hello-python,5454861
/kerneler/starter-adult-kernel-e97aa974-3,5454295
/kerneler/starter-adult-data-56ee72e0-0,5454281
/akindan1/exercise-working-with-external-libraries-46919c,10175675
/kerneler/starter-adult-dataset-bf021bb9-6,5453721
/kerneler/starter-bangla-ocr-5d4fc117-7,5453599
/jeetranjeet619/exercise-convolutions-for-computer-vision,5481566
/kerneler/starter-leadult-26f99459-a,5452987
/kerneler/starter-supremeadult-c2e1fbc2-7,5452896
/kerneler/starter-credit-risk-modelling-5392e6da-6,5452714
/kerneler/starter-psx-xdateppl-eda817c4-d,5450675
/charan506/indexing-selecting-assigning,10616153
/kerneler/starter-myadultbase-8ec3c9f8-d,5449281
/kerneler/starter-twitter-tweets-70b6e505-0,5449114
/toshinaki/kernelf6bfc55375,5449105
/kerneler/starter-telco-churn-c49bbb13-e,5448997
/sreesindhusruthi/exercise-convolutions-for-computer-vision-30abda,5448165
/kerneler/starter-dataset-62371d94-c,5447986
/kerneler/starter-earthquakes-in-1910-2017-6a541ad0-9,5447232
/kerneler/starter-meta-kaggle-f6bbcff9-b,5447091
/kerneler/starter-imdb-embeddings-da7ef23c-3,5446792
/shubhamjadhav957/my-first-kernel,5446437
/sachinkathar/firstkernelsachin,5446436
/kerneler/starter-dataset-credit-data-4a54b2e6-7,5445953
/macchi57/risco-de-cr-dito-randomforests-em-r,5448426
/kerneler/starter-baidu-star-2018-test-stage2-4a748e85-3,5445494
/kerneler/starter-baidu-star-2018-train-stage1-32da7b1b-1,5445440
/kerneler/starter-baidu-star-2018-train-stage2-c4c1aaf0-0,5445377
/kerneler/starter-cb513-dataset-for-protein-482be1cc-4,5444731
/kerneler/starter-coco-train-val2017-1601814d-d,5444470
/kerneler/starter-eye-movement-data-eeg-d9a4a0ae-b,5444144
/kerneler/starter-eye-movement-data-eeg-uci-082e77ab-2,5444083
/kerneler/starter-structure-of-protein-6cd3e0ba-a,5443516
/kerneler/starter-image1-100grains-16f41f76-0,5442736
/wangdsh/booleans-and-conditionals,5444970
/sohamsave/indian-startups-analysis,5443656
/kerneler/starter-network-subscriptions-fa8a90af-8,5442183
/kerneler/starter-tcs-ninja-2018-ap-and-71ad7dc4-3,5442146
/kerneler/starter-self-tracking-fb994975-4,5441400
/kerneler/starter-coco-train-val2017-27e85c0d-9,5441196
/kerneler/starter-adultba-57e9551c-a,5440589
/kerneler/starter-ex1-adult-666e7eae-a,5440560
/palopoli/kernel08acc7fd25,5469054
/kerneler/starter-output-01b42037-5,5439984
/kerneler/starter-adult-data-463f5b98-e,5439897
/kerneler/starter-costarican-96cf6649-7,5439815
/kerneler/starter-wheat-grain-counting-100-9d8428c0-d,5438908
/kerneler/starter-nba-head-coaches-acb3e8d1-1,5438592
/amandahutter12/exercise-random-forests-5913e9,5453631
/kerneler/starter-python-modules-d6e9e459-e,5438458
/kerneler/starter-python-modules-17f925d6-8,5438349
/kerneler/starter-python-modules-7cd08f05-3,5438342
/kerneler/starter-python-modules-34515c62-a,5438317
/kerneler/starter-python-modules-04047b28-d,5438198
/kerneler/starter-earthquakes-in-1910-2017-43174914-3,5438140
/kerneler/starter-gaivr-train0a-25732a9e-c,5438006
/kerneler/starter-python-modules-55fc05a0-8,5438001
/hilstfelipe/adult,5438373
/kerneler/starter-earthquakes-in-1910-2017-x-d9535a49-a,5437893
/kerneler/starter-wheat-grain-counting-2a5a13a2-5,5437832
/kerneler/starter-2017-top3-movie-market-compari-175f1913-e,5437722
/kerneler/starter-2017-top3-movie-market-compari-4fe723e9-d,5437700
/kerneler/starter-wheat-grain-counting-08704a0b-8,5437575
/kerneler/starter-rice-counting-10-labelled-49e8e0c9-3,5436970
/kerneler/starter-image1-100grains-5141eb30-9,5436920
/kerneler/starter-u-s-public-pensions-data-faa5235e-4,5436855
/kerneler/starter-u-s-public-pensions-data-318f4c9c-5,5436154
/kerneler/starter-car-and-truck-eef265b9-2,5436067
/kerneler/starter-image1-100grains-c803775e-5,5435784
/kerneler/starter-image1-100grains-7cf76ceb-5,5435756
/kerneler/starter-u-s-public-pensions-data-7924c9c8-9,5435690
/kerneler/starter-adult-dataset-3d16a256-1,5435639
/kerneler/starter-9910676-tarefa-1-1a3d746a-d,5435579
/kerneler/starter-data-scientist-job-market-in-a576037b-1,5435522
/kerneler/starter-tarefa-1-pmr3508-4613b6a4-6,5435509
/kerneler/starter-data-scientist-job-market-in-8a8a02ff-8,5435489
/arnavramamoorthy/fork-of-fork-of-mnist,6537831
/kerneler/starter-data-scientist-job-market-in-5f1beb5b-6,5435456
/kerneler/starter-data-scientist-job-market-in-fcf43a2e-f,5435380
/kerneler/starter-image1-100grains-18b2d8a7-4,5435298
/kinhasan/kernel5dd6aa3921,5434928
/kerneler/starter-nyc-schools-c2b1e213-0,5433543
/kerneler/starter-cewe-fotokniha-brand-search-8949c3f8-4,5432292
/kerneler/starter-terremotos-95e0dd7d-1,5432014
/kerneler/starter-cewe-brand-searches-in-49186933-4,5431813
/wangdsh/functions-and-getting-help,5433534
/kerneler/starter-smo-svc-779f89d8-2,5430599
/kerneler/starter-meta-kaggle-f9a030d1-5,5430334
/kerneler/starter-cold-diagnosis-08dd10ce-f,5429493
/kerneler/starter-spect-heart-e851a0f0-f,5429492
/kerneler/starter-toyotacorolla-2519db65-1,5429486
/madhavan93/exercise-explore-your-data,6165353
/kerneler/starter-all-dj-trump-tweets-6ef56daa-6,5429118
/kerneler/starter-codefest-275ae734-3,5428968
/kerneler/starter-ultra-trail-du-mont-blanc-2003-cc4fc5d8-8,5428438
/alimpolat/alim-booleans-and-conditionals,5428295
