/aalokkshah/ames-dataset,522501
/haozhou0327/notebookd0061f31ce,522498
/sigmund14/notebook49372ba484,522494
/singh2a7/global-shark-attacks-eda,522485
/gtrimarc/notebookb4313fcb06,522481
/gtrimarc/notebook05cc79681e,522464
/krypto/notebook331da0eb2d,522448
/zhenggh1/notebook1037af2496,522446
/fominss/a-journey-through-titanic,522439
/sepidp/mushrooms-prediction-model,522429
/neopy1/notebookfc7ebc10ba,522395
/roquentin/a-journey-through-titanic,522371
/rlagrois/notebookafdb08706a,522362
/cheerion/uber-pickups-in-august-2014-analyzation,522279
/kcdharma/tensorflow-deep-nn,522271
/doktorkromann/deep-learning-in-the-deep-blue-lb-1-279,522237
/priyanka15047/a-journey-through-titanic-6dbb6fe0,522208
/fcantkaggle/notebooke1338e7638,522174
/vinay6666/notebook49bc370256,522144
/photovoltaic/notebookf542ca272a,522129
/vinay6666/notebookdb04fe0bf8,522095
/gtrimarc/detailed-cleaning-visualization-python-4d38fcb6,522076
/priyanka15047/a-journey-through-titanic-3f9b0ff7,522071
/edhirif/notebooke02559cbb9,522050
/creativeforce/regularized-linear-models,522015
/kas123/regularized-linear-models,522004
/gtrimarc/detailed-cleaning-visualization-python,522003
/priyanka15047/a-journey-through-titanic,521999
/pranaysuri/notebook5c974eea56,521996
/jdlc106/a-journey-through-titanic,521995
/jdlc106/notebook4633fa3063,521983
/autoliuweijie/notebook7114571f77,521972
/ahmedabbas01/notebook01f3852682,521969
/jdlc106/notebooke705fcba15,521931
/ziyitony/a-journey-through-titanic-aeb4367c,521917
/xwzy66/notebookec0857b5aa,521892
/coderhua/notebook7ef25b39da,521883
/ziyitony/a-journey-through-titanic,521868
/vvosadchy/notebookd92016ecc4,521855
/nmsx1608026/a-journey-through-titanic,521739
/markbosshard/competitiveness-and-expertise-in-tennis,521736
/aybatov/notebook0eae58525a,521717
/stenithomas/exploring-survival-on-the-titanic,521678
/ckvadla/notebook9939a1f25c,521670
/lmundira/cut-into-crime-rates-south-africa-map,521667
/xenots/building-a-prediction-model,521652
/dmrasjvj/notebookda772c392a,521628
/toshiakiuno/notebook45db65d077,521622
/alaakhaled/the-ugly-truth-of-people-decisions-in-speed-dating,521619
/jinrui/nn-through-keras-copied-mod,521565
/dheerajgopi/notebookc6cf6a43d3,521552
/mariopasquato/fun-with-h2o-2,521500
/pgezer/notebooka1cd05e789,521483
/poiss0nriot/go-for-less2,522323
/siddharthvashishth/exploratory-study-on-ml-algorithms,521412
/jinrui/leaf-classification-richarlee,521394
/lp33pp66/notebookf7b7324462,521386
/rafahmen/detailed-cleaning-visualization-python,521337
/kolapkarda/analysing-ipl-data,521326
/llddcc/a-journey-through-titanic,521301
/diegosan/a-journey-through-titanic-f7d6ac3e,523706
/chandrakantk/tensorflow-dnnregressor,521242
/diegosan/a-journey-through-titanic-67f5e04a,537504
/ckalpit/notebookcfdb2c02e6,521220
/pgezer/expedia-hotel-recommendation,521208
/jdlc106/notebookf3ef29ca97,521201
/jdlc106/notebook07dccee3bb,521195
/jinrui/tfidf,521184
/sunnysingha30/notebookfe64066a8a,521176
/yash12392/notebook217f505eba,521175
/sunnysingha30/notebook5ffb6709e3,521170
/jkfdre/notebook1fec39d352,521169
/saudmeethal/notebook6f04ecd4a2,521167
/phirangi91/notebooke22a3ca04f,525804
/munawwar/notebookc45b2e2b7f,528609
/akkithetechie/notebookfccce4a14d,521794
/jainsanmati/notebookc91bdcffca,521157
/jitesh2015/notebook56d24695f0,521156
/zgcgreat/exploratory-study-on-ml-algorithms-35fd33a1,521139
/zgcgreat/exploratory-study-on-ml-algorithms-15a46962,521138
/mishti/wordcloud-time-series-cluster-modelisation,521132
/andrenurrohman/notebooke7c5d83043,521130
/neopy1/notebook34c521a497,521121
/vishwa88/notebook150e039bb2,521063
/semenovykh/fork-of-a-journey-through-titanic,521032
/maheshc/tests,521015
/susedo/hr-explore-predict-rf-who-to-quit-the-job,521000
/rojre1979/a-journey-through-titanic,520996
/fossika/tensorflow-deep-nn-e9154317,520933
/harishgargprince/notebook89cf74ebe8,520928
/fossika/tensorflow-deep-nn-e98f60e1,520927
/fossika/tensorflow-deep-nn,520925
/pablomonleon/fork-of-where-is-the-party-in-nyc,520868
/datahww/feature-importance-v1,520861
/zrythpzhl/notebook1890c7d5ee,528080
/miya136x/notebook7b567e929a,520834
/shankyt/regularized-linear-models,520827
/mlfeng/fork-of-a-journey-through-titanic-bbc29805,520815
/ravilanke/analysis-of-romney-vs-obama,524482
/zscansorted/notebook1d342ee72a,520776
/doanducqui/notebook85fe2081e6,520750
/jaymie/notebook73f44898d3,520743
/gautamsihag/notebooke69078adb8,520739
/goutkannan/notebook239fd5195c,520736
/dreamcxy/test-py,520728
/kwangje1991/regularized-linear-models,520716
/miya136x/notebook8af48fb2ff,520698
/pablomonleon/wordcloud-time-series-cluster-modelisation,520685
/arnonklein/python-data-visualizations,520676
/seanwang/maximum-possible-score,520672
/romainvincent/notebook18630dd5e2,520663
/fzhurd/digit-recognizer-v5s-20161209,520661
/karthik006/regularized-linear-models-16364d50,520659
/karthik006/regularized-linear-models,520657
/skywalkerhc/notebook12093672cb,520629
/plcedoz/fork-of-notebook8639f884c7-d27ee524,520598
/plcedoz/fork-of-notebook8639f884c7-8d0970ef,520594
/datahww/notebook044b994dda,520588
/pokofang/notebook6b664d1b23,520574
/anntest/notebooka8adf36a57,520572
/anntest/notebookb9cff23969,520567
/erinys1296/regularized-linear-models,520566
/stegben/notebookba6a791a58,520560
/saranyas/notebookf75de494ab,520556
/saranyas/notebookc6a59cf825,520555
/wesleyhopkins/notebook38e3535c51,520545
/bmallala/notebookaa5a109ebe,520543
/karansinghi/uber-pickups-in-august-2014-analyzation,520531
/tomfgato/notebook5dfbdbfac3,520521
/tksikgm/notebooke5e835442f,1644839
/xtt5480/dsccccc,554273
/gtrimarc/notebookca1171f19e,520493
/guolingbing/notebooke764cebdc5,520475
/rmarkas/how-can-we-predict-the-sentiment-by-tweets,520453
/ankurpareek/notebookdf088a2f42,520422
/ankurpareek/notebook32afd24662,520420
/xiaobaiml/notebook2ebcb549ff,520407
/jeongyoonlee/notebooka832a28d1c,520400
/srilathak/notebook039e13b8c0,520377
/ser080/simple-exploration-notebook-nda-compliant,520368
/henshinger/reduce-size-of-dataset-to-1-gb,520345
/nucleya/wordcloud-time-series-cluster-modelisation,520338
/saboyutaka/notebook60cc0d0e06,520334
/jasonmauzey/notebook7a1d43009d,520286
/gregorydillon/exploratory-data-analysis-for-beginners,520269
/amanemisa/jessica-and-jennifer-which-one-was-more-popular,520250
/danielmachado86/prueba-1,520176
/gregorydillon/python-data-visualizations-cef5f59a,520164
/gregorydillon/python-data-visualizations,520134
/liucharles/a-journey-through-titanic-0156e743,520065
/zcw0101/notebook377469d3eb,520061
/moariful/notebooka381bf109f,520042
/phamcong/a-journey-through-titanic,519934
/seoparson/notebookf9f2c680b4,519917
/jhicobrix/notebookabb5d9a275,519912
/andrewand/notebook0bcf4533a3,519895
/zrythpzhl/grid-knn,520590
/uniquegino/user-data-exploration,519822
/gautamsihag/money1,519816
/zrythpzhl/notebook1e02d10a8e,519830
/victorwang/rf-model-trial2,519989
/mwpeters/regularized-linear-models,519753
/bokcab/wordcloud-time-series-cluster-modelisation,519715
/ivang13/predicting-match-outcome-using-whatever-we-have,519713
/demetripananos/notebook5d7385fede,519712
/robburdon/fork-of-keras-test-1eedb3fb,519681
/robburdon/fork-of-keras-test-45d7b2f5,519679
/robburdon/fork-of-keras-test-e7823142,519678
/robburdon/fork-of-keras-test,519672
/rithinch/fork-of-uber-pickups-in-august-2014-analyzation,519667
/gregorydillon/ufo-reports-in-united-states-1640b701,519657
/zscansorted/untitled,519648
/gregorydillon/ufo-reports-in-united-states,519636
/agungor2/exploratory-study-on-ml-algorithms,519592
/romanroibu/digits,519571
/mrstruggler/notebook7f309e1fe0,519551
/gregorydillon/police-fatalities-in-united-states,519543
/mrstruggler/notebook5a68c5db79,519499
/erbahr/how-to-cheat,519478
/srirsith/outbrain-eda-7871d460,519468
/doubaobro/python-data-visualizations,519428
/erbahr/notebook38cac80f01,519427
/vikpar/python-data-visualizations,519377
/herrmosa/exploratory-analysis-of-flight-cancellations,519364
/obbkaggle/trump-s-democrats,519346
/arunsrivatsa3/a-journey-through-titanic,519328
/mrsheriff/exploring-survival-on-the-titanic,551346
/brijeshdankhara/notebooke7e4d80faf,519304
/jan173/match-outcome-prediction-in-football,519278
/javaduke95/notebook8118839e25,519391
/gillis/notebooke97332e0e5,519257
/tonbadal/notebook842c8cf9ea,519219
/borisvolfson/notebook6699fd62d5,519201
/zjzjzj/notebookb157bbad61,519197
/liziyuann/testing-1,519187
/rachelroizen/python-data-visualizations,519186
/ricardini/notebook2fd27b59b8,519166
/raym26/hr-analytics-eda-and-rf-model,519241
/raym26/notebook4774bde602,519152
/rachelroizen/data-exploration-and-visualization,519151
