/dexter22/testing,2337156
/scoopy/testt,664133
/aarsht/replacing-na-s-by-indicator-variables,664255
/magneto77/digit-learning,667118
/afabris/prova,868272
/mtoconnor/historical-roi-vs-roi-on-new-films,662984
/skollll/simple-regression-model,665976
/williamgomex/script1,662009
/sturdydata/titanic-rf,662430
/biplov/titanic-data-analysis-and-classifier-performance,698046
/deeptibhatia/basic-xgboost,684708
/ashishjagani/testing,660423
/rene00/rene-r-1,674164
/ayaseeli/pima-knn-vs-nn,702695
/freesuraj/first-attempt,1029938
/jasonwango/plot-image,662085
/juneja/titanic,658555
/forthright48/first-kernel-learning-by-doing,657879
/cactusplants/the-most-and-least-bankable-keywords,656815
/nitingulati/titanic-data-survival,684147
/logits/leaf-playground,656605
/kweber6/remote-sensing-feature-id,655484
/alex220/lc-loan-analysis,662162
/jpotts18/logistic-regression-1,652398
/damonhhd/first-titanic,652079
/pvomelveny/titanic-dataquest-tutorial-follow-along,651796
/seekingveritas/91-07-precision-and-82-92-recall-on-holdout-set,651610
/rwhitcomb/titanic-r-test-project,651471
/fullmetalomelette/leaf-green,650160
/jspaine/titanic-survivors,654428
/himamehta/titanic,1324589
/cgallay/random-forest,653725
/adriennemarshall/sea-ice-introduction-to-kaggle-interface,648863
/sbeck27/hdzhx,653901
/tfrmarques/rio-2016-exploratory-analysis,649036
/ankkatiyar/script-1,647792
/jajool/is-global-warming-hapening,647740
/g10dra/iris-species-predicting-model,647453
/kumarisweta/kovid-gu-kumari-sweta-notebook,645994
/pranaydave9/lc-draft,645851
/rodrigokryb/teste,650152
/brentdimmig/digit-recognizer,645732
/maryamlakhani/prediction,642686
/sn7ghost/titanic-random-forest-and-logistic-regression,663888
/luokai/rf-0-98-on-test-data-that-20-of-train,647239
/odiseo1982/yes-more-famous-died-in-2016,642152
/sramirez/quick-exploration-and-cleaning-on-leaf-data,647555
/luokai/digit-recognizer-test,640555
/jfgobin/titanic-survival-rate,704242
/bharadwaz/comparison-of-dt-rf-and-bagging,640315
/hotcocoaaddict/first-entry-data-exploration,639762
/cherlihy/titanic-logistic-regression-vs-random-forest,671729
/roger24/try-001,983590
/zbyte64/skflow-dnn-classifier,638232
/praboo/ufo-sighting-analysis,689263
/rajacsp/aviation-accident-analysis,637977
/jweisse/testscript,637491
/shivamsaluja/rpartprediction,641319
/tarobxl/try-to-beat-the-benchmark,633464
/d2fdydx/testing,633384
/scootrguy/test-script,632583
/mikekutzma/notebookaa24238dad,635899
/stiley/titanic-simple-3-layer-neural-network,631184
/sn7ghost/iris-species-knn,720671
/yinpatt/patrick-s-titanic,628794
/bellar/optimizing-configurations,628842
/bacalfa/titanic-solution-utility-and-main-scripts,629122
/quark6/dstl-satellite-imagery,627732
/quark6/leaf-classification,636677
/tennissuperstar/bimbo-bag-of-words,633188
/linkonmaran/eee-confusion-analysis,1272032
/lkhamsurenl/mnist,627023
/chenwanqq/titanic,626677
/dex314/mortality-in-pa-versus-the-u-s,3475060
/javaeria/pca-with-logisitic-regression,630697
/stysin/predict-categories-mutinomial-naive-bayes-p-0-923,626092
/foutik/script-cleaning-data,830699
/ramizassaf/a23334,625418
/ksp585/hr-analytics-eda,1592771
/lynnsha/script1,624645
/zhuoliliang/kaggledigitrecognizer,624446
/samhithachalla/titanic-problem-trial-1,969565
/daaaas/soccer-indecision-rate,1570098
/daaaas/mytest,621384
/musella/dimensionality-reduction-using-pca,672348
/hockeybro12/beginnertitanic,657755
/orochiff2/stuff,642764
/faameem/fm-zoo-animal-classification,1182796
/danr87946/titanic-practice,1348215
/deepak95/digit-recognition-using-tensorflow,616814
/edhirif/rio-olympics-some-basic-stats,615109
/munmun1333/second-script,615344
/alfazick/model-k-nearest-neighbors,616082
/anantgupta/python-analysis,615122
/mferara/titanicum,613769
/francksylla/r-titanic-machine-learning-from-disaster,610634
/anikishaev/titanic3-py,2248606
/dushyantrathore/testgpu,9523880
/sajal007t/share-of-genres,607949
/anubhutim1/practice-datascience,607153
/alanfeder/test-script-1-1,606604
/vipnikki/fgdfgdfg,605088
/quantumdamage/quantumdamage-notebook,604922
/yaroshevskiy/titanic-problem,734052
/rajacsp/food-facts,605319
/jupyteryoda/exploration-of-the-aviation-accidents,605208
/jponnet/hr-analytics-jp,603964
/jindou/titanic,603028
/casuru/neural-network-classifier,604654
/louisguth/train-random-forest,602473
/amanrana20/arana-mlp-regression,758499
/ficker/by-the-way-ask-the-xiaomaolv,601911
/guandong/test1,601662
/phuang1226/my-first-notebook,601422
/sgraham/initial-look,604640
/param1/understanding-why-people-leave,601345
/mchirico/linear-programming,600182
/iliachatz/first-testing-ic,609403
/coding2fun/titanic-dataset,599358
/gauravd2196/exploratory-data-analysis,608563
/snlpnkj/analysis-of-hr,598278
/svivekanandhan/sample,610028
/amrsharaf/exploring-titanic-survival-with-chainer,603809
/darcnyte/titanic-dataset,598567
/aconsapart/fuzzy-df-stuff,603708
/hxstar/titaniccompetition,593283
/arisls/trying-to-find-the-best-model,592610
/harshkkumar/naive-greedy-approach,592395
/ziyitang/house-price-prediction,600747
/edmarkovich/titanic,591637
/goblin/titanic-test,600177
/mountlee/lasso-12-24,590948
/reshsekar15/outbrain-exploring-datasets,589692
/osamir/script1,589659
/mikekosk/mike-kosk,588792
/aikinogard/play-with-r,588579
/ranbato/randombags,588872
/zeynep1/deneme,587811
/melisbiyikli/titanic-data-sets,587687
/nktdev/feature-selection-py,587475
/borondics/diabetes-1,587070
/demetripananos/who-is-making-all-the-karma,586959
/cognito/data-exploration-test-1,587412
/tennissuperstar/naive-solution-and-semana-exploration,633258
/warenlg/titanic-notebook,588354
/woojinkim/woojin-titanic,584660
/selwynsimsek/notebook9fe34f97a6,583977
/nitinvijay23/randomforest,582514
/hongyupan/test1,586941
/fspeed/test1,582101
/irrwitz/show-distributions,581577
/rearmlkp/estimate-the-distribution-of-gifts-combination,581422
/clusterduck/my-submission,581520
/guilhermesantos/simple-greedy-btb,582237
/alexisb/testing,580332
/mikeskim/linear-regression-lol,581446
/jengelman/script1,580053
/omarsalman/digit-recognition-analysis,580405
/michaelgiba/new-script,588434
/cognito/test-notebook,578722
/regbtr/qqqqqq,578898
/jmbull/titanic-notebook,627353
/mchirico/santa-my-submit,578203
/lorismichel/papa-noel,577889
/davideng/homeprices,589286
/texmexmachine/satan-s-watching,578333
/aaskat/machine-learning-from-disaster-python,578750
/hpatel86/1st-attempt-using-ridge-regression,575376
/cjh1993927/top100-ex,574574
/murilosp/motives-evolution-over-time,573441
/bullszye/notebookad43f7b25f,572963
/sidv1993/movie-recommendation,1541167
/buglenka/first-try-r,573811
/foenix/very-basic-titanic-feature-training-and-detection,572091
/carlosch/first-data-science-titanic-s-survive,572631
/vvs0713/nonparametric-feature-engineering,571693
/mk28468/simple-attempt,571642
/pbhosale/titanic,571351
/magnolia94/mangues-du-burkina,570730
/haldos/trying-some-classifiers,575224
/amanbh/is-wkt-data-for-class-4-in-6120-2-2-bad,569812
/arthurherbout/folds-library,569390
/mlavoie/learning-to-use-kaggle-notebook,567513
/dglassman95/exploring-the-2015-traffic-fatalities-dataset,567400
/duncan1213/outbrain,570529
/rtruex/blurbs-vs-income-most-backed-projects-wip,566615
/yibing/notebookedafd2f1db,566431
/oristides/killerexploration,566122
/di98feja/iris-randomforest,564808
/stefanbo/survival-prediction-with-neural-net,564637
/mathieulornac/playing-with-the-titanic-dataset,576473
/xinchencai/xgboost-map7,572715
/jingleyang/titanic-first,2135385
/rayvilo/exploring-historical-sales,563949
/monkeasy/exploring-gender-equality-in-us-wages,563883
/chicabow/first-code-for-titanic,563364
/mg1633009/result2,569912
/wangyigot/eda-of-hr-data-for-elementary-plots-execersice,735514
/jttait/cats-vs-dogs,561745
/knbknb/datacamp-tutorial-create-a-kaggle-script,561470
