/srikantchiluka/learn-python-challenge-day-2-exercises,4226132
/hrami1/proj1,4322944
/elvisyjlin/learn-python-challenge-day-4-exercises,4223212
/sajover/data-cleaning-challenge-scale-and-normalize-data,4223051
/filiberto/indexing-and-selecting-data-with-pandas,4225885
/laurentiumarianmierla/learn-python-challenge-day-5-exercises,4222587
/wwwound/learn-python-challenge-day-3,4236413
/swarnabha/titanic-try-tanic-xgboost-trial,4221360
/laurentiumarianmierla/learn-python-challenge-day-4-exercises,4220214
/andreeaarama/data-cleaning-challenge-inconsistent-data,4219063
/shinyafujita/shinyafujita-digit-02,4219210
/samnkh/learning-machine-learning,4280222
/dhiwakarkusuma/my-first-machine-learning-model,4220464
/zmcddn/learn-python-challenge-day-6-exercises,4247970
/stephenfang0701/kaggle-python-challenges-strings-and-dictionaries,4220089
/villagewarrior/data-cleaning-challenge-parsing-dates,4215053
/frizzles7/data-cleaning-challenge-inconsistent-data-entry,4213944
/paumartinez/data-cleaning-challenge-parsing-dates,4244080
/jessicag111/data-cleaning-challenge-parsing-dates,4212676
/oferalt/exercise-coding-in-tensorflow-and-keras-85532a,4249444
/saeed93/learn-python-challenge-day-6-exercises-7f7861,4213890
/kedar2301/learn-python-challenge-day-4-exercises,4212732
/brianjikim/comparison-of-mlp-random-forest-boosting,4216419
/danielelgary/datacleaning-handling-missing-espa-ol,4275829
/graemem74/learn-python-challenge-day-7-exercises,4254780
/josemarialuna/learn-python-challenge-day-1-exercises,4219462
/agelos369/creating-reading-and-writing-workbook,4268983
/blairyoung/diagnosing-with-evaluation-metics,5428716
/rosalie1993/grouping-and-sorting,4265642
/kalmason/learn-python-challenge-day-7-exercises,4222215
/arunabhg/arun-s-py-exersize3,4320968
/andreeaarama/learn-python-challenge-day-7-exercises,4507149
/kundanshrivastav/python-challenge-day-7,4213657
/zenwar/ahs-classification-linearsvc,4234884
/iamprakashom/summary-functions-and-maps,4360807
/iamprakashom/indexing-and-selecting-data,4290078
/iamprakashom/creating-reading-and-writing-workbook,4277522
/paumartinez/data-cleaning-challenge-scaling-and-normalization,4212582
/vishal2develop/my-first-machine-learning-model-3dd126,4243838
/spadala/learn-python-challenge-day-6-exercises,4296203
/mershack/welcome-to-data-science-in-r-iowa-housing-data,4241033
/jinjinge/learn-python-challenge-day-7-exercises-53b154,4243920
/seancamden/my-learn-python-challenge-day-6-exercises,4330400
/kram25/ml-practice-learn-02,4255755
/nagaraga/challenge-day-6-naga,4213816
/jnance34/my-first-machine-learning-model,4215241
/augustinmoreau/learnpythonday6recup-amo,4276244
/padmanabhak/learn-python-challenge-day-3-exercises,4779544
/vostankovich/learn-python-challenge-day-7-exercises,4253160
/m0khm0kh/learn-python-challenge-day-2-exercises,4840030
/sergeykir/learn-python-challenge-day-7-exercises,4287356
/rickkoch/learn-python-challenge-day-6-exercises,5296866
/olgabelitskaya/grayscaled-handwritten-letters-r,5337770
/tanveer81/second-cc-025164,4374708
/sakinapetiwala/learn-python-challenge-day-6-exercises-12acab,4267843
/subhendu/using-keras-cnn-and-imagegenerator,9882050
/pinabertoglia/titanic-influenza-h7n9,4438811
/andreeaarama/data-cleaning-challenge-scale-and-normalize-data,7615067
/andreeaarama/data-cleaning-challenge-handling-missing-values,7648506
/enricilagan/learn-python-challenge-day-4-exercise-enric,4233678
/olgabelitskaya/digit-recognition-models-r-2,5371401
/samanthansr/learn-python-challenge-day-6-exercises,4359728
/seancamden/learn-python-challenge-day-5-exercises,5332223
/jhussai1/jawwad-python-day1-challenge,7130447
/nimroad/learn-python-challenge-day-4-exercises,4103506
/danielkniss/aula-1,4120530
/jdnurczyk/learn-python-challenge-day-5-exercises-b81f52,4123211
/soulorc/learn-python-challenge-day-4-exercises,4101951
/slambs/vs-day5,4107809
/bernardf/learn-python-challenge-day-5-exercises,4101583
/stchrist/learn-python-challenge-day-3-exercises,4101921
/sindhoojamullapudi/learn-python-challenge-day-5-exercises,4100953
/konseug/learn-python-challenge-day-2-exercises,4100475
/ishmaeln/learn-python-challenge-exercises-day-5,4100552
/slambs/vs-day-4,4099479
/zwirams/learn-python-challenge-day-5-exercises,4099996
/ankitjaadoo/colinchallengeday2,4099336
/ankitjaadoo/learn-python-challenge-day-2,4099159
/ankitjaadoo/learn-python-challenge-day-1-c6b88a,4098883
/shyamprasad/learn-python-challenge-day-5-exercises,4126931
/kukreti12/machinelearning-kukreti12,4485484
/trivikramchalasani/learn-python-challenge-day-5-exercises-a432ff,4101361
/rwilldred27/learn-python-challenge-day-5-exercises,4119963
/okdiec/learn-python-challenge-day-5-exercises-931bdb,4100938
/ankitandkaggle/learn-python-challenge-day-5-exercises-11b439,4097913
/zaznoba/learn-python-challenge-day-1-exercises-cbef59,4159093
/kostasemman/learn-python-challenge-day-5-exercises-b928fd,4097612
/mitalibhurani/learn-python-challenge-day-2-exercises-677713,4096969
/rameshsuchindra/learn-python-challenge-day-4-exercises,4097881
/codeblooded03/learn-python-challenge-day-4-exercises-71a90c,4096377
/enricilagan/learn-python-challenge-day-3-exercises-enric,4240391
/jinjinge/learn-python-challenge-day-4-exercises-923008,4119520
/yokolet/learn-python-challenge-day-5-exercises,4096660
/trivikramchalasani/learn-python-challenge-day-5,4097994
/patenish/learn-python-challenge-day-3-exercises,4097939
/nbolte/data-cleaning-challenge-parsing-dates,4096202
/a3amat/learn-python-challenge-day-4-exercises,4096656
/statgrrl/learn-python-challenge-day-4-exercises,4096320
/nbolte/data-cleaning-challenge-scale-and-normalize-data,4095420
/padmanabhak/learn-python-challenge-day-3,4094977
/patenish/learn-python-challenge-day-2-exercises,4095572
/harshdota2704/learn-python-challenge-day-5-exercises,4096014
/chittiprolu/learn-python-challenge-day-5-exercises,4096453
/pbhagavatula/learn-python-challenge-day-5-exercises,4095195
/goharry/learn-python-challenge-day-5-exercises,4096470
/sriharinitumu/learn-python-challenge-day-5,4103404
/davidcb/data-leakage,4094837
/davidcb/cross-validation,4094195
/opiticalvin/learn-python-challenge-day-4-exercises,4097095
/simbadeveloper/learn-python-challenge-day-1-exercises-61c6a2,4095017
/jdnurczyk/learn-python-challenge-day-4-exercises-7c70ca,4095756
/tenzinx/learn-python-challenge-day-2-exercises-d529a8,4093094
/ivan866/learn-python-challenge-day-5-exercises,4093787
/bbbb56/my-first-machine-learning-model,5597744
/cmauri/learn-python-challenge-day-5-exercises,4094217
/mukeshonlines/learn-python-challenge-day-5-exercises,4106146
/kennycylee/learn-python-challenge-day-4-exercises,4093215
/goharry/learn-python-challenge-day-4-exercises,4094460
/pdthomsen/learn-python-challenge-day-5-exercises,4092848
/sergeykir/learn-python-challenge-day-5-exercises,4100467
/preetivivek/learn-python-challenge-day-4-exercises,4095320
/hannanyk/indexing-selecting-assigning,4093003
/oqwyel/learn-python-challenge-day-1-exercises-db82aa,4093893
/hannanyk/learn-python-challenge-day-5-exercises-a828ac,4091353
/bazzinga009/learn-python-challenge-day-4-exercises,4092256
/nullprogrammer/learn-python-challenge-day-5-exercises,4091871
/vsovetkin/learn-python-challenge-day-4-exercises,4091911
/johnfarrell/adp-prepare-data-labelencoder-simple,4090393
/amikulich/learn-python-challenge-day-5-exercises-39ac83,4093259
/sparsha/learn-python-challenge-day-5-exercises-4e3dcf,4108014
/saisrinivasan/learn-python-challenge-day-1-exercises-c2664a,4089607
/shaswatabisi/learn-python-challenge-day-5-exercises,4089993
/johnfarrell/adp-prepare-data-single-cat-count,4089480
/accamar/learn-python-challenge-day-5-exercises-b4e9da,4090110
/kottisasikanth/learn-python-challenge-day-2-exercises,4089467
/jannatulmauakanan007/revised-simplex-201736007-kanan,10684001
/guptashreshth/predict-numbers,10684153
/shrikantds/unet-segmenation,10683861
/marovski/learn-python-challenge-day-5-exercises,4327841
/mhsparsa/learn-python-challenge-day-4-exercises,4090830
/sdittmeier/learn-python-challenge-day-5-exercises,4089109
/andrewhun/learn-python-challenge-day-5-exercises,4089395
/dominikkubik/learn-python-challenge-day-5-exercises,4090797
/bbose71/learn-python-challenge-day-5-exercises,4097579
/samanthansr/learn-python-challenge-day-5-exercises,4108472
/martinphilipp/learn-python-challenge-day-5-exercises,4089187
/didizlatkova/learn-python-challenge-day-5-exercises,4091150
/robferc/learn-python-challenge-day-5-exercises-robfc,4100122
/raquelspain/learn-python-challenge-day-5-exercises-4902de,4088836
/ricardosegundo/learn-python-challenge-day-2-exercises,4089345
/martinphilipp/learn-python-challenge-day-4-exercises,4087843
/zjuinmok/learn-python-challenge-day-2-exercises,4090200
/serarm/learn-python-challenge-day-5-exercises,4087433
/prabhatika/learn-python-challenge-day-5-exercises-5a90f1,4089611
/juliengre/learn-python-challenge-day-5-exercises,4087933
/ankitandkaggle/learn-python-challenge-day-4-exercises,4088063
/shaswatabisi/learn-python-challenge-day-4-exercises,4087258
/ayonroy/learn-python-challenge-day-5-exercises-124705,4087802
/alchawk/learn-python-challenge-day-1-exercises-186703,4088062
/riya77/learn-python-challenges-day-5-exercises,4099305
/sureshvijayakumar/learn-python-challenge-day-2-exercises,4087948
/okdidns/learn-python-challenge-day-5-exercises,4086697
/hinokifarm/learn-python-challenge-day-4-exercises,4087317
/chanccm/learn-python-challenge-day-4-exercises,4087386
/chunyanwang/learn-python-challenge-day-5-exercises,4085468
/unstructured/learn-python-challenge-day-5-exercises,4089983
/deepanker029/learn-python-challenge-day-5-exercises,4086016
/samanthansr/learn-python-challenge-day-4-exercises,4086763
/samvatsarbs/learn-python-challenge-day-5-exercises,4085712
/stegua/learn-python-challenge-day-5-exercises,4085510
/brianbehnke/learn-python-challenge-day-2-exercises-649b50,4087194
/mikaholic/learn-python-challenge-day-4-exercises,4084163
/shibashis/learn-python-challenge-day-3-exercises,4095453
/zmcddn/learn-python-challenge-day-3-exercises,4084192
/bingqizhu/learn-python-challenge-day-3-exercises,4083481
/jorge3a/kernel7bdff260a4,4093681
/san7911/a-study-on-regression-applied-to-the-ames-dataset,4083153
/sharadmundra/learn-python-challenge-day-1-exercises-202d7e,4083276
/sparsha/learn-python-challenge-day-4-exercises-1843b9,4083431
/seancamden/learn-python-challenge-day-4-exercises,5332191
/mawaaw/test-submitting-from-a-kernel,4082918
/laulan/learn-python-challenge-day-3-exercises,4096439
/rickkoch/learn-python-challenge-day-4-exercises,4120558
/rwilldred27/learn-python-challenge-day-4-exercises,4083551
/danieleewww/bayesian-optimization,4088175
/seesea0203/tensorflow-homework,4088242
/vgandrap/learn-python-challenge-day-4-exercises,4081623
/ramongilmoreno/learn-python-challenge-day-4-exercises,4081398
/zhihuany/learn-python-challenge-day-4-exercises-915c54,4082998
/pinchen/learn-python-challenge-day-3-exercises,4082455
/jklq001/learn-python-challenge-day-1-exercises,4080815
/sindhoojamullapudi/learn-python-challenge-day-4-exercises,4079480
/nbolte/data-cleaning-challenge-handling-missing-values,4109458
/bernardf/learn-python-challenge-day-4-exercises,4080171
/codeblooded29/learn-python-challenge-day-3-exercises,4079389
/oscare1970/learn-python-challenge-day-4-exercises,4080593
/gobrando/github-programming-langues-sql-query,4078588
/podato/learn-python-challenge-day-4-exercises,4078114
/guoyebo/kernele492d68557,4082723
/jinjinge/learn-python-challenge-day-3-exercises-b35cf7,4078519
