/kerneler/starter-guangdong-round1-2e123a4e-6,5998225
/kerneler/starter-daily-electricity-usage-beab7901-4,5997796
/kerneler/starter-daily-electricty-usage-59313bd4-4,5997415
/kerneler/starter-reddit-comment-score-02c84b3b-2,5997274
/lmzentner/som-mnist-digit-recognizer,5997295
/sthanoon/siwei-digit-recognizer-top20,5995462
/kerneler/starter-fifa-19-fifa-ultimate-team-0e84c477-d,5995215
/kerneler/starter-hmdb51-f0ec09b0-0,5995194
/kerneler/starter-nlp-workshop-data-23a15836-8,5995184
/kerneler/starter-pauta-oficial-argentina-2014-bcd80e13-e,5995114
/pmyyc1/functions-and-getting-help,5994604
/kerneler/starter-meta-numerai-8ebb0fe7-c,5993919
/kerneler/starter-trab-reposicao-1e7ac42b-9,5993881
/gehadrabab138/exercise-explore-your-data,5993835
/kerneler/starter-bo-sp-2016-035a0b74-d,5993670
/kerneler/starter-groupeddatabases-d6a6b3f7-f,5993568
/kerneler/starter-meta-numerai-a5fa17aa-4,5993354
/priyankpatil/iris-dataset,6058243
/kerneler/starter-indian-cities-d227e7e5-d,5992485
/kerneler/starter-earthqauke-dataset-05825d5a-2,5992343
/kerneler/starter-df-with-fields-grouped-by-user-a4abc3a9-0,5992297
/conorm97/generating-keywords-for-google-adwords-datacamp,5991736
/kerneler/starter-nyc-weather-2009-2015-86e66b2e-6,5991348
/niemtany/exercise-functions-and-getting-help-6b2491,5990616
/danjkelman/tabelog,10685194
/bwtest/appliedai-mlp,10674263
/kerneler/starter-gaivr-train-6b-70f34a20-1,5990396
/kerneler/starter-data-analysis-1f1b146c-d,5990236
/kerneler/starter-ruf-2017-996f234b-8,5989400
/rahulindia/fork-of-titanic-result-set-using-randomforest-and,5989189
/kerneler/starter-sales-demand-forecast-selfnorm-e8fa7021-2,5988516
/kerneler/starter-sales-demand-forecast-best-cdf75f5c-8,5988249
/kerneler/starter-wines-1-a17bee14-d,5988189
/kerneler/starter-candidatos2018v1-bf2200f3-2,5987913
/kerneler/starter-iris-dataset-9a4ee12a-0,5987098
/kerneler/starter-ds-with-address-67aff83f-3,5986133
/kerneler/starter-gaivr-train-6a-97edcbcc-9,5986015
/kerneler/starter-ds-with-addresses-949c55a4-1,5985907
/kerneler/starter-data-gov-india-agricultural-d5e02a22-b,5985355
/juliojuse/simple-exploration-baseline-ga-customer-revenue,6000286
/kerneler/starter-meta-kaggle-260f76a0-a,5984546
/mustapha8/exercise-permutation-importance,5984023
/kerneler/starter-resident-population-time-e5f68c78-a,5982565
/kerneler/starter-okokokok-ca7dd00c-0,5982158
/kerneler/starter-merchant-wholesalers-a592ad35-c,5982037
/kerneler/starter-total-households-time-series-dc94bbd5-f,5982005
/kerneler/starter-total-married-families-with-3301b41d-5,5981999
/kerneler/starter-poverty-universe-all-ages-0b25f400-5,5981993
/kerneler/starter-population-estimate-of-non-1e862b10-7,5981987
/kerneler/starter-population-estimate-of-african-4dfa5a0c-e,5981980
/kerneler/starter-median-age-of-the-population-6c94061d-3,5981975
/kerneler/starter-mean-adjusted-gross-income-for-94870878-2,5981969
/kerneler/starter-total-revenue-time-series-0e9aa960-a,5981968
/kerneler/starter-health-insurance-coverage-in-5263b6e4-5,5981963
/kerneler/starter-family-households-with-married-863b95f4-1,5981958
/kerneler/starter-home-homeowner-vacancy-rate-ae8c0220-2,5981952
/kerneler/starter-population-time-series-data-dc0ae37f-2,5981947
/kerneler/starter-value-of-manufacturers-5bef53a0-b,5981936
/kerneler/starter-value-of-manufacturers-742165b9-2,5981925
/kerneler/starter-value-of-manufacturers-8a496f58-0,5981914
/pranika/movie-review-sentiment-analysis-eda-and-mod-f8350a,5983125
/kerneler/starter-total-public-construction-f05d80da-f,5981798
/kerneler/starter-total-private-construction-5b598560-2,5981794
/kerneler/starter-total-construction-spending-706ef26d-d,5981786
/shrivastava/kernel6187b55a88,5981761
/kerneler/starter-total-operating-expenses-time-85bb6379-c,5981755
/kerneler/starter-total-merchant-wholesalers-a7a4a883-7,5981751
/kerneler/starter-total-business-inventories-and-87472b55-c,5981654
/kerneler/starter-kansas-state-government-tax-1f7a72c2-a,5981622
/kerneler/starter-snap-benefits-recipients-data-492087f3-0,5981595
/kerneler/starter-retail-and-retailers-sales-5d8e892b-7,5981560
/kerneler/starter-internet-users-f62152ff-4,5981310
/kerneler/starter-iso-countries-109cfa79-4,9176940
/kerneler/starter-real-median-income-data-dda03637-d,5981162
/kerneler/starter-rental-vacancy-rate-data-1aa1c29b-c,5981132
/kerneler/starter-twitter-twitts-from-news-7e8bf31e-8,5981049
/kerneler/starter-real-mean-family-and-personal-d7e47059-1,5980951
/kerneler/starter-quarterly-financial-report-u-9590c43c-5,5980946
/kerneler/starter-manufacturers-inventory-to-e96cd51c-3,5980943
/kerneler/starter-new-private-housing-units-with-a36c4792-8,5980928
/chowdharypallavi02/exercise-lists,5980931
/kerneler/starter-percent-of-population-below-1106a8b4-4,5980910
/kerneler/starter-people-25-years-and-over-3f8f4eae-a,5980891
/kerneler/starter-net-migration-flow-time-series-ea75b9ce-b,5980807
/kerneler/starter-median-personal-family-and-7a041208-6,5980761
/kerneler/starter-mean-commuting-time-for-f3367686-8,5980716
/kerneler/starter-homeownership-rate-time-series-fc06c271-5,5980714
/kerneler/starter-manufacturers-sales-and-615febf9-d,5980701
/kerneler/starter-income-inequality-time-series-c559b76b-2,5980685
/kerneler/starter-income-gini-ratio-time-series-c4696413-6,5980676
/kerneler/starter-household-and-housing-30b2873b-b,5980670
/kerneler/starter-estimate-of-median-household-bdbc127d-a,5980587
/kerneler/starter-estimate-of-people-of-all-ages-0f94c9f0-b,5980554
/kerneler/starter-advance-retail-sales-time-1c25b3a4-7,5980458
/kerneler/starter-e-commerce-retail-sales-series-7ecfd59f-9,5980432
/kerneler/starter-breakdown-of-revenue-by-type-e1e4978a-d,5980421
/kerneler/starter-bachelor-s-degree-or-higher-c444a3e6-3,5980412
/kerneler/starter-advance-u-s-international-89ecc865-d,5980402
/kyozen/xgboost-bb08ca,5980746
/playwell/exercise-model-validation,5979000
/kyozen/using-categorical-data-with-one-hot-encoding,5979303
/siramkalyan/exercise-model-validation,5977231
/kerneler/starter-time-series-datasets-a97ab97e-5,5976484
/kerneler/starter-head-brain-44234667-9,5975759
/saarthaksangam/linear-regression-from-scratch-and-sci-kit-learn,5976023
/singh878/inceptionv3-for-retinopathy-gpu-hr-1a2fe1,9900533
/psinha20/kernelb2a1a09c70,5975305
/kerneler/starter-pets-dataset-a0b4a003-9,5974824
/kerneler/starter-trainab-4154932a-d,5974699
/kerneler/starter-resident-population-time-b19355a7-4,5972498
/kerneler/starter-total-households-time-series-8c3f9310-0,5972220
/kerneler/starter-total-married-families-with-12ee6bca-b,5972218
/kerneler/starter-poverty-universe-all-ages-f5464fc4-1,5972217
/kerneler/starter-population-estimate-of-non-e595f0f5-e,5972215
/kerneler/starter-population-estimate-of-african-40a52934-0,5972213
/kerneler/starter-median-age-of-the-population-d7f37d32-4,5972209
/kerneler/starter-mean-adjusted-gross-income-for-8b7068b6-1,5972205
/kerneler/starter-health-insurance-coverage-in-379b12da-a,5972204
/kerneler/starter-family-households-with-married-d32ce9ab-f,5972202
/kerneler/starter-home-homeowner-vacancy-rate-3b6c2a2a-c,5972201
/kerneler/starter-population-time-series-data-b6e78c2b-b,5972195
/kerneler/starter-value-of-manufacturers-5bbf4f10-c,5972193
/kerneler/starter-value-of-manufacturers-aa5bb98e-9,5972191
/kerneler/starter-value-of-manufacturers-d6f51046-f,5972188
/kerneler/starter-total-revenue-time-series-9c82e2ca-a,5972182
/kerneler/starter-total-public-construction-43699437-9,5972108
/kerneler/starter-total-private-construction-a3b975b3-2,5972104
/kerneler/starter-total-construction-spending-24ae98ff-8,5972095
/kerneler/starter-total-operating-expenses-time-0cc0f343-b,5972092
/kerneler/starter-total-merchant-wholesalers-8e71145b-d,5972087
/kerneler/starter-total-business-inventories-and-90a086ed-a,5972061
/kerneler/starter-kansas-state-government-tax-58e9aed3-d,5972051
/kerneler/starter-snap-benefits-recipients-data-b5b061d7-8,5972046
/kerneler/starter-retail-and-retailers-sales-6fc2ca9d-5,5972024
/perrygrossman/pg-using-start-here-a-gentle-intro-287b4b,6053206
/kerneler/starter-rental-vacancy-rate-data-ec045e9b-4,5971906
/kerneler/starter-real-median-income-data-f98d44f2-3,5971901
/kerneler/starter-top-4-bitcoins-data-ebb94523-7,5971888
/kerneler/starter-real-mean-family-and-personal-ec61acc3-3,5971852
/kerneler/starter-quarterly-financial-report-u-7704f0dc-b,5971846
/kerneler/starter-manufacturers-inventory-to-91a7ead3-2,5971845
/kerneler/starter-new-private-housing-units-with-80d67b90-3,5971843
/kerneler/starter-percent-of-population-below-51181103-7,5971835
/kerneler/starter-people-25-years-and-over-78c440bb-1,5971827
/kerneler/starter-net-migration-flow-time-series-3ccc2718-9,5971777
/kerneler/starter-merchant-wholesalers-66cd1e17-6,5971758
/kerneler/starter-median-personal-family-and-3abe6f1b-0,5971751
/kerneler/starter-mean-commuting-time-for-759812af-b,5971739
/kerneler/starter-homeownership-rate-time-series-1cd735ac-9,5971738
/kerneler/starter-manufacturers-sales-and-785a6847-f,5971733
/kerneler/starter-income-inequality-time-series-509d08f1-4,5971728
/kerneler/starter-income-gini-ratio-time-series-d4f918f5-e,5971726
/kerneler/starter-household-and-housing-8d03d03a-5,5971722
/kerneler/starter-tweets-da4d5ed4-0,5971719
/jatinderjit/explore-your-data,5976027
/kerneler/starter-estimate-of-median-household-520443b5-1,5971665
/kerneler/starter-estimate-of-people-of-all-ages-69971340-b,5971659
/kerneler/starter-e-commerce-retail-sales-series-a51b0ff6-4,5971628
/kerneler/starter-breakdown-of-revenue-by-type-97272f28-4,5971621
/kerneler/starter-advance-retail-sales-time-79bdd56f-7,5971616
/kerneler/starter-bachelor-s-degree-or-higher-0b4c1d51-0,5971615
/kerneler/starter-advance-u-s-international-1fc4dedd-1,5971613
/kerneler/starter-world-soccer-archive-of-9e1ca769-3,5970939
/danielhain/africalics-2018-session-4-exercise-1,5970905
/kerneler/starter-movielens-latest-small-d7d99c72-7,5969834
/kerneler/starter-fake-news-sample-a65f06a1-3,5969668
/kerneler/starter-fifa-18-fifa-ultimate-team-ae80fb5a-7,5969606
/kerneler/starter-test-dataset-df52a45e-9,5969546
/kerneler/starter-english-typed-alphabets-and-8addad42-e,5969347
/kerneler/starter-fifa-18-fifa-ultimate-team-f4920ac0-8,5969342
/kerneler/starter-data-for-dogs-and-cats-b6b5d050-9,5968857
/kerneler/starter-hofestede-dimensions-47c32b9c-3,5968592
/kerneler/starter-bitcoin-time-series-all-time-e5b442b2-6,5968485
/kerneler/starter-bitcoin-time-series-all-time-0a1b85d8-4,5968449
/kerneler/starter-bitcoin-time-series-all-time-446b2a5a-2,5968095
/kerneler/starter-un-votes-4b5b0cba-e,5968026
/tduplay/compet-r-google,6016525
/kerneler/starter-carnameplate-4525c55f-3,5967380
/smirnovstanislav/partial-plots,5969193
/kerneler/starter-ga-encoded-6a9ada90-5,5967215
/kerneler/starter-nomadlist-cities-36fea9cc-3,5967087
/kerneler/starter-telcocustomerchurn-48854e15-8,5967071
/kerneler/starter-eventostrocafone-80190a2e-f,5967061
/kerneler/starter-rs-vs-dollar-5fb35666-6,5966962
/kerneler/starter-eventos-6ea1d1e3-c,5966649
/kerneler/starter-events-2-bb768713-a,5966636
/kerneler/starter-super-resolution-fast-ai-a4d55498-1,5966337
/arebelapart/learning-computer-vision,5967067
/thibaultgeoffroy/tp1-thibaultgeoffroy-benoitdelabourdonnaye-rendu,5967879
/tictactouka/starter-cannabis-lineage-growth-and-696b397b-7,5965236
/kerneler/starter-google-landmarks-dataset-7a8dd93e-0,5965066
/stvalx/titanic-survival-prediction-xgboost,6036095
/kerneler/starter-donald-trump-tweet-a41741a0-a,5964011
/gabimisiuly/learn-python-challenge-day-1-exercises,5966056
/kerneler/starter-test-image-dataset-f7f28840-0,5963886
/jayjoshi31/mnist-cnn-exploration,5966073
/sharadgupta27/how-to-handle-imbalance-data-study-in-detail,5963437
/ihitforehands/creating-reading-and-writing-workbook-97b0c8,5965002
/kerneler/starter-global-terrorism-database-cf73fb3d-0,5963074
/nirvik1993/kernelea3af4554d,5965690
