/aravindh04/happiness-report-by-aravindh,3606320
/ypzhangsam/statistical-homework-7,3605282
/madpiano/neural-network-to-classify-otto-products,3605041
/gushengming/keras-for-mnist,3604488
/juyoungsarachoi/practice-7-jeff-delaney,3634346
/deepthoughtdasc/nlp-in-r-topic-modelling-workbook,3605533
/brennanflory/grammer-of-graphics-with-plotnine-optional,3602998
/nikkifitz/data-cleaning-challenge-outliers,3602788
/kehlinswain/predict-personality-types-using-ml-social-media,3604977
/deepthoughtdasc/manipulating-data-with-the-tidyverse-workbook,3602511
/brokerstir/titanic-disaster-easy-to-follow,3789457
/jiuzhang/aicamp-tensorflow-introduction,3740999
/aakaashjois/simple-cnn-in-keras-93-accuracy,3601740
/jiuzhang/aicamp-ensemble-exercise-4,3601515
/jiuzhang/aicamp-ensemble-exercise-4-adaboost,3601472
/praxitelisk/5-day-data-challenge-day-2-python,3613964
/waledosunmu/my-first-machine-learning-model,3606233
/sanketbansal/keras-api,3624585
/areida/fork-of-your-first-scikit-learn-model,3600866
/areida/your-first-scikit-learn-model,3600856
/areida/starting-your-ml-project-762c59,3600464
/efezinoerome/data-cleaning-challenge-cleaning-numeric-columns,3617978
/alexandremontoya/exercise-joining-data,3600332
/trainorpj/summary-functions-and-maps-workbook,3599864
/trainorpj/indexing-selecting-assigning,3599749
/trainorpj/creating-reading-and-writing-workbook-761e0b,3599480
/vitormatheus/wil-mini-teste-iii-notebook,3599262
/evimarp/subplots,3599090
/alexandremontoya/exercise-as-with,3599280
/amitkumarjaiswal/avito-preprocessing-text,3598841
/nnqkfdjq/monitor-videos-staying-long-on-trending,3633279
/vaibss/plotting-with-seaborn,3598389
/evimarp/styling-your-plots,3598840
/naina04/exercise-dropout-and-strides-for-larger-models,3598336
/naina04/dropout-and-strides-for-larger-models,3598321
/mandyedi/my-first-machine-learning-model,3671566
/smartmaz/creating-reading-and-writing-workbook,3598625
/naina04/exercise-modeling-from-scratch,3598323
/naina04/deep-learning-from-scratch,3597632
/ayush0510/comprehensive-data-exploration-with-python,3596965
/ronnie3rg/kernel24dedac24e,3597679
/girishkuniyal/kernel094875301f,3596899
/iancuv/get-user-top-tags,3615190
/khroushan/titanic-v1,3596453
/bob228/fork-of-my-first-machine-learning-model,3596059
/ryohama/titanic-random-forest-1,3748294
/backalla/95-accuracy-using-cnn-tensorflow,3597085
/nidhihedao/breast-cancer-svm-randomforest-97-acc,3594562
/nidhihedao/voice-prediction-glm-xgboost-98-acc,3594236
/shixinying/data-cleaning-challenge-inconsistent-data-entry,3594215
/bachidev/5-day-data-challenge-day-3,3599879
/bachidev/5-day-data-challenge-day-2,3593692
/nbuhagiar/welcome-to-data-science-in-r-workbook,3628015
/jiachen1018/decision-tree,3592917
/farhanmd29/random-forest-classifier-for-social-network-ads,4202619
/shuaibiyy/data-cleaning-challenge-inconsistent-data-entry,3592364
/jiuzhang/aicamp-ensemble-exercise-3-in-class,3592130
/jiuzhang/aicamp-ensemble-exercises-3,3592029
/floser/r-starter-lightgbm-regression,3890664
/shuaibiyy/data-cleaning-challenge-character-encodings,3592271
/jiuzhang/aicamp-ensemble-exercise-3-complete-version,3591597
/pzyxian/datadownloader-script-not-sure-why-it-is-slow,3591549
/alexandremontoya/exercise-group-by-having-count,3591591
/alexandremontoya/exercise-using-select-from-where,3591111
/jiuzhang/aicamp-ensemble-exercise-2,3590757
/jiuzhang/aicamp-ensemble-exercise-2-in-class,3590706
/advaithsrao/kernelc3dca7d4bf,3590218
/nidhihedao/voice-prediction-randomforest-svm-98-acc,3594183
/ken5scal/first-kernel,3589930
/prithvi1994/exploratory-data-analysis-f3b2ce,3612432
/spmuppar/auxilary,3592393
/ebiiim/titanic,3588606
/redstart/data-cleaning-challenge-inconsistent-data-entry,3588428
/harumit/titanic-beginners-training,3589251
/dhainjeamita/polynomial-regression,3587095
/rajashri/exploratory-data-analysis-for-credit-data-set,3586741
/redstart/data-cleaning-challenge-character-encodings,3587625
/zhoupeng11/titanic-data-science-solutions,3592906
/amansaxena/data-cleaning-challenge-deduplication,3587494
/studentar/exercise-coding-in-tensorflow-and-keras,3660731
/akashkaggler/missing-values-treatment-via-multiple-imputation,3585294
/anilv94/5-day-data-challenge-categorial-data,3585274
/anilv94/5-day-data-challenge-t-test,3584943
/jdssandhu01/schol,3584470
/xihuishaw/titanic-data-science-solutions,3584238
/thedatabeast/analysis-on-chocolate-bar-ratings,3714739
/kishorevavilapalli/kernel91098ad13d,3659767
/kishorevavilapalli/kernel91f69eccb3,3583388
/holfyuen/education-in-the-world,3636246
/cedrickchee/running-kaggle-kernels-with-a-gpu,3582803
/alexgrbic0/fork-of-mquni-alexander-grbic,3588699
/vykhand/idear-for-avito-demand-forecasting,3615176
/tralahm/gender-identification-analysis,3581489
/udemeudofia/cs-20-assignment-1,3584865
/kmader/head-ct-overview,3596966
/akshay2015/trackml-problem-explanation-and-data-exploration,3580747
/akshay2015/austin-weather-forecast-with-unsupervised-learning,3580748
/austenmy/machine-learning-beginning-tutorial,3580502
/shuaibiyy/data-cleaning-challenge-parsing-dates,3591140
/demolamalomz/simple-data-analysis-using-python,3580482
/hannahccarson/an-interactive-data-science-tutorial-346588,3580986
/skarkee/echoo,3580392
/harpalsahota/data-cleaning-challenge-inconsistent-data-entry,3579449
/harpalsahota/data-cleaning-challenge-character-encodings,3579108
/trainorpj/creating-reading-and-writing-workbook,3578466
/revannth/support-vector-regression-using-python,3578631
/harpalsahota/data-cleaning-challenge-handling-missing-v-964f2c,3577974
/harpalsahota/data-cleaning-challenge-scale-and-normalize-data,3578430
/mbiethieu/exercise-convolutions-for-computer-vision,3578627
/redstart/data-cleaning-challenge-parsing-dates,3586500
/abhinavralhan/running-kaggle-kernels-with-a-gpu,3577877
/kuntalcse006/consumer-purchase-analysis,3577512
/ranjanakash166/kernel4f99939cde,3577436
/lebo124/fork-of-training-a-bot-to-comment-on-current-affai,3576686
/gemartin/average-ensemble-optimization,3634358
/samuelfariarosa/trabalho-aula-9,3589096
/naina04/exercise-data-augmentation,3575979
/rahulk29/donorschoose,3608131
/naina04/exercise-using-transfer-learning,3575600
/naina04/transfer-learning,3575607
/rogelioem/machine-learning-pipelines,3575110
/mbiethieu/bivariate-plotting-with-pandas,3574893
/teohchiajun/welcome-to-data-science-in-r-workbook,3605783
/praxitelisk/data-cleaning-day-5-inconsistent-data-entry,3574686
/jabusch24/data-cleaning-challenge-inconsistent-data-entry,3574626
/limitpointinf0/96-accuracy-knn-on-mnist,3580520
/praveenml2018/nlp-resturent-review,3574732
/rkd286/melbourne-housing-prediction-using-regression,3609467
/manishaverma/schol,3573598
/payat123/vgg16-bottleneck-features-to-predict-using-keras,3574435
/ruhshan/transfer-learning-geom-shapes,3614381
/indra90/predicting-loan-repayment,3574891
/kenshinvag/just-playing,3582335
/deepthoughtdasc/welcome-to-data-science-in-r-workbook,3571154
/cjralphs/donations,3570532
/mairaaraujo/creating-reading-and-writing-workbook,3659837
/jiuzhang/aicamp-ensemble-exercise-2-complete-version,3870995
/jiuzhang/aicamp-ensemble-exercise-1,3569854
/jensg235/data-cleaning-challenge-inconsistent-data-entry,3569833
/jiuzhang/aicamp-ensemble-exercise-1-in-class,3569785
/jiuzhang/aicamp-ensemble-exercise-1-complete-version,3569739
/rogelioem/machine-learning-xgboost,3575043
/jiuzhang/aicamp-ensemble-bias-vs-variance-in-class,3569627
/jensg235/data-cleaning-challenge-character-encodings,3569770
/jiuzhang/aicamp-ensemble-bias-vs-variance-exercise,3569551
/stmnate/hough-transform,3582122
/jensg235/data-cleaning-challenge-parsing-dates,3569592
/jensg235/data-cleaning-challenge-scale-and-normalize-data,3569437
/jensg235/data-cleaning-challenge-handling-missing-values,3569328
/aagundez/34234234234234234234234,3568150
/aerosith/get-more-funding-for-donorschoose,3568126
/aerosith/summary-functions-and-maps-workbook,3568125
/muvenky/my-first-machine-learning-model-f93173,3567927
/evimarp/data-cleaning-challenge-handling-missing-values,3568337
/abhinav2314/dl-4-exercise-using-transfer-learning,3566869
/abhinav2314/deep-learning-tutorial-for-beginners,3566811
/abhinav2314/kiva-eda-for-good,3566784
/drikee/tutorial-pca-intuition-and-image-completion,3566743
/drikee/data-cleaning-challenge-inconsistent-data-entry,3566733
/drikee/lending-club-exploration-guide,3566708
/drikee/airplane-crashes-data-visualization,3566717
/drikee/time-series-prediction-tutorial-with-eda,3566695
/drikee/detecting-deep-pain-w-deep-learning,3566699
/anirudh101/an-extensive-eda-of-kiva-crowdfunding,3567022
/evimarp/bivariate-plotting-with-pandas,3567371
/anirudh101/donorschoose-eda-for-good,3566481
/olgabelitskaya/data-cleaning-challenge-json-txt-and-x-2,3568425
/redstart/data-cleaning-challenge-scale-and-normalize-data,3575679
/macespinoza/exercise-convolutions-for-computer-vision-spanish,3566182
/jalfano/a-journey-through-titanic-joea-runs-philyaz-code,3566085
/jalfano/titanic-24april2018logregexplorer-a,3565752
/liguangchuang/first-use-kernel-ok,3565004
/mbiethieu/univariate-plotting-with-pandas,3572472
/evimarp/univariate-plotting-with-pandas,3566351
/deepuml/eda-cancer,3565617
/mbiethieu/method-chaining,3564634
/redstart/data-cleaning-challenge-handling-missing-values,3565955
/bkarabay/fork-of-test-code,3563878
/akosciansky/eda-pipeline-for-fast-exploration,3576470
/mbiethieu/renaming-and-combining-workbook,3563915
/scirpus/beat-the-benchmark,3563739
/faizunnabi/data-augmentation-xception-model-0-7889,3563524
/mbiethieu/data-types-and-missing-data-workbook,3563554
/indra90/detecting-vandalism-on-wikipedia,3577295
/ravalin/first-approach-to-titanic-competition,3562301
/alexlearn/my-first-machine-learning-model,3635965
/datarabbit01/fork-of-submitting-from-a-kernel-1e1a92,3561592
/bhavinkumar625/insights-of-donors-choose,3561116
/achyutanandaparida/predict-housing-prices-simple-linear-regression,3560828
/mbiethieu/summary-functions-and-maps-workbook-e64cfc,3561302
/omkarsabnis/svm-knn-rf-and-dt-implementation-titanic,3578708
/jiuzhang/aicamp-ensemble-bias-vs-variance-complete-version,3559980
/nidhihedao/text-mining-begineer,3612199
/jiuzhang/movie-sentiment-analysis-20180509,3559444
/jiuzhang/han-and-spam-20180509,3559417
/nidhihedao/credit-card-detection-using-glm-and-rpart,3559616
/karan172/capstone,3567403
/jiuzhang/aicamp-decision-tree-exercise-2-in-class,5715942
/jiuzhang/aicamp-decision-tree-exercise-1-in-class,5604322
/nidhihedao/credit-card-detection-using-xgboost,3559610
