/cecilmalone/exercise-loops-and-list-comprehensions,8341962
/ousou214738/logistic-regression-countvectorizer,8346911
/cecilmalone/exercise-lists,8340650
/srzayev/summary-functions-and-maps-workbook,8336520
/dhavalsimaria/exercise-explore-your-data,8335162
/cecilmalone/exercise-booleans-and-conditionals,8335561
/ajaysreeram/bangla-handwritten-digit-recog-tensorflowhub,8400129
/arturl/int-klassifizieren-betrag,8414416
/srzayev/indexing-selecting-assigning,8332612
/srzayev/creating-reading-and-writing-workbook,8330980
/ne75680/int-knn-klassifizierung-aufgabe-3,8365918
/kaisab/int-klassifizieren-mit-knn-ws18,8332270
/solotu/numpy-matplotlib-exercise,8330892
/mswieton/learn-python-challenge-day-5-exercises,8334505
/rosenman/2-layer-ff-nnet-news-features-cross-entropy,8432161
/winterhd/ai-camp-linear-regression-homework,8324944
/rosenman/feed-forward-nnet-numeric-features-hinge-loss,8324797
/dingzzz/market-data-ep-tuned-nn,8354631
/ernestkhaw/getting-started-in-r-graphing-data-180795,8324261
/harshitsd/exercise-syntax-variables-and-numbers,8336221
/mihiraman/titanic-dataset,8386435
/ankurvineet/exercise-machine-learning-competitions,8323188
/joeri1234/exercise-working-with-external-libraries-16886c,8337978
/jonbair23/feature-selection,8318683
/dindyalm/house-competition,8356637
/disorder/using,8439557
/jimpsull/blendmodels,8311774
/pion139/creating-reading-and-writing-workbook-08dd24,8307535
/tanay10a/trivedi-lm-rfecv,8302797
/cecilmalone/exercise-functions-and-getting-help,8334343
/bhattpushkar/exercise-functions-and-getting-help,8336854
/abinp1993/exercise-booleans-and-conditionals,8295346
/iconoclash/exercise-dropout-and-strides-for-larger-models,8291101
/xsakix/embeddings-lstm-simple,8291740
/marzipanz/fork-of-edsa-president-challenge-sally-1-4,8289277
/hardikanghan93/exercise-explore-your-data,8327470
/hengzheng/autoencoder-and-classification,8287717
/withjieling/learn-python-challenge-day-7-exercises,8474179
/rosenman/feed-forward-nnet-numeric-features-cross-entropy,8401236
/rohanbadlani/tuning-hyper-params-in-lgbm-achieve-0-66-in-lb,8280796
/huseinzol05/forecast-bitcoin-based-on-polarity-using-lstm,8328646
/frankkloster/exploratory-data-analysis,8359340
/foxtreme/learn-python-challenge-day-5-exercises,8586521
/hepyar/exercise-loops-and-list-comprehensions,8285839
/sameesiddiqui/nn-keras,8281940
/qinouyang/learn-python-challenge-day-4-exercises,8277072
/foxtreme/learn-python-challenge-day-4-exercises,8277157
/nikkisharma536/pubg-winner,8534500
/kiefer2s/exercise-lists,8309688
/rosenman/feed-forward-nnet-numeric-features-sq-error,8278734
/leobooth/exercise-lists,8277359
/justinbosscher/fork-of-fork-of-randomforestclassification-extract,8276888
/lolienca/learn-python-challenge-day-6-exercises-6cadc8,8626469
/vpaixao/learn-python-challenge-day-4-exercises,8268192
/dtcorrea/learn-python-challenge-day-5-exercises,8269239
/pratikp/openaigym,8395058
/ajumogli/exercise-machine-learning-competitions,9055583
/tanay10a/trivedi-svr,8261658
/jungan/decision-tree-re-write-loandata,9111509
/jungan/pca-k-means-face-cluster,8505424
/maxandm/compression-v1,8606632
/yliu40/knn-framework-1f9892,8274704
/abinp1993/exercise-functions-and-getting-help,8259018
/niekunlin/your-first-machine-learning-model,8514189
/sheetalsawant/exercise-loops-and-list-comprehensions,8259339
/iconoclash/exercise-data-augmentation,8255576
/iconoclash/exercise-using-transfer-learning,8255006
/iconoclash/exercise-coding-in-tensorflow-and-keras,8254745
/vpaixao/learn-python-challenge-day-2-exercises-997e68,8256696
/crafterkolyan/ck-cbr-0-1-10000-10-ohc-month-score-121-116,8257710
/pierre052000/exercise-syntax-variables-and-numbers-969ec7,8794459
/vikramsuhas/summary-functions-and-maps-workbook,8246050
/solotu/ai-camp-linear-regression-homework,8245726
/solotu/titanic-framework-1e30d6,8244536
/shawnxa/titanic-framework,8240634
/solotu/knn-framework,8237256
/ac2zoom/vgg16-pytorch-transfer-learning-from-imagenet,8242544
/mdengo/project-kaggle-clinical-survey-anemia,8275637
/crystyfay/titanic-framework,8237407
/pk15467/sf-salaries-exercise,8226140
/dubores/exercise-machine-learning-competitions,8257068
/piakash96/summary-functions-and-maps-workbook,8250284
/dubores/exercise-underfitting-and-overfitting,8224124
/dubores/exercise-model-validation,8223474
/mani516/exercise-syntax-variables-and-numbers,8223879
/dubores/exercise-your-first-machine-learning-model,8222163
/crafterkolyan/ck-lgbm-3e-2-3000-4-100-score-131-114n,8229269
/jiafengliao/ai-camp-linear-regression-homework-8e5dbf,8221923
/piakash96/indexing-selecting-assigning,8221243
/snanurag/simple-kernel-glove-and-lstm-only-0-688,8317419
/mdazadhossain/exercise-syntax-variables-and-numbers,8311480
/yakolle/quora-tnn-11,9632081
/yakolle/quora-tnn-10,9598322
/sparsha/exercise-permutation-importance,8222337
/dtcorrea/learn-python-challenge-day-4-exercises,8209847
/tanay10a/trivedi-reduction-linear,8225300
/caibiwei/exercise-syntax-variables-and-numbers,8377326
/bhalchandranaik/image-based-cnn,8327350
/tatjkuzn/analysis-t-test,8204199
/crafterkolyan/ck-lgbm-1e-2-5000-score-128-5-109-6,8217836
/gtpmurdoc/blackjack-microchallenge,8198869
/kiefer2s/exercise-booleans-and-conditionals,8273203
/cecilmalone/exercise-syntax-variables-and-numbers,8197713
/kiefer2s/exercise-functions-and-getting-help-9caa45,8196001
/camera/exercise-booleans-and-conditionals,8341695
/flubber/rda-regularized-discriminant-analysis,8224167
/younad/using-randomized-search-cv-with-keras,8747205
/mswieton/learn-python-challenge-day-4-exercises,8192426
/vichayut/ml-mini-project,8301939
/farooqumars/exercise-loops-and-list-comprehensions,8195568
/toroboltan1/exercise-booleans-and-conditionals,8178362
/yhcho1918/2nd-place-with-pca,8179430
/mnm813/lstm-test-embendings,8604738
/jimpsull/parametergridsearch,8201684
/falguniarora97/two-sigma-tech-fundamentals,8264582
/dtcorrea/learn-python-challenge-day-3-exercises,8170583
/jimpsull/ourpathtowherewearenewparams,8202500
/foxtreme/grouping-and-sorting,9457352
/foxtreme/learn-python-challenge-day-3-exercises,8167239
/izgzhen/google-play-store-apps-eda,8165312
/piakash96/exercise-explore-your-data,8221298
/sumitamaiti/xgboost2,8634708
/burakcantimucin/berkay-dl,8163827
/behzadmehrdad/exercise-working-with-external-libraries,8165569
/crafterkolyan/crafterkolyan-s-draft-score-135-108-gbr,8162143
/farooqumars/exercise-booleans-and-conditionals,8161117
/foxtreme/learn-python-challenge-day-2-exercises,8165744
/sophiegrae/project-kaggle-clinical-survey-heart,8296168
/tanay10a/trivedi-ridge,8155867
/giosiolas/enter-the-titanic-competition-with-dt-and-lr,8328717
/marzipanz/edsa-president-challenge-sally-1-3,8288022
/niekunlin/exercise-explore-your-data,8256343
/pyphani/exercise-using-select-from-where-a1add9,8151597
/anetastrz/exercise-using-select-from-where-7fc04c,8152848
/viditg2896/exercise-lists,8149516
/cacklingjackalope/cs-493-591-keras-implementation,8471236
/cesteve/simple-model-house-prices-xgboost,8337447
/fasozinho/cs-493-591-scikit-learn-implementation,8471532
/bghader/fork-of-wide-resnet-ece-6258-copy1,8189270
/thealongsider/data-cleaning-challenge-handling-missing-values,8144512
/nanoha17/numpy-matplotlib-exercise,8142076
/turbstructor/image-based-cnn,8230431
/tripra/exercise-lists,8142825
/ngonhan/exercise-syntax-variables-and-numbers,8176957
/nanoha17/titanic-framework-118159,8140941
/hengzheng/no-dropout-vs-dropout-vs-dropconnect-on-cnn,8142276
/mikeccy/knn-framework-1b0a0b,8141113
/mikeccy/titanic-framework,8239229
/yakolle/quora-lgb-tune-param,9341072
/robertke94/pytorch-bi-lstm,8147426
/tahsinfarazkhan/exercise-functions-and-getting-help,8137554
/seandunlap/starter-constellation-data-19bb717c-d,8133627
/shu15121856/exercise-functions-and-getting-help,8134138
/dtcorrea/learn-python-challenge-day-2-exercises,8132952
/nikkisharma536/titanic-prediction,8168570
/aradlbeck/vote-lrnews-lgball-anasvc,8129856
/mfekadu/fork-complete-data-aug-e45,8139413
/jimpsull/closethegapbetweencvandlb,8162378
/piakash96/exercise-loops-and-list-comprehensions,8126068
/jossu112/xddddd,8128876
/omis232545/exercise-using-transfer-learning,8125198
/piakash96/exercise-functions-and-getting-help,8123106
/alber8295/kisa-md-trabajo-final-train-inference,8913482
/tanay10a/trivedi-xgb,8127434
/piakash96/exercise-syntax-variables-and-numbers,8121825
/yakolle/quora-tnn-5,9643921
/yakolle/quora-lgb-1,9421094
/jiafengliao/numpy-matplotlib-complete-version-7b79c5,8119594
/tripra/exercise-booleans-and-conditionals-be2bf0,8122045
/xanthate/resnet18-transfer-learning-pytorch,8124592
/foxtreme/learn-python-challenge-day-1-exercises,8130033
/oloyede/exercise-using-transfer-learning,9841468
/nikhilpandey360/transfer-learning-on-inception,8141026
/mswieton/learn-python-challenge-day-3-exercises,8147511
/ashywolf/exercise-machine-learning-competitions,8234684
/xsakix/all-embeddings-7,8153150
/jiafengliao/titanic-framework-6d2968,8113264
/sunnhao/titanic-framework,8106275
/niekunlin/explore-your-data,8152078
/damminhtien/visualization-development-model-resnet50,8683746
/nageshaadi/ml-friendly-public-datasets-190265,8101271
/nageshaadi/ml-friendly-public-datasets,8100020
/hepyar/exercise-lists,8101104
/valine/fork-of-seattle,8117779
/tigerlyb/ai-camp-linear-regression-homework,8099568
/alexfuyang/lrnews-lgball,8118483
/meghanavkasal/simple-ensemble-of-segmented-data,8153799
/royutkarsh/exercise-syntax-variables-and-numbers,8092108
/tkroshus/learn-python-challenge-day-1-exercises,8121415
/yihaoyang/fork-of-fullyconnected,8088224
/ajithpgangadharan/exercise-functions-and-getting-help,8089196
/leciel36/cnn-keras-learning-curve-w-wo-data-augmentation,8093885
/dukethedog/learn-python-challenge-day-4-exercises,8083788
/aghatak/learn-python-challenge-day-4-exercises,8084329
/botdotcom/exercise-loops-and-list-comprehensions,8081185
/crafterkolyan/crafterkolyan-s-draft-score-143-xgboost,8080770
/lorenthiel/assignment-4-linear-regression-as-optimization,9346380
/xsakix/all-embeddings-6,8107501
/joelrrudinas03/welcome-to-data-science-in-r-workbook-b6b5cb,8100732
/shbaran/exercise-model-validation,8081464
