/sjakubczak/notebookf0aef4fe58,479621
/muriyizz/first,479637
/aognev/notebook661ba497fc,479610
/wycaroline/a-quick-look-at-dota-2-dataset,479588
/hhfengk/test1,479585
/saifhasan/keywords-analysis,479562
/rednerrus/title-py,479427
/mrisdal/my-first-kernel,479368
/mikeypants/a-journey-through-titanic,479281
/fwyf121/first-run,479261
/chinmaypatel/notebook480928ec77,479245
/danicodes/notebook2ca57dfa9f,479231
/biosopher/a-journey-through-titanic,479143
/arnabhb/notebook76f842370a,479050
/kalinstoyanov/comprehensive-exploration-and-visualization-1,478993
/wycaroline/traffic-fatalities-getting-started,478987
/kalinstoyanov/notebook57a6391dd8,478925
/ramirojc/notebooka90ba6061d,478846
/kerikk/notebook684e82e3ac,478813
/lucasobara/cnn-theano-rmsprop-elu,478748
/bvanusha/xgboost-ridge-lasso,478700
/herseyb/notebookc3c072c523,478699
/iteglas/a-journey-through-titanic,478692
/chennaivino/notebook37489478c2,478685
/shraddhasubhedar/house-prices-eda-and-regression-algorithms,478680
/nimishabajpai/notebook40dc98eb6e,478618
/mayukh18/nothing,484131
/pmathur/data-exploration-traffic,478442
/cdelisle/test-titanic,1117332
/ramirojc/notebook92866d71c6,478355
/mlntr1/notebooka5f90fcff7,478315
/bohong/notebook325784bcb9,478188
/gilmardealcantara/teste-py-1,478146
/slashdev/titanic-test,478134
/slashdev/fork-of-a-journey-through-titanic,478115
/vmarkovic/movie-dataset,478061
/machinando/mnist-tutorial,477971
/thuyenvn/notebook8fced71060,477909
/emily2016/lasso-model-for-regression-problem,477837
/shubvyas/notebook3db156e206,477762
/mmcclain3/notebook545c8ee37d,477735
/lw6981/notebook02d86e1c71,477694
/jarrja/single-eeg-fft-entropy,477669
/jarrja/fft-top-32-peaks-cross-correlation,477667
/radikalliberal/notebook6ec02a10fa,477639
/ec15303/notebookf8515a4634,477620
/radikalliberal/notebook33ba8eab83,477618
/villevilleville/notebooke04993b0fd,477580
/jarrja/coherence-image-pairs,477568
/muralimnk/identity-politics-in-the-2016-election,477565
/bharath11/pima-diabetes-keras-implementation-e4a40edd,477432
/seancollins/notebook44d3b21dc5,477428
/bharath11/pima-diabetes-keras-implementation,477395
/vamsibatchu88/notebook95314e084f,477388
/sanki101/notebook2956473ab4,477386
/rajsiddarth119/virat-kohli-vs-ms-dhoni,1511986
/manzilmalla/predicting-survival-on-the-titanic-bm,477367
/wburger/notebook375acf908f,477351
/nyartsgnaw/notebookc157b8e641,477347
/w38huang/is-he-she-your-soul-mate,477284
/pearlspho/predicting-survival-on-the-titanic,477282
/mkliment/classifying-narratives-by-product-w-cnn-tf,477279
/wenhongluo/notebook24cee3045a,477277
/dharjanto/notebook02b3c17a97,477268
/zhengzeshu/notebookf9eaa10ecf,477263
/ongoingbroom70/final-project,477241
/drathnasingh/notebook823e8f3b00,477235
/dake1995/exploring-journalists-killings-1992-2016,477233
/sophiahan91/python-data-visualizations,477218
/vidhyainkaggle/notebook8e22ad64fa,477215
/trinhd2/pds-test,477404
/trinhd2/notebook4a7b1fd924,477184
/dataminers2016/notebookd80abe2b3d,477176
/janmeyer/first-test,477160
/satyabratarath/a-journey-through-titanic,477137
/niteshkv/notebookfb6d06522c,477128
/janmeyer/teste,477125
/taciomedeiros/notebook2f8586667f,477111
/isaacinyang/a-journey-through-titanic,495197
/james4e/traffic-fatalities-in-2015,477100
/ztasker1/exploratory-data-analysis-of-bpd-arrests,477099
/williamhau/reduce-size-of-dataset-to-1-gb,477093
/marktoledo/my-first-kaggle-script,477084
/ziamandl/notebook2b2cca4c2a,477073
/coppensg/notebook7f7b8dce21,477069
/kylykoh/notebook18ce38ad12,477065
/wburger/notebook6119ee42c2,477149
/mrisdal/checking-mltools,477058
/kudewangzlat/notebook19563f7f1d,477053
/daniglezl/main-13-py,477051
/coppensg/notebookb1cc37b723,477048
/daniglezl/main-12-py,477046
/taciomedeiros/traffic-fatalities-in-2015,477036
/atreo1/notebook48b3172752,477017
/daniglezl/main-11-py,477014
/vecxoz/notebook141430321a,476983
/anjithgeorge/keras-script3,476989
/kamparia/bpd-arrest-data,476959
/chirag1992m/notebookaaf213ce81,476956
/markushh/a-journey-through-titanic,476929
/dphiggs01/fork-of-titanic-evaluation,476924
/bakman329/notebookffa1b07ee9,476922
/pokepim/notebook705e46e9bd,476921
/lmdm99/the-strategic-race-in-ai-bots,476917
/prashantgavit115/notebook5005ff78f2,476893
/sergeeygenson/imputing-missing-data-on-santander-product,476875
/joewkaggle/notebook6edbae9b8b,476862
/joewkaggle/notebookfe6ffd6b8a,476860
/zard1991/exploring-features,476858
/saurabhkumar/a-journey-through-titanic,476856
/joewkaggle/notebook309b3fe1a0,476852
/pirisin/notebook9ba21fb431,476849
/vinotharun89/detailed-cleaning-visualization-python,476843
/joewkaggle/dfdfdfdf,476834
/peidyen/traffic-fatalities-in-2015,476828
/joku91/a-journey-through-titanic,476779
/nicosia1/fish-detection,476738
/tal235/fork-of-cleaned-used-cars-database,476728
/tal235/cleaned-used-cars-database-d914ecc7,476725
/masaito/notebook17c7610213,476709
/shaghaghi/detailed-cleaning-visualization-python,476704
/chichi2000/notebook0af75a9881,476684
/gvenkat/10-classifier-showdown-in-scikit-learn,476676
/kantologist/detailed-cleaning-visualization-python,476675
/alecongia/notebooka9fd5258fc,476674
/awfrke/exploratory-analysis,476671
/robmarkcole/global-warming-confirmed-basemap-animation,476668
/vinay6666/notebook087c80cb84,476656
/mevp27/notebook58a21f7095,476654
/arkels/lasso-model-for-regression-problem,476650
/sipan17/notebook19dc9d60c6,476648
/vaijeyanthi/random-forest-benchmark,476643
/xukangde/notebook714716b148,476642
/namiyao/notebook22d2fafdbd,476641
/chanchope/eda-of-important-features-09f8ca9c,476790
/anjithgeorge/notebookf2ab6c7e91,476639
/pntuananh/comprehensive-exploration-and-visualization-1,476636
/daniboy/notebook52909ff847,476633
/daniglezl/main-10-py,476630
/daniglezl/main-9-py,476627
/hanania/outbrain-eda,476618
/suryapv/notebookc858dfbcdd,476616
/itolstoganov/notebookde8753bd26,476615
/gohain/notebookce39c9397f,476613
/sumihan/catdognet-keras-convnet-starter,476597
/sumihan/feature-extraction-from-images,476591
/antediemterzium/notebook51559eef4b,476585
/philiphartout/notebookad4277133d,476571
/lavande233/tensorflow-1vs1,476568
/didioch/notebook73116df4cb,476565
/ankur29/a-journey-through-titanic,476556
/m2shad0w/san-francisco-crime-classification,476541
/piakarski/first-competition,476540
/piakarski/beginning,476539
/piakarski/notebookff460f5a32,476534
/gkmishra/a-journey-through-titanic,476530
/stephanyshc/notebooke63e4a8833,476527
/anatastasia/keras-is-there-any-nerve,510161
/nikhilanarapareddy/notebook206c35c2f1,476517
/m2shad0w/predict-crime-is-a-multilabel-task,476510
/victorcantor/autoencoded-denoising,476501
/pielover/notebook47415aeec3,476471
/iamivo/antiguedad-for-fecha-dato,476495
/xingyongyue/datereader,476450
/xingyongyue/notebook443c020bee,476442
/awfrke/entertaining-teams,476647
/sagarchoudhari/exploratory-analysis-of-flight-cancellations,476427
/chudovamarina/who-not-to-fly-with-03e40d44,476426
/bohaohan/is-it-a-dog,476413
/poke36879/appelmoes,476412
/nolanlee/notebookc362a34d99,476406
/zard1991/a-journey-through-titanic-5b365c63,476399
/biohacker/notebook1fa5a7f0bc,476394
/robotlike/traffic-fatalities-in-2015,476380
/hridyaramesh/detailed-cleaning-visualization-python,476379
/kavinlu/notebook8e805becc0,476372
/pielover/notebook36e5aac753,476371
/wendyhz2hu/a-journey-through-titanic-93991b7e,476359
/wenchenkof2001/123456489,476358
/s743138528521/notebook22cc95c690,476354
/wendyhz2hu/first-run,476351
/najoos/notebooke8f10bdd49,476349
/wenchenkof2001/asdasd,476345
/thangle/notebook9be68acf77,476342
/wenchenkof2001/title,495782
/popularmit/notebookf8e9b46be1,476336
/lingam21/notebookeb4c17aaa7,476326
/lzhao1217/a-journey-through-titanic,476324
/jonathanpoczatek/notebookc18ee47f0a,476321
/areswill/notebook8f09df9194,476302
/sunclios/notebook04177a3d76,476295
/sajalaggarwal/python-data-visualizations,476285
/mehrdadmizani/fork-of-data-exploration-and-visualization,476282
/ra1376/hr-analysis,476329
/lavande233/notebook67a1a98d81,476280
/lavande233/notebook129e3500a6,476278
/lavande233/blinky-pinky-inky-and-clyde-65116cef,476273
/willis1971/exploratory-analysis,476257
/jasemk/notebookc1a6c673b8,476237
/lavande233/blinky-pinky-inky-and-clyde,476234
