/vinayshree/notebook075f42ddf6,1055518
/lqruui/generation-unemployed-interactive-plotly-visuals,1055511
/vipl0ve/tipster-ranking,1055528
/ankurtutlani/exploratory,1055433
/pushpendra7/deep-neural-network-keras-way-11a9ad,1055393
/cuongdo/notebookf777b699f4,1055392
/dafeigehi/notebook1d20986ee7,1055326
/timbaney1989/first-kernel,1055324
/csun14/multinomial-in-r-test-run-2,1055313
/csun14/multinomial-in-r-test-run-1,1055307
/csun14/multinomial-in-r-test-run,1055305
/hadiiishere/hadi-titanic,1055254
/edward88/notebookda57d47afe,1055606
/junjunmeng/initial-loan-book-analysis,1055250
/hetal90/hello-world1,1056493
/heavenh3ll/titanic1,1055063
/max555beyond/import,1055030
/brian503/dog-test,1055012
/amprinceir/titanic-v1,1054968
/cuongdo/notebookbc95b2bae2,1054954
/tj1524/notebookcfa935b79c,1054926
/paulhall/second,2225198
/paulhall/first,2225114
/arielb/notebook73c7123716,1054903
/jbeauregard2/notebookcd33a32498,1054896
/jsmt76/hms-titanic-v1-1,1054894
/jsmt76/hms-titanic-v1,1054879
/drorasaf/nuasdl,1054891
/cgrimal/words-in-common-benchmark,1054665
/nikko4913/cerviax,1054671
/parthasen/notebookee81fbc6bd,1054620
/parthasen/notebook1f08a98a3a,1054619
/gavinwu/using-description-as-the-only-feature-72-cv,1054617
/bobolo/notebooka12f03a077,1105278
/akshaydighe31/notebook32b8cb779d,1054599
/zulidataset/notebookf3d3b2e5a1,1054588
/sreeinturi/notebookf6885b2b49,1054547
/chaitanya6761/notebook7d0edbe85c,1054538
/bdockendor/notebook9b4fec8f42,1054527
/bathompso/notebooke436cf6b31,1054526
/alfredohv/notebookdaa5b8ac21,1054522
/payamesfandiari/notebook260aeff9f1,1054840
/grozeille/notebook49ecce4bf3,1054513
/amassachi/test-script,1054479
/lestatzhang/notebook15cb9cf6cd,1054460
/jdobres/notebook8093ddaea1,1054458
/heathorjoker/try1-py,1054451
/aayu96/notebooke271fb20b2,1054440
/rembrandt/notebook0d2b333cd0,1054432
/danielsanchez/notebook2b001ddc51,1054406
/benhamner/notebook2ee1acb8f2,1054399
/kasfyn/notebook968634f7e0,1054383
/umairabro/notebooka1fcd52f69,1054314
/ggantos/notebook8cc3cfad5e,1054307
/mryder73/some-cleaning,1054306
/zhihuizheng/xgb-starter-12357,1057349
/avimanu/sweden-crime-analysis,1054302
/abhishekdas1990/notebook56e735b249,1054292
/chengzhan/notebook6ab5fdd42b,1054287
/zhengzhishui/titanic,1054273
/ryancollinsio/notebook841e5e71b1,1054269
/wanghuaiting/notebook9e20aa0647,1054247
/yichuzhu/notebooke317817771,1054220
/amarnayak/anomaly-detection-using-isolation-forest,1054206
/jfunge/notebookb90821d86d,1054187
/rencon/notebook2d5db37ec1,1054180
/karthikvinod/notebookab9eb30747,1054146
/prabhashverma/notebookf4318f4155,1054133
/aasimwani/notebook61f029437e,1054125
/ihelder/exploring-survival-on-the-titanic,1054112
/gudhachari117/notebookbb095b9926,1054111
/davidleejy/notebooke63c39d301,1054084
/mc100346460/notebook68af265380,1054056
/dsternunimelb/my-titanic,1054047
/czl1208/notebooka5921ba9d7,1054046
/mc100346460/notebook492e89194e,1054032
/flsp1789/notebook7fd5a2e0c2,1054030
/gunjan17/notebooka3a45c05ac,1054001
/mojimaddi/my-first,1053999
/mojimaddi/notebookd6699f7fb8,1053981
/ougai123/notebooka44401d212,1494490
/fuhang/notebookc72f1a4f56,1053906
/skemeth/titanic-kaggle-test,1053901
/joemckendrick/test1,1053878
/huangzhonghao/notebook8cad76bcdc,1053872
/actright/notebooka8f98d78ff,1053868
/tommontroy/xgb-starter-12357-fex,1053864
/bornaiur/notebookf97e4e89fe,1053859
/andoxir/notebook2872fffac8,1053851
/kenneth12/notebookd7c05d5748,1053837
/jarodrivi/notebookd45379efde,1053823
/miibotree/full-preprocessing-tutorial-e64a2c,1053813
/abhiman836/notebookcf6172ff43,1053779
/pavelmezentsev/notebook0bc758b8ed,1053772
/aman304gupta/notebookbfa453c976,1053740
/khadtareneeta/notebook81b2bdba5d,1053734
/tommontroy/xgb-starter-12357,1053723
/merlin101/rf-v1,1053711
/tomazri/notebookd484fcfc95,1053703
/jdebartola/credit-card-fraud-analysis,1053692
/jdebartola/notebook24edf786f2,1053684
/andyhu/notebooka2f67d1e1e,1053677
/dj11295/notebook2483440e78,1055576
/hyunjerry/notebook79829528b0,1053624
/aayu96/notebookd139b2eba2,1054441
/dayaoguai/notebook2948645bef,1053588
/viperking/notebookfd6321995e,1053582
/wanghuaiting/notebook0283869830,1053551
/wanghuaiting/notebook1727c97a9f,1053546
/aadimator/notebookdafae7a3e6,1053518
/omids1/how-to-predict-a-match,1053474
/nikhilpandey/notebookafed332d55,1053452
/leebada/notebookcf0e886c46,1053425
/diorsy/notebook568a3aae6a,1053421
/rohansinghh/decision-tree,1053413
/shell233/iris123,1053412
/lynchlee/digit-recognize-by-lynch201,1053397
/chenminjie/notebookaf72e02f3c,1053386
/kunlaotou/notebook9b1891a059,1053380
/conn2017/notebook623ddc33e3,1053374
/rizkiananda/notebookea934869d8,1053371
/kunlaotou/notebook28b9a329c2,1089124
/yangtsecxf/notebookcc90a076fb,1053312
/hardike/notebookf0ab6ad190,1053309
/djkooks/notebook3a35910e1c,1053294
/bthesorceror/notebook5a53a97d8b,1053283
/guokunhou/notebook9f6ca7298e,1053261
/ruthred/stacking-starter,1053252
/liveseysj/titanic,1053303
/moshoujingli/notebookde7323633f,1053242
/cbjorgol/notebook9c385896cc,1053236
/leehyunpyo/notebook7765a40e01,1053233
/q20274982/notebook93850c3a6b,1053230
/seagull12/notebook32f60bb74e,1053226
/mp89404/human-development-report,1053154
/ustczhw/notebook6cae735a6f,1053142
/paullu/deep-neural-network-keras-way-49cf83,1053126
/optidatascience/notebook3932cdd3b4,1053116
/dangtrinhit/test-running-script,1053098
/tajinx/notebook368642476e,1053060
/felipedoreto/notebook5f1bc26c41,1053057
/tajinx/notebook0ad5628647,1053055
/tajinx/notebookdb7a3112cc,1053050
/ruthred/notebookf516f33bf9,1660864
/devoshree/notebook5480e1ebdb,1053004
/ryoooo/notebooke6f6babbfd,1052933
/litiblue/notebook8d5e4ef69a,1052922
/richardchau/notebook78cd373abc,1052902
/ryoooo/notebookd55ed8727e,1052866
/saurabhmj123/notebookf101c595bd,1052840
/robj2007/notebookd1a4c7a52a,1052824
/robj2007/notebook2133bb8394,1052817
/robj2007/notebookb3f02d8b67,1052804
/akbhatia/notebook7aaf5bc9da,1052794
/chengzhan/notebook54cfc81df0,1052785
/rubydave/notebook409b1e1be6,1052772
/zhouyangshen/20170401,1052770
/zhouyangshen/notebookb701b07e42,1052766
/ustczhw/notebook383efea9a2,1052758
/bhanupal/notebook4bb857a3e3,1052756
/ctc2112/testtitanticpytutorial,1052741
/ustczhw/notebookcb2e72ca89,1052686
/ustczhw/notebookeae005e95c,1052682
/xinyuwu/test-of-run-script,1052671
/rmmurray/notebook251e052153,1052659
/undefided/notebookcd2b250bcc,1052630
/chabuk/notebook6f6267ee50,1052597
/bunnykala/sample,1052592
/yc1203968305/notebook0a3ed3c9fc,1052555
/steviekbd/notebook7e1a02ada2,1052552
/vishwa840123/notebook11c6464d7d,1052537
/vijayashrir112/notebookafff1761b8,1052526
/caravanuden/notebook3bffef1da4,1052521
/aayushmittal/titanic-script,1462825
/ddancziger/data-analysis-titanic-data,1052506
/satdsds/notebook7b6bbd3a44,1052496
/antgoldbloom/notebook08d55ba968,1052495
/wschulz/notebookd870e2523d,1052466
/wschulz/notebook4c9ba248f0,1052460
/zxw142830/notebook68936bd869,1052410
/nagababu/notebook7fbdcd140e,1052375
/varoon91/notebook3bdbcf7c72,1052354
/varoon91/notebooke3d6ceb5e0,1052351
/varoon91/notebook91b1e228b3,1052350
/jasonguan/notebook75a56de6a4,1058537
/fedecarne/scikit-learn-ml-from-start-to-finish,1052328
/valyome/notebookafd1899eaa,1052326
/blgnksy/notebook3cb915c2f9,1052278
/blgnksy/notebookcf672732a4,1052251
/atcdo1/scorsese-or-nolan-and-dicaprio-collaborations,1052241
/adhara/chak-de,1052450
/yezhilengyue/notebookd2db682843,1052158
/evanblankenship/testthis,1052072
/datakraken/learning-kernel,1052067
/liyinuo/notebookc5241fbe27,1052043
/fridageyne/notebook99df55269e,1052018
/czl1208/notebookc2e042541c,1052014
/taniagiri22/notebook4e19fa77aa,1052006
/taniagiri22/notebook083e0e7957,1052004
/catding/notebook1e99d57291,1051985
