/kerneler/starter-video-game-data-7d7a98ea-9,8558678
/kerneler/starter-birdie-internship-challenge-9930204e-3,8558464
/kerneler/starter-watchlist-77d829aa-3,8558239
/subhashreek/experience-vs-salary-simple-linear-regression,8561543
/goman123/fork-of-flowers-classification-4aec2e-652f56,8557191
/regonn/two-sigma-2018-12-17,8557255
/kerneler/starter-city-scape-c34890cc-1,8554270
/tmunyanyi22/data-exploration-for-porto-seguro,8554688
/kapilyadav/doodle-detection-dataprep,8552514
/dhirus/improve-your-score-with-some-text-preprocessing,8552261
/kerneler/starter-coral-emily-amanda-e9976d95-d,8551719
/anistonm94/for-beginners-line-scatter-and-histogram-plot,8551639
/michelemaroni89/creating-reading-and-writing-workbook-1faa2d,8559192
/asdasdasasdas/solution-csv-file-is-locked-after-decompression,8550866
/kerneler/starter-makeup-or-no-makeup-6e87f9f8-a,8550558
/anistonm94/dictionary,8550444
/kapilyadav/doodel-detection-2-cnn,8550375
/barbaractong/epistemic,8550451
/kay173/multi-linear-regression-backward-elimination,8550213
/kerneler/starter-bitcointalk-and-reddit-rbitcoi-8b3b8a60-c,8549513
/kerneler/starter-credit-risk-analysis-1b0454ea-9,8548891
/kerneler/starter-telco-customer-data-b288f5ae-9,8548668
/kerneler/starter-nsrdb-san-fransisco-8f6585ef-e,8548263
/xsakix/cnn-base-classifier-all-emb-vall-acc,8550423
/xsakix/bilstm-att-base-classifier-all-emb-2-train-on-acc,8551843
/kerneler/starter-imagenet-00878967-b,8548193
/kerneler/starter-project-fa6a6b11-f,8546993
/debinamaibam/kernel6536973077,8547982
/kerneler/starter-wider-face-a-face-detection-29271d68-4,9217609
/kerneler/starter-may-xit-rua-kowon-khc-1209-007ffca4-9,8541534
/pratik2901/chocolate-ratings-outlier-analysis-with-dbscan,8539759
/kerneler/starter-enwikinews-dataset2-7921decc-c,8538332
/kerneler/starter-enwiki-dataset-17b192fb-5,8537276
/ravitee/univariate-plotting-with-pandas,8596228
/kerneler/starter-knn-lala-02debcc2-0,8536653
/kerneler/starter-haberman-survival-dataset-28f2d28d-f,8534958
/jimpsull/neuralmoredecisive,8534050
/mdengo/summary-of-project-kaggle-clinical-anemia-upd,8567786
/seand97/interactive-intro-to-dimensionality-reduction,8535410
/kishiii/kernel6cda974253,8698974
/kerneler/starter-consumer-complaints-55424eca-9,8528342
/yansun1996/gbr-ipynb,8529283
/praneethvarmaalluri/hp-tuning,8534465
/kerneler/starter-state-recessions-e96541b8-3,8525988
/kerneler/starter-bns-current-accounts-99de4ebd-f,8525308
/muralij/loops-and-list-comprehensions,8525133
/alexandruuu/glove-xgboost,8526286
/tripathisachin/start-here-a-gentle-introduction,8526414
/kerneler/starter-training-a6db77a0-0,8524144
/kerneler/starter-energy-consumption-of-the-2dd553af-0,8573375
/kerneler/starter-fashion-dataset-8e8a9691-d,8523538
/frkhit/google-or-tools-w-clusters-0cc2e2,8523341
/kerneler/starter-music-classification-86153db3-0,8523229
/kerneler/starter-test-data-set-01-aa0fd9c9-c,8522283
/kerneler/starter-countries-of-the-world-dataset-fbcaacee-7,8521864
/ducklover/int-einfache-klassifikation,8521873
/kerneler/starter-flower-data-f7176d4d-0,8521590
/purvaklapsiya/data-types-and-missing-data-workbook,8530005
/udaram/exercise-working-with-external-libraries,9191681
/kerneler/starter-cs-training-589cae5d-0,8519922
/kerneler/starter-mining-the-poetry-of-hafiz-eb88420b-f,8519554
/kerneler/starter-industry-sector-mapping-62192e5d-e,8516360
/kerneler/starter-flicker-dataset-ca251320-5,8515525
/kerneler/starter-news-dataset-from-lenta-ru-83550e4c-b,8867675
/kerneler/starter-stackexchangedata-6175e291-4,8509942
/kerneler/starter-jarvis-88b71c71-4,8873586
/aeaswar81/exercise-explore-your-data,9002705
/kerneler/starter-analytics-vidhya-genpact-4471a295-c,8507676
/kerneler/starter-globalterrorism-03fa568e-d,8507616
/kerneler/starter-research-paper-8e3fb8da-d,8506436
/kerneler/starter-airbnb-cleaned-dataset-a5c44601-4,8504728
/kerneler/starter-imagenes-8aabd8ae-7,8527006
/kerneler/starter-checkpoint-12293535-7,8504072
/kerneler/starter-box-whale-7e5ec36c-e,8503792
/kerneler/starter-dd15-files-a20365ac-6,9986027
/kerneler/starter-green-card-h1b-2014-2018-d4553de1-a,8506364
/kerneler/starter-nfl-game-data-clean-ed9b9149-5,8500801
/kerneler/starter-a-sample-time-series-data-28b4101a-6,8498303
/praneethvarmaalluri/kernelde76614eda,8499580
/kerneler/starter-grandslams-973fbdf9-2,8496086
/kerneler/starter-from-coursera-d9650324-3,8495830
/kerneler/starter-coco2014-8d1bc3fb-b,8495743
/paulovictorsf1711/dataset-movehub-city-rankings,8493965
/kerneler/starter-yelp-analysis-a0dd2d5e-f,8493402
/kerneler/starter-images-bc469bf3-7,8491269
/dhavalsimaria/exercise-random-forests,8491231
/kerneler/starter-bus-dataset-f5a3174d-6,8490425
/kerneler/starter-federervnadal-5881158b-3,8487233
/kerneler/starter-knn-classifier-6df92f09-9,8487217
/fizpok/humpback-whale-2,10699954
/kerneler/starter-genpact-7691b009-5,8518801
/kerneler/starter-genpact-3a887601-1,8485782
/darkrubiks/analysis-of-players-based-on-their-winplaceperc,8483928
/eddysimonle/functions-and-getting-help-bbb836,8491328
/srzayev/subplots,8481841
/kerneler/starter-fatality-analysis-reporting-e3af8be4-b,8480754
/srzayev/univariate-plotting-with-pandas,8480830
/nidhirastogi/malicious-and-benign-websites-learning,8513801
/nidhirastogi/botnet-host-prediction-using-rnn,8480440
/kerneler/starter-final-project-b94daa1c-a,8480284
/kerneler/starter-c10-dataset-a7aaaf18-9,8480689
/kerneler/starter-predict-the-data-scientists-07371668-9,8477583
/kerneler/starter-pets-breed-classification-1ec227a2-1,8477539
/urlnotfound404/embedding-and-clustering-strings,8477774
/kerneler/starter-fatility-analysis-reporting-bfec69af-1,8476102
/prafultickoo/titanic-competition,9004333
/kerneler/starter-dataset-new-image-super-9726a2cc-5,8475410
/kerneler/starter-fianl-data-5d639394-3,8474925
/kerneler/starter-doc-data-berea-sierra-9e39c603-3,8474650
/kerneler/starter-fatality-analysis-reporting-c4eec6c1-5,8474310
/kerneler/starter-reduced-train-test-msft-malwar-f27a402c-6,8474244
/kerneler/starter-fatality-analysis-reporting-a63f4416-2,8474187
/kerneler/starter-dogs-gone-sideways-28b46067-7,8471330
/kerneler/starter-user-dfnir2-games-data-ac249db5-8,8471005
/prmalviy/machine-learning-with-iris-dataset,8469765
/jimpsull/mergeneural512newparams,8468823
/superjohn/house-prices-lasso-xgboost-and-a-detailed-eda,8476277
/kerneler/starter-transform-27352030-1,8464021
/kerneler/starter-womens-clothing-e-commerce-d365433d-4,8463220
/jimpsull/igneural1024newfeats,8468722
/jimpsull/egneural512newfeats,8464670
/kerneler/starter-house-planning-data-748bc99b-8,8461572
/kerneler/starter-spam-or-not-spam-dataset-a3abb0b7-f,8461543
/kerneler/starter-imagen1-4b9b3ee8-a,8460364
/goman123/flowers-classification-2a352e,8476669
/kerneler/starter-idmb-movie-76b7f8b7-1,8459883
/kerneler/starter-loan-prediction-ml-e94d5052-0,8459793
/kerneler/starter-loan-prediction-9c943667-4,8459654
/mcjohns/fork-of-normal-vs-pneumonia-keras-in-r,8459580
/ajithvallabai/simple-exploration-baseline-ga-customer-revenue,10679092
/kerneler/starter-haberman-eeeb829f-7,8457143
/kerneler/starter-pressure-gauge-reader-data-be7bc496-5,8456809
/hyonirho/mnist-digit-recognizer,8460871
/kerneler/starter-complete-football-dataset-10-c28b9266-e,8647710
/kerneler/starter-imdb-movie-data-97b7ffa3-a,8455640
/kerneler/starter-ausprivauto0405-ad641630-e,8455426
/kerneler/starter-helen-eye-dataset-d77f4f8e-3,8455753
/kerneler/starter-dataset-image-super-resolution-7f3433d3-4,8452613
/kerneler/starter-comp3204-9f10ee51-4,8452603
/frednavruzov/lgb-baseline-0-673-on-full-train-data,8453951
/kerneler/starter-anime-sketch-colorization-pair-22b6a72e-5,8451425
/kerneler/starter-eur-doll-forex-ce1b6b4d-7,8450319
/datalale/arch-362-final-helper-template-data-preprocessing,8636790
/kerneler/starter-car-sensor-data-d586a9aa-f,8449263
/kerneler/starter-lmg-tune-940927ec-a,8446630
/dpotter/house-prices-lasso-xgboost-and-a-detailed-eda,8465208
/sunshiningsobright/completing-the-picture-nhl-mvp-s-by-player-type,8445718
/manjeetsingh/costa-rica-poverty-exploration-kernel,9092861
/kerneler/starter-cryotherapy-analysis-da3a1a39-6,8444718
/kerneler/starter-countries-fe8c58fc-0,8443909
/kerneler/starter-education-1c082ebe-b,8442892
/kbhartiya83/sincere-quora,8461417
/moqi112358/tag-recommendation-5-prediction-for-test-data,8441435
/savichawla/exercise-booleans-and-conditionals,8436968
/kerneler/starter-cryotherapy-analysis-07870297-0,8436826
/jxtz518/chapter2-logistic-regression-model2,8437297
/kerneler/starter-svm-image-training-6c9b45ca-3,8436503
/kerneler/starter-rsna-stage-2-train-images-to-ccf6f900-9,8433064
/yscyang1/shelter-animals-2,8432420
/kerneler/starter-dropout-graphs-6a9e78eb-1,8430236
/anastasb/tensorflow-focal-loss,8429980
/kerneler/starter-world-cup-matches-corrected-43464119-d,8429410
/vikitripathi/introduction-to-manual-feature-engineering-p2,8430231
/kerneler/starter-uci-ml-drug-review-dataset-b99672ef-0,8428397
/ebudia/lgbm-31-1-w,8427255
/kerneler/starter-court-level-tennis-d8990f53-c,8426383
/kerneler/starter-v2-plant-seedlings-dataset-466cc208-1,8425128
/kalyanrdy/a-z-of-microsoft-malware-prediction-inprogress,8425163
/charlaporte/analyzing-icu,8425174
/kerneler/starter-heart-disease-regex-3800679c-5,8424032
/vikitripathi/feature-selection,8432093
/vikitripathi/introduction-to-manual-feature-engineering-419a88,8428724
/kerneler/starter-global-competitiveness-index-99e104d9-1,8423353
/kerneler/starter-mini-flight-delay-prediction-961cad1e-c,8422388
/kerneler/starter-employee-compensation-plan-f96c7a3f-1,8422229
/rajnaid/facebook-data-visualization,8424761
/ufukguler/İlk-adim,8422169
/jonghwashim/exercise-machine-learning-competitions,8742650
/kerneler/starter-website-phishing-97185348-6,8420568
/kerneler/starter-nadsat-dictionary-25e3c5d2-6,8420119
/boywiththehusky/la-parking-citation-visualizations,8419916
/kerneler/starter-pytorch-testdataset-external-0f320d0d-c,8419734
/kerneler/starter-riskfactors-csv-321ad9d5-d,8419301
/ajithvallabai/market-data-nn-baseline-test-1,8419224
/yacin235/kernelf8bd08fee8,8418861
/edenis/kernel65ed6e5d44,8425206
/kerneler/starter-spoof-raw-08bf5b34-1,8417907
/tanyasharma2096/kernelf292567b07,8417496
/ajithvallabai/two-sigma-competition,10679070
/kerneler/starter-gothamcity-data-c6f9b150-6,8415170
/paularmand/data-science-workshop-house-price-prediction,8414923
/leooliver/trabalho-ia-2018-2-fd48ab,8414861
/kerneler/starter-world-countries-shape-2017-fb49f400-f,8480763
/kerneler/starter-credit-risk-data-e554e17c-f,8414380
/soundaraj/cat-vs-dog-py,8415939
/kerneler/starter-mnist-lecun-et-al-1998a-53c93126-1,8414199
/kerneler/starter-graduate-admissions-5f699d8a-d,8414016
/kerneler/starter-batch-normalizer-test-data-0971b169-4,8413425
/kerneler/starter-art-images-1a9ec1ae-8,8413250
/kerneler/starter-nepali-news-dataset-large-3a0bc303-3,8412919
