/lesinle/initial-exploration-when-events-occur,797646
/qige96/an-interactive-data-science-tutorial,797644
/qige96/notebookadc6a36ae9,797620
/pranaykumar/notebook9d1540d427,797553
/unlikelybutpossible/scratch22,797541
/christfan868/full-preprocessing-tutorial,797865
/jash00/feature-selection,797505
/bartverhaegh/notebook5d6c9004ea,797504
/hrishabh1/xgboost-example-python,797471
/palash11/an-interactive-data-science-tutorial,797464
/lihaorocky/exploration-and-plotting,797463
/javiermares/full-preprocessing-tutorial-67e0d44a,797431
/h4q9y4/fork-of-notebook20cf8f95bb,797427
/hrushikesht/python-data-visualizations,797416
/kimiya/imitation-of-a-journey-through-titanic,797415
/cnukaus/notebook20325cc487,797411
/firolino/fishy-keras-lb-1-25267,797400
/barryking/exploring-survival-on-the-titanic,797302
/ayush860/global-terrorism-trends-animation,797287
/gaomrx/notebook3d69534908,797283
/namdori61/match-outcome-prediction-in-football,797282
/lenchanteur/notebooke1117da2a0,797252
/majmu96/match-outcome-prediction-in-football,797224
/syedrizwan/notebookb06254d523,797166
/barthelemy/notebooka7db0234c0,797111
/bartverhaegh/imdb-dataset-exploration,797103
/paweljasiurkowski/full-preprocessing-tutorial-3338b906,797088
/rahulsh555/illegal-immigration-trend,797041
/verkinda/an-interactive-data-science-tutorial,797018
/vivekgupta/an-interactive-data-science-tutorial,797015
/joelquek/notebookd4b388edd2,797011
/barthelemy/notebooked0ce49197,797004
/barthelemy/notebookb2c5ec94b1,796987
/mathieuzaradzki/notebook1652db01db,796980
/barthelemy/notebookac86a0078f,796976
/yigu8115/try-r-tutorial,796969
/fouillededonnees/notebook355fdd106a,796942
/vijinkp/catdognet-keras-convnet-starter,796906
/agzamovr/regularized-linear-models,796871
/raeisi/full-preprocessing-tutorial-0cd6dcc0,796866
/shikara/in-depth-skewed-data-classif-93-recall-acc-now,796863
/qlidct/notebook4ce05a5115,796855
/clapeyre/an-interactive-data-science-tutorial,796850
/barthelemy/notebook405034c3b4,796834
/bryan1201/exploring-survival-on-the-titanic,842100
/cweibin/benson,796815
/simengy82/finding-boatids,796766
/airback/fork-of-match-outcome-prediction-in-football,796745
/mbarsy/aviation-accident-analysis,796742
/escorciav/full-preprocessing-tutorial,796689
/haleh68/exploring-survival-on-the-titanic,796677
/pandeyanil/notebook5051358e9d,796676
/cweibin/benson-chen,796668
/raeisi/full-preprocessing-tutorial-dc3a8add,796651
/adirabi/notebooke1a70fc276,796642
/haleh68/notebook81a283c298,796624
/raghav81/notebook133d5af576,796579
/ktnadadur/notebook729e6f43be,796510
/linzhu/explore-and-classification-of-mushrooms,796443
/anvitavyas/notebookdb85591578,796439
/kangyu/try-titanic,796431
/srivatsanv/notebookb8eb4eebf7,796423
/rishikksh20/notebook287a85ff4b,796421
/jwaitze/us-income-for-select-states,796412
/mrnoone/exploring-survival-on-the-titanic,796392
/tomjm1/linear-regression-for-student-alcohol-consumption,796361
/ga95cir/notebook0eb9f54f82,796360
/ezhilvelme/titanic-keras,796358
/yarasamir/uber-data,796335
/prasadkawthekar/notebook1a649d2d65,796277
/ertugrulural/notebookd5a715d5f5,796269
/syqw58/notebook128007b6f0,796267
/bn121rajesh/notebook5125a0eb57,796266
/syqw58/notebook8557795aef,796265
/syqw58/notebookbaaebc1da6,796264
/yesufeng/full-preprocessing-tutorial,796262
/davidandrade/notebooke2ae1c26d8,796250
/guowindy/exploratory-study-of-ml-algorithms,796580
/sinxoverx/tsne-pca-quick-and-dirty-visuals,796192
/mcleodx/improved-lung-segmentation-using-watershed,796185
/kaushalshetty/notebookbffeeb027b,796183
/cool555cigar/notebook6e3cb735bf,796177
/kaushalshetty/a-journey-through-titanic,796168
/duttaroy/fast-exploratory-data-analysis-in-r,796151
/hskyd0g/notebooke58c21cbd3,796132
/optimus17/notebook660f2171a4,796096
/jackyyeh5111/python-data-visualizations,796075
/minhhoangtcu/an-interactive-data-science-tutorial,796010
/shenwilly/a-journey-through-titanic-4bb71781,795969
/jonshao/full-preprocessing-tutorial-9f55516f,803241
/bian0553/notebook74066c0661,795880
/andriat/world-religion-dataset-654bfbc9,795872
/jamdin/notebook460f76f245,795870
/andriat/world-religion-dataset,795862
/cj9208/titanic-survival-prediction-end-to-end-ml-pipeline,795853
/timflew/notebook616095e536,795852
/minglibrian/train,795819
/samfreitas/an-interactive-data-science-tutorial,795796
/chidamahiya/world-religion-dataset,795765
/masahiro1111/notebook5dc705b449,795759
/samfreitas/full-preprocessing-tutorial,795753
/michaelcaramat/notebook49952429e5,795750
/mohammedkhamisamro/full-preprocessing-tutorial,795741
/mohammedkhamisamro/exploratory-data-analysis,795725
/khandu/full-preprocessing-tutorial,795681
/brusci/exploring-survival-on-the-titanic,795675
/cj9208/an-interactive-data-science-tutorial,795661
/zhaoshu2/notebook8b507ad897,795656
/junots/notebook2a50f8498f,795638
/hakeem/optimization12,795618
/bowyerk/an-interactive-data-science-tutorial,795601
/nancyflinb/amazon-food-review-trial,795577
/johnnywong/python-data-visualizations,795563
/derikclive/iris-with-multiple-models,795560
/anthonysegura/notebook7dec7e8dfb,795557
/annielo/xgboost-ridge-lasso,795552
/annielo/regularized-linear-models,795550
/bunker/notebookb23be60feb,795526
/sitinurdiana/notebook2213d71c75,795511
/wintersquid22/support-vector-machine-detail-analysis,795484
/casuru/backprop-fun,795475
/athorat/full-preprocessing-tutorial,795411
/mtao94/terrorist-attacks-in-united-states,795402
/robbies/net-migration-stats,795394
/nburnett32/notebookb1ec8d2129,795305
/alangham/support-vector-machine-detail-analysis,795127
/jennysy2002/notebook3cc242efd1,795084
/albertliu21/eda-nba-free-throws,795046
/tashay/fork-of-notebook3ab7b288a2,795034
/raychae/full-preprocessing-tutorial,794985
/mathewsavage/notebook29d359a987,794969
/seungwoolee12/notebook1bdecf42f7,794937
/maigva/loading-and-processing-the-sample-images,794884
/beni9512/notebook35411bc7d9,794856
/stephenwist/a-snake-and-a-stephen-walk-into-a-notebook,794846
/topipari/full-preprocessing-tutorial,794814
/syncingrhythms/lung-segmentation-and-candidate-points-generation,794776
/zstarosolski/improved-lung-segmentation-using-watershed,794733
/yongkai/full-preprocessing-tutorial,794731
/brirush/svm-for-titanic,818053
/timothyn617/useful-text-preprocessing-on-the-datasets,794720
/suruisun/exploration-and-plotting-76d0651d,794692
/apoorvada/notebook8eadf0654b,794677
/rayjrosasv/principal-component-analysis-explained,794673
/suruisun/exploration-and-plotting,794623
/nekomimimi/notebook3a0e530872,794592
/nekomimimi/notebook873fdb9a0d,794590
/kalmakl/regularized-linear-models,794587
/wjpeters/notebook1916ba9b46,794556
/pas502/titanic-first-try,794530
/perrygrossman/how-to-read-datasets,794523
/mafudgesu/notebook703292f627,794518
/xenos3nbn/mustafa,794504
/johnsonfass/notebook694f3d3f6c,794500
/svesal/notebook3b15073b55,794499
/notobig/titanic-data-science-solutions,794492
/thijsjung/a-journey-through-titanic,939376
/mathewsavage/notebook01d2131c77,794471
/iftaknayeem/text-mining-with-sklearn-keras-mlp-lstm-cnn,794469
/pganesha/notebookbe733165e3,794459
/burnetap/earthquake,794465
/roopalik/sample-script,794427
/mafudgesu/demo1,794451
/conicrelief/hello-word-of-catdogs,794549
/taylorelizabeth/n-america-s-super-sized-slides,794414
/spoovic/notebookef969cb3d0,794398
/mafudgesu/mexican-illegal-immigrant,794377
,None
/pas502/titanic,794374
/spoovic/notebookd01f0d61ef,794370
/vaishaligarg/notebook3afb4ae1c6,794365
/syncingrhythms/full-preprocessing-tutorial-8c2b77fa,794360
/yulteq/notebookc5b43b0b32,794353
/jaskfl/support-vector-machine-detail-analysis,794328
/liujialin/notebookd2e672bb60,794322
/hfaouaz/notebookcba1010a5b,794301
/hallefyferreira/notebook9ed6a4f776,794264
/chubing/notebook1ef99bfc90,794263
/sgoriv/feature-extraction-from-images-2,794236
/sunillimbu/a-journey-through-titanic,794230
/davenso/notebook8a673c42aa,794227
/sgoriv/feature-extraction-from-images,794221
/juvion/text-mining-with-sklearn-keras-mlp-lstm-cnn,794217
/fenbukaide/explorating-data,794211
/manoharpilli/exploratory-study-on-ml-algorithms-31eed71a,794199
/manoharpilli/exploratory-study-on-ml-algorithms-7d3676ae,794192
/manoharpilli/exploratory-study-on-ml-algorithms,794189
/rjonathanb/notebook207f1d283d,794178
/yuz989/visualizing-earthquakes-via-animations,794172
/jimmyjain/notebook269f919349,794101
/gebdog/house-prices-eda,794087
/volkanaltintas/digit-recognizer-in-python-using-cnn,794082
/parasmani/notebookceed3254cf,794071
/gebdog/omg-nlp-with-the-djia-and-reddit-35d36fcc,794057
/nscherf/exploratory-data-analysis-2,794177
/barrettxav/video-with-lungs-in-3-axes-notebook,794007
/romain919/predicting-price-of-listings,793996
/bobertkins/notebook1d9265bec6,793985
/parismita/fork-of-a-journey-through-titanic-5efc63f7,793967
/darshan941018/states-by-male-and-female-population,793958
