/akaipbay/notebookbd349cf1fa,994408
/jmaessen2017/notebooke8eb396a2c,994047
/knnbayaz/notebookea93bea7db,1003246
/maikuraki/fork-of-person-of-the-pandas,993880
/maikuraki/person-of-the-pandas,993906
/kujo21/notebookf4581f52c9,993856
/shinstone/notebook2160884b54,993853
/recepesen/notebook5b8cab4f8a,1077492
/everlytics/notebooka661dcd53f,994199
/jainshivani/notebookad5893611e,993836
/rainmanbj/comprehensive-data-exploration-with-python,993827
/plzdaye/titanic-data-science-solutions,993826
/asdera123/notebook3cd12e9c7e,1143078
/xinyuitan2/notebook927cd16554,993867
/ashutosh1996/notebookfc89c8d8c5,993805
/haolle/python-data-visualizations,993723
/txappmkr/notebooke6c28be1f5,993690
/squaresurf/an-interactive-data-science-tutorial,993777
/raulfragoso/titanic-notebook,993643
/whscao/notebookb5d6525fa4,993613
/skadiran/notebook9681978a04,993588
/wubingbing13/introduction-to-ensembling-stacking-in-python,993524
/vijaygopal2005/notebookd97a3d3f92,993454
/nandansukthankar/explore-starbucks-worldwide-stores-0aab94,994400
/elnazmr/super-sized-we-macdonald-s-nutritional-metrics,993421
/kent1224/notebookd7af872143,993433
/markfu/notebooka0299032ee,1454846
/danhvo/regularized-linear-models,993378
/xiaoyao70v/notebookdbc8107d98,993810
/jjccforth/the-philosophy-of-bayesian-inference-forked,993248
/kunlaotou/notebookb20e8716b7,1049995
/zhijinzhai/notebook72214023fd,1029471
/simonholland/notebook1d4565dfb0,993332
/ziyanzhu/notebook506667c66a,993638
/prabhurajendran/an-interactive-data-science-tutorial,8196736
/liuyunliu/a-journey-through-titanic-527177,993081
/jesyfax/notebook22588412d5,993073
/samswiftglasman/star-simulation,992991
/aykornb/notebook8f662b99b7,992957
/mrisdal/tensorflow-deep-nn-fork,992942
/dbenesh82/notebook65ccef6d29,992934
/maximumeffort/notebook361e85c53f,1048863
/gt1967/super-sized-we-macdonald-s-nutritional-metrics,992858
/chubchubo/notebook161b5ab0d3,992853
/syedyunus/notebook31cf98d93b,992726
/paulocressoni/notebook36a53fb139,992586
/franticcc/notebookdf36c22ab7,992472
/harleypellowe/titanic,992459
/doneleone/notebooka7922d219f,992374
/asimj12/method-for-transformation-from-tfr-into-df,1033735
/akshaysood/notebook8cd107d833,992246
/arunava21/notebook2b602306cd,992212
/ahsannawaz/notebook34b01c5b9e,992210
/mesoys/notebookab7a2bf0d1,1005920
/srijit1729/notebook0fd74a2794,992172
/eileencyy/notebookc5b56c9d31,1046004
/frankmaina/super-sized-we-macdonald-s-nutritional-metrics,992119
/dotmhio/notebookf262549f1d,992045
/kolapkarda/notebook8338b5d43d,992031
/lwkuant/quick-analysis-and-inspirations-on-steam-dataset,992117
/jayniti/notebookef20084207,992416
/leodisi/notebook18d3f4e4b6,1011585
/dshulchevdkii/notebookdce89a7a7b,1313298
/jaicky/notebookc868006235,991897
/jaicky/notebook1c9d7c2898,991861
/jaicky/notebook5fa7f6f4d5,991840
/bluezzz/notebook4560e3bff0,1005048
/jaicky/notebook43555a3411,991836
/kmader/extracting-lung-and-structure-rendering,991982
/goonerrish/notebook12e237b5d5,991705
/vvarkey/notebookf3ba71e126,992169
/rohitgup14/notebook7ea4a21815,991694
/saranyas/notebookc8296cdfca,991691
/doh42q/notebook2c2143a572,991878
/everlytics/notebook8c89ab56c0,991807
/sarinraj92/notebook59d4c7149f,991624
/minnab/qbi2017-introduction-to-contests,991974
/jirlock/notebookb7b987becd,991660
/mholub/qbi2017-digit-recognizer-challange,991551
/jirlock/notebookacc06ab053,991550
/karora/notebooke835f57614,1029200
/ashutosh1996/notebookf99c0dbf19,991816
/danishmerani/notebook9c814514b1,991599
/mopierre/qbi2017-introduction-to-contests,991493
/victorwhz/notebook681c6acb62,1003038
/sudhakargowda/notebookd34a29ee54,991447
/sudhakargowda/notebook0be0f1faab,991436
/alenmu/qbi-python-tutorial,991426
/jingchen2222/notebookfe102a8acd,1130927
/kaancet/notebook60d551f5cd,992011
/sedthapr/notebook4cb3d83908,991383
/ashutosh1996/notebook20bc6894ab,991444
/jramcast/pima-data-visualisation-and-machine-learning,991349
/derrickc/python-data-visualizations-forked,991330
/jemxgw/notebook6880267ac7,991313
/everlytics/notebookdfd89ea511,991649
/ghoshtumpu/fork-of-fork-of-just-a-rough-logistic-regression-i,991305
/paperplane/notebook29f3e77680,991282
/ghoshtumpu/fork-of-just-a-rough-logistic-regression-in-r,991255
/gp2493/notebookcfb6f10538,991361
/phattaras/notebookc94acbba87,991161
/ideankeshmirian/notebook925b0396bc,1007626
/jiangzju/notebook259cd5b80d,991060
/vaishvel/notebook8a4e11ffe5,996313
/abhi11711/notebooka729ea1e3e,990992
/winterge/notebook78b155f82f,990934
/akaipbay/notebook221d3988a7,990906
/ryusuga/notebook159c2e70e6,990895
/lzhang18/notebook58413ee4f3,1024233
/tmpellerito/titanic-data-science-solutions-5751f3,990860
/bocaiwen/notebookd117171736,991380
/apollonius/notebook6f16f1367a,990728
/chaowang05/tor-env,1298299
/mzhouliang/notebook0812e98712,1012525
/xiaoyao70v/notebookf05538e34e,991018
/zhiyue/geolocation-visualisations-2c7817,990670
/apollonius/notebookfa378b4a42,990654
/apollonius/notebookde7d27cd13,990649
/yqyang/notebookd776cb5a0a,991321
/preflightsiren/notebook0179e5f0d4,993080
/ultrax00/notebookdcdd9470ff,991123
/lazyjoe/notebook5de0a3d886,1000369
/elnazmr/test1,990487
/ksintac/notebook23571e233d,990453
/tombish/notebook7c8b039fb2,991027
/zhangdeng/notebook41e29f3042,1023664
/gini76/an-interactive-data-science-tutorial,993133
/crwilcox/notebooka228d1d1e1,990425
/fadiramahi/notebook171f61e1e4,990327
/tcf980/notebook950c564768,990320
/mohameddabo/catch-em-all,1027433
/castrofoliver/notebook1fd4216424,990312
/artemfedorov/notebook20b2436af2,1017956
/lizadams/titanic-data-science-solutions-liz,990227
/lizadams/python-data-visualizations-99c17a-fork,990186
/micka39/notebook7b8f16aa07,990113
/sjbdata/notebook08199e2221,990087
/gabtab/notebook622cb04295,990058
/shahabmokarizadeh/notebook84e55f88ee,1000882
/rafaeldmachado/notebook95f5932509,990599
/yolandadlh/notebook73d8445b84,1008171
/ashwinikmr/notebook9d3a3cdc51,990009
/liziyuann/notebook04d55d6e19,1001289
/izaxon/a-journey-through-titanic,989805
/gregorywinchester/notebookac46ea7f03,992404
/kmader/qbi2017-introduction-to-contests-mae,1008897
/audelia/notebook08396f35d2,989670
/crisbio89/notebook410e9012d9,992675
/abbe98/notebookb55eafb333,989638
/b0siangyang/a-journey-through-titanic-2b4fbb,989511
/blatoo/notebook94355c1275,1020684
/souborno/notebookde52bc65d3,993965
/kkogovsek/notebook0c6d1e169b,989456
/karora/notebookad6e4ce555,991678
/uttam2311/notebook9f548c0cf7,989369
/uttam2311/notebook881a1cc8f4,989365
/francoisolivier/homecheaphomer-learning-tree,989452
/songwhu/notebook5bf976b3a9,989359
/vanausloos/neuro-nerding-out-1-0,1045918
/karora/notebook4121e1b5a1,989387
/ekantbajaj/titanic-data-science-solutions-d42aa3,989328
/fancoo/titanic-data-science-solutions-2fe8da,989315
/weilai/notebook17-3-13,1002463
/funnylegs/newbie,989275
/agostontorok/notebook7de8c06d33,989611
/ghoshtumpu/notebook0111933960,989194
/changjian/otto-product-classification-predictions,989178
/heenadabke/notebook871ce3307f,989161
/heenadabke/notebookdfbcffbba3,989150
/johngillespie/notebook740f082414,989382
/francoisolivier/homecheaphomer2,989347
/francoisolivier/homecheaphomer-linear-model,994146
/rebekah73/notebookdad73cee7c,989093
/arafsheikh/notebook900ea98f18,1002688
/hercules261188/notebook1b1aac202b,989069
/alibaba164/notebookc94d118427,989264
/thir13enth/notebookcf5d9df00f,988975
/kanwalj/notebookd313da9450,1582712
/gerante/notebook77df1a376f,988894
/wyntoph/notebook99ecb511bb,991414
/shikha735/fork-of-predicting-fraud-with-tensorflow-shikha,988842
/shikha735/predicting-fraud-with-tensorflow,988843
/poonuraj/notebook72789406c4,988773
/poonuraj/notebookcec538767f,988735
/artimous/when-were-you-conceived,989075
/yanndubs/notebook43927502b5,988626
/ashutosh1996/notebookb0115c8aa5,988907
/qiqiguaitm/notebookca9ecd609c,988653
/tellusium/notebookef21a557ff,988839
/nicolefeng5/notebook8347ef90e2,988463
/fruscillo/notebookc518501af3,988765
/mweirath/notebooke9cf3920c7,993730
/aburkard/notebook0163cb2cc1,988426
/noremac/an-interactive-data-science-tutorial,988392
/dataer/arima-modeling-assetid-based-timeseries,990594
/mnd1892/notebook655e3fa0ea,988324
/kaigeyang/notebookf2cf62c72c,987297
/timgasser/notebookb6a5b3339d,1004537
/gharrisoncarey/notebooke8da6c3252,987180
/mrbeeblebrox/notebooke17aa95d74,999265
