/ironbar/notebook4ef6dd7f5b,470762
/tobikaggle/nn-through-keras-copied,470747
/csb206/robbery,470746
/carolhu/notebookd32138eeaf,470738
/rsa0123/testing-11-27-16,486050
/lzhhit/python-data-visualizations-dbf87ffc,470719
/neha30/house-price-prediction-part-2,470710
/lzhhit/python-data-visualizations,470707
/kinguistics/notebookd524158a94,470700
/essalj/notebook6bbca49a41,470651
/liyi1991/cnn-on-digit-recognition-4180d305,470650
/ycaanng/a-journey-through-titanic,470647
/essalj/notebook1afa3fd7e3,470644
/peter25/myrprom,470642
/ynhdng/notebook77fc645db8,470638
/vinayguda/a-study-on-regression-applied-to-the-ames-dataset,470622
/rbroze/notebook780cf956c3,470621
/gshamane/randforestclassifier,470611
/sungok2/notebookdf1562c135,470609
/maejor/feature-selection-using-python,470607
/openneuron/singel-model-lb-1117,470591
/gaurav2555/notebookc7bffeb3c3,470576
/nsaquib/notebookb716692898,470565
/ruthogunnaike/detailed-cleaning-visualization-python-165ec64c,470548
/huanwu1990/notebookd0849952ae,470531
/ruthogunnaike/santander-battle,470530
/shaakirs/python-data-visualizations-115bce85,470521
/zsimath/mnist-with-cnn-0-99157-score,470515
/leonidmyt/notebooke06fe55eb3,470551
/youzi2016/a-journey-through-titanic,470508
/liyi1991/fork-of-cnn-on-digit-recognition,470491
/junhoning/notebook5be2443fa8,470488
/archicxd/house-price-prediction-part-1,470483
/liyi1991/cnn-on-digit-recognition,470469
/carolynchalloner/ds-740-project,470462
/carolynchalloner/notebook299c017dc5,470459
/cucdoublel/a-journey-through-titanic,470455
/irashadow/notebook81ab816ccf,470454
/liyi1991/notebook8aad414b36,470453
/liyi1991/notebookebb6ca1092,470448
/davidpinto/notebook4cc3cffba7,470447
/banfords/walter-sandbox,470446
/devrath7s/exploringtitanic,470441
/daguaishou/ensemble-model-stacked-model-example1,470432
/devrath7s/edanalysis,470434
/emily2016/regularized-linear-models,470424
/dzhou19/notebook0469f4b343,470422
/freedom098/simplerf,470830
/abassetiawan/notebookedd12829bb,470396
,None
/howie42/to-have-a-start,666119
/varunsharma3/a-journey-through-titanic,470386
/wielkiszu/police-deaths-in-united-states,470384
/jdamato718/notebook6a86daf1f8,470381
/isapaviam17/detailed-cleaning-visualization-python,470377
/wslape/notebook65d2c0ba58,470376
/dj8111/notebook86a48c04e3,470373
/wslape/notebook35aaf095d5,470363
/ujwala/airline-sentiment-part-1,470351
/zshawn1776/comprehensive-exploration-and-visualization-1,470344
/elhamdaouiabdelmajid/notebookb601273d78,470343
/tanyaq/notebookbf0e8e790a,470426
/vijaypk10/notebook57e07287b7,470338
/lilyelizabethjohn/exploratory-study-on-ml-algorithms,470337
/onenonlykpro/titanic-attempt-v2,470327
/kentchen/a-journey-through-titanic,470322
/randrew817/notebook0aa050aace,470308
/onenonlykpro/titanic-attempt-v3,470333
/lynn123/notebook77f338cc5a,470298
/vipl0ve/abcdee,470350
/mumumu/numpy,470275
/saeedhadikhanloo/fork-of-loading-and-manipulating-heartbeat-audio,470268
/qjin076/notebook9bad4d1dd7,470263
/helloimyames/notebookaa69570a06,470255
/zhenqiangx/notebook623f807bd1,470249
/mawady/notebook1fad844c6e,470242
/mawady/notebook0d8d146102,470239
/lyzheng/notebook0d9671f4b1,470225
/thedojo/loading-and-manipulating-heartbeat-audio-2ed4ef52,470218
/jrphilippe/traffic-fatalities-getting-started,470193
/dataminers2016/notebookc6ef605641,470189
/thedojo/loading-and-manipulating-heartbeat-audio,470187
/faxlad/a-journey-through-titanic,470182
/gftitman/world-development-kernel,470180
/luismey/exploratory-study-on-ml-algorithms,470122
/johnnie79880/historical-baseball-player-salaries,470120
/alboleo/fish-detection,470116
/negwest1/my0000,470108
/andrewdeleon/titanic,470100
/andrewdeleon/notebook9a868533f3,470095
/maramil/notebook2631e9f56c,470085
/mbwordup/presenting-seven-classifiers-38e10813,470075
/jrphilippe/irrational-shot-selection-0241df3c,470074
/maramil/notebook6bd185abfd,470061
/heshidaojia/notebookbb7f91dafe,470055
/kkakay/exploratory-study-on-ml-algorithms,470017
/andrewdeleon/notebook3884e6b831,470016
/willsuen/notebookbcbc09b44a,470015
/andrewdeleon/notebook390a768856,469997
/ggpasqualino/could-the-titanic-have-been-saved,469971
/halflings/pokemon-stat-calculator,469968
/virajbharadia/notebookd195b9f5f9,469951
/mbwordup/presenting-seven-classifiers-adad0382,469948
/colonwq/notebook9ab57c3c6d,469938
/lemoinef/roy-s-titanic-notebook,469936
/carrutstick/notebookdd1a1280ff,469924
/specialops/notebookfac0b1390e,469912
/lefteriskouloubris/exploring-survival-on-the-titanic,469909
/albertogutierrez/exploratory-study-on-ml-algorithms,469901
/lemoinef/a-journey-through-titanic,469899
/jadsruben/comparison-between-classifiers,469885
/aconsapart/notebookb55cb30d3c,470238
/aconsapart/notebooka7933140f5,469882
/maozhu0824/house-price-prediction-part-1,469881
/mrisdal/notebookcabadb59ef,469876
/kaggleshi/python-xgboost-starter-0-209-public-mcc,469867
/mintaoye/regularized-linear-models,469866
/scottykwok/seizure-boost-time-skew-freq-skew,492182
/rsilveira79/notebookef193ce8a7,469849
/alexisjoy/notebooke0969fdd06,469843
/w38huang/do-we-know-what-we-want-106951aa,469842
/w38huang/do-we-know-what-we-want,469839
/pamdirac/notebook4f35221188,469834
/hpatel86/notebook067d3fad66,469831
/markdyousef/irrational-shot-selection,469824
/duanxg/a-journey-through-titanic-befc7c16,469810
/duanxg/a-journey-through-titanic,469809
/sfragosorodrig/visualizing-knn-svm-and-xgboost-on-iris-dataset,469807
/kozepz/notebook578ccf94de,469806
/deeplearningnfl/exploratory-tutorial-titanic,471220
/deeplearningnfl/titanic-passenger-survival,469801
/troyskygt/a-journey-through-titanic-a7a14cab,469786
/rumblefish615/fork-of-roy-s-titanic-notebook-7e6c7e62,469776
/cicconella/teste,469773
/cicconella/notebook4f129b9ef1,469771
/scottykwok/seizure-skew,469766
/rumblefish615/roy-s-titanic-notebook-7e6c7e62,469765
/rumblefish615/roy-s-titanic-notebook,469761
/wnhwnnlove/res-4,469830
/troyskygt/a-journey-through-titanic,469745
/ryankenning/notebookf11f0ddfd1,469703
/stream886/a-journey-through-titanic,469697
/irrfan/can-we-predict-individual-rate,469683
/mtsodf/bayesian-logistic-regression-with-rstanarm,469679
/eunsu920/123123123123132,469645
/zslcheer2/irrational-shot-selection,469613
/noutvd/notebook66fe502d2c,469597
/grigor/a-journey-through-titanic,469589
/kvetch/test1,469658
/nourv83/notebooka3ef4ff137,469581
/wenshi/notebook71bdbb2afe,469569
/lovive/notebook139cdf85b8,469567
/marila/a-journey-through-titanic,469535
/hamidjumasa/classifying-news-headlines-with-scikit-learn,469534
/chaoukicharfeddine/notebook089c583d1e,469531
/randolphyao007/irrational-shot-selection-ce513111,469529
/eunsu920/1231421142323,469522
/randolphyao007/irrational-shot-selection,469510
/rajgupt/notebookde9416112a,469499
/kristofersoderstrom/python-data-visualizations-ccb4b6d4,469472
/kristofersoderstrom/python-data-visualizations-37417d22,469471
/kristofersoderstrom/python-data-visualizations,469470
/dataminers2016/notebook41435ee619,469466
/humewang/a-journey-through-titanic,469464
/randolphyao007/notebookb23ef520d8,469423
/ashishpahwa7/exploring-survival-on-the-titanic,469348
/erpreciso/notebook8769de56a7,469330
/eunsu920/134141,469384
/edmwanza1/notebook0abd4ff7f6,469300
/murray11/getting-started,469297
/fantasycheng/a-journey-through-titanic-bc3c8b6d,469281
/vineetkothari/notebookf7f92890c9,469280
/necromancer/notebookfd766a60c1,469272
/rakeshmalviya/python-data-visualizations,469269
/innnns/tnghks-random123,469256
/seyyedmohammadrazavi/linear-svm,469250
/edmwanza1/notebook666f49417c,469242
/ljc0753/gradient-boosting,469239
/royalmudit/model-xgboost,469263
/eunsu920/1113212312,469268
/wanghanbin/first-try,469227
/yashwantsagar/notebook8a5df093c1,469211
/clustifier/feature-extractor-matlab2python-translated,469209
/mariakuhta/notebooke78f9cfde8,469207
/humewang/notebook8a642b2852,469185
/manikantareddyd/notebook13c29e494a,469171
/clustifier/fish-detection,469168
/ranipakeyur/notebookfb51ea3581,469156
/fzhurd/classify-ghosts-v8h220161126,469155
/rajacsp/simple-word-cloud-in-python,469153
/youngshaw/notebookaaeb24d66d,469146
/syreali/notebook1d600b746a,469145
/leslieowen/test1-lzw,469142
/fzhurd/classify-ghosts-v8h20161126,469140
/thesudhanshu/notebook7dc37da367,469139
/shaakirs/python-data-visualizations-2887ca8b,469130
/shaakirs/python-data-visualizations,469119
/zeddmaxx/tobacco-use-in-united-states,469110
/ashishlakhani/a-journey-through-titanic,469099
/ather123/exploring-fb,469102
