/hskhade/talkingdata-exploration-17e0f5dd,323013
/hskhade/talkingdata-exploration,323012
/sumitdiwakar/fork-of-visualizations-of-temperature-change,322998
/sunliguo/notebookee145193b3,322990
/kamendula/a-journey-through-titanic,322988
/saranthiagarajan/notebookb8f319f1c1,322964
/sunliguo/notebook7c8d6aa84b,322960
/sunliguo/notebook326fe99d1c,322959
/robineast/a-linear-model-on-apps-and-labels-b9032dfa,322956
/sunliguo/python-data-visualizations-e44032b0,322955
/sugeerth/a-journey-through-titanic,322952
/andheroe/a-journey-through-titanic-7f349a56,322954
/andheroe/a-journey-through-titanic-51a25dca,322947
/sunliguo/python-data-visualizations,322945
/andheroe/a-journey-through-titanic,322944
/greyll/notebook243159747a,322935
/jeanpat/notebook8be566b933,322919
/nimaar/tensorflow-deep-nn,322918
/thinkdata/notebook085d52e475,322911
/surajitbiswas/notebookfd6620775f,322908
/surajitbiswas/notebookb708a99fda,322907
/switchfootsid/exploratory-analysis-and-predictions,322903
/cheffyu/brand-and-model-based-benchmarks-374551a2,323434
/shub112004/test-book,322876
/yohnishi/a-journey-through-titanic,322872
/kliang/notebookd822757c42,322871
/joonhopark/notebook6d6e070c1a,322863
/naveen2504/exploratory-analysis-and-predictions,322860
/rahulmkumar/notebookfa283c15ae,322858
/rhoslug/notebooka4bbba8277,322853
/wyjss08/a-journey-through-titanic,322826
/sslampa/notebooka9b9c75890,322794
/taylo5jm/notebookf4f23e07a2,322790
/tyc1016/python-data-visualizations,322786
/nilotpal/notebooka0ccba74b6,322784
/jwegas/notebookd08806aa5e,322781
/flatorien/explore-data,322775
/flatorien/notebook30e96f5a42,322773
/rahulmkumar/notebook54928ff8ca,322771
/ravigoku/notebook40c9646cbf,322768
/flatorien/predict-hotel-type-with-pandas,322767
/jasontam/notebookee1809ff9d,322774
/huanzhuxu/python-data-visualizations,322752
/errearanhas/a-linear-model-on-apps-and-labels-b98a49ce,322745
/kbhola/recurrence-relation,322743
/lawrencewu/notebook6f8bceb04a,322740
/melissalo/notebookf01ea92600,322728
/robineast/a-linear-model-on-apps-and-labels-e7b86b82,322724
/kbhola/notebook8b24c8d69c,322719
/sugiantolauw/a-linear-model-on-apps-and-labels,322712
/colbysong/python-data-visualizations,322710
/dfardila328/notebook3f72cb2411,322703
/kahlanm/tensorflow-deep-nn,322698
/prnjlshah/notebooka175e31e4c,322694
/frantap/geolocation-visualisations,322685
/harlfoxem/notebooka525bf0a71,322682
/frantap/brand-and-model-based-benchmarks-0c2959b0,322678
/frantap/brand-and-model-based-benchmarks,322676
/luizhen/team-performance-analysis,322669
/huanqi/notebooke8f3d0ac1a,322666
/hexietufts/notebookd67d222d0c,322654
/hienmai/notebook0d3f6f1ae0,322651
/zgrkpnr/lets-look-at-correlations,322629
/chrismichael11/building-a-prediction-model,322623
/zgrkpnr/notebook0fc3e97cbc,322619
/shivaramkrs/fork-of-classification-of-series,322609
/viktvv/notebookbe1e748941,322565
/agalea91/fork-of-mislabeled-training-images,322556
/charlesgomes/notebook848093991e,322553
/yiyunzhou/notebookc497bdb733,322552
/chrislewispac/notebook21449b2969,322545
/chrislewispac/notebook3da03a8200,322544
/vasilisck/knn-from-scratch-in-python-at-97-1,322528
/zachzeyuchen/notebook8629a65211,1504517
/ermochi/fork-of-codigofinal1,322549
/pingya/notebook629f4fc422,322502
/vasilisck/notebooke02d55db72,322494
/dfardila328/fork-of-lineal-classifier-969bc6cb,322488
/dfardila328/fork-of-lineal-classifier,322486
/tennissuperstar/notebook7bac32e799,322479
/yanxinjia/fork-of-sparse-redhat-xgb,322477
/neerakr/explore-enron,322473
/abhishekdatascience/notebook3af2bdd9f5,322439
/guangoku/notebookeabcbff1d2,322425
/neerakr/find-similar-papers-knn,322419
/ericwbzhang/python-data-visualizations-32e5dee1,323394
/ericwbzhang/python-data-visualizations-16d1728b,322414
/satchel/a-journey-through-titanic-test,673220
/satchel/a-journey-through-titanic,322409
/neerakr/what-makes-food-delicious-e49627f0,322408
/pedrohaamorim/knn-from-scratch-in-python-at-97-1,322404
/neerakr/what-makes-food-delicious-ea2f95e6,322402
/neerakr/what-makes-food-delicious-908d07c3,322401
/neerakr/what-makes-food-delicious-b6e4237b,322399
/neerakr/what-makes-food-delicious,322397
/neerakr/notebook828ef4cdc1,322391
/daniellessa/notebook5a6850f1bd,322383
/pedrohaamorim/exploring-products,322382
/henajose/notebook581b2d6fb7,322374
/divakardass/a-linear-model-on-apps-and-labels,322372
/takeshichka/a-linear-model-on-apps-and-labels,322367
/neerakr/building-a-prediction-model-88a103bd,322366
/neerakr/building-a-prediction-model,322361
/iramusa/study-of-tree-and-forest-algorithms,322340
/khathis/python-data-visualizations,322335
/iramusa/a-journey-through-titanic,322324
/iramusa/notebook6b54359e5a,322301
/metinturgal/predict-hotel-type-with-pandas-f07d146d,322279
/metinturgal/predict-hotel-type-with-pandas-58f628d6,322278
/metinturgal/predict-hotel-type-with-pandas,322276
/ryo3ryosuu/brand-and-model-based-benchmarks,322274
/pyx123/notebook629aef35e2,322271
/zfturbo/mislabeled-training-images-all-images,322269
/zstuwangrui/notebook5fb2e012d6,322247
/zstuwangrui/notebook6cdbf359df,322243
/hienmai/notebookdc6984d234,322229
/codybond/notebook3db8296298,322208
/advarot/automated-data-visualization,322195
/lrlthink/a-linear-model-on-apps-and-labels,322187
/jpires/a-linear-model-on-apps-and-labels,322178
/dejavu319/exploratory-analysis-and-predictions,322177
/wasbornlazy/a-linear-model-on-apps-and-labels,322175
/oisinfitz/notebookd4447c693f,322174
/sudhirsen/notebookcfe5229c7e,322164
/thinkdata/notebook84722da3ef,322126
/thinkdata/notebook757112de9c,322120
/robklay/notebook2058d97219,322112
/jensen/notebook8134cded8b,322093
/jorgeporca1/notebook1d31829bf6,322074
/melvinroy/notebookc86e4acc34,322044
/potterxu/fork-of-xgboost-new-scripts,322006
/thinkdata/notebookc6676bae91,321990
/avainyeh/python-data-visualizations,321968
/chrisbuetti/notebook976cd610de,321926
/jlgranda/notebookc30ce6fdf9,321906
/cherylhlkwan/notebook9333a529dc,321900
/thinkdata/lets-look-at-correlations-0efa836b,321897
/xfl1991/geolocation-visualisations,321896
/thinkdata/lets-look-at-correlations,321868
/wpiyanwang/categorizing-labels,321843
/datacanary/notebook93ae654afa,321834
/dfardila328/notebookd7d0bffa63,321832
/yanxinjia/sparse-redhat-xgb,321831
/kqdmqx/notebookcca8921027,321814
/kqdmqx/notebooka712119591,321809
/kbhola/notebookc16830fbc1,321802
/dibus2/notebook3424395403,321796
/akhaleghi/notebook2406044639,321776
/welyjs/notebookb5261c4ddb,321724
/datacanary/notebook9268c7d760,321707
/wikhung/building-a-prediction-model-07ac141e,321699
/andrewraharjo/notebook032c21d050,321697
/amerigan/notebookcf34a44232,321695
/notoriousjpd/notebook0839e73849,321687
/vikramc/notebookde2fd00044,321683
/tendlya/notebookb09cd1a423,321680
/amerigan/notebooke5b35c9d5c,321677
/wikhung/building-a-prediction-model,321673
/polkas/notebook9a9a227c06,321670
/lusiliang93/notebookef9eb5c666,321661
/lusiliang93/notebook48ffd1a4f0,323925
/garethjns/fork-of-the-eleanor-roosevelt-approach,321640
/codingsurfer/brand-and-model-based-benchmarks-c3f82408,321621
/rvjay2020/interesting-findings,321604
/surbhi10/notebook5f94f999d5,321554
/garethjns/explore-people-activity-count,321552
/codybond/python-data-visualizations,321546
/chanishagarwal/religious-attacks-analysis-by-country,321544
/vasanthankesavan/recency-frequency-for-crashes-fad85c15,321528
/vasanthankesavan/recency-frequency-for-crashes-9a7d898e,321527
/vasanthankesavan/recency-frequency-for-crashes,321526
/igauty/brand-and-model-based-benchmarks,321517
/jross2/notebook42e42829ea,321491
/alexstrat/notebook24de76090e,321470
/alexstrat/notebook789969b4fa,321468
/rvjay2020/demographics-of-new-coders-0359607a,321421
/rvjay2020/demographics-of-new-coders,321416
/sumitgupta07/notebookbc0a3423a7,321397
/robertoneil/0-98-xgboost-on-sparse-matrix,321901
/hars93/notebook43aeb9be55,321370
/amanzotti/notebook56bb66a8a1,321362
/headings/notebook899923a567,321352
/jianyuan/notebook31520bdd89,321343
/headings/notebookdc3a4efdd5,321335
/ericwbzhang/python-data-visualizations-8fb8ad8e,322413
/swchen0215/notebook4b6b09d17e,321877
/ericwbzhang/python-data-visualizations-c72d6d34,321304
/ericwbzhang/python-data-visualizations,321302
/sbalajis/trainview-gps-data-early-beta-2a178f5f,321298
/erba508/python-data-visualizations,321273
/xheimlich/geolocation-visualisations-c85af343,321268
/jsl9208/notebookc31cc6925d,321247
/jluther/fork-of-mnist-convolutional-nn-using-tensorflow,321246
/meeralakhavani/notebook5e5b804c8a,321243
/zalpha/exploratory-data-analysis,321227
/abhishekdatascience/notebook4ede3cc2f0,321219
/jsl9208/notebook45640efa22,321216
/abhishekdatascience/fork-of-test-1,321210
/vagrawal/nerve-present-classifier,334630
/konstantinkobs/notebook613f91bd74,321178
