/karthik28/notebookf52281005d,1039950
/bornot7/notebooked86cefed8,1039938
/mikelamutxas/notebook759bbe492f,1039930
/lucianamontenegro/notebook27b3cd4305,1039925
/cynthiakoopman/notebookd971315231,1039919
/martianlee/notebookc61bff6b38,1039918
/martianlee/notebooke35cb8058c,1039916
/ikeuchy/notebook5e1bc76ade,1039894
/bharat1/notebookba3c8892be,1039869
/lestatzhang/notebookca48129d81,1039849
/gauravsatav/myscript,1039825
/lestatzhang/notebook53194c8f84,1039816
/darthagnan/iris-r,1039774
/darthagnan/notebookb7b719c0d1,1039759
/remcorakers/notebook2724e4ed77,1039734
/yyfan1/train,1039740
/matheusmesquita/test1,1039722
/yyfan1/notebookb330f19d9e,1039719
/emauser2/notebook32d01bac5f,1039695
/martianlee/notebook69c32f082e,1039684
/jordanburgess/notebookc1dc527618,1039671
/ivanyooh/notebook236fbfcb01,1039670
/semiwhale/notebooke4c66faec4,1039638
/gpboss/matching-que-for-quora-end-to-end-0-33719-pb,1039622
/puleengupta/try1-1,1039573
/amsonu99/my-first-script,1039554
/deuteros/ml-basics-exploring-titanic-disaster-data,1039547
/dibyaj/titanic-passenger-survived,1039545
/ruklay/notebook429590566c,1039530
/ruklay/notebookd1f13d4cc1,1039526
/cuizhongjiang/advanced-regression-exercise,1039520
/kiran05/notebookf63a4376d1,1039518
/alekstdt/notebook14dedef95b,1039512
/hankpeng03/notebook4dd995e19a,1039511
/a793620101/notebook00cbee3d98,1039510
/iamthenyu/notebook31ef4947ae,1039502
/iamthenyu/notebookcc3ef039ca,1039501
/ryoooo/notebookb6d33eb596,1039495
/ryoooo/notebooke06ddf3458,1039492
/hankpeng03/notebook3f20bca10e,1039469
/cklwankaggle/xgboost-two-sigma,1039471
/h1015b/notebook2743fd542a,1039442
/h1015b/notebook4e2922164b,1039436
/zubairahmed/titanic-data-science-solutions,1050257
/winstonkasaval/notebook173c37fbd1,1039426
/tongjinle/notebooke2574babd5,1039417
/dan1900/notebook64e7ead02a,1039407
/h1015b/notebook66232b9325,1039397
/lhitomi/notebookcefbbdc872,1039395
/jianyu/second,1039387
/xiaoyao70v/notebook3c461af163,1039380
/amandaxy/python-data-visualizations-e44802,1039365
/alexv16/notebook887ef44339,1039352
/zhicheng/notebookc475e0e6b3,1039332
/cookieshake/notebooka49609a476,1039328
/platinumgod/notebooka463a9a356,1039325
/juguangliang/test-mxnet,1039305
/peddollakishore/notebook957196492a,1039294
/maxconners/notebook3cf1cf9f86,1039270
/pavansubhasht/capstone-cervix,1039259
/stardustsky/notebook1c540bd260,1039235
/abhikapoor/resnet50-features-xgboost,1039218
/researchace/notebook699a90fd11,1039217
/henrylosangeles/notebookb428ce4598,1039201
/shapaglogeo/titanicwreck,1039192
/e87092101/network-analysis-of-shakespeare-plays,1039188
/alejandratol/notebook252afa3eeb,1039181
/h1015b/notebook8eb9326123,1039133
/rutayanp/notebook5300728366,1039124
/yugan2005/notebook98f5b00ce2,1039119
/davisd/notebook64db1acdd4,1039103
/thomaskahn/explore,1039087
/hang17/notebook1685ae18c9,1039083
/thomascrough/notebook75c7fe85f2,1039065
/speedoheck/notebookad07a269ff,1039062
/leopoldhaller/notebookc134c784e3,1039061
/anmaijvn/notebookb1b82b2193,1039041
/zxw142830/notebook8f724fa8e0,1039006
/zhoudaoyu/notebookd378ff01b3,1038983
/qubism/notebookbfbe6f2ddb,1038981
/zhoudaoyu/notebook9131ef8374,1038975
/swan01/notebook923b840e54,1038941
/osamir/fish-keras-forked,1038913
/jianyu/titanic-first-submit,1038921
/sanoka/notebook905ebffc02,1038889
/sanoka/notebook85b0414c68,1038888
/akshay00/notebookab18a9b626,1038882
/irisiris/titanic,1039341
/irisiris/notebook2c68925dc8,1038820
/reallee/notebookae5c068643,1038815
/alexanderlv/notebook4b93fc6f07,1038756
/prashanth1990/notebookd8f1ffd4bb,1038750
/saisaokham/titanicpractice,1038735
/felipe96122/script-1,1038738
/payamesfandiari/notebook15b9d95e62,1038725
/ieofong/notebookdfa9398f96,1038707
/joakark/notebookcc18af799e,1038656
/joakark/notebook597bdd0fb0,1038644
/doowjin/notebook3ea8fef7da,1038642
/gurulhu/0-83-score-with-36-features-only,1045756
/lidiyam/notebook506932bbca,1038617
/aadish/notebook99fdae00d1,1038612
/vaghato/notebook9c3b982a88,1038600
/eunidad/notebook65302ad3ab,1038597
/shamatar/notebooke8c81e9252,1038592
/stevenc49/hello2,1038591
/babacarmbengue/sctripttest,1038582
/mattbundas/notebook17657cfbbf,1038575
/beletecheneke/fish-keras-forked,1046886
/zxw142830/test1,1038559
/chenkezhao/notebooka9c33ecd90,1038553
/kkloud/notebook5ac4c9f37b,1038514
/biglet/notebook9cb300af36,1038510
/heraldxchaos/notebookf73afd4562,1038509
/watermelons/notebook3b3dec41cb,1038507
/lorenzobi/notebook05294b8d30,1038492
/watermelons/primeiro-teste,1038659
/laws2000/notebook8849756e09,1038447
/bobyphys/notebookc8f5127f39,1038429
/chmi4314/notebook5d54ec805d,1038428
/ilinker/ayudantia-inteligencia-de-negocios-udp,1045196
/mohammed404/notebook3bf10b051d,1038404
/santhanam/notebookef41a47013,1038396
/tannyng/notebook576b391155,1038379
/tilakd/notebook64ca5f8c64,1038335
/chidominguez/notebook5cba80bbb9,1038312
/qweasddd/notebookdc08e635cd,1038279
/tahash/notebook1a78617a53,1038269
/tahash/notebook628b39cee2,1038252
/chloehlj/notebook5668542df7,1038233
/joan14/notebook0a6bed343f,1038190
/carterm/notebook36868f731d,1038189
/mcolic/notebookf36a0bc85f,1038162
/tylerjiang/notebook580ba75113,1038142
/umeshdhanwal/seemsfinal,1038125
/remusmazilu/first-attempt,1038078
/meaganlew/notebook0170f8074a,1038075
/umeshdhanwal/trial,1044611
/bhill13/notebooke6a50e50ed,1038058
/arihant1467/notebookc8e1b85dcf,1038046
/clhayslett/first-one,1038027
/shash14/yoloo,1038008
/shash14/notebook9af8b17c8f,1037998
/fenix0/notebookdf029fe284,1037992
/ziakhan/notebook19f2a351ca,1037979
/matthewdominick/notebook388951f671,1037931
/hello321/notebook5815db92ae,1037916
/hexiao/notebookc0ff95a823,1037906
/sglayton/notebookcc6e97c834,1037878
/nirupamkar/dummy-run2,1037866
/zytang/notebook79ce634dfe,1037858
/zvovov/notebook7d9b321dc1,1037857
/madhaowagh/notebook0e49c598fb,1037817
/tomknight1/notebook31826b671c,1037810
/andrioderhackboy/notebooke2de583051,1037808
/arsalanjaved/notebook799784b47d,1037781
/nehasaraf/digit-recognizer-in-python-using-cnn,1037779
/lichnost/notebook4e2aaf3d41,1037726
/lichnost/my-football,1037724
/nomanswoman/notebookbaa1d49882,1037721
/wangbing1118/notebook60c2194b13,1037719
/freedjango/notebookd6c57f35dc,1037717
/richardlee/notebooka1ddc9a27f,1037655
/theerath/titanic,1037609
/therealad/test122,1037607
/ug2409/notebook714889f792,1037599
/cjh528/notebook3ff3f99393,1037598
/alex3141/notebook8ac0d16b4a,1037582
/davidprakash/xgb-test,1037585
/jens0r/notebookb8b7227f5e,1037573
/eirikulversoy/notebook6633286fde,1037572
/ankschoubey/titanic-dataset,7278966
/nousernameavailable/notebooke55fb0796b,1037563
/qianbi/titanic-rpart-3,1039660
/vengaybanzai/notebook52e536d808,1037543
/alwaysr9/notebook5bce8c4e52,1037539
/alwaysr9/notebook1c79bfbb08,1037508
/addwater0315/notebookf412804bca,1039521
/ayoubi/notebookb060030b27,1037455
/rositsach/notebook5a427962b6,1037439
/rohithannole1/mcdonald-s-menu-comparative-calories-values,1037432
/abhi63269/notebook7c433cb1de,1037411
/drigerg/notebookd115f0db6a,1037409
/wakapluu/notebook5926f00cc4,1037400
/wakapluu/notebookbbe1ef1527,1037394
/raddar/leaderboard-prediction-round-4,1037526
/rais137123/notebookf872adcc8e,1037379
/prafullapund/notebookc6f01d3b25,1037331
/maxconners/notebook6a11ad98c3,1037324
/alex3141/notebook6ca6f24a22,1037321
/alex3141/python-data-visualizations-f46774,1037320
/ratnesh88/histogramfilms,1045484
/ewiwi79/digit-recognizer-in-python-using-cnn,1037312
/ratkan/notebook4c82784be9,1037285
/ewiwi79/using-xgboost-for-feature-selection,1037276
/jianyu/notebookc07126f55b,1037254
/ewiwi79/titanic-data-science-solutions,1037242
/unni332265/notebook586f97062c,1037233
/tomohirokoike/notebook529c9f317d,1037225
/krtkmswamy/matching-questions-train-and-validation,1037220
