/wbuzzo/template-aula-3-exerc-cio-2,6817352
/coetzee2/keras-with-scalers,6797671
/zealfory/exercise-functions-and-getting-help,6786325
/sridhar21/data-types-and-missing-data-workbook,6805119
/manoj0311/grouping-and-sorting,6807393
/ksarafrazi/titaniclogisticregression,6787511
/zealfory/exercise-syntax-variables-and-numbers,6782155
/marios77/getting-started-in-r-graphing-data,6820384
/sridhar21/grouping-and-sorting,6785344
/fercho810116/learn-python-challenge-day-3-exercises,6806200
/fercho810116/learn-python-challenge-day-2-exercises,6776668
/bubblride/house-px-6-neural-net-all-data,6800266
/jbeltranleon/mobilenetv2-retraining-xrays-chest-s-aug-l,7574624
/javiermortiz/method-chaining-workbook,7040655
/jonleon/use-pipelines-and-score-with-cross-validation,6910424
/alexcvcoelho/template-aula-3-exerc-cio-2,6879775
/alinecristini/template-aula-3-exerc-cio-2,6853728
/shanebird/exercise-working-with-external-libraries,6771041
/shatiilrahman/anova,6769147
/rezatariq/take-home-exam-1-201736036,6769639
/humayrasamiha/world-university-ranking,6868470
/ewelinasz/e-summary-functions-and-maps-workbook,6767577
/shanebird/exercise-strings-and-dictionaries,6769512
/rezatariq/my-uber-rides-fcc6aa,6767054
/gauravgzp/exercise-loops-and-list-comprehensions,6766775
/bubblride/house-px-5-neural-net-with-more-data,6773988
/jbeltranleon/densenet169-retraining-xrays-chest-s-aug-l,7175378
/rajatk95/indexing-selecting-assigning-ea4e10,6763211
/bernalca/preprocessing-clustering-data-final-solutions,6776190
/veronikafilippou/week-4-instacart-notebook,6959009
/kostasvoul/20-ml-algorithms-for-house-prices-prediction,6764227
/roberthkaggle/exercise-underfitting-and-overfitting,6808872
/jbeltranleon/densenet121-retraining-xrays-chest-s-aug-l,7203248
/efstathiasdrolia/week-4-instacart-notebook,6900018
/razurazu/week-4-instacart-notebook,6938715
/georgetsn/week-4-instacart-notebook,6897372
/charalambos/week-4-instacart-notebook,6918395
/constantinamak/week-4-instacart-notebook-3bff2e,6923955
/dimitrakal/week-4-instacart-notebook,6934608
/sarantou/week-4-instacart-notebook,6959013
/marianaaverkadou/week-4-instacart-notebook,6958054
/tasosevangelopoulos/week-4-instacart-notebook,6959008
/vantoniadis/week-4-instacart-notebook,6889117
/ioannissavvidis/week-4-instacart-notebook,6937511
/bubblride/house-px-4-neural-net,6759413
/bubblride/house-px-3-minmax-scaling,6757470
/pedroso/learn-python-challenge-day-2-exercises,6757743
/weixinxu666/panoai-noise-inceptionresnetv2,6755741
/abhihimself/grouping-and-sorting-solutions,6757185
/xsakix/categorical-feature-selection-and-xg,6812545
/lexyschmitz/mnist-tensorflow,6770803
/paraspatidar/exercise-functions-and-getting-help,6754050
/dahlansirait/exercise-using-transfer-learning,6752268
/s56150/visualizing-daily-bitcoin-recipients-7be335,6757324
/abegaillagar/exercise-strings-and-dictionaries,6918816
/cyborgnoah/exercise-booleans-and-conditionals-25a3cc,6759466
/mennafateen/exercise-underfitting-and-overfitting,6746551
/mennafateen/exercise-model-validation,6746360
/mennafateen/exercise-your-first-machine-learning-model,6745324
/mennafateen/exercise-explore-your-data,6744989
/habangbabybread/exercise-syntax-variables-and-numbers,6884453
/mennafateen/data-cleaning-challenge-handling-missing-values,6743870
/abhijith050794/gtd-final,6870158
/pratikp/class-demo-auto-summarizing-text-a19b94,6828513
/danwheble/getting-insights-from-ga-data,6776945
/paraspatidar/exercise-syntax-variables-and-numbers-fbc037,6740608
/galacticcyrus/template-aula-3-exerc-cio-2-9b11fc,6739284
/benjamingatti/exploration-of-f1-dataset-1102f3-aaf5b9-e4e69d,6798562
/mariust/ml-4-underfitting-and-overfitting-by-mt,6737040
/robertoleo/template-aula-3-exerc-cio-2,6769533
/kmader/lung-opacity-inception-boxnet,6752331
/dinizjr/template-aula-3-exerc-cio-2-b5b4fa,6816985
/rogercomins/exercise-machine-learning-competitions,6736429
/omkarmehta/exercise-booleans-and-conditionals,6734162
/pedroso/learn-python-challenge-day-1-exercises,6730353
/kiranbharti/exercise-functions-and-getting-help,6726815
/boudewijn/exercises-for-intro-to-regular-expressions,6819420
/xsakix/one-hot-encoding-and-keras,6752582
/kaisab/neural-network-approach,6759490
/sridhar21/indexing-selecting-assigning,6779486
/sridhar21/creating-reading-and-writing-workbook,6778576
/abegaillagar/exercise-loops-and-list-comprehensions,6909783
/weixinxu666/fork-of-panoai-noise-1dense-8batch,6747127
/cheng1115/exercise-strings-and-dictionaries,6721307
/shivam1600/autoencoder-on-iris-dataset-non-linear,6777799
/cheng1115/exercise-loops-and-list-comprehensions,6715145
/jbeltranleon/mobilenet-retraining-xrays-chest-s-aug-l,7171237
/jbeltranleon/vgg19-retraining-xrays-chest-s-aug-l,7202621
/jbeltranleon/vgg16-retraining-xrays-chest-s-aug-l,7203354
/shivamsizzling/summary-functions-and-maps-workbook,6742563
/marcolam/some-test-plots,6711299
/luizep/py-a1-ipynb,6942116
/werikrafael/iesb-python-e-pandas-aula-01-3b5a93,6711706
/ishudewan/exercise-syntax-variables-and-numbers-id,6900073
/drpeolo/main-pol-2,8090045
/mariust/ml-3-model-validation-by-mt,6706428
/lucaber/sql-scavenger-hunt-day-5-74a3b2,6710744
/lucaber/sql-scavenger-hunt-day-4,6704160
/kavyasreeb/exercise-syntax-variables-and-numbers,7157451
/cheng1115/exercise-lists,6702777
/alinecristini/template-aula-3-exerc-cio-1,6702555
/beja96/my-first-try-cnn-with-tensorflow-v3,7041457
/cherif80/exercise-syntax-variables-and-numbers,8515619
/zshilor/learn-python-challenge-day-4-exercises,6702133
/karmikaramell/mnist-cnn-w-keras,6900800
/kleysonrios/bakery-bm-association-rules-portuguese,6736963
/frkggm/rf2000-dummy-encoding-plots-periodic-log-t,6719002
/nnkosi112/learn-python-challenge-day-1-exercises,6694177
/hncuong/fast-ai-lesson-1-dog-breeds,7295254
/plsms21/10exc-grammar-of-graphics-with-plotnine-optional,6690202
/baranwal/doodel-detection-2-cnn,7542024
/cheng1115/exercise-booleans-and-conditionals,6690613
/alessandrosolbiati/identifying-clusters-of-related-visa-questions,6783587
/plsms21/08exc-multivariate-plotting,6688523
/lawngaiyan/eda-pubg-yluo-part-1,7397389
/abegaillagar/exercise-explore-your-data,7111963
/timsonrisa/two-rental-p-3-xgboost,6696217
/lorenthiel/a3-demo-decision-trees,6933098
/dmayboroda/exercise-dropout-and-strides-for-larger-models,6678884
/kapileshkothavale/home-pricing-under-overfitting-error,6678149
/kapileshkothavale/home-pricing-model-validation,6677383
/dmayboroda/exercise-modeling-from-scratch-a13665,6677101
/kapileshkothavale/home-pricing-fitting-and-decisiontreeregressor,6676664
/duanle/exercise-functions-and-getting-help,6676997
/sobharaj/getting-started-in-r-graphing-data,6677217
/maasda/int-digit-recognizer,6894985
/duanle/exercise-syntax-variables-and-numbers,6675844
/deniserml/template-aula-3-exerc-cio-1-denise-leite,6675948
/flowoelfl/getting-started-in-r-graphing-data-2f1c02,6677898
/kiranbharti/exercise-syntax-variables-and-numbers,6672642
/ifsanjry/exercise-functions-and-getting-help,6674501
/liammelaugh/handling-missing-values-fa7328,6671729
/rickdw/learn-python-challenge-day-2-exercises,6669258
/zshilor/learn-python-challenge-day-3-exercises,6678393
/amanas/arima-stock-forecast-test-exaustive,6670022
/ta9nom/data-cleaning-challenge-parsing-dates,6988758
/baggia/using-k-means-clustering-to-predict-helpfulness,6745112
/sobharaj/getting-started-in-r-summarize-data-80499e,6665593
/debadrita2018/exercise-syntax-variables-and-numbers,6663825
/sobharaj/getting-started-in-r-load-data-into-r,6660644
/sobharaj/getting-started-in-r-first-steps-337898,6658820
/optimys47/exploration-of-f1-dataset-1102f3-aaf5b9,6730437
/liaison/a3-demo-decision-trees,6657552
/fernandofto/template-aula-3-exerc-cio-1-259bc9,6655160
/maamli/creating-reading-and-writing-workbook,6657009
/pacheco13/template-aula-3-exerc-cio-1-9cb209,6654830
/jbeltranleon/resnet50-retraining-xrays-chest-s-aug-l,7203345
/rickdw/learn-python-challenge-day-1-exercises,6655109
/dinizjr/template-aula-3-exerc-cio-1-beac21,6654645
/flaviobogila/template-aula-3-exerc-cio-1-37bc40,6697281
/bcunha/template-aula-3-exerc-cio-1,6654512
/brunoceosil/template-aula-3-exerc-cio-1,6654701
/wbuzzo/template-aula-3-exerc-cio-1,6654862
/vfsousas/template-aula-3-exerc-cio-1-a5ba3e,6654641
/campserk2018/template-aula-3-exerc-cio-1,6972818
/jcrreis/template-aula-3-exerc-cio-1,6654911
/himselfthedecker/aula-3-exerc-cio-1-renan-renger-ribeiro,6654621
/jaderlima/template-aula-3-exerc-cio-1-188299,6655619
/mimrocha/template-aula-3-exerc-cio-1,6654545
/dfantunes/template-aula-3-exerc-cio-1,6654665
/trinca/template-aula-3-exerc-cio-1,6654649
/rfacchioli/template-aula-3-exerc-cio-1,6654687
/robertoleo/template-aula-3-exerc-cio-1,6654590
/felipepereira/template-aula-3-exerc-cio-1,6654899
/galacticcyrus/template-aula-3-exerc-cio-1,6654527
/brunocomitre/template-aula-3-exerc-cio-1,6670160
/camilarodrigues/template-aula-3-exerc-cio-1,6654667
/andrebarros1/template-aula-3-exerc-cio-2,6882362
/andrebarros1/template-aula-3-exerc-cio-1,6656070
/jbeltranleon/inresnetv2-retraining-xrays-chest-s-aug-less,7203332
/somcpardeshi/learn-python-challenge-day-4-exercises,6651557
/yuhuixu/exercise-functions-and-getting-help,6652010
/rituparnab/exercise-syntax-variables-and-numbers,6652017
/alqamahjsr/exercise-strings-and-dictionaries,6650617
/rnikolaus/titanic-decision-tree-visualisation,10111468
/mariust/ml-2-your-first-machine-learning-model-by-mt,6648390
/yakolle/gs-nn-uv-train-1-8-9,6647501
/datalass1/rek-pandas-renaming-and-combining-workbook,6666612
/ialimustafa/data-types-and-missing-data-workbook,6665750
/datalass1/rek-pandas-data-types-and-missing-data-workbook,6647302
/mihiraman/housing-pricing,8932989
/yakolle/gs-nn-uv-train-1-8-8-reboot,6645310
/datalass1/rek-pandas-grouping-and-sorting,6646775
/pragyachik/exercise-machine-learning-competitions,6643761
/badouwan/method-chaining-workbook,6918834
/badouwan/renaming-and-combining-workbook,6641954
/plsms21/06exc-plotting-with-seaborn,6642558
/badouwan/data-types-and-missing-data-workbook,6641458
/jbeltranleon/inceptionv3-retraining-xrays-chest-s-aug-less,7171178
/dawoodumer42/learn-python-for-data-science-ec29ca,6639528
/pacheco13/aula-2-exerc-cio-1-apresenta-o-de-dataset,6639717
/plsms21/04exc-styling-your-plots,6636478
/bubblride/titanic-xgboost-5-better-titles,6631799
/bubblride/titanic-random-forest-5-better-titles,6630924
/nvinayshetty/exercise-as-with,6631591
/mojolady/aicamp-decision-tree-exercise-2-67ee05,6635113
/shahbaz21/learn-python-for-data-science,6643680
/sheraz321/learn-python-for-data-science,6630171
/yakolle/gs-nn-uv-train-1-8-8,6647071
/nvinayshetty/exercise-order-by-v,6629266
