/kerneler/starter-world-bank-health-nutrition-285bd1cc-c,6432208
/kerneler/starter-world-bank-gni-ranking-atlas-bdb2801a-b,6432177
/kerneler/starter-world-bank-gdp-ranking-e6f8ef62-b,6432169
/kerneler/starter-world-bank-climate-change-data-22b183d2-8,6432167
/kerneler/starter-international-airline-8c900b20-c,6431280
/kerneler/starter-internaltional-airline-4b98229b-2,6431189
/kerneler/starter-quick-draw-model-weights-for-4b7d264d-7,6430898
/shrikantds/kernelcde5c4ee0b,6430678
/tarunpaparaju/pubg-placement-predictor-catboost-v2,6440913
/liammelaugh/exercise-explore-your-data,6429802
/kerneler/starter-ga-data-with-json-columns-f047ec03-4,6883454
/kerneler/starter-oecd-consumer-price-index-of-d14e6eeb-d,6428823
/kerneler/starter-oecd-consumer-price-index-2fdce2e2-a,6428692
/kerneler/starter-oecd-current-account-balance-6f4dac74-d,6428685
/shrikantds/detect-retina-damage-from-oct-images-hr,6428665
/kerneler/starter-oecd-consumer-price-index-of-fa3c8707-1,6428553
/kerneler/starter-movielens-10m-7d357ce2-0,6428546
/kerneler/starter-3-month-or-90-day-rates-and-05e3dbb9-9,6428487
/kerneler/starter-consumer-opinion-surveys-oecd-daac5f9a-6,6428440
/kerneler/starter-oecd-constant-price-gross-8a0d9cff-3,6428436
/kerneler/starter-oecd-business-tendency-surveys-bcf4efc5-1,6428411
/kerneler/starter-active-population-and-activity-2cbd6dc8-2,6428410
/kerneler/starter-crime-and-incarceration-in-the-0967e78e-0,6427881
/kerneler/starter-dataset1-c5d7409c-1,6427880
/kerneler/starter-plasticc-merged-f292aafb-b,6426937
/kerneler/starter-plasticc-merged-30dc9f19-b,6426742
/kerneler/starter-quick-draw-model-weights-for-0cc76a83-0,6426654
/kerneler/starter-movielens-latest-full-d1e0422e-f,6426159
/kerneler/starter-noaa-precipitation-15-minute-51eceb8b-a,6425657
/sanjeevgaut/cnn-convolution-neural-network-tensorflow,6425731
/kerneler/starter-movielens-latest-small-3a923782-3,6425547
/kerneler/starter-movielens-latest-small-bf3fff78-8,6425490
/shrikantds/kernel3ab39746f8,6440181
/kerneler/starter-text-sumarization-5e438926-e,6425202
/sanjeevgaut/recurrent-neural-networks-mnist-practice-beginner,6425381
/kerneler/starter-registration-number-per-age-d9d561ec-c,6424647
/kerneler/starter-quick-draw-model-weights-for-3eb1344b-f,6424523
/kerneler/starter-final-consumption-of-ff0933aa-b,6423678
/kerneler/starter-supply-chain-shipment-pricing-93d6f75a-1,6423171
/thomasmj/kernelec113a7bd3,6422994
/kerneler/starter-exemple1-2250fbe7-1,6422805
/ankitjaadoo/start-here-a-gentle-introduction-93e23b,6422203
/ankitjaadoo/start-here-a-gentle-introduction,6421814
/kerneler/starter-supply-chain-shipment-pricing-848e7c98-2,6421088
/kerneler/starter-google-landmarks-dataset-48aa4e11-0,6420451
/kerneler/starter-simplestdataset-4641b9df-6,6420069
/kerneler/starter-meta-kaggle-15fa9141-5,6419788
/bishnuch/exercise-explore-your-data,6419689
/kerneler/starter-qc18opendata-d5f0dc1e-e,6417878
/kerneler/starter-giphy-dataset-09e6cb77-f,6417726
/kerneler/starter-resident-population-time-57557e98-d,6417693
/kerneler/starter-quick-draw-model-weights-for-b8230b59-2,6417324
/kerneler/starter-new-private-housing-units-with-e1d5c68f-3,6417310
/kerneler/starter-total-revenue-time-series-3631718f-d,6417266
/kerneler/starter-total-households-time-series-d3491ca6-0,6417080
/kerneler/starter-total-married-families-with-0920b16a-f,6417076
/kerneler/starter-poverty-universe-all-ages-39f4fa5e-0,6417074
/kerneler/starter-population-estimate-of-non-3d89745f-d,6417068
/kerneler/starter-population-estimate-of-african-de1258cd-6,6417066
/kerneler/starter-median-age-of-the-population-4edc54b2-1,6417061
/kerneler/starter-mean-adjusted-gross-income-for-2de3eea7-a,6417058
/kerneler/starter-health-insurance-coverage-in-dfd295e7-c,6417056
/kerneler/starter-family-households-with-married-73f76132-2,6417054
/kerneler/starter-home-homeowner-vacancy-rate-65a1b6d9-e,6417045
/kerneler/starter-population-time-series-data-5f6f8f69-1,6417036
/kerneler/starter-value-of-manufacturers-3d0c0db8-c,6417032
/kerneler/starter-value-of-manufacturers-ced456dd-a,6417024
/kerneler/starter-value-of-manufacturers-b7033696-c,6417016
/kerneler/starter-total-public-construction-8e835fb0-a,6416949
/kerneler/starter-total-private-construction-0b284ec5-0,6416940
/kerneler/starter-total-construction-spending-75784ad2-f,6416914
/kerneler/starter-total-operating-expenses-time-e64214f9-a,6416910
/kerneler/starter-land-registry-data-7a7ce21b-2,6416908
/kerneler/starter-total-merchant-wholesalers-cb2ab2b9-8,6416904
/kerneler/starter-total-business-inventories-and-6bd79528-2,6416849
/kerneler/starter-kansas-state-government-tax-1c377312-c,6416830
/kerneler/starter-retail-and-retailers-sales-7f3ba5e5-1,6416824
/kerneler/starter-snap-benefits-recipients-data-3c066602-0,6416821
/kerneler/starter-real-median-income-data-6c555470-a,6416611
/kerneler/starter-rental-vacancy-rate-data-d1fbcc82-a,6416524
/kerneler/starter-real-mean-family-and-personal-fd4d9ff1-a,6416375
/kerneler/starter-manufacturers-inventory-to-c20278cc-4,6416368
/kerneler/starter-quarterly-financial-report-u-496ad5fd-5,6416366
/kerneler/starter-percent-of-population-below-8dc6dab2-0,6416338
/kerneler/starter-people-25-years-and-over-192f5ef8-e,6416318
/kerneler/starter-price-data-for-portfolio-98b467a1-2,6416218
/kerneler/starter-net-migration-flow-time-series-1251fa34-9,6416142
/kerneler/starter-homeownership-rate-time-series-84c802f8-5,6416098
/kerneler/starter-merchant-wholesalers-d97761c1-4,6416094
/kerneler/starter-median-personal-family-and-6fe137d0-1,6416074
/kerneler/starter-mean-commuting-time-for-6f3d32e1-8,6416024
/kerneler/starter-manufacturers-sales-and-a2d49dd2-e,6416016
/kerneler/starter-income-inequality-time-series-168e9dd6-b,6416004
/kerneler/starter-income-gini-ratio-time-series-e4cf70a5-4,6415986
/kerneler/starter-household-and-housing-bb448492-3,6415976
/kerneler/starter-estimate-of-median-household-01330a55-5,6415900
/kerneler/starter-estimate-of-people-of-all-ages-b57a1ea8-3,6415854
/kerneler/starter-advance-retail-sales-time-bf904153-5,6415808
/kerneler/starter-e-commerce-retail-sales-series-c787aa77-5,6415784
/kerneler/starter-breakdown-of-revenue-by-type-4dd84bbf-7,6415765
/kerneler/starter-bachelor-s-degree-or-higher-969db71a-d,6415749
/kerneler/starter-advance-u-s-international-a3b94357-d,6415743
/kerneler/starter-census-48-c56f8950-8,6414783
/kerneler/starter-price-data-c246987c-9,6413943
/kerneler/starter-cleaned-data-426de3d6-2,6413899
/mart94ini/smda-l3-expython-telcocostumerchun-vesentini,6420273
/chaneloberlin/two-branch-xception-lb-0-3-lr-0-0005-epochs-10,6468066
/pouya86/exercise-loops-and-list-comprehensions,6416512
/kerneler/starter-fortnite-game-stats-2eab1823-6,6413102
/kerneler/starter-meme-generator-data-set-6c3376ea-2,6412674
/bartekskwira/method-chaining-reference,6416788
/kerneler/starter-cifar10-mxnet-7d566a14-4,6412506
/gaobin/two-branch-xception-lb-0-3,6412235
/adon1996/kernel0047f9674e,6410238
/kerneler/starter-iris-data-0843bad0-9,6409827
/ellasoderberg/programming-assignment-1,6409756
/kerneler/starter-survey-of-unplaced-candidates-2b2a1534-f,6408335
/kerneler/starter-cs-go-hltv-ranking-357ff78e-9,6407415
/kerneler/starter-cs-go-competitive-matches-892d3b9d-6,6407292
/kerneler/starter-monthly-average-global-ff0731ae-4,6406543
/aadan2017/modules-version-in-kaggle-environment,6405565
/kerneler/starter-weight-loss-using-diet-6d8dfa9d-1,6404669
/kerneler/starter-diet-info-f57220b2-f,6404554
/kerneler/starter-nihel-db-a89adaeb-2,6404314
/kerneler/starter-wiki-climate-cf377576-5,6403834
/kerneler/starter-wiki-climate-2cdc5557-9,6403790
/kerneler/starter-wiki-climate-870154e7-5,6403654
/kerneler/starter-quick-draw-model-weights-for-278037a9-4,6403473
/adrian1acoran/fork-of-fork-of-fork-of-fork-of-pi3-1415926-d5e20f,6403422
/lequanne/chocolate-bar-ratings,6403607
/kerneler/starter-world-development-indicators-dcf3c4b8-c,6401926
/kerneler/starter-world-bank-projects-e75f0bcd-7,6401907
/kerneler/starter-sustainable-development-goals-383d5bbd-c,6401877
/kerneler/starter-importations-en-quantit-en-27ee25fd-5,6401878
/kerneler/starter-poverty-and-equity-database-7e24d388-d,6401876
/kerneler/starter-govdata360-c76a2aeb-f,6401799
/kerneler/starter-ida-results-measurement-system-d1e95e83-a,6401798
/kerneler/starter-global-financial-inclusion-0f47c8d5-5,6401781
/kerneler/starter-global-financial-development-2ee9963b-7,6401775
/kerneler/starter-global-economic-monitor-32b7b35f-0,6401769
/kerneler/starter-education-statistics-dee9945d-c,6401764
/kerneler/starter-doing-business-01015371-c,6401735
/kerneler/starter-data-on-statistical-capacity-85de42f4-e,6401726
/kerneler/starter-country-policy-and-56237795-4,6401699
/kerneler/starter-world-bank-population-0c5a382d-2,6401684
/kerneler/starter-world-bank-health-nutrition-4852374a-e,6401679
/kerneler/starter-world-bank-international-debt-915d5db4-d,6401677
/kerneler/starter-world-bank-climate-change-data-ae8d1fcb-c,6401680
/kerneler/starter-world-bank-quarterly-external-ebd4122f-a,6401682
/kerneler/starter-world-bank-gdp-ranking-9d4e3930-f,6401683
/kerneler/starter-world-bank-gni-ranking-atlas-80f3636c-b,6401681
/kerneler/starter-world-bank-millennium-2695781a-8,6401678
/rhitaolz/exercise-as-with,6401597
/kerneler/starter-mariage-divorce-0c12abeb-3,6401212
/kerneler/starter-ds-job-listing-general-skills-52f186d8-2,6401063
/kerneler/starter-ds-job-listing-technology-04cdb0b7-0,6401022
/kerneler/starter-imodel-h5-d6f2369a-8,6400110
/kerneler/starter-wiki-climate-542a8241-7,6399874
/adrian1acoran/fork-of-fork-of-fork-of-pi3-1415926535-2-534641,6398446
/mapharazzo/fork-of-kernelf1a1176982,7152766
/kerneler/starter-quick-draw-model-weights-for-f5d0f752-9,6398143
/kerneler/starter-oecd-consumer-price-index-of-08fd4947-8,6398009
/kerneler/starter-oecd-consumer-price-index-2ce566b5-8,6397923
/kerneler/starter-oecd-current-account-balance-67f16ce3-9,6397911
/kerneler/starter-demand-supply-2e703cbe-2,6397887
/kerneler/starter-oecd-consumer-price-index-of-d9653e98-1,6397862
/kerneler/starter-3-month-or-90-day-rates-and-197b14b9-4,6397811
/kerneler/starter-consumer-opinion-surveys-oecd-2f0fd264-2,6397779
/kerneler/starter-oecd-constant-price-gross-92d3f4a1-2,6397774
/kerneler/starter-oecd-business-tendency-surveys-952e77c0-a,6397757
/kerneler/starter-active-population-and-activity-a17d98de-d,6397758
/kerneler/starter-arabic-calligraphy-bf1f51e9-a,6395882
/kerneler/starter-arabic-caligraphy-2e5aa7d4-c,6395141
/kerneler/starter-noaa-precipitation-15-minute-677dbf8d-2,6395062
/alqamahjsr/topic-1-exploratory-data-analysis-with-pandas,6396035
/bartekskwira/renaming-and-combining-reference,6394974
/bartekskwira/renaming-and-combining-workbook,6412585
/kerneler/starter-give-me-some-credit-4079c0af-b,6393832
/kerneler/starter-indiannew-currency-notes-e1ae3cd1-6,6393350
/kerneler/starter-imodel-h5-c9fc8865-f,6392901
/kerneler/starter-imodel-h5-6230baa6-2,6392362
/kerneler/starter-exported-google-analytics-data-cdcf8df9-f,6392260
/olgabelitskaya/quick-draw-doodle-recognition-1b,6783144
/avinashravi96/titanic-by-a-beginner,6398247
/kerneler/starter-metzoo-pr2-dd5c4a44-4,6391035
/ramjan135/handling-missing-values,6392016
/kerneler/starter-bike-sharing-system-in-ac5f21d2-0,6390871
/kerneler/starter-quick-draw-model-weights-for-e044e039-a,6390578
/kerneler/starter-google-landmarks-dataset-033cbd7f-d,6390459
/bartekskwira/data-types-and-missing-data-workbook,6394343
/kerneler/starter-meta-kaggle-ae7a4602-4,6389824
/yakolle/gs-lgb-indi-train-1-6-3,6407724
/yakolle/gs-lgb-indi-train-1-6-2,6407721
/yakolle/gs-lgb-indi-train-1-6-1,6407715
/yakolle/gs-lgb-indi-train-1-4-3,6407730
/yakolle/gs-lgb-indi-train-1-4-2,6407703
/kerneler/starter-test-klein-f326c846-b,6389152
/mkariithi/rnn-for-spam-detection,7176631
/kerneler/starter-train-klein-b971c2f5-d,6389143
/kerneler/starter-resident-population-time-2803dff0-8,6387959
