/hurlburt/notebooka4c37a175c,775054
/nageshadiga/the-console-wars-ps-vs-xbox-vs-wii,775031
/zsarahz/titanic-analysis,775006
/ihabyoussef/a-journey-through-titanic,774973
/kanabo/fish-detection-1845cafb,774959
/kanabo/fish-detection,774954
/iabocar/notebook90c917ab54,774939
/kanabo/finding-boatids,774916
/khushhall/notebook6280abbd3c,774837
/shamant/notebookd539fabb58,774816
/cordetese/notebook0b8317a7e8,774806
/wizwert/beginners-tutorial-analyze-guns-deaths-in-the-us,774779
/fengliplatform/notebook120577f005,774725
/vrodigues/notebooka241a73a22,774653
/deetakh1/notebook59db47e9d1,774604
/xietaitong/python-data-visualizations,774560
/hbracho/notebook6122181eac,774552
/carlok/notebookf462b0a42c,774533
/oopsdog/full-preprocessing-tutorial,774532
/aamikkelsen/full-preprocessing-tutorial,774527
/debdaspur/sdgrml,774523
/rameen/err123,774521
/debdaspur/script4,774506
/srividyakr/a-journey-through-titanic-4e80da70,774460
/tkrajesh/a-journey-through-titanic-02142047,774458
/srividyakr/a-journey-through-titanic,774457
/tkrajesh/a-journey-through-titanic,774451
/chiranjibsur/comprehensive-analysis-of-the-phone-world,774449
/hbracho/notebook65ea5adae0,774441
/chiranjibsur/text-mining-with-sklearn-keras-mlp-lstm-cnn,774426
/michalstepniewski/keras-vs-cancer2,774553
/michalstepniewski/keras-vs-cancer,774556
/vishalagarwal2708/notebook23edafb55b,774267
/candicezeng/tensorflow-deep-nn,782370
/sgamidi/notebook2643601235,774250
/cmwyss/notebook36b5edcf37,774231
/marcusakoev/notebook7cc6a97973,774200
/ericawh/notebook67e11b3143,774189
/zubinkika/in-depth-skewed-data-classif-93-recall-acc-now,774187
/f3n1xx/notebook42a2f3b312,774179
/shamant/notebookedc0a2ef3f,774172
/preetamsingh/beginners-tutorial-analyze-guns-deaths-in-the-us,774165
/mathewsavage/full-preprocessing-tutorial,774149
/jeffreynghm/academic-performances,774124
/sun1507/random-forest-mnc-k-nn-which-goes-best,774090
/davidprakash/minimum-distance-classifier,774017
/hakabuk/the-console-wars-ps-vs-xbox-vs-wii-593a24d5,774016
/superarbus/notebook3299fca5d8,773989
/zczh0107/filling-up-missing-values,773965
/jvanelteren/titanic-survival-prediction-end-to-end-ml-pipeline,773959
/quangvuk/a-journey-through-titanic,774555
/ssrini2708/eda-and-data-viz,773942
/chaithanya1996/adapa-driver,773938
/jayanth123/notebook7e55888529,773896
/juntfool/philippines-energy-use,773895
/farcel/sentiment-analysis-by-artist-and-word-cloud,773892
/gayathrimn/full-pipeline-demo-poly-pixels-ml-poly,773882
/alexisbercion/notebookc6abd95e97,773870
/anthony041992/a-journey-through-titanic,773851
/bpavlyshenko/notebookdb810c2980,773836
/sac123kush/in-depth-skewed-data-classif-93-recall-acc-now,773832
/jpark25/a-journey-through-titanic,773792
/flyboy/exploring-features-and-regression-models-1352a4b3,773782
/flyboy/exploring-features-and-regression-models-388c3a64,773773
/flyboy/exploring-features-and-regression-models-123650a2,773752
/guillonjeremy/notebook52d33a1286,773736
/aakashnain/firsttry,773703
/nowaxsky/trying-to-predict-used-car-value,773674
/rmisra/svm-model,773658
/nowaxsky/cleaned-used-cars-database-ffcc90e5,773617
/mayankgandhi/a-journey-through-titanic,773616
/lovening/notebook91581a1157,773591
/amitkumarjaiswal/tourists-in-brazil-per-state-of-arrival,773475
/suyashkharade/simple-logistic-regression,773464
/prabhjotindia/first-look-at-the-data,773445
/javiertag/full-preprocessing-tutorial,773432
/hubery/price-analysis-and-linear-regression,773424
/shuangsong/interactive-intro-to-dimensionality-reduction,773409
/kgokaraju/3-ways-to-leave-your-employer,773391
/tgtads/my-first-random-forest,774672
/akihiro35/full-pipeline-demo-poly-pixels-ml-poly,773369
/e87092101/trying-to-predict-used-car-value,773358
/vamshikrishnak/notebook5e28b6c173,773340
/ethanryan9/pricepredict,773415
/williamqiu/notebookfb43e3370c,773301
/vxg162/text-mining-with-sklearn-keras-mlp-lstm-cnn,773297
/kaggle446/improved-lung-segmentation-using-watershed,773296
/ronakgm/trying-to-predict-used-car-value,773295
/sandi007/notebook2b3044a107,773292
/manishkv/image-to-geocoordinates,773230
/jahchaisang/notebookef0837634a,773203
/nicolopernigo/notebooka1a6d8834e,773200
/morning1319/full-preprocessing-tutorial,773174
/chaotong/full-preprocessing-tutorial,773173
/qige96/full-preprocessing-tutorial,773160
/confuzedone/beginners-tutorial-analyze-visualize-w-python,773101
/richbrosius/tensorflow-starter-kit-please-assist,773096
/darragjm/notebook0ded2f0afe,773082
/ksvskushal/forest,773081
/rutgersstudent1794/an-interactive-data-science-tutorial,773064
/jfamulare/notebook4ca38d85f1,773016
/aaronhunt/notebook172e30f814,772940
/cjwker/a-journey-through-titanic-f7eca098,772910
/cjwker/a-journey-through-titanic-f980e628,772909
/htiwari1/traffic-fatalities-in-2015,772839
/georgosgeorgos/notebook37949537e8,1879005
/goyanx/notebookedbded21bb,772820
/mkakizawa/analysis-on-pokemon-features,772793
/flyboy/exploring-features-and-regression-models,773416
/vkompell/notebook1000b00d81,772692
/cebs13/interactive-intro-to-dimensionality-reduction,772690
/datawrangler/notebook7a27379da0,772689
/vmaiya/notebookeea24d114d,772659
/alosbanos/notebookbfd7122758,772658
/rsilveira2020/fork-of-beer-by-name,772653
/rsilveira2020/first-gen-pokemon-stats,772637
/ganeshrapolu/notebookbe7928e775,772632
/patelkevin/notebookb1a1f2be36,772619
/tzan11b/fork-of-notebook9ab01a47a8,772616
/ravelantunes/notebookb535c5c429,772571
/rsilveira2020/academic-performances,772557
/trisolaran/notebookee51833881,772514
/rashmiputtur/digitrecognizier,772490
/rashmiputtur/notebookc959a0c587,772487
/trisolaran/lung-segmentation-and-candidate-points-generation,772471
/rashmiputtur/notebookcba791aeae,772457
/moisesrazeira/full-preprocessing-tutorial,772455
/thegratefuldawg0520/notebook0edb511537,772418
/maxbenker/beginners-tutorial-analyze-visualize-w-python,772368
/rashmi4261/notebook3836dc3736,772359
/daaave/beginners-tutorial-analyze-visualize-w-python,772343
/michalstepniewski/full-preprocessing-tutorial,772342
/michalstepniewski/newscript,772336
/daaave/3-ways-to-leave-your-employer,772323
/ozymandius/notebookdfeb103bd1,772295
/ozymandius/notebook0657218fd1,772288
/parthmish/usa-map-aviation-accidents,772350
/madpacute/notebook2898de60ca,772177
/birolkuyumcu/terorism-at-turkey,772173
/aaronalexander/full-preprocessing-tutorial-93a59155,772137
/aaronalexander/3-ways-to-leave-your-employer,772127
/rohitchoudhary7/notebooka1d5967405,772124
/abhikmitra/notebook1d13185ab1,772109
/inneet/a-journey-through-titanic,772102
/dcturner/notebook497b4b56c6,772090
/jhuang54/titanic,772093
/mehdiyev/beginners-tutorial-analyze-visualize-w-python,772078
/wangqiong/leakage-solution,772073
/blam0801/finding-dinner-for-nerds,772070
/xerxes01/beginners-tutorial-analyze-visualize-w-python,772046
/andmad/notebookee77980e1a,772038
/varyans/notebookf778d761f4,772027
/trisolaran/beginners-tutorial-analyze-visualize-w-python,772025
/trietphan/python-data-visualizations-8c69dae0,772013
/chaunceycwang/notebook3eff82af28,772002
/debdaspur/notebook9e52ca9261,771968
/bravofrucht/notebook1e82c98d40,771966
/debdaspur/script1,771958
/sumitl/full-preprocessing-tutorial,771954
/arturscussel/lung-segmentation-and-candidate-points-generation,771938
/yaronblinder/full-preprocessing-tutorial,771915
/arturscussel/improved-lung-segmentation-using-watershed,771904
/wrhuang/full-preprocessing-tutorial,771882
/saurabhnaik/first-try,771876
/alanban/the-console-wars-ps-vs-xbox-vs-wii,771858
/rdekou/notebook155038cb4f,771820
/vishalagarwal2708/notebook5e5ff863f1,771788
/ymograi/notebook661eb873bc,771715
/maximl/a-journey-through-titanic,771699
/prashantkumar484/notebook2853a06c3e,771677
/zbridges/notebooka1450b5e5f,771669
/prashantkumar484/an-interactive-data-science-tutorial,771660
/bhargav1992/match-outcome-prediction-in-football-6c622270,771657
/zhang429/fraud-detection,771650
/bhargav1992/match-outcome-prediction-in-football,771645
/milad121/xjjjjjjjjjjjjjjjjjjjjjjjjjjjjjjjjj,771644
/yipwendy/text-mining-with-sklearn-keras-mlp-lstm-cnn,771642
/sruthisarajacob/notebook7273c3cd2f,771614
/negatu/iris-species,771593
/garvink/beginners-tutorial-analyze-visualize-w-python,771531
/alexwanchoi/notebookb2713a25d5,771525
/sophieshw/a-journey-through-titanic,771517
/daij1492/notebook783b80c351,771492
/daij1492/notebook51e61def6b,771484
/vrishank97/ridge-lasso,771461
/vrishank97/linear-regression-with-drop-columns,771460
/gganev/notebook-gg2,771458
/vrishank97/linear-regression,771457
/hseguest/who-are-the-money-savers,771443
/hseguest/high-risk-populations,771404
/bohrashrenik/who-are-the-money-savers,771382
/andreibalandin/jan-27-decor,771847
/koushikcs09/first-descriptives,771283
/koushikcs09/notebooka26189b938,771274
/aaronclark/fast-exploratory-data-analysis-in-r,771261
/mtoure/full-preprocessing-tutorial,771248
/gabs48/full-preprocessing-tutorial,771220
/slyrena/notebookdf751e2a08,771219
/rezamm/notebookbc22b89c9e,771216
/mrsilver512/presidency,1118135
