/kerneler/starter-homecreditdefaultrisk-1505feat-4ff5b94d-8,4934296
/bltszr/kernel-tkinter-app,4951010
/kerneler/starter-world-development-indicators-3bbb4122-e,4933845
/kerneler/starter-poverty-and-equity-database-856aff7c-8,4933647
/kerneler/starter-education-statistics-56d16b83-4,4933492
/kerneler/starter-eur-usd-1min-data-53d3f082-b,4932773
/kerneler/starter-dogsvscats-3cfdec57-7,4932642
/kerneler/starter-london-dataset-4236febd-d,4931595
/kerneler/starter-chicago-311-service-requests-6fd9f0c0-e,4931000
/kerneler/starter-chicago-business-licenses-and-0d9d3dda-2,4930928
/kerneler/starter-chicago-beach-swim-weather-02eba51d-a,4930822
/kerneler/starter-soil-sensor-test-a095aac5-3,4930610
/kerneler/starter-test-soil-sensor-91788195-9,4930282
/kerneler/starter-public-kernel-submissions-sant-aa3ab591-6,4930251
/kerneler/starter-emojis-2634aaeb-4,4930131
/kerneler/starter-linear-regression-dataset-178a0778-0,4929924
/kerneler/starter-iris-dataset-eff0ca31-4,4929436
/hamidehh/kernel70e43da841,4934235
/kerneler/starter-local-weather-01f35abf-f,4928519
/kerneler/starter-dilton-c82895ea-4,4928389
/kerneler/starter-4cef3e0b-b,4928055
/kerneler/starter-before-the-test-cf885fbc-3,4927267
/ziggid/getting-started-in-r-graphing-data,4927144
/hanene1/santander-product,4926885
/subhabratatripathy/dark-loop-python,4927230
/kerneler/starter-trainvalidation-60-naivebayes-e42a7ff9-d,4926201
/kerneler/starter-nys-511-ny-events-98e99d40-1,4925131
/kerneler/starter-nys-tax-return-preparers-and-ee4ee975-9,4925124
/kerneler/starter-nys-mined-land-permits-91c1db8c-5,4925122
/kerneler/starter-nys-equine-death-and-breakdown-6d325d78-e,4925115
/kerneler/starter-nys-environmental-remediation-af680e3f-5,4925114
/kerneler/starter-nys-currently-licensed-real-cbb9a254-0,4925105
/kerneler/starter-nys-current-certified-2357f96d-9,4925102
/kerneler/starter-nys-bulk-storage-facilities-in-bb442016-2,4925098
/kerneler/starter-nys-city-of-albany-building-41f863f9-3,4925093
/kerneler/starter-nys-child-care-regulated-518bf47f-7,4925090
/kerneler/starter-disadv-business-enterprises-0dad237b-d,4925085
/kerneler/starter-nys-alternative-fuel-stations-cdb8b806-f,4925068
/kerneler/starter-nys-active-real-estate-41a0e442-7,4925065
/kerneler/starter-nys-lottery-information-and-141fbd9f-2,4925055
/kerneler/starter-nys-horse-racing-licensing-and-ff3bf0d6-1,4924996
/kerneler/starter-costa-rica-household-poverty-5595a14b-9,4924224
/kerneler/starter-seattle-coban-logs-8aeff3ac-7,4922315
/leero9/exercise-data-augmentation,7197376
/kerneler/starter-seattle-underground-storage-c065c71a-8,4921729
/kerneler/starter-seattle-use-of-force-a7dd4816-6,4921726
/kerneler/starter-seattle-crisis-data-df29ca9b-2,4921709
/kerneler/starter-seattle-code-violation-cases-b0a338f8-a,4921707
/kerneler/starter-city-of-seattle-neighborhood-b23df86f-1,4921692
/kerneler/starter-seattle-sidewalk-cafes-a2558586-5,4921612
/kerneler/starter-seattle-sdot-construction-list-4d849117-5,4921606
/kerneler/starter-seattle-parks-and-recreation-08126bd1-5,4921607
/kerneler/starter-seattle-broadband-speed-test-00aa37a5-c,4921604
/mbsoutar/invest-here-passnyc,6634627
/hachemsfar/ens2710,4920740
/prajwalkant/data-cleaning-challenge-scale-and-normalize-data,4920208
/kerneler/starter-league-of-spuds-562702d5-1,4919844
/kerneler/starter-augmented-d5-shsat-970ffdd9-e,4919689
/kerneler/starter-picture-a5460c80-b,4919633
/kerneler/starter-us-police-involved-fatalities-a183b672-0,4919600
/muaazarif33/digit-recognition-using-knn-classifier,4932458
/kerneler/starter-y-train-c5981d06-9,4919091
/abdulyunus/data-cleaning-challenge-handling-missing-values,4918212
/kerneler/starter-chicago-transportation-08d9567f-d,4917588
/kerneler/starter-chicago-building-violations-a8c2fa50-9,4917546
/kerneler/starter-chicago-west-nile-virus-b5a8c744-1,4917530
/kerneler/starter-chicago-vacant-and-abandoned-405ee15a-2,4917529
/kerneler/starter-chicago-public-right-of-way-f9377dfd-5,4917502
/kerneler/starter-chicago-towed-vehicles-3062752a-2,4917480
/kerneler/starter-chicago-tax-increment-3ce4ce07-f,4917478
/kerneler/starter-chicago-sidewalk-cafe-permits-ae109e35-0,4917475
/kerneler/starter-chicago-sex-offenders-c5b9b24a-f,4917470
/kerneler/starter-chicago-roadway-construction-555d7cf7-a,4917469
/kerneler/starter-chicago-relocated-vehicles-984d014b-b,4917455
/kerneler/starter-chicago-ordinance-violations-b08ab248-7,4917447
/kerneler/starter-chicago-public-passenger-93e2d2f1-a,4917429
/kerneler/starter-chicago-public-passenger-919a3026-8,4917428
/kerneler/starter-chicago-public-health-4a512cc4-6,4917417
/kerneler/starter-chicago-payments-441d7242-9,4917415
/kerneler/starter-chicago-public-chauffeurs-bdf7873d-c,4917413
/kerneler/starter-chicago-parking-permit-zones-6717465b-f,4917400
/kerneler/starter-chicago-food-inspections-129268ef-c,4917388
/kerneler/starter-chicago-contracts-78efe969-9,4917362
/kerneler/starter-chicago-early-learning-e6f5a8d0-7,4917342
/kerneler/starter-chicago-building-permits-b334abe0-9,4917334
/kerneler/starter-chicago-red-light-and-speed-7538afca-0,4917241
/kerneler/starter-chicago-alternative-fuel-4b53958c-0,4917234
/kerneler/starter-chicago-micro-market-recovery-10e4527e-9,4917227
/kerneler/starter-chicago-lobbyist-data-c12358b5-e,4917193
/kerneler/starter-chicago-employee-2e6005d1-6,4917099
/kerneler/starter-chicago-311-service-requests-25566432-a,4916861
/kerneler/starter-chicago-business-licenses-and-3c76ccb0-b,4916844
/kerneler/starter-chicago-beach-swim-weather-20237499-9,4916765
/kerneler/starter-ethereum-transactional-dataset-6151709a-5,4916664
/kerneler/starter-internship-abfbb1e5-d,4916628
/kerneler/starter-bitcoin-tweets-1-4m-6564ae8d-c,4916526
/harshmp/data-cleaning-challenge-parsing-dates-288468,4916529
/kerneler/starter-bulldozer-feather-485733fd-d,4916015
/kerneler/starter-titanic-machine-learning-from-249d1e5c-3,4915398
/superuser15/renaming-and-combining-workbook,4916339
/kerneler/starter-loan-raw-b9ee9e9a-6,4915267
/kumarabhinandan/data-cleaning-challenge-parsing-dates-cf9b0d,4916103
/kerneler/starter-loan-data-for-dummy-bank-9cc7488b-9,4914275
/kerneler/starter-challenge2018classes500-7f993c8a-8,4913487
/kerneler/starter-loan-data-for-dummy-bank-883f19fc-b,4913098
/kerneler/starter-challenge2018classes500-b7f2c10d-4,4913012
/devsuraj/booleans-and-conditionals,4911463
/devsuraj/hello-python-57f970,4911471
/devsuraj/functions-and-getting-help-1300d3,4911473
/devsuraj/functions-and-getting-help-43acbf,4911450
/devsuraj/hello-python-38bc89,4911387
/kerneler/starter-nys-511-ny-events-41f3be74-5,4911329
/kerneler/starter-nys-tax-return-preparers-and-5362ebd8-5,4911328
/kerneler/starter-nys-mined-land-permits-b604ad02-4,4911324
/kerneler/starter-nys-environmental-remediation-9792460a-6,4911319
/kerneler/starter-nys-equine-death-and-breakdown-4132fe11-0,4911317
/superuser15/data-types-and-missing-data-workbook-dc36e1,4915225
/kerneler/starter-nys-currently-licensed-real-f0d5d3dc-d,4911301
/kerneler/starter-nys-current-certified-0e4065de-f,4911298
/kerneler/starter-nys-bulk-storage-facilities-in-66f80331-8,4911296
/kerneler/starter-nys-city-of-albany-building-63f5b038-9,4911295
/kerneler/starter-nys-child-care-regulated-1b5b1c5e-4,4911294
/kerneler/starter-disadv-business-enterprises-51426218-d,4911290
/kerneler/starter-nys-alternative-fuel-stations-2267af37-3,4911287
/kerneler/starter-nys-active-real-estate-17282a85-6,4911285
/kerneler/starter-nys-lottery-information-and-a6a53347-3,4911246
/kerneler/starter-nys-horse-racing-licensing-and-68baeb17-c,4911183
/kerneler/starter-btc-price-history-3490b299-5,4910665
/kerneler/starter-american-express-ai-problem-2-90cc489f-8,4910526
/kerneler/starter-https-6fdaed3a-2,4910392
/kerneler/starter-predict-future-sales-gzfiles-d9bd08e5-2,4910111
/shakkhor/sentiment-classification-crnn,4909645
/kerneler/starter-sarcasm-25c2f409-a,4909250
/merishnasuwal/interesting-analysis-visualization-and-prediction,4909086
/rakesh6184/model-validation-c135c8,5739668
/backtrack23/selecting-and-filtering-in-pandas-5cd381,5048790
/luodian/baseline-model-unet-keras,4909899
/kerneler/starter-seattle-use-of-force-0f9b6928-1,4907999
/kerneler/starter-seattle-underground-storage-19701cf7-1,4907998
/kerneler/starter-seattle-crisis-data-72e289a8-9,4907986
/kerneler/starter-seattle-code-violation-cases-f23b443e-8,4907982
/kerneler/starter-city-of-seattle-neighborhood-98f4abc7-5,4907962
/kerneler/starter-home-credit-data-from-4f37c952-d,4907933
/tobikaggle/keras-swish-activation-acc-0-996-top-7,4952303
/kerneler/starter-ieee-cis-process-discovery-914f0ae9-4,4906792
/kerneler/starter-dd3-input-recodes-2713f472-a,4906778
/kerneler/starter-energydemand-b70e38ac-d,4906756
/kerneler/starter-rajya-sabha-qa-80af0b04-f,4906709
/kerneler/starter-home-credit-data-from-1ea8b38f-7,4906637
/kerneler/starter-rajya-sabha-qa-1-828701f4-f,4906586
/kerneler/starter-world-development-indicators-a8a88fa1-2,4906481
/kerneler/starter-poverty-and-equity-database-d10a471d-4,4906367
/kerneler/starter-education-statistics-ebed68c5-4,4906321
/kerneler/starter-rajya-sabha-qa-9de14353-1,4906260
/kerneler/starter-world-development-indicators-ad4ea9e4-2,4906040
/kerneler/starter-poverty-and-equity-database-97a1d01b-5,4905921
/kerneler/starter-education-statistics-42759bd9-a,4905846
/kerneler/starter-imdb-movie-reviews-cleaned-82818561-0,4905764
/kerneler/starter-world-development-indicators-5948f2a1-4,4905642
/kerneler/starter-poverty-and-equity-database-34e9b3c9-2,4905472
/kerneler/starter-education-statistics-dd44a35a-1,4905401
/kerneler/starter-hackerearth-jaano-india-446b55dc-5,4905168
/kerneler/starter-international-debt-statistics-ff311bf6-1,4905167
/kerneler/starter-world-development-indicators-708c621d-1,4904815
/kerneler/starter-poverty-and-equity-database-6716356f-f,4904683
/kerneler/starter-education-statistics-6ed94250-c,4904659
/kerneler/starter-international-debt-statistics-ca083d81-5,4904532
/kerneler/starter-world-development-indicators-08118106-c,4904286
/kerneler/starter-flattened-census-data-692f290b-1,4904184
/kerneler/starter-poverty-and-equity-database-5a5448fd-2,4904128
/kerneler/starter-turkey-İstanbul-parliamentary-656e97d3-b,4904127
/kerneler/starter-education-statistics-8826979a-5,4904082
/kerneler/starter-just-the-basics-87f88e26-1,4904062
/kerneler/starter-train-data-set-43aa4806-8,4903977
/zweihander/getting-started-in-r-graphing-data,4903951
/kerneler/starter-international-debt-statistics-47a66f04-5,4903897
/himanshutyagi0403/random-forest,4903905
/kerneler/starter-world-development-indicators-61fa8071-5,4903576
/kerneler/starter-poverty-and-equity-database-1829a05a-0,4903408
/kerneler/starter-chicago-public-right-of-way-8e69e9db-3,4903398
/kerneler/starter-education-statistics-307e53a6-e,4903356
/kerneler/starter-chicago-payments-0eb2a512-2,4903342
/kerneler/starter-international-debt-statistics-31ebcfb9-c,4903193
/kerneler/starter-edgartxt-6798ba1d-b,4903081
/kerneler/starter-chicago-transportation-039e4e1a-4,4903032
/kerneler/starter-chicago-west-nile-virus-6e2660a2-0,4902960
/kerneler/starter-chicago-vacant-and-abandoned-0a424740-3,4902957
/kerneler/starter-chicago-building-violations-a2576455-0,4902895
/kerneler/starter-chicago-roadway-construction-722ee46b-9,4902885
/kerneler/starter-chicago-ordinance-violations-b1b24d40-9,4902884
/kerneler/starter-chicago-towed-vehicles-f0f2fbbc-1,4902878
/kerneler/starter-chicago-tax-increment-f0139c7f-4,4902876
/kerneler/starter-chicago-sidewalk-cafe-permits-13a2229d-a,4902875
/kerneler/starter-chicago-sex-offenders-cd893741-c,4902870
/kerneler/starter-chicago-relocated-vehicles-1d5ed3ad-0,4902865
/kerneler/starter-world-development-indicators-2826dbba-b,4902860
/kerneler/starter-chicago-public-passenger-6de9e3ff-3,4902847
/kerneler/starter-chicago-public-health-64104107-7,4902844
/kerneler/starter-chicago-public-chauffeurs-65fca30b-2,4902843
/kerneler/starter-chicago-parking-permit-zones-507dcbf0-0,4902824
